ISO-10303-21;
HEADER;
/* Generated by software containing ST-Developer
 * from STEP Tools, Inc. (www.steptools.com) 
 */

FILE_DESCRIPTION(
/* description */ (''),
/* implementation_level */ '2;1');

FILE_NAME(
/* name */ 'omni wheel.step',
/* time_stamp */ '2022-12-21T21:20:22+10:00',
/* author */ (''),
/* organization */ (''),
/* preprocessor_version */ 'ST-DEVELOPER v19.2',
/* originating_system */ 'Autodesk Translation Framework v11.17.0.187',

/* authorisation */ '');

FILE_SCHEMA (('AUTOMOTIVE_DESIGN { 1 0 10303 214 3 1 1 }'));
ENDSEC;

DATA;
#10=MECHANICAL_DESIGN_GEOMETRIC_PRESENTATION_REPRESENTATION('',(#322,#323,
#324,#325,#326,#327,#328,#329,#330,#331,#332,#333),#8108);
#11=CONTEXT_DEPENDENT_OVER_RIDING_STYLED_ITEM('',(#8155),#8136,#333,(#37));
#12=CONTEXT_DEPENDENT_OVER_RIDING_STYLED_ITEM('',(#8155),#8136,#333,(#41));
#13=CONTEXT_DEPENDENT_OVER_RIDING_STYLED_ITEM('',(#8155),#8136,#333,(#38));
#14=CONTEXT_DEPENDENT_OVER_RIDING_STYLED_ITEM('',(#8155),#8136,#333,(#39));
#15=CONTEXT_DEPENDENT_OVER_RIDING_STYLED_ITEM('',(#8155),#8136,#333,(#40));
#16=CONTEXT_DEPENDENT_OVER_RIDING_STYLED_ITEM('',(#8155),#8136,#333,(#42));
#17=CONTEXT_DEPENDENT_OVER_RIDING_STYLED_ITEM('',(#8155),#8136,#333,(#43));
#18=CONTEXT_DEPENDENT_OVER_RIDING_STYLED_ITEM('',(#8155),#8136,#333,(#44));
#19=MAPPED_ITEM('',#20,#3368);
#20=REPRESENTATION_MAP(#3368,#8135);
#21=ITEM_DEFINED_TRANSFORMATION($,$,#3061,#3352);
#22=ITEM_DEFINED_TRANSFORMATION($,$,#3061,#3353);
#23=ITEM_DEFINED_TRANSFORMATION($,$,#3061,#3354);
#24=ITEM_DEFINED_TRANSFORMATION($,$,#3061,#3355);
#25=ITEM_DEFINED_TRANSFORMATION($,$,#3061,#3356);
#26=ITEM_DEFINED_TRANSFORMATION($,$,#3061,#3357);
#27=ITEM_DEFINED_TRANSFORMATION($,$,#3061,#3358);
#28=ITEM_DEFINED_TRANSFORMATION($,$,#3061,#3359);
#29=ITEM_DEFINED_TRANSFORMATION($,$,#3070,#3360);
#30=ITEM_DEFINED_TRANSFORMATION($,$,#3070,#3361);
#31=ITEM_DEFINED_TRANSFORMATION($,$,#3070,#3362);
#32=ITEM_DEFINED_TRANSFORMATION($,$,#3070,#3363);
#33=ITEM_DEFINED_TRANSFORMATION($,$,#3070,#3364);
#34=ITEM_DEFINED_TRANSFORMATION($,$,#3070,#3365);
#35=ITEM_DEFINED_TRANSFORMATION($,$,#3070,#3366);
#36=ITEM_DEFINED_TRANSFORMATION($,$,#3070,#3367);
#37=(
REPRESENTATION_RELATIONSHIP($,$,#8136,#8135)
REPRESENTATION_RELATIONSHIP_WITH_TRANSFORMATION(#21)
SHAPE_REPRESENTATION_RELATIONSHIP()
);
#38=(
REPRESENTATION_RELATIONSHIP($,$,#8136,#8135)
REPRESENTATION_RELATIONSHIP_WITH_TRANSFORMATION(#22)
SHAPE_REPRESENTATION_RELATIONSHIP()
);
#39=(
REPRESENTATION_RELATIONSHIP($,$,#8136,#8135)
REPRESENTATION_RELATIONSHIP_WITH_TRANSFORMATION(#23)
SHAPE_REPRESENTATION_RELATIONSHIP()
);
#40=(
REPRESENTATION_RELATIONSHIP($,$,#8136,#8135)
REPRESENTATION_RELATIONSHIP_WITH_TRANSFORMATION(#24)
SHAPE_REPRESENTATION_RELATIONSHIP()
);
#41=(
REPRESENTATION_RELATIONSHIP($,$,#8136,#8135)
REPRESENTATION_RELATIONSHIP_WITH_TRANSFORMATION(#25)
SHAPE_REPRESENTATION_RELATIONSHIP()
);
#42=(
REPRESENTATION_RELATIONSHIP($,$,#8136,#8135)
REPRESENTATION_RELATIONSHIP_WITH_TRANSFORMATION(#26)
SHAPE_REPRESENTATION_RELATIONSHIP()
);
#43=(
REPRESENTATION_RELATIONSHIP($,$,#8136,#8135)
REPRESENTATION_RELATIONSHIP_WITH_TRANSFORMATION(#27)
SHAPE_REPRESENTATION_RELATIONSHIP()
);
#44=(
REPRESENTATION_RELATIONSHIP($,$,#8136,#8135)
REPRESENTATION_RELATIONSHIP_WITH_TRANSFORMATION(#28)
SHAPE_REPRESENTATION_RELATIONSHIP()
);
#45=(
REPRESENTATION_RELATIONSHIP($,$,#8137,#8135)
REPRESENTATION_RELATIONSHIP_WITH_TRANSFORMATION(#29)
SHAPE_REPRESENTATION_RELATIONSHIP()
);
#46=(
REPRESENTATION_RELATIONSHIP($,$,#8137,#8135)
REPRESENTATION_RELATIONSHIP_WITH_TRANSFORMATION(#30)
SHAPE_REPRESENTATION_RELATIONSHIP()
);
#47=(
REPRESENTATION_RELATIONSHIP($,$,#8137,#8135)
REPRESENTATION_RELATIONSHIP_WITH_TRANSFORMATION(#31)
SHAPE_REPRESENTATION_RELATIONSHIP()
);
#48=(
REPRESENTATION_RELATIONSHIP($,$,#8137,#8135)
REPRESENTATION_RELATIONSHIP_WITH_TRANSFORMATION(#32)
SHAPE_REPRESENTATION_RELATIONSHIP()
);
#49=(
REPRESENTATION_RELATIONSHIP($,$,#8137,#8135)
REPRESENTATION_RELATIONSHIP_WITH_TRANSFORMATION(#33)
SHAPE_REPRESENTATION_RELATIONSHIP()
);
#50=(
REPRESENTATION_RELATIONSHIP($,$,#8137,#8135)
REPRESENTATION_RELATIONSHIP_WITH_TRANSFORMATION(#34)
SHAPE_REPRESENTATION_RELATIONSHIP()
);
#51=(
REPRESENTATION_RELATIONSHIP($,$,#8137,#8135)
REPRESENTATION_RELATIONSHIP_WITH_TRANSFORMATION(#35)
SHAPE_REPRESENTATION_RELATIONSHIP()
);
#52=(
REPRESENTATION_RELATIONSHIP($,$,#8137,#8135)
REPRESENTATION_RELATIONSHIP_WITH_TRANSFORMATION(#36)
SHAPE_REPRESENTATION_RELATIONSHIP()
);
#53=CONTEXT_DEPENDENT_SHAPE_REPRESENTATION(#37,#8119);
#54=CONTEXT_DEPENDENT_SHAPE_REPRESENTATION(#38,#8120);
#55=CONTEXT_DEPENDENT_SHAPE_REPRESENTATION(#39,#8121);
#56=CONTEXT_DEPENDENT_SHAPE_REPRESENTATION(#40,#8122);
#57=CONTEXT_DEPENDENT_SHAPE_REPRESENTATION(#41,#8123);
#58=CONTEXT_DEPENDENT_SHAPE_REPRESENTATION(#42,#8124);
#59=CONTEXT_DEPENDENT_SHAPE_REPRESENTATION(#43,#8125);
#60=CONTEXT_DEPENDENT_SHAPE_REPRESENTATION(#44,#8126);
#61=CONTEXT_DEPENDENT_SHAPE_REPRESENTATION(#45,#8127);
#62=CONTEXT_DEPENDENT_SHAPE_REPRESENTATION(#46,#8128);
#63=CONTEXT_DEPENDENT_SHAPE_REPRESENTATION(#47,#8129);
#64=CONTEXT_DEPENDENT_SHAPE_REPRESENTATION(#48,#8130);
#65=CONTEXT_DEPENDENT_SHAPE_REPRESENTATION(#49,#8131);
#66=CONTEXT_DEPENDENT_SHAPE_REPRESENTATION(#50,#8132);
#67=CONTEXT_DEPENDENT_SHAPE_REPRESENTATION(#51,#8133);
#68=CONTEXT_DEPENDENT_SHAPE_REPRESENTATION(#52,#8134);
#69=NEXT_ASSEMBLY_USAGE_OCCURRENCE('\X2\0440043E043B0438043A\X0\ v3:1',
'\X2\0440043E043B0438043A\X0\ v3:1','\X2\0440043E043B0438043A\X0\ v3:1',
#8139,#8140,'\X2\0440043E043B0438043A\X0\ v3:1');
#70=NEXT_ASSEMBLY_USAGE_OCCURRENCE('\X2\0440043E043B0438043A\X0\ v3:69',
'\X2\0440043E043B0438043A\X0\ v3:69','\X2\0440043E043B0438043A\X0\ v3:
69',#8139,#8140,'\X2\0440043E043B0438043A\X0\ v3:69');
#71=NEXT_ASSEMBLY_USAGE_OCCURRENCE('\X2\0440043E043B0438043A\X0\ v3:70',
'\X2\0440043E043B0438043A\X0\ v3:70','\X2\0440043E043B0438043A\X0\ v3:
70',#8139,#8140,'\X2\0440043E043B0438043A\X0\ v3:70');
#72=NEXT_ASSEMBLY_USAGE_OCCURRENCE('\X2\0440043E043B0438043A\X0\ v3:71',
'\X2\0440043E043B0438043A\X0\ v3:71','\X2\0440043E043B0438043A\X0\ v3:
71',#8139,#8140,'\X2\0440043E043B0438043A\X0\ v3:71');
#73=NEXT_ASSEMBLY_USAGE_OCCURRENCE('\X2\0440043E043B0438043A\X0\ v3:5',
'\X2\0440043E043B0438043A\X0\ v3:5','\X2\0440043E043B0438043A\X0\ v3:5',
#8139,#8140,'\X2\0440043E043B0438043A\X0\ v3:5');
#74=NEXT_ASSEMBLY_USAGE_OCCURRENCE('\X2\0440043E043B0438043A\X0\ v3:72',
'\X2\0440043E043B0438043A\X0\ v3:72','\X2\0440043E043B0438043A\X0\ v3:
72',#8139,#8140,'\X2\0440043E043B0438043A\X0\ v3:72');
#75=NEXT_ASSEMBLY_USAGE_OCCURRENCE('\X2\0440043E043B0438043A\X0\ v3:73',
'\X2\0440043E043B0438043A\X0\ v3:73','\X2\0440043E043B0438043A\X0\ v3:
73',#8139,#8140,'\X2\0440043E043B0438043A\X0\ v3:73');
#76=NEXT_ASSEMBLY_USAGE_OCCURRENCE('\X2\0440043E043B0438043A\X0\ v3:74',
'\X2\0440043E043B0438043A\X0\ v3:74','\X2\0440043E043B0438043A\X0\ v3:
74',#8139,#8140,'\X2\0440043E043B0438043A\X0\ v3:74');
#77=NEXT_ASSEMBLY_USAGE_OCCURRENCE(
'92005A010_Steel Pan Head Phillips Screw:1',
'92005A010_Steel Pan Head Phillips Screw:1',
'92005A010_Steel Pan Head Phillips Screw:1',#8139,#8141,
'92005A010_Steel Pan Head Phillips Screw:1');
#78=NEXT_ASSEMBLY_USAGE_OCCURRENCE(
'92005A010_Steel Pan Head Phillips Screw:39',
'92005A010_Steel Pan Head Phillips Screw:39',
'92005A010_Steel Pan Head Phillips Screw:39',#8139,#8141,
'92005A010_Steel Pan Head Phillips Screw:39');
#79=NEXT_ASSEMBLY_USAGE_OCCURRENCE(
'92005A010_Steel Pan Head Phillips Screw:40',
'92005A010_Steel Pan Head Phillips Screw:40',
'92005A010_Steel Pan Head Phillips Screw:40',#8139,#8141,
'92005A010_Steel Pan Head Phillips Screw:40');
#80=NEXT_ASSEMBLY_USAGE_OCCURRENCE(
'92005A010_Steel Pan Head Phillips Screw:41',
'92005A010_Steel Pan Head Phillips Screw:41',
'92005A010_Steel Pan Head Phillips Screw:41',#8139,#8141,
'92005A010_Steel Pan Head Phillips Screw:41');
#81=NEXT_ASSEMBLY_USAGE_OCCURRENCE(
'92005A010_Steel Pan Head Phillips Screw:5',
'92005A010_Steel Pan Head Phillips Screw:5',
'92005A010_Steel Pan Head Phillips Screw:5',#8139,#8141,
'92005A010_Steel Pan Head Phillips Screw:5');
#82=NEXT_ASSEMBLY_USAGE_OCCURRENCE(
'92005A010_Steel Pan Head Phillips Screw:42',
'92005A010_Steel Pan Head Phillips Screw:42',
'92005A010_Steel Pan Head Phillips Screw:42',#8139,#8141,
'92005A010_Steel Pan Head Phillips Screw:42');
#83=NEXT_ASSEMBLY_USAGE_OCCURRENCE(
'92005A010_Steel Pan Head Phillips Screw:43',
'92005A010_Steel Pan Head Phillips Screw:43',
'92005A010_Steel Pan Head Phillips Screw:43',#8139,#8141,
'92005A010_Steel Pan Head Phillips Screw:43');
#84=NEXT_ASSEMBLY_USAGE_OCCURRENCE(
'92005A010_Steel Pan Head Phillips Screw:44',
'92005A010_Steel Pan Head Phillips Screw:44',
'92005A010_Steel Pan Head Phillips Screw:44',#8139,#8141,
'92005A010_Steel Pan Head Phillips Screw:44');
#85=B_SPLINE_SURFACE_WITH_KNOTS('',3,3,((#5701,#5702,#5703,#5704,#5705),
(#5706,#5707,#5708,#5709,#5710),(#5711,#5712,#5713,#5714,#5715),(#5716,
#5717,#5718,#5719,#5720),(#5721,#5722,#5723,#5724,#5725)),.UNSPECIFIED.,
 .F.,.F.,.F.,(4,1,4),(4,1,4),(0.,0.5,1.),(1.09157851966614,1.82528946473107,
2.80357072481764),.UNSPECIFIED.);
#86=B_SPLINE_SURFACE_WITH_KNOTS('',3,3,((#5917,#5918,#5919,#5920,#5921),
(#5922,#5923,#5924,#5925,#5926),(#5927,#5928,#5929,#5930,#5931),(#5932,
#5933,#5934,#5935,#5936),(#5937,#5938,#5939,#5940,#5941)),.UNSPECIFIED.,
 .F.,.F.,.F.,(4,1,4),(4,1,4),(0.,0.5,1.),(1.09157851966613,1.82528946473106,
2.80357072481764),.UNSPECIFIED.);
#87=B_SPLINE_SURFACE_WITH_KNOTS('',3,3,((#6069,#6070,#6071,#6072,#6073),
(#6074,#6075,#6076,#6077,#6078),(#6079,#6080,#6081,#6082,#6083),(#6084,
#6085,#6086,#6087,#6088),(#6089,#6090,#6091,#6092,#6093)),.UNSPECIFIED.,
 .F.,.F.,.F.,(4,1,4),(4,1,4),(0.,0.5,1.),(1.09157851966612,1.82528946473105,
2.80357072481763),.UNSPECIFIED.);
#88=B_SPLINE_SURFACE_WITH_KNOTS('',3,3,((#6248,#6249,#6250,#6251,#6252),
(#6253,#6254,#6255,#6256,#6257),(#6258,#6259,#6260,#6261,#6262),(#6263,
#6264,#6265,#6266,#6267),(#6268,#6269,#6270,#6271,#6272)),.UNSPECIFIED.,
 .F.,.F.,.F.,(4,1,4),(4,1,4),(0.,0.5,1.),(1.09157851966613,1.82528946473106,
2.80357072481764),.UNSPECIFIED.);
#89=B_SPLINE_SURFACE_WITH_KNOTS('',3,3,((#7074,#7075,#7076,#7077),(#7078,
#7079,#7080,#7081),(#7082,#7083,#7084,#7085),(#7086,#7087,#7088,#7089),
(#7090,#7091,#7092,#7093)),.UNSPECIFIED.,.F.,.F.,.F.,(4,1,4),(4,4),(0.,
0.5,1.),(0.115382160311582,0.71337532062357),.UNSPECIFIED.);
#90=B_SPLINE_SURFACE_WITH_KNOTS('',3,3,((#7146,#7147,#7148,#7149,#7150),
(#7151,#7152,#7153,#7154,#7155),(#7156,#7157,#7158,#7159,#7160),(#7161,
#7162,#7163,#7164,#7165),(#7166,#7167,#7168,#7169,#7170)),.UNSPECIFIED.,
 .F.,.F.,.F.,(4,1,4),(4,1,4),(0.,0.5,1.),(0.510387381057118,1.24408535760001,
2.22234932632387),.UNSPECIFIED.);
#91=B_SPLINE_SURFACE_WITH_KNOTS('',3,3,((#7233,#7234,#7235,#7236),(#7237,
#7238,#7239,#7240),(#7241,#7242,#7243,#7244),(#7245,#7246,#7247,#7248),
(#7249,#7250,#7251,#7252)),.UNSPECIFIED.,.F.,.F.,.F.,(4,1,4),(4,4),(0.,
0.5,1.),(2.62989405495373,3.22787038639765),.UNSPECIFIED.);
#92=B_SPLINE_SURFACE_WITH_KNOTS('',3,3,((#7320,#7321,#7322,#7323),(#7324,
#7325,#7326,#7327),(#7328,#7329,#7330,#7331),(#7332,#7333,#7334,#7335),
(#7336,#7337,#7338,#7339)),.UNSPECIFIED.,.F.,.F.,.F.,(4,1,4),(4,4),(0.,
0.5,1.),(0.115382160311581,0.713375320623569),.UNSPECIFIED.);
#93=B_SPLINE_SURFACE_WITH_KNOTS('',3,3,((#7387,#7388,#7389,#7390,#7391),
(#7392,#7393,#7394,#7395,#7396),(#7397,#7398,#7399,#7400,#7401),(#7402,
#7403,#7404,#7405,#7406),(#7407,#7408,#7409,#7410,#7411)),.UNSPECIFIED.,
 .F.,.F.,.F.,(4,1,4),(4,1,4),(0.,0.5,1.),(0.510387381057117,1.24408535760001,
2.22234932632387),.UNSPECIFIED.);
#94=B_SPLINE_SURFACE_WITH_KNOTS('',3,3,((#7468,#7469,#7470,#7471),(#7472,
#7473,#7474,#7475),(#7476,#7477,#7478,#7479),(#7480,#7481,#7482,#7483),
(#7484,#7485,#7486,#7487)),.UNSPECIFIED.,.F.,.F.,.F.,(4,1,4),(4,4),(0.,
0.5,1.),(2.62989405495373,3.22787038639765),.UNSPECIFIED.);
#95=B_SPLINE_SURFACE_WITH_KNOTS('',3,3,((#7499,#7500,#7501,#7502),(#7503,
#7504,#7505,#7506),(#7507,#7508,#7509,#7510),(#7511,#7512,#7513,#7514),
(#7515,#7516,#7517,#7518)),.UNSPECIFIED.,.F.,.F.,.F.,(4,1,4),(4,4),(0.,
0.5,1.),(0.115382160311582,0.713375320623569),.UNSPECIFIED.);
#96=B_SPLINE_SURFACE_WITH_KNOTS('',3,3,((#7566,#7567,#7568,#7569,#7570),
(#7571,#7572,#7573,#7574,#7575),(#7576,#7577,#7578,#7579,#7580),(#7581,
#7582,#7583,#7584,#7585),(#7586,#7587,#7588,#7589,#7590)),.UNSPECIFIED.,
 .F.,.F.,.F.,(4,1,4),(4,1,4),(0.,0.5,1.),(0.510387381057117,1.48865134978097,
2.22234932632387),.UNSPECIFIED.);
#97=B_SPLINE_SURFACE_WITH_KNOTS('',3,3,((#7647,#7648,#7649,#7650),(#7651,
#7652,#7653,#7654),(#7655,#7656,#7657,#7658),(#7659,#7660,#7661,#7662),
(#7663,#7664,#7665,#7666)),.UNSPECIFIED.,.F.,.F.,.F.,(4,1,4),(4,4),(0.,
0.5,1.),(2.62989405495373,3.22787038639765),.UNSPECIFIED.);
#98=B_SPLINE_SURFACE_WITH_KNOTS('',3,3,((#7694,#7695,#7696,#7697),(#7698,
#7699,#7700,#7701),(#7702,#7703,#7704,#7705),(#7706,#7707,#7708,#7709),
(#7710,#7711,#7712,#7713)),.UNSPECIFIED.,.F.,.F.,.F.,(4,1,4),(4,4),(0.,
0.5,1.),(0.11538216031158,0.713375320623569),.UNSPECIFIED.);
#99=B_SPLINE_SURFACE_WITH_KNOTS('',3,3,((#7761,#7762,#7763,#7764,#7765),
(#7766,#7767,#7768,#7769,#7770),(#7771,#7772,#7773,#7774,#7775),(#7776,
#7777,#7778,#7779,#7780),(#7781,#7782,#7783,#7784,#7785)),.UNSPECIFIED.,
 .F.,.F.,.F.,(4,1,4),(4,1,4),(0.,0.5,1.),(0.510387381057118,1.24408535760001,
2.22234932632387),.UNSPECIFIED.);
#100=B_SPLINE_SURFACE_WITH_KNOTS('',3,3,((#7842,#7843,#7844,#7845),(#7846,
#7847,#7848,#7849),(#7850,#7851,#7852,#7853),(#7854,#7855,#7856,#7857),
(#7858,#7859,#7860,#7861)),.UNSPECIFIED.,.F.,.F.,.F.,(4,1,4),(4,4),(0.,
0.5,1.),(2.62989405495373,3.22787038639765),.UNSPECIFIED.);
#101=(
BOUNDED_CURVE()
B_SPLINE_CURVE(2,(#5055,#5056,#5057),.UNSPECIFIED.,.F.,.F.)
B_SPLINE_CURVE_WITH_KNOTS((3,3),(0.105438630486324,0.203430830666205),
 .UNSPECIFIED.)
CURVE()
GEOMETRIC_REPRESENTATION_ITEM()
RATIONAL_B_SPLINE_CURVE((1.01271642399037,1.01576902559277,1.01351196442959))
REPRESENTATION_ITEM('')
);
#102=(
BOUNDED_CURVE()
B_SPLINE_CURVE(2,(#5058,#5059,#5060),.UNSPECIFIED.,.F.,.F.)
B_SPLINE_CURVE_WITH_KNOTS((3,3),(0.105438630486646,0.203430830666523),
 .UNSPECIFIED.)
CURVE()
GEOMETRIC_REPRESENTATION_ITEM()
RATIONAL_B_SPLINE_CURVE((1.01271642398982,1.01576902559207,1.01351196442898))
REPRESENTATION_ITEM('')
);
#103=(
BOUNDED_CURVE()
B_SPLINE_CURVE(2,(#5065,#5066,#5067),.UNSPECIFIED.,.F.,.F.)
B_SPLINE_CURVE_WITH_KNOTS((3,3),(0.10543863048608,0.203430830665983),
 .UNSPECIFIED.)
CURVE()
GEOMETRIC_REPRESENTATION_ITEM()
RATIONAL_B_SPLINE_CURVE((1.01271642399106,1.01576902559365,1.01351196443035))
REPRESENTATION_ITEM('')
);
#104=(
BOUNDED_CURVE()
B_SPLINE_CURVE(2,(#5068,#5069,#5070),.UNSPECIFIED.,.F.,.F.)
B_SPLINE_CURVE_WITH_KNOTS((3,3),(0.105438630484982,0.203430830664972),
 .UNSPECIFIED.)
CURVE()
GEOMETRIC_REPRESENTATION_ITEM()
RATIONAL_B_SPLINE_CURVE((1.01271642399421,1.01576902559763,1.01351196443382))
REPRESENTATION_ITEM('')
);
#105=(
BOUNDED_CURVE()
B_SPLINE_CURVE(2,(#5075,#5076,#5077),.UNSPECIFIED.,.F.,.F.)
B_SPLINE_CURVE_WITH_KNOTS((3,3),(0.105438630484138,0.203430830664191),
 .UNSPECIFIED.)
CURVE()
GEOMETRIC_REPRESENTATION_ITEM()
RATIONAL_B_SPLINE_CURVE((1.01271642399635,1.01576902560034,1.01351196443618))
REPRESENTATION_ITEM('')
);
#106=(
BOUNDED_CURVE()
B_SPLINE_CURVE(2,(#5078,#5079,#5080),.UNSPECIFIED.,.F.,.F.)
B_SPLINE_CURVE_WITH_KNOTS((3,3),(0.105438630486094,0.203430830665991),
 .UNSPECIFIED.)
CURVE()
GEOMETRIC_REPRESENTATION_ITEM()
RATIONAL_B_SPLINE_CURVE((1.01271642399112,1.01576902559372,1.01351196443042))
REPRESENTATION_ITEM('')
);
#107=(
BOUNDED_CURVE()
B_SPLINE_CURVE(2,(#5181,#5182,#5183),.UNSPECIFIED.,.F.,.F.)
B_SPLINE_CURVE_WITH_KNOTS((3,3),(0.105438630486136,0.203430830666055),
 .UNSPECIFIED.)
CURVE()
GEOMETRIC_REPRESENTATION_ITEM()
RATIONAL_B_SPLINE_CURVE((1.0127164239911,1.01576902559369,1.01351196443038))
REPRESENTATION_ITEM('')
);
#108=(
BOUNDED_CURVE()
B_SPLINE_CURVE(2,(#5185,#5186,#5187),.UNSPECIFIED.,.F.,.F.)
B_SPLINE_CURVE_WITH_KNOTS((3,3),(0.105438630486849,0.203430830666667),
 .UNSPECIFIED.)
CURVE()
GEOMETRIC_REPRESENTATION_ITEM()
RATIONAL_B_SPLINE_CURVE((1.01271642398887,1.01576902559088,1.01351196442795))
REPRESENTATION_ITEM('')
);
#109=CONICAL_SURFACE('',#3116,1.5,0.20943951023932);
#110=CONICAL_SURFACE('',#3118,1.5,0.20943951023932);
#111=CONICAL_SURFACE('',#3120,1.5,0.20943951023932);
#112=CONICAL_SURFACE('',#3138,0.1,0.0872664625997167);
#113=CONICAL_SURFACE('',#3140,0.1,0.0872664625997167);
#114=CONICAL_SURFACE('',#3142,0.1,0.0872664625997167);
#115=CONICAL_SURFACE('',#3144,1.5,0.20943951023932);
#116=CONICAL_SURFACE('',#3146,0.1,0.0872664625997167);
#117=CONICAL_SURFACE('',#3148,0.1,0.0872664625997167);
#118=CONICAL_SURFACE('',#3150,0.1,0.0872664625997167);
#119=CONICAL_SURFACE('',#3153,0.1,0.0872664625997167);
#120=CONICAL_SURFACE('',#3155,0.1,0.0872664625997167);
#121=CONICAL_SURFACE('',#3157,0.1,0.0872664625997167);
#122=CONICAL_SURFACE('',#3160,0.1,0.0872664625997167);
#123=CONICAL_SURFACE('',#3162,0.1,0.0872664625997167);
#124=CONICAL_SURFACE('',#3164,0.1,0.0872664625997167);
#125=CONICAL_SURFACE('',#3168,0.999999999999998,0.785398163397451);
#126=CONICAL_SURFACE('',#3263,2.99999998048054,1.57068225187819);
#127=CONICAL_SURFACE('',#3265,2.99999998048053,1.57068225187819);
#128=CONICAL_SURFACE('',#3269,2.99999998048037,1.57068225187235);
#129=CONICAL_SURFACE('',#3334,2.99999998048054,1.57068225187819);
#130=CONICAL_SURFACE('',#3335,2.99999998048037,1.57068225187429);
#131=CONICAL_SURFACE('',#3338,2.99999998048054,1.57068225187819);
#132=CONICAL_SURFACE('',#3339,2.99999998048037,1.57068225187429);
#133=CONICAL_SURFACE('',#3341,2.99999998048037,1.57068225187429);
#134=SPHERICAL_SURFACE('',#3095,3.02728468113084);
#135=TOROIDAL_SURFACE('',#3086,1.712,0.288);
#136=TOROIDAL_SURFACE('',#3092,1.712,0.288);
#137=TOROIDAL_SURFACE('',#3270,2.4,0.4);
#138=TOROIDAL_SURFACE('',#3272,2.4,0.4);
#139=TOROIDAL_SURFACE('',#3274,2.4,0.4);
#140=TOROIDAL_SURFACE('',#3276,2.4,0.4);
#141=TOROIDAL_SURFACE('',#3278,2.4,0.4);
#142=TOROIDAL_SURFACE('',#3282,2.4,0.4);
#143=TOROIDAL_SURFACE('',#3284,2.4,0.4);
#144=TOROIDAL_SURFACE('',#3286,2.4,0.4);
#145=TOROIDAL_SURFACE('',#3312,5.1,0.4);
#146=TOROIDAL_SURFACE('',#3325,5.1,0.4);
#147=B_SPLINE_CURVE_WITH_KNOTS('',3,(#4159,#4160,#4161,#4162,#4163,#4164,
#4165,#4166,#4167,#4168,#4169,#4170,#4171,#4172,#4173,#4174,#4175,#4176,
#4177,#4178,#4179,#4180,#4181,#4182,#4183,#4184,#4185,#4186,#4187,#4188),
 .UNSPECIFIED.,.F.,.F.,(4,2,2,2,2,2,2,2,2,2,2,2,2,2,4),(-0.49940799015097,
-0.497703916632267,-0.457800988109794,-0.418600093725397,-0.380355112379658,
-0.340069233785729,-0.301318917028168,-0.262263189732911,-0.222485160891282,
-0.184198254862796,-0.144328555210561,-0.105087907022154,-0.0669720766573842,
-0.0337189459175959,-1.00000000002876E-6),.UNSPECIFIED.);
#148=B_SPLINE_CURVE_WITH_KNOTS('',3,(#4191,#4192,#4193,#4194,#4195,#4196,
#4197,#4198,#4199,#4200,#4201,#4202,#4203,#4204,#4205,#4206,#4207,#4208,
#4209,#4210,#4211,#4212,#4213,#4214),.UNSPECIFIED.,.F.,.F.,(4,2,2,2,2,2,
2,2,2,2,2,4),(-2.94207196995403,-2.90601295832825,-2.86650001765778,-2.82726216261014,
-2.78875434274765,-2.74872836758783,-2.71048112981354,-2.67152376352966,
-2.63174100818523,-2.59374730232652,-2.55436858462529,-2.52197052842494),
 .UNSPECIFIED.);
#149=B_SPLINE_CURVE_WITH_KNOTS('',3,(#4219,#4220,#4221,#4222,#4223,#4224,
#4225,#4226,#4227,#4228,#4229,#4230,#4231,#4232,#4233,#4234,#4235,#4236,
#4237,#4238,#4239,#4240,#4241,#4242,#4243,#4244,#4245,#4246,#4247,#4248,
#4249,#4250,#4251,#4252,#4253,#4254),.UNSPECIFIED.,.F.,.F.,(4,2,2,2,2,2,
2,2,2,2,2,2,2,2,2,2,2,4),(-1.13094154341186,-1.12368699200783,-1.08381946331773,
-1.04487812590386,-1.0064192777108,-0.966417836875944,-0.927928199365198,
-0.888327184552738,-0.848848550418021,-0.810766036367605,-0.770894366104132,
-0.731837353734864,-0.693518760946956,-0.65338942123527,-0.614782878726327,
-0.575490056357451,-0.535874022397293,-0.49940799015097),.UNSPECIFIED.);
#150=B_SPLINE_CURVE_WITH_KNOTS('',3,(#4255,#4256,#4257,#4258,#4259,#4260,
#4261,#4262,#4263,#4264,#4265,#4266,#4267,#4268,#4269,#4270,#4271,#4272,
#4273,#4274,#4275,#4276,#4277,#4278,#4279,#4280,#4281,#4282,#4283,#4284,
#4285,#4286,#4287,#4288,#4289,#4290),.UNSPECIFIED.,.F.,.F.,(4,2,2,2,2,2,
2,2,2,2,2,2,2,2,2,2,2,4),(-2.52197052842494,-2.51481616932523,-2.47642179262784,
-2.43652001064533,-2.3981256934571,-2.35928036455309,-2.31949875451515,
-2.2815184221544,-2.24224644477888,-2.20232625840967,-2.16401624051798,
-2.12420750186505,-2.08560986222915,-2.04684574093729,-2.00704028512789,
-1.96901214601857,-1.92981684184108,-1.89179459273362),.UNSPECIFIED.);
#151=B_SPLINE_CURVE_WITH_KNOTS('',3,(#4295,#4296,#4297,#4298,#4299,#4300,
#4301,#4302,#4303,#4304,#4305,#4306,#4307,#4308,#4309,#4310,#4311,#4312,
#4313,#4314,#4315,#4316,#4317,#4318,#4319,#4320,#4321,#4322,#4323,#4324,
#4325,#4326,#4327,#4328,#4329,#4330),.UNSPECIFIED.,.F.,.F.,(4,2,2,2,2,2,
2,2,2,2,2,2,2,2,2,2,2,4),(-1.76275776245559,-1.75039998154097,-1.71166659214356,
-1.67139927692454,-1.63314506590293,-1.59396112927536,-1.55406029875772,
-1.51418159500081,-1.47489355116493,-1.4367902790289,-1.39690157266657,
-1.35804517461132,-1.31938802611356,-1.27948342324722,-1.24108168091296,
-1.20111713112209,-1.16174875645525,-1.13094154341186),.UNSPECIFIED.);
#152=B_SPLINE_CURVE_WITH_KNOTS('',3,(#4331,#4332,#4333,#4334,#4335,#4336,
#4337,#4338,#4339,#4340,#4341,#4342,#4343,#4344,#4345,#4346,#4347,#4348,
#4349,#4350,#4351,#4352,#4353,#4354,#4355,#4356,#4357,#4358,#4359,#4360,
#4361,#4362,#4363,#4364,#4365,#4366,#4367,#4368),.UNSPECIFIED.,.F.,.F.,
(4,2,2,2,2,2,2,2,2,2,2,2,2,2,2,2,2,2,4),(-1.89179459273362,-1.89002202789112,
-1.85178263508419,-1.81205260281827,-1.7731579669992,-1.73445826791122,
-1.69422266958787,-1.65608656827023,-1.61693724627178,-1.57867567662716,
-1.53887668611648,-1.49965634356266,-1.46163420020724,-1.42182595994618,
-1.38303591747857,-1.34447901889294,-1.30464139967868,-1.26630469459631,
-1.26110648699505),.UNSPECIFIED.);
#153=B_SPLINE_CURVE_WITH_KNOTS('',3,(#4373,#4374,#4375,#4376,#4377,#4378,
#4379,#4380,#4381,#4382,#4383,#4384,#4385,#4386,#4387,#4388,#4389,#4390,
#4391,#4392,#4393,#4394,#4395,#4396,#4397,#4398,#4399,#4400,#4401,#4402,
#4403,#4404,#4405,#4406,#4407,#4408),.UNSPECIFIED.,.F.,.F.,(4,2,2,2,2,2,
2,2,2,2,2,2,2,2,2,2,2,4),(-2.3941403643827,-2.37645809159376,-2.33760437740441,
-2.29776433660453,-2.25972100835559,-2.22043796626328,-2.18028712504868,
-2.14195665923608,-2.10212880239951,-2.0633749504841,-2.02458776947116,
-1.98471289182899,-1.94659684203733,-1.90737600306809,-1.86751415155416,
-1.82924510288063,-1.78948618645063,-1.76275776245559),.UNSPECIFIED.);
#154=B_SPLINE_CURVE_WITH_KNOTS('',3,(#4409,#4410,#4411,#4412,#4413,#4414,
#4415,#4416,#4417,#4418,#4419,#4420,#4421,#4422,#4423,#4424,#4425,#4426,
#4427,#4428,#4429,#4430,#4431,#4432,#4433,#4434,#4435,#4436,#4437,#4438,
#4439,#4440,#4441,#4442,#4443,#4444),.UNSPECIFIED.,.F.,.F.,(4,2,2,2,2,2,
2,2,2,2,2,2,2,2,2,2,2,4),(-1.26110648699505,-1.22646216036757,-1.18715796863502,
-1.14917032154622,-1.10938031046979,-1.07050174522953,-1.03213662409984,
-0.992198568174636,-0.953770604181114,-0.914285361151921,-0.874867771526534,
-0.836851645606087,-0.797054396964601,-0.758056909231078,-0.719824283982565,
-0.679755062089939,-0.641207131211738,-0.630827151225553),.UNSPECIFIED.);
#155=B_SPLINE_CURVE_WITH_KNOTS('',3,(#4450,#4451,#4452,#4453,#4454,#4455,
#4456,#4457,#4458,#4459,#4460,#4461,#4462,#4463,#4464,#4465,#4466,#4467,
#4468,#4469,#4470,#4471,#4472,#4473,#4474,#4475,#4476,#4477,#4478,#4479,
#4480,#4481),.UNSPECIFIED.,.F.,.F.,(4,2,2,2,2,2,2,2,2,2,2,2,2,2,2,4),(1.92553415666656,
1.94827598371474,1.97660558505712,2.00626818933524,2.03481344171931,2.06386608953977,
2.09314006219925,2.12135816428117,2.15087407666467,2.17986957492331,2.20817867506737,
2.23796309272462,2.26662406709885,2.29555933778031,2.31436307305576,2.33316866947808),
 .UNSPECIFIED.);
#156=B_SPLINE_CURVE_WITH_KNOTS('',3,(#4484,#4485,#4486,#4487,#4488,#4489,
#4490,#4491,#4492,#4493,#4494,#4495,#4496,#4497,#4498,#4499,#4500,#4501,
#4502,#4503,#4504,#4505,#4506,#4507,#4508,#4509,#4510,#4511),
 .UNSPECIFIED.,.F.,.F.,(4,2,2,2,2,2,2,2,2,2,2,2,2,4),(1.00000011562726E-6,
0.0179733261028102,0.0365636789225749,0.0662879467929592,0.094615530937975,
0.123555854912336,0.153056888732339,0.181239840681209,0.210465929143205,
0.239623287283349,0.268128794254123,0.297749366386388,0.326126446134743,
0.349810040491722),.UNSPECIFIED.);
#157=B_SPLINE_CURVE_WITH_KNOTS('',3,(#4516,#4517,#4518,#4519,#4520,#4521,
#4522,#4523,#4524,#4525,#4526,#4527,#4528,#4529,#4530,#4531,#4532,#4533,
#4534,#4535,#4536,#4537,#4538,#4539,#4540,#4541,#4542,#4543,#4544,#4545,
#4546,#4547,#4548,#4549,#4550,#4551),.UNSPECIFIED.,.F.,.F.,(4,2,2,2,2,2,
2,2,2,2,2,2,2,2,2,2,2,4),(1.45964967122898,1.48559548084015,1.51411062892195,
1.54362477711462,1.57202909442837,1.60146398442749,1.63056550006026,1.65868621025986,
1.68814700311632,1.71694777627222,1.74534748818874,1.77492001512168,1.80337972945499,
1.83260174538797,1.86177510659726,1.88992006218095,1.91939322042624,1.92553415666656),
 .UNSPECIFIED.);
#158=B_SPLINE_CURVE_WITH_KNOTS('',3,(#4552,#4553,#4554,#4555,#4556,#4557,
#4558,#4559,#4560,#4561,#4562,#4563,#4564,#4565,#4566,#4567,#4568,#4569,
#4570,#4571,#4572,#4573,#4574,#4575,#4576,#4577,#4578,#4579,#4580,#4581,
#4582,#4583,#4584,#4585,#4586,#4587),.UNSPECIFIED.,.F.,.F.,(4,2,2,2,2,2,
2,2,2,2,2,2,2,2,2,2,2,4),(0.349810040491722,0.354971573783422,0.384447574644329,
0.412585671774467,0.441727620840607,0.471080619791061,0.499517897598429,
0.529066597388781,0.557540595927829,0.586321506489766,0.615801797228764,
0.643942703333514,0.673029569041966,0.70261611612249,0.731015368083389,
0.760523942619455,0.789135830811733,0.815970157277088),.UNSPECIFIED.);
#159=B_SPLINE_CURVE_WITH_KNOTS('',3,(#4592,#4593,#4594,#4595,#4596,#4597,
#4598,#4599,#4600,#4601,#4602,#4603,#4604,#4605,#4606,#4607,#4608,#4609,
#4610,#4611,#4612,#4613,#4614,#4615,#4616,#4617,#4618,#4619,#4620,#4621,
#4622,#4623,#4624,#4625,#4626,#4627,#4628,#4629),.UNSPECIFIED.,.F.,.F.,
(4,2,2,2,2,2,2,2,2,2,2,2,2,2,2,2,2,2,4),(0.992853924049296,0.992962976198013,
1.02286033916033,1.05116987522054,1.08026956818233,1.10982570777083,1.13812886980676,
1.16749390370081,1.19570039009799,1.22522081072878,1.25395086462592,1.28261862102665,
1.31210620761633,1.34048541814702,1.37016681003802,1.3992258461797,1.42736861875944,
1.45684569525253,1.45964967122898),.UNSPECIFIED.);
#160=B_SPLINE_CURVE_WITH_KNOTS('',3,(#4630,#4631,#4632,#4633,#4634,#4635,
#4636,#4637,#4638,#4639,#4640,#4641,#4642,#4643,#4644,#4645,#4646,#4647,
#4648,#4649,#4650,#4651,#4652,#4653,#4654,#4655,#4656,#4657,#4658,#4659,
#4660,#4661,#4662,#4663,#4664,#4665,#4666,#4667),.UNSPECIFIED.,.F.,.F.,
(4,2,2,2,2,2,2,2,2,2,2,2,2,2,2,2,2,2,4),(0.815970157277088,0.817883679031708,
0.847395985368933,0.87558355294952,0.904645044186274,0.934148962022267,
0.962530273002263,0.99201986270776,1.02083748232583,1.04957481345463,1.07944032358361,
1.10771924106061,1.13678790288269,1.16635575642535,1.19596856569362,1.22512435477696,
1.25348803242097,1.28344305819809,1.28355910524464),.UNSPECIFIED.);
#161=B_SPLINE_CURVE_WITH_KNOTS('',3,(#4672,#4673,#4674,#4675,#4676,#4677,
#4678,#4679,#4680,#4681,#4682,#4683,#4684,#4685,#4686,#4687,#4688,#4689,
#4690,#4691,#4692,#4693,#4694,#4695,#4696,#4697,#4698,#4699,#4700,#4701,
#4702,#4703,#4704,#4705,#4706,#4707),.UNSPECIFIED.,.F.,.F.,(4,2,2,2,2,2,
2,2,2,2,2,2,2,2,2,2,2,4),(0.525725160384327,0.529213032719721,0.558724813818601,
0.586895813459234,0.616013501618369,0.645632629218258,0.674062044874826,
0.703601959455562,0.732244992955025,0.761023399406787,0.790567344354406,
0.818785230085708,0.847877643630532,0.877413192266002,0.905824749498857,
0.935345765971173,0.964194987061039,0.992853924049296),.UNSPECIFIED.);
#162=B_SPLINE_CURVE_WITH_KNOTS('',3,(#4708,#4709,#4710,#4711,#4712,#4713,
#4714,#4715,#4716,#4717,#4718,#4719,#4720,#4721,#4722,#4723,#4724,#4725,
#4726,#4727,#4728,#4729,#4730,#4731,#4732,#4733,#4734,#4735,#4736,#4737,
#4738,#4739,#4740,#4741,#4742,#4743),.UNSPECIFIED.,.F.,.F.,(4,2,2,2,2,2,
2,2,2,2,2,2,2,2,2,2,2,4),(1.28355910524464,1.31226652349338,1.34117051792596,
1.3707484965364,1.39921487458661,1.42880722427314,1.45795582127881,1.48622787522412,
1.51582863855465,1.54466265246391,1.57336029883359,1.60295731917767,1.63144169198315,
1.66111691857815,1.69029096611022,1.71851621872163,1.74808487049385,1.75158639416226),
 .UNSPECIFIED.);
#163=B_SPLINE_CURVE_WITH_KNOTS('',3,(#4748,#4749,#4750,#4751,#4752,#4753,
#4754,#4755,#4756,#4757,#4758,#4759,#4760,#4761,#4762,#4763,#4764,#4765,
#4766,#4767,#4768,#4769,#4770,#4771,#4772,#4773,#4774,#4775,#4776,#4777,
#4778,#4779,#4780,#4781,#4782,#4783),.UNSPECIFIED.,.F.,.F.,(4,2,2,2,2,2,
2,2,2,2,2,2,2,2,2,2,2,4),(0.0590782928304117,0.0659542123589266,0.0954865938840508,
0.123699362144075,0.152956258193432,0.18214550198992,0.210681111058163,
0.240332957875802,0.268740668361996,0.297616261469359,0.327123627337923,
0.355291619724578,0.384464325379449,0.413849516842224,0.442316870496465,
0.471896818262198,0.500401661195267,0.525725160384327),.UNSPECIFIED.);
#164=B_SPLINE_CURVE_WITH_KNOTS('',3,(#4784,#4785,#4786,#4787,#4788,#4789,
#4790,#4791,#4792,#4793,#4794,#4795,#4796,#4797,#4798,#4799,#4800,#4801,
#4802,#4803,#4804,#4805,#4806,#4807,#4808,#4809,#4810,#4811,#4812,#4813,
#4814,#4815,#4816,#4817,#4818,#4819),.UNSPECIFIED.,.F.,.F.,(4,2,2,2,2,2,
2,2,2,2,2,2,2,2,2,2,2,4),(1.75158639416226,1.77695204584255,1.80551138926348,
1.83514865512894,1.86367116775544,1.89311214620848,1.92234144219913,1.95056387741661,
1.98012822645273,2.00905987927281,2.03752209477393,2.0672315333339,2.09582256135954,
2.12506739621173,2.15438116758768,2.18264867287504,2.2122382144888,2.21913469290882),
 .UNSPECIFIED.);
#165=B_SPLINE_CURVE_WITH_KNOTS('',3,(#4822,#4823,#4824,#4825,#4826,#4827,
#4828,#4829,#4830,#4831,#4832,#4833),.UNSPECIFIED.,.F.,.F.,(4,2,2,2,2,4),
(2.21913469290882,2.24126536403819,2.2696779354413,2.2994913808431,2.31813697997638,
2.33616275221075),.UNSPECIFIED.);
#166=B_SPLINE_CURVE_WITH_KNOTS('',3,(#4836,#4837,#4838,#4839,#4840,#4841,
#4842,#4843),.UNSPECIFIED.,.F.,.F.,(4,2,2,4),(9.99999999975264E-7,0.0185791140206487,
0.0369838106261957,0.0590782928304117),.UNSPECIFIED.);
#167=B_SPLINE_CURVE_WITH_KNOTS('',3,(#4846,#4847,#4848,#4849,#4850,#4851,
#4852,#4853,#4854,#4855,#4856,#4857,#4858,#4859,#4860,#4861,#4862,#4863,
#4864,#4865,#4866,#4867,#4868,#4869,#4870,#4871,#4872,#4873,#4874,#4875,
#4876,#4877,#4878,#4879,#4880,#4881),.UNSPECIFIED.,.F.,.F.,(4,2,2,2,2,2,
2,2,2,2,2,2,2,2,2,2,2,4),(-0.630827151225553,-0.602021840446161,-0.562464150144322,
-0.524352751126919,-0.484520932077303,-0.44537664477646,-0.407209217396295,
-0.366980500117235,-0.328286000273272,-0.289328138594981,-0.249605899714291,
-0.211373178101744,-0.171569417802181,-0.132383013915387,-0.0943366087508343,
-0.0545211078527493,-0.0267923815844401,-1.00000013769641E-6),
 .UNSPECIFIED.);
#168=B_SPLINE_CURVE_WITH_KNOTS('',3,(#4886,#4887,#4888,#4889,#4890,#4891,
#4892,#4893,#4894,#4895,#4896,#4897,#4898,#4899,#4900,#4901,#4902,#4903,
#4904,#4905,#4906,#4907,#4908,#4909,#4910,#4911),.UNSPECIFIED.,.F.,.F.,
(4,2,2,2,2,2,2,2,2,2,2,2,4),(-2.81464664367711,-2.79153140783033,-2.7676172053123,
-2.72760074886448,-2.6892455831256,-2.65029350741213,-2.61046395560048,
-2.57243615770876,-2.53305965990766,-2.49329473257644,-2.45489384576048,
-2.41498786857535,-2.3941403643827),.UNSPECIFIED.);
#169=B_SPLINE_CURVE_WITH_KNOTS('',3,(#4933,#4934,#4935,#4936,#4937,#4938),
 .UNSPECIFIED.,.F.,.F.,(4,2,4),(0.0306365331005691,0.0306612997418627,0.0350047632105512),
 .UNSPECIFIED.);
#170=B_SPLINE_CURVE_WITH_KNOTS('',3,(#4942,#4943,#4944,#4945,#4946,#4947),
 .UNSPECIFIED.,.F.,.F.,(4,2,4),(0.0214338022661084,0.0255224324053477,0.029611062544587),
 .UNSPECIFIED.);
#171=B_SPLINE_CURVE_WITH_KNOTS('',3,(#4951,#4952,#4953,#4954,#4955,#4956),
 .UNSPECIFIED.,.F.,.F.,(4,2,4),(0.0182147075449239,0.0225581710136124,0.0225829376549059),
 .UNSPECIFIED.);
#172=B_SPLINE_CURVE_WITH_KNOTS('',3,(#4964,#4965,#4966,#4967,#4968,#4969),
 .UNSPECIFIED.,.F.,.F.,(4,2,4),(0.0306365331005692,0.0306612997418627,0.0350047632105512),
 .UNSPECIFIED.);
#173=B_SPLINE_CURVE_WITH_KNOTS('',3,(#4973,#4974,#4975,#4976,#4977,#4978),
 .UNSPECIFIED.,.F.,.F.,(4,2,4),(0.0214338022661084,0.0255224324053477,0.029611062544587),
 .UNSPECIFIED.);
#174=B_SPLINE_CURVE_WITH_KNOTS('',3,(#4982,#4983,#4984,#4985,#4986,#4987),
 .UNSPECIFIED.,.F.,.F.,(4,2,4),(0.0182149605145902,0.0225284978419136,0.0225813693310423),
 .UNSPECIFIED.);
#175=B_SPLINE_CURVE_WITH_KNOTS('',3,(#4995,#4996,#4997,#4998,#4999,#5000),
 .UNSPECIFIED.,.F.,.F.,(4,2,4),(-0.0406556592011668,-0.0406308925598731,
-0.0362874290911846),.UNSPECIFIED.);
#176=B_SPLINE_CURVE_WITH_KNOTS('',3,(#5004,#5005,#5006,#5007,#5008,#5009),
 .UNSPECIFIED.,.F.,.F.,(4,2,4),(-0.0469137010107529,-0.0428250708715135,
-0.0387364407322742),.UNSPECIFIED.);
#177=B_SPLINE_CURVE_WITH_KNOTS('',3,(#5013,#5014,#5015,#5016,#5017,#5018),
 .UNSPECIFIED.,.F.,.F.,(4,2,4),(-0.0530774847568119,-0.0487340212881234,
-0.0487092546468298),.UNSPECIFIED.);
#178=B_SPLINE_CURVE_WITH_KNOTS('',3,(#5026,#5027,#5028,#5029,#5030,#5031),
 .UNSPECIFIED.,.F.,.F.,(4,2,4),(-0.0406556592011667,-0.0406308925598731,
-0.0362874290911846),.UNSPECIFIED.);
#179=B_SPLINE_CURVE_WITH_KNOTS('',3,(#5035,#5036,#5037,#5038,#5039,#5040),
 .UNSPECIFIED.,.F.,.F.,(4,2,4),(-0.0469137010107528,-0.0428250708715135,
-0.0387364407322742),.UNSPECIFIED.);
#180=B_SPLINE_CURVE_WITH_KNOTS('',3,(#5044,#5045,#5046,#5047,#5048,#5049),
 .UNSPECIFIED.,.F.,.F.,(4,2,4),(-0.0530774847568118,-0.0487340212881233,
-0.0487092546468298),.UNSPECIFIED.);
#181=B_SPLINE_CURVE_WITH_KNOTS('',3,(#5082,#5083,#5084,#5085,#5086,#5087,
#5088,#5089,#5090,#5091,#5092,#5093,#5094,#5095,#5096,#5097,#5098,#5099),
 .UNSPECIFIED.,.F.,.F.,(4,2,2,2,2,2,2,2,4),(9.99939164284836E-7,0.0152929628114847,
0.0254483634731455,0.0400904459716141,0.0466338790792359,0.0586500429036594,
0.0712985660013563,0.0802231587985942,0.0851823809446093),.UNSPECIFIED.);
#182=B_SPLINE_CURVE_WITH_KNOTS('',3,(#5101,#5102,#5103,#5104,#5105,#5106,
#5107,#5108,#5109,#5110),.UNSPECIFIED.,.F.,.F.,(4,2,2,2,4),(0.,0.0214176003364336,
0.0422160621211081,0.0622819566620181,0.0926915774721855),.UNSPECIFIED.);
#183=B_SPLINE_CURVE_WITH_KNOTS('',3,(#5229,#5230,#5231,#5232,#5233,#5234,
#5235,#5236,#5237,#5238),.UNSPECIFIED.,.F.,.F.,(4,2,2,2,4),(-0.165913917947325,
-0.119463019303517,-0.0756233794235742,-0.0298526604245173,0.),
 .UNSPECIFIED.);
#184=B_SPLINE_CURVE_WITH_KNOTS('',3,(#5241,#5242,#5243,#5244,#5245,#5246,
#5247,#5248,#5249,#5250,#5251,#5252),.UNSPECIFIED.,.F.,.F.,(4,2,2,2,2,4),
(-0.0920768975818881,-0.0687859474812279,-0.0460365409930915,-0.0242882217837647,
-0.0124188808416932,-9.99996563394098E-7),.UNSPECIFIED.);
#185=B_SPLINE_CURVE_WITH_KNOTS('',3,(#5254,#5255,#5256,#5257,#5258,#5259,
#5260,#5261,#5262,#5263),.UNSPECIFIED.,.F.,.F.,(4,2,2,2,4),(-0.0365960082501718,
-0.0283209913299769,-0.0199627084711083,-0.0120327893322171,-9.99918194066796E-7),
 .UNSPECIFIED.);
#186=B_SPLINE_CURVE_WITH_KNOTS('',3,(#5264,#5265,#5266,#5267,#5268,#5269,
#5270,#5271,#5272,#5273,#5274,#5275,#5276,#5277,#5278,#5279,#5280,#5281,
#5282,#5283,#5284,#5285),.UNSPECIFIED.,.F.,.F.,(4,2,2,2,2,2,2,2,2,2,4),
(-0.244068618566308,-0.227976233554733,-0.211395187584469,-0.182164101227014,
-0.15464092948467,-0.13015144927683,-0.10980883090239,-0.0833106867520056,
-0.0513970514951799,-0.0259685842854404,-1.00000020758495E-6),
 .UNSPECIFIED.);
#187=B_SPLINE_CURVE_WITH_KNOTS('',3,(#5649,#5650,#5651,#5652,#5653,#5654,
#5655,#5656,#5657,#5658),.UNSPECIFIED.,.F.,.F.,(4,2,2,2,4),(0.0322090198221645,
0.0407739905496491,0.0493389612771336,0.0568261089519972,0.0643132566268609),
 .UNSPECIFIED.);
#188=B_SPLINE_CURVE_WITH_KNOTS('',3,(#5661,#5662,#5663,#5664,#5665,#5666,
#5667,#5668,#5669,#5670,#5671,#5672,#5673,#5674,#5675,#5676,#5677,#5678,
#5679,#5680,#5681,#5682,#5683,#5684,#5685,#5686,#5687,#5688,#5689,#5690,
#5691,#5692,#5693,#5694,#5695,#5696,#5697,#5698,#5699,#5700),
 .UNSPECIFIED.,.F.,.F.,(4,3,3,3,3,3,3,3,3,3,3,3,3,4),(0.,0.00394057109767085,
0.00677366490994341,0.0107558855090755,0.0140340236709177,0.0142326648802153,
0.0180153768260358,0.0220696972903973,0.0224097019063272,0.0267924405068963,
0.0280603249214433,0.0326449749931725,0.0337976791745542,0.03398623535845),
 .UNSPECIFIED.);
#189=B_SPLINE_CURVE_WITH_KNOTS('',3,(#5728,#5729,#5730,#5731,#5732),
 .UNSPECIFIED.,.F.,.F.,(4,1,4),(1.10366786928368,1.82528946473107,2.79148104402505),
 .UNSPECIFIED.);
#190=B_SPLINE_CURVE_WITH_KNOTS('',3,(#5734,#5735,#5736,#5737),
 .UNSPECIFIED.,.F.,.F.,(4,4),(-0.0375430689234124,-0.0337680115405548),
 .UNSPECIFIED.);
#191=B_SPLINE_CURVE_WITH_KNOTS('',3,(#5739,#5740,#5741,#5742,#5743,#5744,
#5745,#5746,#5747,#5748,#5749,#5750,#5751,#5752,#5753,#5754,#5755,#5756,
#5757,#5758,#5759,#5760,#5761,#5762,#5763,#5764,#5765,#5766,#5767,#5768,
#5769,#5770,#5771,#5772,#5773,#5774,#5775,#5776,#5777,#5778),
 .UNSPECIFIED.,.F.,.F.,(4,3,3,3,3,3,3,3,3,3,3,3,3,4),(-0.0339567411846707,
-0.029997499462507,-0.0271511973770447,-0.0231502104756885,-0.0198566691912197,
-0.0196570931168419,-0.0158566132137091,-0.011783291032639,-0.0114415725031588,
-0.00703831799674883,-0.00576435596217905,-0.00115817190941493,0.,0.000189443585820474),
 .UNSPECIFIED.);
#192=B_SPLINE_CURVE_WITH_KNOTS('',3,(#5779,#5780,#5781,#5782,#5783),
 .UNSPECIFIED.,.F.,.F.,(4,1,4),(-2.80357072481764,-1.82528946473107,-1.09157851966614),
 .UNSPECIFIED.);
#193=B_SPLINE_CURVE_WITH_KNOTS('',3,(#5784,#5785,#5786,#5787),
 .UNSPECIFIED.,.F.,.F.,(4,4),(-0.00376349477119992,0.),.UNSPECIFIED.);
#194=B_SPLINE_CURVE_WITH_KNOTS('',3,(#5792,#5793,#5794,#5795,#5796,#5797,
#5798,#5799,#5800,#5801),.UNSPECIFIED.,.F.,.F.,(4,2,2,2,4),(0.0643186839728449,
0.0718058316477087,0.0792929793225725,0.0878579500500569,0.0964229207775414),
 .UNSPECIFIED.);
#195=B_SPLINE_CURVE_WITH_KNOTS('',3,(#5813,#5814,#5815,#5816,#5817),
 .UNSPECIFIED.,.F.,.F.,(4,1,4),(-2.80357072481764,-1.82528946473106,-1.09157851966613),
 .UNSPECIFIED.);
#196=B_SPLINE_CURVE_WITH_KNOTS('',3,(#5829,#5830,#5831,#5832,#5833),
 .UNSPECIFIED.,.F.,.F.,(4,1,4),(-2.80357072481764,-1.82528946473106,-1.09157851966613),
 .UNSPECIFIED.);
#197=B_SPLINE_CURVE_WITH_KNOTS('',3,(#5845,#5846,#5847,#5848,#5849),
 .UNSPECIFIED.,.F.,.F.,(4,1,4),(-2.80357072481763,-1.82528946473105,-1.09157851966612),
 .UNSPECIFIED.);
#198=B_SPLINE_CURVE_WITH_KNOTS('',3,(#5865,#5866,#5867,#5868,#5869,#5870,
#5871,#5872,#5873,#5874),.UNSPECIFIED.,.F.,.F.,(4,2,2,2,4),(0.0322090198221646,
0.0407739905496491,0.0493389612771337,0.0568261089519973,0.0643132566268609),
 .UNSPECIFIED.);
#199=B_SPLINE_CURVE_WITH_KNOTS('',3,(#5877,#5878,#5879,#5880,#5881,#5882,
#5883,#5884,#5885,#5886,#5887,#5888,#5889,#5890,#5891,#5892,#5893,#5894,
#5895,#5896,#5897,#5898,#5899,#5900,#5901,#5902,#5903,#5904,#5905,#5906,
#5907,#5908,#5909,#5910,#5911,#5912,#5913,#5914,#5915,#5916),
 .UNSPECIFIED.,.F.,.F.,(4,3,3,3,3,3,3,3,3,3,3,3,3,4),(0.,0.00394057109776414,
0.00677366490994754,0.010755885509077,0.0140340236709335,0.0142326648802315,
0.0180153768260608,0.0220696972904296,0.0224097019063544,0.026792440506842,
0.0280603249214777,0.0326449749944895,0.0337976791745914,0.0339862353585344),
 .UNSPECIFIED.);
#200=B_SPLINE_CURVE_WITH_KNOTS('',3,(#5944,#5945,#5946,#5947,#5948),
 .UNSPECIFIED.,.F.,.F.,(4,1,4),(1.10366786928368,1.82528946473106,2.79148104402505),
 .UNSPECIFIED.);
#201=B_SPLINE_CURVE_WITH_KNOTS('',3,(#5950,#5951,#5952,#5953),
 .UNSPECIFIED.,.F.,.F.,(4,4),(-0.0375430689234012,-0.0337680115405429),
 .UNSPECIFIED.);
#202=B_SPLINE_CURVE_WITH_KNOTS('',3,(#5954,#5955,#5956,#5957,#5958,#5959,
#5960,#5961,#5962,#5963,#5964,#5965,#5966,#5967,#5968,#5969,#5970,#5971,
#5972,#5973,#5974,#5975,#5976,#5977,#5978,#5979,#5980,#5981,#5982,#5983,
#5984,#5985,#5986,#5987,#5988,#5989,#5990,#5991,#5992,#5993),
 .UNSPECIFIED.,.F.,.F.,(4,3,3,3,3,3,3,3,3,3,3,3,3,4),(-0.033956741188375,
-0.0299974994657709,-0.0271511973799835,-0.0231502104781727,-0.0198566691933384,
-0.0196570931189381,-0.0158566132153789,-0.0117832910338492,-0.0114415725043314,
-0.00703831799734956,-0.00576435596271419,-0.00115817198098377,0.,0.000189443585910914),
 .UNSPECIFIED.);
#203=B_SPLINE_CURVE_WITH_KNOTS('',3,(#5994,#5995,#5996,#5997),
 .UNSPECIFIED.,.F.,.F.,(4,4),(-0.00376349477119863,0.),.UNSPECIFIED.);
#204=B_SPLINE_CURVE_WITH_KNOTS('',3,(#6001,#6002,#6003,#6004,#6005,#6006,
#6007,#6008,#6009,#6010),.UNSPECIFIED.,.F.,.F.,(4,2,2,2,4),(0.0643186839728449,
0.0718058316477085,0.0792929793225721,0.0878579500500565,0.096422920777541),
 .UNSPECIFIED.);
#205=B_SPLINE_CURVE_WITH_KNOTS('',3,(#6017,#6018,#6019,#6020,#6021,#6022,
#6023,#6024,#6025,#6026),.UNSPECIFIED.,.F.,.F.,(4,2,2,2,4),(0.0322090198221647,
0.0407739905496491,0.0493389612771336,0.0568261089519972,0.0643132566268608),
 .UNSPECIFIED.);
#206=B_SPLINE_CURVE_WITH_KNOTS('',3,(#6029,#6030,#6031,#6032,#6033,#6034,
#6035,#6036,#6037,#6038,#6039,#6040,#6041,#6042,#6043,#6044,#6045,#6046,
#6047,#6048,#6049,#6050,#6051,#6052,#6053,#6054,#6055,#6056,#6057,#6058,
#6059,#6060,#6061,#6062,#6063,#6064,#6065,#6066,#6067,#6068),
 .UNSPECIFIED.,.F.,.F.,(4,3,3,3,3,3,3,3,3,3,3,3,3,4),(0.,0.0039405710977219,
0.00677366490994539,0.0107558855090673,0.0140340236709252,0.0142326648802229,
0.0180153768260272,0.0220696972903712,0.0224097019063379,0.0267924405069234,
0.0280603249214566,0.0326449750629422,0.0337976791746852,0.0339862353585163),
 .UNSPECIFIED.);
#207=B_SPLINE_CURVE_WITH_KNOTS('',3,(#6095,#6096,#6097,#6098),
 .UNSPECIFIED.,.F.,.F.,(4,4),(-0.00376349477119867,0.),.UNSPECIFIED.);
#208=B_SPLINE_CURVE_WITH_KNOTS('',3,(#6100,#6101,#6102,#6103,#6104),
 .UNSPECIFIED.,.F.,.F.,(4,1,4),(1.10366786928367,1.82528946473105,2.79148104402503),
 .UNSPECIFIED.);
#209=B_SPLINE_CURVE_WITH_KNOTS('',3,(#6106,#6107,#6108,#6109),
 .UNSPECIFIED.,.F.,.F.,(4,4),(-0.0375430689233964,-0.0337680115405419),
 .UNSPECIFIED.);
#210=B_SPLINE_CURVE_WITH_KNOTS('',3,(#6110,#6111,#6112,#6113,#6114,#6115,
#6116,#6117,#6118,#6119,#6120,#6121,#6122,#6123,#6124,#6125,#6126,#6127,
#6128,#6129,#6130,#6131,#6132,#6133,#6134,#6135,#6136,#6137,#6138,#6139,
#6140,#6141,#6142,#6143,#6144,#6145,#6146,#6147,#6148,#6149),
 .UNSPECIFIED.,.F.,.F.,(4,3,3,3,3,3,3,3,3,3,3,3,3,4),(-0.0339567411847111,
-0.0299974994625683,-0.0271511973770751,-0.0231502104757144,-0.0198566691912422,
-0.0196570931168643,-0.0158566132137175,-0.0117832910326408,-0.0114415725031719,
-0.00703831799675218,-0.00576435596218518,-0.00115817191063387,0.,0.000189443585823996),
 .UNSPECIFIED.);
#211=B_SPLINE_CURVE_WITH_KNOTS('',3,(#6153,#6154,#6155,#6156,#6157,#6158,
#6159,#6160,#6161,#6162),.UNSPECIFIED.,.F.,.F.,(4,2,2,2,4),(0.0643186839728449,
0.0718058316477085,0.0792929793225722,0.0878579500500566,0.0964229207775411),
 .UNSPECIFIED.);
#212=B_SPLINE_CURVE_WITH_KNOTS('',3,(#6181,#6182,#6183,#6184,#6185,#6186,
#6187,#6188,#6189,#6190),.UNSPECIFIED.,.F.,.F.,(4,2,2,2,4),(0.,0.442855307893102,
0.909085632108436,1.22505754300649,1.55388545616602),.UNSPECIFIED.);
#213=B_SPLINE_CURVE_WITH_KNOTS('',3,(#6196,#6197,#6198,#6199,#6200,#6201,
#6202,#6203,#6204,#6205),.UNSPECIFIED.,.F.,.F.,(4,2,2,2,4),(0.0322090198221647,
0.0407739905496491,0.0493389612771336,0.0568261089519972,0.0643132566268608),
 .UNSPECIFIED.);
#214=B_SPLINE_CURVE_WITH_KNOTS('',3,(#6208,#6209,#6210,#6211,#6212,#6213,
#6214,#6215,#6216,#6217,#6218,#6219,#6220,#6221,#6222,#6223,#6224,#6225,
#6226,#6227,#6228,#6229,#6230,#6231,#6232,#6233,#6234,#6235,#6236,#6237,
#6238,#6239,#6240,#6241,#6242,#6243,#6244,#6245,#6246,#6247),
 .UNSPECIFIED.,.F.,.F.,(4,3,3,3,3,3,3,3,3,3,3,3,3,4),(0.,0.0039405710976915,
0.00677366490994413,0.0107558855090844,0.0140340236709214,0.0142326648802192,
0.0180153768260433,0.0220696972904056,0.0224097019063354,0.0267924405069709,
0.0280603249214562,0.0326449750629657,0.0337976791746862,0.0339862353584713),
 .UNSPECIFIED.);
#215=B_SPLINE_CURVE_WITH_KNOTS('',3,(#6275,#6276,#6277,#6278,#6279),
 .UNSPECIFIED.,.F.,.F.,(4,1,4),(1.10366786928368,1.82528946473106,2.79148104402505),
 .UNSPECIFIED.);
#216=B_SPLINE_CURVE_WITH_KNOTS('',3,(#6281,#6282,#6283,#6284),
 .UNSPECIFIED.,.F.,.F.,(4,4),(-0.0375430689233962,-0.0337680115405415),
 .UNSPECIFIED.);
#217=B_SPLINE_CURVE_WITH_KNOTS('',3,(#6285,#6286,#6287,#6288,#6289,#6290,
#6291,#6292,#6293,#6294,#6295,#6296,#6297,#6298,#6299,#6300,#6301,#6302,
#6303,#6304,#6305,#6306,#6307,#6308,#6309,#6310,#6311,#6312,#6313,#6314,
#6315,#6316,#6317,#6318,#6319,#6320,#6321,#6322,#6323,#6324),
 .UNSPECIFIED.,.F.,.F.,(4,3,3,3,3,3,3,3,3,3,3,3,3,4),(-0.0339567411847683,
-0.0299974994625498,-0.0271511973771199,-0.0231502104757802,-0.0198566691912692,
-0.0196570931168908,-0.0158566132137453,-0.0117832910326658,-0.011441572503184,
-0.00703831799681865,-0.00576435596219037,-0.00115817191117442,0.,0.000189443585823913),
 .UNSPECIFIED.);
#218=B_SPLINE_CURVE_WITH_KNOTS('',3,(#6325,#6326,#6327,#6328),
 .UNSPECIFIED.,.F.,.F.,(4,4),(-0.00376349477119803,0.),.UNSPECIFIED.);
#219=B_SPLINE_CURVE_WITH_KNOTS('',3,(#6332,#6333,#6334,#6335,#6336,#6337,
#6338,#6339,#6340,#6341),.UNSPECIFIED.,.F.,.F.,(4,2,2,2,4),(0.0643186839728449,
0.0718058316477084,0.079292979322572,0.0878579500500566,0.0964229207775411),
 .UNSPECIFIED.);
#220=B_SPLINE_CURVE_WITH_KNOTS('',3,(#6344,#6345,#6346,#6347,#6348,#6349,
#6350,#6351,#6352,#6353,#6354,#6355,#6356,#6357),.UNSPECIFIED.,.F.,.F.,
(4,2,2,2,2,2,4),(0.156743694359043,0.158263728044481,0.165059894551601,
0.174366615856877,0.190042182520799,0.215965465802826,0.230750691420315),
 .UNSPECIFIED.);
#221=B_SPLINE_CURVE_WITH_KNOTS('',3,(#6364,#6365,#6366,#6367,#6368,#6369,
#6370,#6371,#6372,#6373,#6374,#6375),.UNSPECIFIED.,.F.,.F.,(4,2,2,2,2,4),
(0.0733771161489056,0.092027043614575,0.126540389415236,0.142029260167817,
0.151329365844541,0.156743694357946),.UNSPECIFIED.);
#222=B_SPLINE_CURVE_WITH_KNOTS('',3,(#6378,#6379,#6380,#6381,#6382,#6383,
#6384,#6385,#6386,#6387,#6388,#6389,#6390,#6391),.UNSPECIFIED.,.F.,.F.,
(4,2,2,2,2,2,4),(0.156743694359359,0.158263728044804,0.165059894551965,
0.174366615857307,0.190042182521243,0.215965465803048,0.230750691420416),
 .UNSPECIFIED.);
#223=B_SPLINE_CURVE_WITH_KNOTS('',3,(#6398,#6399,#6400,#6401,#6402,#6403,
#6404,#6405,#6406,#6407,#6408,#6409),.UNSPECIFIED.,.F.,.F.,(4,2,2,2,2,4),
(0.0733771161492925,0.0920270436151595,0.126540389416261,0.142029260169067,
0.151329365845953,0.156743694359464),.UNSPECIFIED.);
#224=B_SPLINE_CURVE_WITH_KNOTS('',3,(#6413,#6414,#6415,#6416,#6417,#6418),
 .UNSPECIFIED.,.F.,.F.,(4,2,4),(0.,0.442855307893127,0.789014508886567),
 .UNSPECIFIED.);
#225=B_SPLINE_CURVE_WITH_KNOTS('',3,(#6426,#6427,#6428,#6429,#6430,#6431,
#6432,#6433,#6434,#6435,#6436,#6437),.UNSPECIFIED.,.F.,.F.,(4,2,2,2,2,4),
(0.371662918107468,0.390312845573248,0.424826191374147,0.440315062126842,
0.449615167803638,0.455029496317099),.UNSPECIFIED.);
#226=B_SPLINE_CURVE_WITH_KNOTS('',3,(#6441,#6442,#6443,#6444,#6445,#6446,
#6447,#6448,#6449,#6450,#6451,#6452,#6453,#6454,#6455,#6456,#6457,#6458,
#6459,#6460,#6461,#6462,#6463,#6464,#6465,#6466,#6467,#6468,#6469,#6470,
#6471,#6472,#6473,#6474),.UNSPECIFIED.,.F.,.F.,(4,3,3,3,3,3,3,3,3,3,3,4),
(0.,0.00391888593687861,0.00699486277959849,0.0109651475272811,0.0143834020070163,
0.0161299858364075,0.0201029199494108,0.0226591112681922,0.0269641299515239,
0.0280303552601953,0.0325090598763968,0.033473502392097),.UNSPECIFIED.);
#227=B_SPLINE_CURVE_WITH_KNOTS('',3,(#6476,#6477,#6478,#6479),
 .UNSPECIFIED.,.F.,.F.,(4,4),(0.750981496625493,0.87767796234646),
 .UNSPECIFIED.);
#228=B_SPLINE_CURVE_WITH_KNOTS('',3,(#6481,#6482,#6483,#6484),
 .UNSPECIFIED.,.F.,.F.,(4,4),(0.,0.559025875203436),.UNSPECIFIED.);
#229=B_SPLINE_CURVE_WITH_KNOTS('',3,(#6486,#6487,#6488,#6489,#6490,#6491,
#6492,#6493,#6494,#6495,#6496,#6497),.UNSPECIFIED.,.F.,.F.,(4,2,2,2,2,4),
(0.538725165710201,0.560748620046988,0.945749950856927,1.34273595757628,
1.76632614387439,1.88793937744934),.UNSPECIFIED.);
#230=B_SPLINE_CURVE_WITH_KNOTS('',3,(#6499,#6500,#6501,#6502),
 .UNSPECIFIED.,.F.,.F.,(4,4),(0.318652084071643,0.877677959240272),
 .UNSPECIFIED.);
#231=B_SPLINE_CURVE_WITH_KNOTS('',3,(#6504,#6505,#6506,#6507),
 .UNSPECIFIED.,.F.,.F.,(4,4),(0.,0.126692117538697),.UNSPECIFIED.);
#232=B_SPLINE_CURVE_WITH_KNOTS('',3,(#6509,#6510,#6511,#6512,#6513,#6514,
#6515,#6516,#6517,#6518,#6519,#6520,#6521,#6522,#6523,#6524,#6525,#6526,
#6527,#6528,#6529,#6530,#6531,#6532,#6533,#6534,#6535,#6536,#6537,#6538,
#6539),.UNSPECIFIED.,.F.,.F.,(4,3,3,3,3,3,3,3,3,3,4),(0.,0.00444677172396528,
0.0088170491255418,0.00991115158622344,0.0139252255028302,0.0174362621365229,
0.0188235315032373,0.0228216561636326,0.0263374146422596,0.0299952525914793,
0.033623889117879),.UNSPECIFIED.);
#233=B_SPLINE_CURVE_WITH_KNOTS('',3,(#6543,#6544,#6545,#6546,#6547,#6548,
#6549,#6550,#6551,#6552,#6553,#6554,#6555,#6556),.UNSPECIFIED.,.F.,.F.,
(4,2,2,2,2,2,4),(0.156743694358094,0.158263728043514,0.165059894550555,
0.174366615855715,0.190042182519527,0.215965465801545,0.230750691419017),
 .UNSPECIFIED.);
#234=B_SPLINE_CURVE_WITH_KNOTS('',3,(#6564,#6565,#6566,#6567,#6568,#6569,
#6570,#6571,#6572,#6573,#6574,#6575),.UNSPECIFIED.,.F.,.F.,(4,2,2,2,2,4),
(0.371662918107125,0.390312845572827,0.424826191373559,0.440315062126161,
0.449615167802905,0.455029496316322),.UNSPECIFIED.);
#235=B_SPLINE_CURVE_WITH_KNOTS('',3,(#6579,#6580,#6581,#6582,#6583,#6584,
#6585,#6586,#6587,#6588,#6589,#6590,#6591,#6592,#6593,#6594,#6595,#6596,
#6597,#6598,#6599,#6600,#6601,#6602,#6603,#6604,#6605,#6606,#6607,#6608,
#6609,#6610,#6611,#6612),.UNSPECIFIED.,.F.,.F.,(4,3,3,3,3,3,3,3,3,3,3,4),
(0.,0.00391888593680981,0.00699486277959529,0.0109651475272861,0.0143834020070042,
0.0161299858363937,0.0201029199494052,0.0226591112681735,0.0269641299514329,
0.0280303552601735,0.0325090598763685,0.0334735023920706),.UNSPECIFIED.);
#236=B_SPLINE_CURVE_WITH_KNOTS('',3,(#6614,#6615,#6616,#6617),
 .UNSPECIFIED.,.F.,.F.,(4,4),(0.750981496622968,0.877677962343927),
 .UNSPECIFIED.);
#237=B_SPLINE_CURVE_WITH_KNOTS('',3,(#6619,#6620,#6621,#6622),
 .UNSPECIFIED.,.F.,.F.,(4,4),(0.,0.559025875203408),.UNSPECIFIED.);
#238=B_SPLINE_CURVE_WITH_KNOTS('',3,(#6624,#6625,#6626,#6627,#6628,#6629,
#6630,#6631,#6632,#6633,#6634,#6635),.UNSPECIFIED.,.F.,.F.,(4,2,2,2,2,4),
(0.538725165710208,0.560748620046998,0.945749950856999,1.34273595757643,
1.76632614387461,1.88793937744957),.UNSPECIFIED.);
#239=B_SPLINE_CURVE_WITH_KNOTS('',3,(#6637,#6638,#6639,#6640),
 .UNSPECIFIED.,.F.,.F.,(4,4),(0.318652084072239,0.877677959240874),
 .UNSPECIFIED.);
#240=B_SPLINE_CURVE_WITH_KNOTS('',3,(#6642,#6643,#6644,#6645),
 .UNSPECIFIED.,.F.,.F.,(4,4),(0.,0.126692117538699),.UNSPECIFIED.);
#241=B_SPLINE_CURVE_WITH_KNOTS('',3,(#6647,#6648,#6649,#6650,#6651,#6652,
#6653,#6654,#6655,#6656,#6657,#6658,#6659,#6660,#6661,#6662,#6663,#6664,
#6665,#6666,#6667,#6668,#6669,#6670,#6671,#6672,#6673,#6674,#6675,#6676,
#6677),.UNSPECIFIED.,.F.,.F.,(4,3,3,3,3,3,3,3,3,3,4),(0.,0.00444677172398175,
0.00881704912556981,0.00991115158622169,0.0139252255028307,0.0174362621365179,
0.0188235315032315,0.0228216561635968,0.0263374146422537,0.0299952525914791,
0.0336238891178628),.UNSPECIFIED.);
#242=B_SPLINE_CURVE_WITH_KNOTS('',3,(#6681,#6682,#6683,#6684,#6685,#6686,
#6687,#6688,#6689,#6690,#6691,#6692,#6693,#6694),.UNSPECIFIED.,.F.,.F.,
(4,2,2,2,2,2,4),(0.156743694357778,0.158263728043193,0.165059894550208,
0.174366615855338,0.190042182519147,0.215965465801256,0.230750691418765),
 .UNSPECIFIED.);
#243=B_SPLINE_CURVE_WITH_KNOTS('',3,(#6702,#6703,#6704,#6705,#6706,#6707,
#6708,#6709,#6710,#6711,#6712,#6713),.UNSPECIFIED.,.F.,.F.,(4,2,2,2,2,4),
(0.37166291810825,0.390312845574068,0.424826191375051,0.44031506212779,
0.449615167804626,0.455029496318108),.UNSPECIFIED.);
#244=B_SPLINE_CURVE_WITH_KNOTS('',3,(#6717,#6718,#6719,#6720,#6721,#6722,
#6723,#6724,#6725,#6726,#6727,#6728,#6729,#6730,#6731,#6732,#6733,#6734,
#6735,#6736,#6737,#6738,#6739,#6740,#6741,#6742,#6743,#6744,#6745,#6746,
#6747,#6748,#6749,#6750),.UNSPECIFIED.,.F.,.F.,(4,3,3,3,3,3,3,3,3,3,3,4),
(0.,0.00391888593691967,0.00699486277960059,0.0109651475272888,0.0143834020070244,
0.0161299858364169,0.020102919949384,0.0226591112682031,0.0269641299519122,
0.0280303552602095,0.0325090598762284,0.0334735023921255),.UNSPECIFIED.);
#245=B_SPLINE_CURVE_WITH_KNOTS('',3,(#6752,#6753,#6754,#6755),
 .UNSPECIFIED.,.F.,.F.,(4,4),(0.750981496623113,0.877677962344072),
 .UNSPECIFIED.);
#246=B_SPLINE_CURVE_WITH_KNOTS('',3,(#6757,#6758,#6759,#6760),
 .UNSPECIFIED.,.F.,.F.,(4,4),(0.,0.559025875203409),.UNSPECIFIED.);
#247=B_SPLINE_CURVE_WITH_KNOTS('',3,(#6762,#6763,#6764,#6765,#6766,#6767,
#6768,#6769,#6770,#6771,#6772,#6773),.UNSPECIFIED.,.F.,.F.,(4,2,2,2,2,4),
(0.53872516571021,0.560748620046999,0.945749950857003,1.34273595757644,
1.76632614387465,1.88793937744964),.UNSPECIFIED.);
#248=B_SPLINE_CURVE_WITH_KNOTS('',3,(#6775,#6776,#6777,#6778),
 .UNSPECIFIED.,.F.,.F.,(4,4),(0.318652084071173,0.877677959239797),
 .UNSPECIFIED.);
#249=B_SPLINE_CURVE_WITH_KNOTS('',3,(#6780,#6781,#6782,#6783),
 .UNSPECIFIED.,.F.,.F.,(4,4),(0.,0.126692117538696),.UNSPECIFIED.);
#250=B_SPLINE_CURVE_WITH_KNOTS('',3,(#6785,#6786,#6787,#6788,#6789,#6790,
#6791,#6792,#6793,#6794,#6795,#6796,#6797,#6798,#6799,#6800,#6801,#6802,
#6803,#6804,#6805,#6806,#6807,#6808,#6809,#6810,#6811,#6812,#6813,#6814,
#6815),.UNSPECIFIED.,.F.,.F.,(4,3,3,3,3,3,3,3,3,3,4),(0.,0.00444677172397232,
0.00881704912555404,0.00991115158622311,0.0139252255028406,0.017436262136518,
0.018823531503231,0.0228216561635651,0.026337414642254,0.0299952525914677,
0.0336238891178491),.UNSPECIFIED.);
#251=B_SPLINE_CURVE_WITH_KNOTS('',3,(#6819,#6820,#6821,#6822,#6823,#6824,
#6825,#6826,#6827,#6828,#6829,#6830,#6831,#6832),.UNSPECIFIED.,.F.,.F.,
(4,2,2,2,2,2,4),(0.156743694358451,0.158263728043878,0.165059894550948,
0.174366615856154,0.190042182520004,0.215965465801981,0.230750691419437),
 .UNSPECIFIED.);
#252=B_SPLINE_CURVE_WITH_KNOTS('',3,(#6840,#6841,#6842,#6843,#6844,#6845,
#6846,#6847,#6848,#6849,#6850,#6851),.UNSPECIFIED.,.F.,.F.,(4,2,2,2,2,4),
(0.371662918107043,0.3903128455728,0.424826191373626,0.440315062126272,
0.449615167803039,0.455029496316474),.UNSPECIFIED.);
#253=B_SPLINE_CURVE_WITH_KNOTS('',3,(#6855,#6856,#6857,#6858,#6859,#6860,
#6861,#6862,#6863,#6864,#6865,#6866,#6867,#6868,#6869,#6870,#6871,#6872,
#6873,#6874,#6875,#6876,#6877,#6878,#6879,#6880,#6881,#6882,#6883,#6884,
#6885,#6886,#6887,#6888),.UNSPECIFIED.,.F.,.F.,(4,3,3,3,3,3,3,3,3,3,3,4),
(0.,0.00391888593689344,0.00699486277959911,0.0109651475272652,0.0143834020070181,
0.0161299858364092,0.0201029199494192,0.0226591112681939,0.0269641299515281,
0.0280303552601977,0.0325090598763141,0.0334735023921),.UNSPECIFIED.);
#254=B_SPLINE_CURVE_WITH_KNOTS('',3,(#6890,#6891,#6892,#6893),
 .UNSPECIFIED.,.F.,.F.,(4,4),(0.750981496623016,0.877677962343975),
 .UNSPECIFIED.);
#255=B_SPLINE_CURVE_WITH_KNOTS('',3,(#6895,#6896,#6897,#6898),
 .UNSPECIFIED.,.F.,.F.,(4,4),(0.,0.559025875203409),.UNSPECIFIED.);
#256=B_SPLINE_CURVE_WITH_KNOTS('',3,(#6900,#6901,#6902,#6903,#6904,#6905,
#6906,#6907,#6908,#6909,#6910,#6911),.UNSPECIFIED.,.F.,.F.,(4,2,2,2,2,4),
(0.538725165710202,0.560748620046992,0.945749950856958,1.34273595757635,
1.7663261438745,1.88793937744948),.UNSPECIFIED.);
#257=B_SPLINE_CURVE_WITH_KNOTS('',3,(#6913,#6914,#6915,#6916),
 .UNSPECIFIED.,.F.,.F.,(4,4),(0.318652084074264,0.877677959242922),
 .UNSPECIFIED.);
#258=B_SPLINE_CURVE_WITH_KNOTS('',3,(#6918,#6919,#6920,#6921),
 .UNSPECIFIED.,.F.,.F.,(4,4),(0.,0.126692117538706),.UNSPECIFIED.);
#259=B_SPLINE_CURVE_WITH_KNOTS('',3,(#6923,#6924,#6925,#6926,#6927,#6928,
#6929,#6930,#6931,#6932,#6933,#6934,#6935,#6936,#6937,#6938,#6939,#6940,
#6941,#6942,#6943,#6944,#6945,#6946,#6947,#6948,#6949,#6950,#6951,#6952,
#6953),.UNSPECIFIED.,.F.,.F.,(4,3,3,3,3,3,3,3,3,3,4),(0.,0.0044467717239649,
0.00881704912554158,0.00991115158622452,0.0139252255028483,0.01743626213652,
0.018823531503233,0.0228216561635922,0.0263374146422523,0.0299952525914678,
0.0336238891178607),.UNSPECIFIED.);
#260=B_SPLINE_CURVE_WITH_KNOTS('',3,(#6957,#6958,#6959,#6960,#6961,#6962,
#6963,#6964,#6965,#6966,#6967,#6968,#6969,#6970),.UNSPECIFIED.,.F.,.F.,
(4,2,2,2,2,2,4),(0.156743694358755,0.15826372804419,0.165059894551302,0.174366615856568,
0.190042182520444,0.215965465802347,0.230750691419767),.UNSPECIFIED.);
#261=B_SPLINE_CURVE_WITH_KNOTS('',3,(#6975,#6976,#6977,#6978,#6979,#6980,
#6981,#6982),.UNSPECIFIED.,.F.,.F.,(4,2,2,4),(0.789014508886567,0.909085632108511,
1.22505754300659,1.55388545616613),.UNSPECIFIED.);
#262=B_SPLINE_CURVE_WITH_KNOTS('',3,(#6985,#6986,#6987,#6988,#6989,#6990,
#6991,#6992,#6993,#6994,#6995,#6996,#6997,#6998),.UNSPECIFIED.,.F.,.F.,
(4,2,2,2,2,2,4),(0.156743694359048,0.158263728044487,0.165059894551617,
0.17436661585691,0.190042182520821,0.215965465802722,0.230750691420141),
 .UNSPECIFIED.);
#263=B_SPLINE_CURVE_WITH_KNOTS('',3,(#7005,#7006,#7007,#7008,#7009,#7010,
#7011,#7012,#7013,#7014,#7015,#7016),.UNSPECIFIED.,.F.,.F.,(4,2,2,2,2,4),
(0.0733771161491421,0.0920270436149176,0.126540389415808,0.1420292601685,
0.151329365845308,0.156743694358772),.UNSPECIFIED.);
#264=B_SPLINE_CURVE_WITH_KNOTS('',3,(#7018,#7019,#7020,#7021,#7022,#7023,
#7024,#7025,#7026,#7027),.UNSPECIFIED.,.F.,.F.,(4,2,2,2,4),(0.,0.442855307893173,
0.909085632108646,1.22505754300679,1.5538854561664),.UNSPECIFIED.);
#265=B_SPLINE_CURVE_WITH_KNOTS('',3,(#7030,#7031,#7032,#7033,#7034,#7035,
#7036,#7037,#7038,#7039,#7040,#7041,#7042,#7043),.UNSPECIFIED.,.F.,.F.,
(4,2,2,2,2,2,4),(0.318738208634039,0.320697584154731,0.330356086573638,
0.343519592994388,0.36564337928772,0.396224288108101,0.424947950596097),
 .UNSPECIFIED.);
#266=B_SPLINE_CURVE_WITH_KNOTS('',3,(#7050,#7051,#7052,#7053,#7054,#7055,
#7056,#7057,#7058,#7059,#7060,#7061),.UNSPECIFIED.,.F.,.F.,(4,2,2,2,2,4),
(0.356449999242,0.398180926118262,0.429234397313981,0.445805174745446,0.456118896292699,
0.460053124136123),.UNSPECIFIED.);
#267=B_SPLINE_CURVE_WITH_KNOTS('',3,(#7063,#7064,#7065,#7066,#7067,#7068,
#7069,#7070,#7071,#7072),.UNSPECIFIED.,.F.,.F.,(4,2,2,2,4),(0.,0.442855307893167,
0.909085632108632,1.22505754300677,1.55388545616637),.UNSPECIFIED.);
#268=B_SPLINE_CURVE_WITH_KNOTS('',3,(#7095,#7096,#7097,#7098),
 .UNSPECIFIED.,.F.,.F.,(4,4),(-0.71337532062357,-0.125825378620958),
 .UNSPECIFIED.);
#269=B_SPLINE_CURVE_WITH_KNOTS('',3,(#7100,#7101,#7102,#7103),
 .UNSPECIFIED.,.F.,.F.,(4,4),(0.115382230899479,0.701139576478565),
 .UNSPECIFIED.);
#270=B_SPLINE_CURVE_WITH_KNOTS('',3,(#7105,#7106,#7107,#7108),
 .UNSPECIFIED.,.F.,.F.,(4,4),(0.70113957479023,0.701555149619627),
 .UNSPECIFIED.);
#271=B_SPLINE_CURVE_WITH_KNOTS('',3,(#7109,#7110,#7111,#7112,#7113,#7114,
#7115,#7116,#7117,#7118,#7119,#7120,#7121,#7122,#7123,#7124,#7125,#7126,
#7127,#7128,#7129,#7130,#7131,#7132,#7133,#7134,#7135,#7136,#7137,#7138,
#7139,#7140,#7141,#7142,#7143,#7144,#7145),.UNSPECIFIED.,.F.,.F.,(4,3,3,
3,3,3,3,3,3,3,3,3,4),(0.,0.00386864762637477,0.00677386616767693,0.0106880204239181,
0.0140342792744882,0.016244286411439,0.0202149796587579,0.0224097450993997,
0.0267757683447154,0.0280603158134484,0.0326500220961686,0.0337975908964168,
0.0339861375881395),.UNSPECIFIED.);
#272=B_SPLINE_CURVE_WITH_KNOTS('',3,(#7173,#7174,#7175,#7176,#7177),
 .UNSPECIFIED.,.F.,.F.,(4,1,4),(0.522473860002172,1.24408535760001,2.21025939670359),
 .UNSPECIFIED.);
#273=B_SPLINE_CURVE_WITH_KNOTS('',3,(#7179,#7180,#7181,#7182),
 .UNSPECIFIED.,.F.,.F.,(4,4),(-0.0375417956204765,-0.0337662496679224),
 .UNSPECIFIED.);
#274=B_SPLINE_CURVE_WITH_KNOTS('',3,(#7184,#7185,#7186,#7187,#7188,#7189,
#7190,#7191,#7192,#7193,#7194,#7195,#7196,#7197,#7198,#7199,#7200,#7201,
#7202,#7203,#7204,#7205,#7206,#7207,#7208,#7209,#7210,#7211,#7212,#7213,
#7214,#7215,#7216,#7217,#7218,#7219,#7220,#7221,#7222,#7223),
 .UNSPECIFIED.,.F.,.F.,(4,3,3,3,3,3,3,3,3,3,3,3,3,4),(-0.0339568672988222,
-0.0299964448627796,-0.0271515269666342,-0.0231492618448939,-0.0198570836997923,
-0.0196576201838105,-0.0158602997687137,-0.0117900225468451,-0.0114418317718543,
-0.00704074780657477,-0.00576448823220253,-0.00115760450519375,0.,0.000189446227124086),
 .UNSPECIFIED.);
#275=B_SPLINE_CURVE_WITH_KNOTS('',3,(#7224,#7225,#7226,#7227,#7228),
 .UNSPECIFIED.,.F.,.F.,(4,1,4),(-2.22234932632387,-1.24408535760001,-0.510387381057118),
 .UNSPECIFIED.);
#276=B_SPLINE_CURVE_WITH_KNOTS('',3,(#7229,#7230,#7231,#7232),
 .UNSPECIFIED.,.F.,.F.,(4,4),(-0.0037629991673608,0.),.UNSPECIFIED.);
#277=B_SPLINE_CURVE_WITH_KNOTS('',3,(#7254,#7255,#7256,#7257),
 .UNSPECIFIED.,.F.,.F.,(4,4),(2.64213296301529,3.22787038639765),
 .UNSPECIFIED.);
#278=B_SPLINE_CURVE_WITH_KNOTS('',3,(#7258,#7259,#7260,#7261),
 .UNSPECIFIED.,.F.,.F.,(4,4),(-3.21742670131975,-2.62989405495373),
 .UNSPECIFIED.);
#279=B_SPLINE_CURVE_WITH_KNOTS('',3,(#7262,#7263,#7264,#7265),
 .UNSPECIFIED.,.F.,.F.,(4,4),(-2.64213296132828,-2.64171721774967),
 .UNSPECIFIED.);
#280=B_SPLINE_CURVE_WITH_KNOTS('',3,(#7269,#7270,#7271,#7272),
 .UNSPECIFIED.,.F.,.F.,(4,4),(-0.713375320623569,-0.125825378620958),
 .UNSPECIFIED.);
#281=B_SPLINE_CURVE_WITH_KNOTS('',3,(#7274,#7275,#7276,#7277,#7278),
 .UNSPECIFIED.,.F.,.F.,(4,1,4),(-2.22234932632387,-1.24408535760001,-0.510387381057117),
 .UNSPECIFIED.);
#282=B_SPLINE_CURVE_WITH_KNOTS('',3,(#7279,#7280,#7281,#7282),
 .UNSPECIFIED.,.F.,.F.,(4,4),(-3.21742670131975,-2.62989405495373),
 .UNSPECIFIED.);
#283=B_SPLINE_CURVE_WITH_KNOTS('',3,(#7285,#7286,#7287,#7288),
 .UNSPECIFIED.,.F.,.F.,(4,4),(-0.713375320623569,-0.125825378620959),
 .UNSPECIFIED.);
#284=B_SPLINE_CURVE_WITH_KNOTS('',3,(#7290,#7291,#7292,#7293,#7294),
 .UNSPECIFIED.,.F.,.F.,(4,1,4),(-2.22234932632387,-1.48865134978097,-0.510387381057117),
 .UNSPECIFIED.);
#285=B_SPLINE_CURVE_WITH_KNOTS('',3,(#7295,#7296,#7297,#7298),
 .UNSPECIFIED.,.F.,.F.,(4,4),(-3.21742670131975,-2.62989405495373),
 .UNSPECIFIED.);
#286=B_SPLINE_CURVE_WITH_KNOTS('',3,(#7301,#7302,#7303,#7304),
 .UNSPECIFIED.,.F.,.F.,(4,4),(-0.713375320623569,-0.125825378620958),
 .UNSPECIFIED.);
#287=B_SPLINE_CURVE_WITH_KNOTS('',3,(#7306,#7307,#7308,#7309,#7310),
 .UNSPECIFIED.,.F.,.F.,(4,1,4),(-2.22234932632387,-1.24408535760001,-0.510387381057118),
 .UNSPECIFIED.);
#288=B_SPLINE_CURVE_WITH_KNOTS('',3,(#7311,#7312,#7313,#7314),
 .UNSPECIFIED.,.F.,.F.,(4,4),(-3.21742670131975,-2.62989405495373),
 .UNSPECIFIED.);
#289=B_SPLINE_CURVE_WITH_KNOTS('',3,(#7341,#7342,#7343,#7344),
 .UNSPECIFIED.,.F.,.F.,(4,4),(0.115382230899479,0.701139576478564),
 .UNSPECIFIED.);
#290=B_SPLINE_CURVE_WITH_KNOTS('',3,(#7346,#7347,#7348,#7349),
 .UNSPECIFIED.,.F.,.F.,(4,4),(0.701139574790228,0.701555149619627),
 .UNSPECIFIED.);
#291=B_SPLINE_CURVE_WITH_KNOTS('',3,(#7350,#7351,#7352,#7353,#7354,#7355,
#7356,#7357,#7358,#7359,#7360,#7361,#7362,#7363,#7364,#7365,#7366,#7367,
#7368,#7369,#7370,#7371,#7372,#7373,#7374,#7375,#7376,#7377,#7378,#7379,
#7380,#7381,#7382,#7383,#7384,#7385,#7386),.UNSPECIFIED.,.F.,.F.,(4,3,3,
3,3,3,3,3,3,3,3,3,4),(0.,0.00386864762636513,0.00677386616767604,0.0106880204238939,
0.0140342792744834,0.0162442864114332,0.0202149796587707,0.0224097450993893,
0.026775768344576,0.0280603158134354,0.0326500220967027,0.0337975908963614,
0.0339861375881115),.UNSPECIFIED.);
#292=B_SPLINE_CURVE_WITH_KNOTS('',3,(#7414,#7415,#7416,#7417,#7418),
 .UNSPECIFIED.,.F.,.F.,(4,1,4),(0.522473860002172,1.24408535760001,2.21025939670359),
 .UNSPECIFIED.);
#293=B_SPLINE_CURVE_WITH_KNOTS('',3,(#7420,#7421,#7422,#7423),
 .UNSPECIFIED.,.F.,.F.,(4,4),(-0.0375417956204763,-0.0337662496679228),
 .UNSPECIFIED.);
#294=B_SPLINE_CURVE_WITH_KNOTS('',3,(#7424,#7425,#7426,#7427,#7428,#7429,
#7430,#7431,#7432,#7433,#7434,#7435,#7436,#7437,#7438,#7439,#7440,#7441,
#7442,#7443,#7444,#7445,#7446,#7447,#7448,#7449,#7450,#7451,#7452,#7453,
#7454,#7455,#7456,#7457,#7458,#7459,#7460,#7461,#7462,#7463),
 .UNSPECIFIED.,.F.,.F.,(4,3,3,3,3,3,3,3,3,3,3,3,3,4),(-0.0339568673010835,
-0.0299964448647684,-0.0271515269684282,-0.0231492618463963,-0.0198570837010847,
-0.0196576201850889,-0.0158602997697386,-0.0117900225475998,-0.0114418317725663,
-0.00704074780696229,-0.00576448823252642,-0.00115760454778735,0.,0.00018944622717456),
 .UNSPECIFIED.);
#295=B_SPLINE_CURVE_WITH_KNOTS('',3,(#7464,#7465,#7466,#7467),
 .UNSPECIFIED.,.F.,.F.,(4,4),(-0.00376299916736093,0.),.UNSPECIFIED.);
#296=B_SPLINE_CURVE_WITH_KNOTS('',3,(#7489,#7490,#7491,#7492),
 .UNSPECIFIED.,.F.,.F.,(4,4),(2.64213296301529,3.22787038639765),
 .UNSPECIFIED.);
#297=B_SPLINE_CURVE_WITH_KNOTS('',3,(#7493,#7494,#7495,#7496),
 .UNSPECIFIED.,.F.,.F.,(4,4),(-2.64213296132829,-2.64171721774967),
 .UNSPECIFIED.);
#298=B_SPLINE_CURVE_WITH_KNOTS('',3,(#7520,#7521,#7522,#7523),
 .UNSPECIFIED.,.F.,.F.,(4,4),(0.115382230899479,0.701139576478564),
 .UNSPECIFIED.);
#299=B_SPLINE_CURVE_WITH_KNOTS('',3,(#7525,#7526,#7527,#7528),
 .UNSPECIFIED.,.F.,.F.,(4,4),(0.701139574790229,0.701555149619627),
 .UNSPECIFIED.);
#300=B_SPLINE_CURVE_WITH_KNOTS('',3,(#7529,#7530,#7531,#7532,#7533,#7534,
#7535,#7536,#7537,#7538,#7539,#7540,#7541,#7542,#7543,#7544,#7545,#7546,
#7547,#7548,#7549,#7550,#7551,#7552,#7553,#7554,#7555,#7556,#7557,#7558,
#7559,#7560,#7561,#7562,#7563,#7564,#7565),.UNSPECIFIED.,.F.,.F.,(4,3,3,
3,3,3,3,3,3,3,3,3,4),(0.,0.0038686476263593,0.00677386616767587,0.010688020423903,
0.0140342792744836,0.0162442864114335,0.0202149796587547,0.0224097450993902,
0.0267757683447079,0.0280603158134376,0.0326500220960195,0.0337975908963353,
0.0339861375880961),.UNSPECIFIED.);
#301=B_SPLINE_CURVE_WITH_KNOTS('',3,(#7592,#7593,#7594,#7595),
 .UNSPECIFIED.,.F.,.F.,(4,4),(-0.00376299916736068,0.),.UNSPECIFIED.);
#302=B_SPLINE_CURVE_WITH_KNOTS('',3,(#7597,#7598,#7599,#7600,#7601),
 .UNSPECIFIED.,.F.,.F.,(4,1,4),(0.522474191080902,1.48865134978097,2.21025972795132),
 .UNSPECIFIED.);
#303=B_SPLINE_CURVE_WITH_KNOTS('',3,(#7603,#7604,#7605,#7606),
 .UNSPECIFIED.,.F.,.F.,(4,4),(-0.0375417956204848,-0.0337662496679308),
 .UNSPECIFIED.);
#304=B_SPLINE_CURVE_WITH_KNOTS('',3,(#7607,#7608,#7609,#7610,#7611,#7612,
#7613,#7614,#7615,#7616,#7617,#7618,#7619,#7620,#7621,#7622,#7623,#7624,
#7625,#7626,#7627,#7628,#7629,#7630,#7631,#7632,#7633,#7634,#7635,#7636,
#7637,#7638,#7639,#7640,#7641,#7642,#7643,#7644,#7645,#7646),
 .UNSPECIFIED.,.F.,.F.,(4,3,3,3,3,3,3,3,3,3,3,3,3,4),(-0.0339568673000189,
-0.0299965699558245,-0.0271515269675788,-0.0231492879497686,-0.0198570837004711,
-0.019657620184482,-0.0158602646043311,-0.0117899075311465,-0.0114418317722274,
-0.00704063692807104,-0.00576448823237123,-0.00115756309242848,0.,0.00018944622715615),
 .UNSPECIFIED.);
#305=B_SPLINE_CURVE_WITH_KNOTS('',3,(#7668,#7669,#7670,#7671),
 .UNSPECIFIED.,.F.,.F.,(4,4),(2.64213296301529,3.22787038639765),
 .UNSPECIFIED.);
#306=B_SPLINE_CURVE_WITH_KNOTS('',3,(#7672,#7673,#7674,#7675),
 .UNSPECIFIED.,.F.,.F.,(4,4),(-2.64213296132829,-2.64171721774967),
 .UNSPECIFIED.);
#307=B_SPLINE_CURVE_WITH_KNOTS('',3,(#7715,#7716,#7717,#7718),
 .UNSPECIFIED.,.F.,.F.,(4,4),(0.115382230899477,0.701139576478565),
 .UNSPECIFIED.);
#308=B_SPLINE_CURVE_WITH_KNOTS('',3,(#7720,#7721,#7722,#7723),
 .UNSPECIFIED.,.F.,.F.,(4,4),(0.701139574790228,0.701555149619626),
 .UNSPECIFIED.);
#309=B_SPLINE_CURVE_WITH_KNOTS('',3,(#7724,#7725,#7726,#7727,#7728,#7729,
#7730,#7731,#7732,#7733,#7734,#7735,#7736,#7737,#7738,#7739,#7740,#7741,
#7742,#7743,#7744,#7745,#7746,#7747,#7748,#7749,#7750,#7751,#7752,#7753,
#7754,#7755,#7756,#7757,#7758,#7759,#7760),.UNSPECIFIED.,.F.,.F.,(4,3,3,
3,3,3,3,3,3,3,3,3,4),(0.,0.0038686476263857,0.006773866167677,0.0106880204238796,
0.0140342792744871,0.0162442864114375,0.0202149796587666,0.0224097450993945,
0.0267757683446717,0.0280603158134419,0.0326500220969893,0.0337975908963846,
0.0339861375881293),.UNSPECIFIED.);
#310=B_SPLINE_CURVE_WITH_KNOTS('',3,(#7788,#7789,#7790,#7791,#7792),
 .UNSPECIFIED.,.F.,.F.,(4,1,4),(0.522473860002172,1.24408535760001,2.21025939670359),
 .UNSPECIFIED.);
#311=B_SPLINE_CURVE_WITH_KNOTS('',3,(#7794,#7795,#7796,#7797),
 .UNSPECIFIED.,.F.,.F.,(4,4),(-0.0375417956204868,-0.033766249667931),
 .UNSPECIFIED.);
#312=B_SPLINE_CURVE_WITH_KNOTS('',3,(#7798,#7799,#7800,#7801,#7802,#7803,
#7804,#7805,#7806,#7807,#7808,#7809,#7810,#7811,#7812,#7813,#7814,#7815,
#7816,#7817,#7818,#7819,#7820,#7821,#7822,#7823,#7824,#7825,#7826,#7827,
#7828,#7829,#7830,#7831,#7832,#7833,#7834,#7835,#7836,#7837),
 .UNSPECIFIED.,.F.,.F.,(4,3,3,3,3,3,3,3,3,3,3,3,3,4),(-0.0339568673017571,
-0.0299964448653586,-0.0271515269689609,-0.0231492618468736,-0.0198570837014687,
-0.0196576201854691,-0.0158602997700342,-0.0117900225478067,-0.011441831772783,
-0.00704074780707426,-0.00576448823262584,-0.00115760456112311,0.,0.000189446227187657),
 .UNSPECIFIED.);
#313=B_SPLINE_CURVE_WITH_KNOTS('',3,(#7838,#7839,#7840,#7841),
 .UNSPECIFIED.,.F.,.F.,(4,4),(-0.00376299916736144,0.),.UNSPECIFIED.);
#314=B_SPLINE_CURVE_WITH_KNOTS('',3,(#7863,#7864,#7865,#7866),
 .UNSPECIFIED.,.F.,.F.,(4,4),(2.64213296301529,3.22787038639765),
 .UNSPECIFIED.);
#315=B_SPLINE_CURVE_WITH_KNOTS('',3,(#7867,#7868,#7869,#7870),
 .UNSPECIFIED.,.F.,.F.,(4,4),(-2.64213296132829,-2.64171721774967),
 .UNSPECIFIED.);
#316=SHAPE_REPRESENTATION_RELATIONSHIP('SRR','None',#8136,#319);
#317=SHAPE_REPRESENTATION_RELATIONSHIP('SRR','None',#8137,#320);
#318=SHAPE_REPRESENTATION_RELATIONSHIP('SRR','None',#8135,#321);
#319=ADVANCED_BREP_SHAPE_REPRESENTATION('',(#334),#8106);
#320=ADVANCED_BREP_SHAPE_REPRESENTATION('',(#335),#8107);
#321=ADVANCED_BREP_SHAPE_REPRESENTATION('',(#336,#337,#338,#339,#340,#341,
#342,#343,#344),#8105);
#322=STYLED_ITEM('',(#8155),#334);
#323=STYLED_ITEM('',(#8156),#335);
#324=STYLED_ITEM('',(#8156),#336);
#325=STYLED_ITEM('',(#8156),#337);
#326=STYLED_ITEM('',(#8156),#338);
#327=STYLED_ITEM('',(#8156),#339);
#328=STYLED_ITEM('',(#8156),#340);
#329=STYLED_ITEM('',(#8156),#341);
#330=STYLED_ITEM('',(#8156),#342);
#331=STYLED_ITEM('',(#8156),#343);
#332=STYLED_ITEM('',(#8157),#344);
#333=STYLED_ITEM('',(#8158),#19);
#334=MANIFOLD_SOLID_BREP('Body2',#3026);
#335=MANIFOLD_SOLID_BREP('Body1',#3027);
#336=MANIFOLD_SOLID_BREP('Body14',#3028);
#337=MANIFOLD_SOLID_BREP('Body10',#3029);
#338=MANIFOLD_SOLID_BREP('Body7',#3030);
#339=MANIFOLD_SOLID_BREP('Body9',#3031);
#340=MANIFOLD_SOLID_BREP('Body11',#3032);
#341=MANIFOLD_SOLID_BREP('Body8',#3033);
#342=MANIFOLD_SOLID_BREP('Body13',#3034);
#343=MANIFOLD_SOLID_BREP('Body12',#3035);
#344=MANIFOLD_SOLID_BREP('Body1',#3036);
#345=(
BOUNDED_SURFACE()
B_SPLINE_SURFACE(2,2,((#4122,#4123,#4124,#4125,#4126,#4127,#4128,#4129,
#4130),(#4131,#4132,#4133,#4134,#4135,#4136,#4137,#4138,#4139),(#4140,#4141,
#4142,#4143,#4144,#4145,#4146,#4147,#4148)),.UNSPECIFIED.,.F.,.T.,.F.)
B_SPLINE_SURFACE_WITH_KNOTS((3,3),(3,2,2,2,3),(-0.274132348620375,0.274132348620375),
(-3.14159265358979,-1.5707963267949,0.,1.5707963267949,3.14159265358979),
 .UNSPECIFIED.)
GEOMETRIC_REPRESENTATION_ITEM()
RATIONAL_B_SPLINE_SURFACE(((1.,0.707106781186548,1.,0.707106781186548,1.,
0.707106781186548,1.,0.707106781186548,1.),(0.962660443407235,0.680703727513305,
0.962660443407235,0.680703727513305,0.962660443407235,0.680703727513305,
0.962660443407235,0.680703727513305,0.962660443407235),(1.,0.707106781186548,
1.,0.707106781186548,1.,0.707106781186548,1.,0.707106781186548,1.)))
REPRESENTATION_ITEM('')
SURFACE()
);
#346=(
BOUNDED_SURFACE()
B_SPLINE_SURFACE(1,2,((#5288,#5289,#5290,#5291,#5292,#5293,#5294,#5295,
#5296,#5297,#5298,#5299,#5300,#5301,#5302,#5303,#5304,#5305,#5306,#5307,
#5308,#5309,#5310,#5311,#5312,#5313,#5314,#5315,#5316,#5317,#5318,#5319,
#5320,#5321,#5322,#5323,#5324,#5325,#5326,#5327,#5328,#5329,#5330,#5331,
#5332,#5333,#5334,#5335,#5336,#5337,#5338,#5339,#5340,#5341,#5342,#5343,
#5344,#5345,#5346,#5347,#5348,#5349,#5350,#5351,#5352,#5353,#5354,#5355,
#5356,#5357,#5358,#5359,#5360),(#5361,#5362,#5363,#5364,#5365,#5366,#5367,
#5368,#5369,#5370,#5371,#5372,#5373,#5374,#5375,#5376,#5377,#5378,#5379,
#5380,#5381,#5382,#5383,#5384,#5385,#5386,#5387,#5388,#5389,#5390,#5391,
#5392,#5393,#5394,#5395,#5396,#5397,#5398,#5399,#5400,#5401,#5402,#5403,
#5404,#5405,#5406,#5407,#5408,#5409,#5410,#5411,#5412,#5413,#5414,#5415,
#5416,#5417,#5418,#5419,#5420,#5421,#5422,#5423,#5424,#5425,#5426,#5427,
#5428,#5429,#5430,#5431,#5432,#5433)),.UNSPECIFIED.,.F.,.F.,.F.)
B_SPLINE_SURFACE_WITH_KNOTS((2,2),(3,2,2,2,2,2,2,2,2,2,2,2,2,2,2,2,2,2,
2,2,2,2,2,2,2,2,2,2,2,2,2,2,2,2,2,2,3),(0.,1.),(0.,0.0277777777777778,0.0555555555555556,
0.0833333333333333,0.111111111111111,0.138888888888889,0.166666666666667,
0.194444444444444,0.222222222222222,0.25,0.277777777777778,0.305555555555556,
0.333333333333333,0.361111111111111,0.388888888888889,0.416666666666667,
0.444444444444444,0.472222222222222,0.5,0.527777777777778,0.555555555555556,
0.583333333333333,0.611111111111111,0.638888888888889,0.666666666666667,
0.694444444444444,0.722222222222222,0.75,0.777777777777778,0.805555555555556,
0.833333333333333,0.861111111111111,0.888888888888889,0.916666666666667,
0.944444444444444,0.972222222222222,1.),.UNSPECIFIED.)
GEOMETRIC_REPRESENTATION_ITEM()
RATIONAL_B_SPLINE_SURFACE(((1.,0.866025403784439,1.,0.866025403784439,1.,
0.866025403784439,1.,0.866025403784439,1.,0.866025403784439,1.,0.866025403784439,
1.,0.866025403784439,1.,0.866025403784439,1.,0.866025403784439,1.,0.866025403784439,
1.,0.866025403784439,1.,0.866025403784439,1.,0.866025403784439,1.,0.866025403784439,
1.,0.866025403784439,1.,0.866025403784439,1.,0.866025403784439,1.,0.866025403784439,
1.,0.866025403784439,1.,0.866025403784439,1.,0.866025403784439,1.,0.866025403784439,
1.,0.866025403784439,1.,0.866025403784439,1.,0.866025403784439,1.,0.866025403784439,
1.,0.866025403784439,1.,0.866025403784439,1.,0.866025403784439,1.,0.866025403784439,
1.,0.866025403784439,1.,0.866025403784439,1.,0.866025403784439,1.,0.866025403784439,
1.,0.866025403784439,1.,0.866025403784439,1.),(1.,0.866025403784439,1.,
0.866025403784439,1.,0.866025403784439,1.,0.866025403784439,1.,0.866025403784439,
1.,0.866025403784439,1.,0.866025403784439,1.,0.866025403784439,1.,0.866025403784439,
1.,0.866025403784439,1.,0.866025403784439,1.,0.866025403784439,1.,0.866025403784439,
1.,0.866025403784439,1.,0.866025403784439,1.,0.866025403784439,1.,0.866025403784439,
1.,0.866025403784439,1.,0.866025403784439,1.,0.866025403784439,1.,0.866025403784439,
1.,0.866025403784439,1.,0.866025403784439,1.,0.866025403784439,1.,0.866025403784439,
1.,0.866025403784439,1.,0.866025403784439,1.,0.866025403784439,1.,0.866025403784439,
1.,0.866025403784439,1.,0.866025403784439,1.,0.866025403784439,1.,0.866025403784439,
1.,0.866025403784439,1.,0.866025403784439,1.,0.866025403784439,1.)))
REPRESENTATION_ITEM('')
SURFACE()
);
#347=(
BOUNDED_SURFACE()
B_SPLINE_SURFACE(1,2,((#5434,#5435,#5436,#5437,#5438,#5439,#5440,#5441,
#5442,#5443,#5444,#5445,#5446,#5447,#5448,#5449,#5450,#5451,#5452,#5453,
#5454,#5455,#5456,#5457,#5458,#5459,#5460,#5461,#5462,#5463,#5464,#5465,
#5466,#5467,#5468,#5469,#5470,#5471,#5472,#5473,#5474,#5475,#5476,#5477,
#5478,#5479,#5480,#5481,#5482,#5483,#5484,#5485,#5486,#5487,#5488,#5489,
#5490,#5491,#5492,#5493,#5494,#5495,#5496,#5497,#5498,#5499,#5500,#5501,
#5502,#5503,#5504,#5505,#5506),(#5507,#5508,#5509,#5510,#5511,#5512,#5513,
#5514,#5515,#5516,#5517,#5518,#5519,#5520,#5521,#5522,#5523,#5524,#5525,
#5526,#5527,#5528,#5529,#5530,#5531,#5532,#5533,#5534,#5535,#5536,#5537,
#5538,#5539,#5540,#5541,#5542,#5543,#5544,#5545,#5546,#5547,#5548,#5549,
#5550,#5551,#5552,#5553,#5554,#5555,#5556,#5557,#5558,#5559,#5560,#5561,
#5562,#5563,#5564,#5565,#5566,#5567,#5568,#5569,#5570,#5571,#5572,#5573,
#5574,#5575,#5576,#5577,#5578,#5579)),.UNSPECIFIED.,.F.,.F.,.F.)
B_SPLINE_SURFACE_WITH_KNOTS((2,2),(3,2,2,2,2,2,2,2,2,2,2,2,2,2,2,2,2,2,
2,2,2,2,2,2,2,2,2,2,2,2,2,2,2,2,2,2,3),(0.,1.),(0.,0.0277777777777778,0.0555555555555556,
0.0833333333333333,0.111111111111111,0.138888888888889,0.166666666666667,
0.194444444444444,0.222222222222222,0.25,0.277777777777778,0.305555555555556,
0.333333333333333,0.361111111111111,0.388888888888889,0.416666666666667,
0.444444444444444,0.472222222222222,0.5,0.527777777777778,0.555555555555556,
0.583333333333333,0.611111111111111,0.638888888888889,0.666666666666667,
0.694444444444444,0.722222222222222,0.75,0.777777777777778,0.805555555555556,
0.833333333333333,0.861111111111111,0.888888888888889,0.916666666666667,
0.944444444444444,0.972222222222222,1.),.UNSPECIFIED.)
GEOMETRIC_REPRESENTATION_ITEM()
RATIONAL_B_SPLINE_SURFACE(((1.,0.866025403784439,1.,0.866025403784439,1.,
0.866025403784439,1.,0.866025403784439,1.,0.866025403784439,1.,0.866025403784439,
1.,0.866025403784439,1.,0.866025403784439,1.,0.866025403784439,1.,0.866025403784439,
1.,0.866025403784439,1.,0.866025403784439,1.,0.866025403784439,1.,0.866025403784439,
1.,0.866025403784439,1.,0.866025403784439,1.,0.866025403784439,1.,0.866025403784439,
1.,0.866025403784439,1.,0.866025403784439,1.,0.866025403784439,1.,0.866025403784439,
1.,0.866025403784439,1.,0.866025403784439,1.,0.866025403784439,1.,0.866025403784439,
1.,0.866025403784439,1.,0.866025403784439,1.,0.866025403784439,1.,0.866025403784439,
1.,0.866025403784439,1.,0.866025403784439,1.,0.866025403784439,1.,0.866025403784439,
1.,0.866025403784439,1.,0.866025403784439,1.),(1.,0.866025403784439,1.,
0.866025403784439,1.,0.866025403784439,1.,0.866025403784439,1.,0.866025403784439,
1.,0.866025403784439,1.,0.866025403784439,1.,0.866025403784439,1.,0.866025403784439,
1.,0.866025403784439,1.,0.866025403784439,1.,0.866025403784439,1.,0.866025403784439,
1.,0.866025403784439,1.,0.866025403784439,1.,0.866025403784439,1.,0.866025403784439,
1.,0.866025403784439,1.,0.866025403784439,1.,0.866025403784439,1.,0.866025403784439,
1.,0.866025403784439,1.,0.866025403784439,1.,0.866025403784439,1.,0.866025403784439,
1.,0.866025403784439,1.,0.866025403784439,1.,0.866025403784439,1.,0.866025403784439,
1.,0.866025403784439,1.,0.866025403784439,1.,0.866025403784439,1.,0.866025403784439,
1.,0.866025403784439,1.,0.866025403784439,1.,0.866025403784439,1.)))
REPRESENTATION_ITEM('')
SURFACE()
);
#348=(
BOUNDED_SURFACE()
B_SPLINE_SURFACE(2,2,((#6163,#6164,#6165,#6166,#6167),(#6168,#6169,#6170,
#6171,#6172),(#6173,#6174,#6175,#6176,#6177)),.UNSPECIFIED.,.F.,.F.,.F.)
B_SPLINE_SURFACE_WITH_KNOTS((3,3),(3,2,3),(-0.489957326253738,0.489957326253723),
(-0.25243852312444,0.765209919982945,1.78285836309033),.UNSPECIFIED.)
GEOMETRIC_REPRESENTATION_ITEM()
RATIONAL_B_SPLINE_SURFACE(((1.,0.873317892533447,1.,0.873317892533447,1.),
(0.88235294117647,0.770574611058923,0.88235294117647,0.770574611058923,
0.88235294117647),(1.,0.873317892533447,1.,0.873317892533447,1.)))
REPRESENTATION_ITEM('')
SURFACE()
);
#349=(
BOUNDED_SURFACE()
B_SPLINE_SURFACE(2,2,((#7676,#7677,#7678,#7679,#7680),(#7681,#7682,#7683,
#7684,#7685),(#7686,#7687,#7688,#7689,#7690)),.UNSPECIFIED.,.F.,.F.,.F.)
B_SPLINE_SURFACE_WITH_KNOTS((3,3),(3,2,3),(-0.48995732625375,0.489957326253708),
(-0.253065613569929,0.764896375440613,1.78285836445115),.UNSPECIFIED.)
GEOMETRIC_REPRESENTATION_ITEM()
RATIONAL_B_SPLINE_SURFACE(((1.,0.873241509739859,1.,0.873241509739859,1.),
(0.88235294117647,0.770507214476345,0.88235294117647,0.770507214476345,
0.88235294117647),(1.,0.873241509739859,1.,0.873241509739859,1.)))
REPRESENTATION_ITEM('')
SURFACE()
);
#350=(
BOUNDED_SURFACE()
B_SPLINE_SURFACE(2,2,((#7979,#7980,#7981,#7982,#7983),(#7984,#7985,#7986,
#7987,#7988),(#7989,#7990,#7991,#7992,#7993)),.UNSPECIFIED.,.F.,.F.,.F.)
B_SPLINE_SURFACE_WITH_KNOTS((3,3),(3,2,3),(-0.489957326253751,0.489957326253707),
(-1.01796198901054,0.,1.01796198901054),.UNSPECIFIED.)
GEOMETRIC_REPRESENTATION_ITEM()
RATIONAL_B_SPLINE_SURFACE(((1.,0.873241509739859,1.,0.873241509739859,1.),
(0.88235294117647,0.770507214476345,0.88235294117647,0.770507214476345,
0.88235294117647),(1.,0.873241509739859,1.,0.873241509739859,1.)))
REPRESENTATION_ITEM('')
SURFACE()
);
#351=(
BOUNDED_SURFACE()
B_SPLINE_SURFACE(2,2,((#7998,#7999,#8000,#8001,#8002),(#8003,#8004,#8005,
#8006,#8007),(#8008,#8009,#8010,#8011,#8012)),.UNSPECIFIED.,.F.,.F.,.F.)
B_SPLINE_SURFACE_WITH_KNOTS((3,3),(3,2,3),(-0.48995732625375,0.489957326253708),
(-1.01796198901054,0.,1.01796198901054),.UNSPECIFIED.)
GEOMETRIC_REPRESENTATION_ITEM()
RATIONAL_B_SPLINE_SURFACE(((1.,0.873241509739859,1.,0.873241509739859,1.),
(0.882352941176471,0.770507214476346,0.882352941176471,0.770507214476346,
0.882352941176471),(1.,0.873241509739859,1.,0.873241509739859,1.)))
REPRESENTATION_ITEM('')
SURFACE()
);
#352=(
BOUNDED_SURFACE()
B_SPLINE_SURFACE(2,2,((#8015,#8016,#8017,#8018,#8019),(#8020,#8021,#8022,
#8023,#8024),(#8025,#8026,#8027,#8028,#8029)),.UNSPECIFIED.,.F.,.F.,.F.)
B_SPLINE_SURFACE_WITH_KNOTS((3,3),(3,2,3),(-0.48995732625375,0.489957326253708),
(-0.25306561356993,0.764896375440612,1.78285836445115),.UNSPECIFIED.)
GEOMETRIC_REPRESENTATION_ITEM()
RATIONAL_B_SPLINE_SURFACE(((1.,0.873241509739859,1.,0.873241509739859,1.),
(0.882352941176471,0.770507214476347,0.882352941176471,0.770507214476347,
0.882352941176471),(1.,0.873241509739859,1.,0.873241509739859,1.)))
REPRESENTATION_ITEM('')
SURFACE()
);
#353=(
BOUNDED_SURFACE()
B_SPLINE_SURFACE(2,2,((#8034,#8035,#8036,#8037,#8038),(#8039,#8040,#8041,
#8042,#8043),(#8044,#8045,#8046,#8047,#8048)),.UNSPECIFIED.,.F.,.F.,.F.)
B_SPLINE_SURFACE_WITH_KNOTS((3,3),(3,2,3),(-0.489957326253736,0.489957326253725),
(-0.244377325432365,0.769240518828981,1.78285836309033),.UNSPECIFIED.)
GEOMETRIC_REPRESENTATION_ITEM()
RATIONAL_B_SPLINE_SURFACE(((1.,0.874297873045453,1.,0.874297873045453,1.),
(0.88235294117647,0.771439299745988,0.88235294117647,0.771439299745988,
0.88235294117647),(1.,0.874297873045453,1.,0.874297873045453,1.)))
REPRESENTATION_ITEM('')
SURFACE()
);
#354=(
BOUNDED_SURFACE()
B_SPLINE_SURFACE(2,2,((#8051,#8052,#8053,#8054,#8055),(#8056,#8057,#8058,
#8059,#8060),(#8061,#8062,#8063,#8064,#8065)),.UNSPECIFIED.,.F.,.F.,.F.)
B_SPLINE_SURFACE_WITH_KNOTS((3,3),(3,2,3),(-0.489957326253737,0.489957326253726),
(-1.01764844310738,2.22044604925031E-16,1.01764844310738),.UNSPECIFIED.)
GEOMETRIC_REPRESENTATION_ITEM()
RATIONAL_B_SPLINE_SURFACE(((1.,0.873317892533447,1.,0.873317892533447,1.),
(0.882352941176467,0.77057461105892,0.882352941176467,0.77057461105892,
0.882352941176467),(1.,0.873317892533447,1.,0.873317892533447,1.)))
REPRESENTATION_ITEM('')
SURFACE()
);
#355=(
BOUNDED_SURFACE()
B_SPLINE_SURFACE(2,2,((#8068,#8069,#8070,#8071,#8072),(#8073,#8074,#8075,
#8076,#8077),(#8078,#8079,#8080,#8081,#8082)),.UNSPECIFIED.,.F.,.F.,.F.)
B_SPLINE_SURFACE_WITH_KNOTS((3,3),(3,2,3),(-0.489957326253733,0.489957326253723),
(-1.01764844310738,0.,1.01764844310738),.UNSPECIFIED.)
GEOMETRIC_REPRESENTATION_ITEM()
RATIONAL_B_SPLINE_SURFACE(((1.,0.873317892533447,1.,0.873317892533447,1.),
(0.882352941176472,0.770574611058925,0.882352941176472,0.770574611058925,
0.882352941176472),(1.,0.873317892533447,1.,0.873317892533447,1.)))
REPRESENTATION_ITEM('')
SURFACE()
);
#356=FACE_BOUND('',#603,.T.);
#357=FACE_BOUND('',#606,.T.);
#358=FACE_BOUND('',#622,.T.);
#359=FACE_BOUND('',#627,.T.);
#360=FACE_BOUND('',#691,.T.);
#361=FACE_BOUND('',#710,.T.);
#362=FACE_BOUND('',#749,.T.);
#363=FACE_BOUND('',#753,.T.);
#364=FACE_BOUND('',#763,.T.);
#365=PLANE('',#3065);
#366=PLANE('',#3069);
#367=PLANE('',#3122);
#368=PLANE('',#3123);
#369=PLANE('',#3137);
#370=PLANE('',#3139);
#371=PLANE('',#3141);
#372=PLANE('',#3143);
#373=PLANE('',#3145);
#374=PLANE('',#3147);
#375=PLANE('',#3149);
#376=PLANE('',#3151);
#377=PLANE('',#3152);
#378=PLANE('',#3154);
#379=PLANE('',#3156);
#380=PLANE('',#3158);
#381=PLANE('',#3159);
#382=PLANE('',#3161);
#383=PLANE('',#3163);
#384=PLANE('',#3165);
#385=PLANE('',#3166);
#386=PLANE('',#3169);
#387=PLANE('',#3173);
#388=PLANE('',#3174);
#389=PLANE('',#3178);
#390=PLANE('',#3179);
#391=PLANE('',#3183);
#392=PLANE('',#3184);
#393=PLANE('',#3188);
#394=PLANE('',#3189);
#395=PLANE('',#3193);
#396=PLANE('',#3194);
#397=PLANE('',#3198);
#398=PLANE('',#3199);
#399=PLANE('',#3203);
#400=PLANE('',#3204);
#401=PLANE('',#3208);
#402=PLANE('',#3209);
#403=PLANE('',#3212);
#404=PLANE('',#3226);
#405=PLANE('',#3230);
#406=PLANE('',#3236);
#407=PLANE('',#3257);
#408=PLANE('',#3290);
#409=PLANE('',#3293);
#410=PLANE('',#3296);
#411=PLANE('',#3297);
#412=PLANE('',#3298);
#413=PLANE('',#3301);
#414=PLANE('',#3304);
#415=PLANE('',#3307);
#416=PLANE('',#3310);
#417=PLANE('',#3318);
#418=PLANE('',#3319);
#419=PLANE('',#3320);
#420=PLANE('',#3321);
#421=PLANE('',#3322);
#422=PLANE('',#3323);
#423=PLANE('',#3324);
#424=PLANE('',#3331);
#425=PLANE('',#3343);
#426=PLANE('',#3345);
#427=PLANE('',#3347);
#428=PLANE('',#3349);
#429=PLANE('',#3351);
#430=FACE_OUTER_BOUND('',#601,.T.);
#431=FACE_OUTER_BOUND('',#602,.T.);
#432=FACE_OUTER_BOUND('',#604,.T.);
#433=FACE_OUTER_BOUND('',#605,.T.);
#434=FACE_OUTER_BOUND('',#607,.T.);
#435=FACE_OUTER_BOUND('',#608,.T.);
#436=FACE_OUTER_BOUND('',#609,.T.);
#437=FACE_OUTER_BOUND('',#610,.T.);
#438=FACE_OUTER_BOUND('',#611,.T.);
#439=FACE_OUTER_BOUND('',#612,.T.);
#440=FACE_OUTER_BOUND('',#613,.T.);
#441=FACE_OUTER_BOUND('',#614,.T.);
#442=FACE_OUTER_BOUND('',#615,.T.);
#443=FACE_OUTER_BOUND('',#616,.T.);
#444=FACE_OUTER_BOUND('',#617,.T.);
#445=FACE_OUTER_BOUND('',#618,.T.);
#446=FACE_OUTER_BOUND('',#619,.T.);
#447=FACE_OUTER_BOUND('',#620,.T.);
#448=FACE_OUTER_BOUND('',#621,.T.);
#449=FACE_OUTER_BOUND('',#623,.T.);
#450=FACE_OUTER_BOUND('',#624,.T.);
#451=FACE_OUTER_BOUND('',#625,.T.);
#452=FACE_OUTER_BOUND('',#626,.T.);
#453=FACE_OUTER_BOUND('',#628,.T.);
#454=FACE_OUTER_BOUND('',#629,.T.);
#455=FACE_OUTER_BOUND('',#630,.T.);
#456=FACE_OUTER_BOUND('',#631,.T.);
#457=FACE_OUTER_BOUND('',#632,.T.);
#458=FACE_OUTER_BOUND('',#633,.T.);
#459=FACE_OUTER_BOUND('',#634,.T.);
#460=FACE_OUTER_BOUND('',#635,.T.);
#461=FACE_OUTER_BOUND('',#636,.T.);
#462=FACE_OUTER_BOUND('',#637,.T.);
#463=FACE_OUTER_BOUND('',#638,.T.);
#464=FACE_OUTER_BOUND('',#639,.T.);
#465=FACE_OUTER_BOUND('',#640,.T.);
#466=FACE_OUTER_BOUND('',#641,.T.);
#467=FACE_OUTER_BOUND('',#642,.T.);
#468=FACE_OUTER_BOUND('',#643,.T.);
#469=FACE_OUTER_BOUND('',#644,.T.);
#470=FACE_OUTER_BOUND('',#645,.T.);
#471=FACE_OUTER_BOUND('',#646,.T.);
#472=FACE_OUTER_BOUND('',#647,.T.);
#473=FACE_OUTER_BOUND('',#648,.T.);
#474=FACE_OUTER_BOUND('',#649,.T.);
#475=FACE_OUTER_BOUND('',#650,.T.);
#476=FACE_OUTER_BOUND('',#651,.T.);
#477=FACE_OUTER_BOUND('',#652,.T.);
#478=FACE_OUTER_BOUND('',#653,.T.);
#479=FACE_OUTER_BOUND('',#654,.T.);
#480=FACE_OUTER_BOUND('',#655,.T.);
#481=FACE_OUTER_BOUND('',#656,.T.);
#482=FACE_OUTER_BOUND('',#657,.T.);
#483=FACE_OUTER_BOUND('',#658,.T.);
#484=FACE_OUTER_BOUND('',#659,.T.);
#485=FACE_OUTER_BOUND('',#660,.T.);
#486=FACE_OUTER_BOUND('',#661,.T.);
#487=FACE_OUTER_BOUND('',#662,.T.);
#488=FACE_OUTER_BOUND('',#663,.T.);
#489=FACE_OUTER_BOUND('',#664,.T.);
#490=FACE_OUTER_BOUND('',#665,.T.);
#491=FACE_OUTER_BOUND('',#666,.T.);
#492=FACE_OUTER_BOUND('',#667,.T.);
#493=FACE_OUTER_BOUND('',#668,.T.);
#494=FACE_OUTER_BOUND('',#669,.T.);
#495=FACE_OUTER_BOUND('',#670,.T.);
#496=FACE_OUTER_BOUND('',#671,.T.);
#497=FACE_OUTER_BOUND('',#672,.T.);
#498=FACE_OUTER_BOUND('',#673,.T.);
#499=FACE_OUTER_BOUND('',#674,.T.);
#500=FACE_OUTER_BOUND('',#675,.T.);
#501=FACE_OUTER_BOUND('',#676,.T.);
#502=FACE_OUTER_BOUND('',#677,.T.);
#503=FACE_OUTER_BOUND('',#678,.T.);
#504=FACE_OUTER_BOUND('',#679,.T.);
#505=FACE_OUTER_BOUND('',#680,.T.);
#506=FACE_OUTER_BOUND('',#681,.T.);
#507=FACE_OUTER_BOUND('',#682,.T.);
#508=FACE_OUTER_BOUND('',#683,.T.);
#509=FACE_OUTER_BOUND('',#684,.T.);
#510=FACE_OUTER_BOUND('',#685,.T.);
#511=FACE_OUTER_BOUND('',#686,.T.);
#512=FACE_OUTER_BOUND('',#687,.T.);
#513=FACE_OUTER_BOUND('',#688,.T.);
#514=FACE_OUTER_BOUND('',#689,.T.);
#515=FACE_OUTER_BOUND('',#690,.T.);
#516=FACE_OUTER_BOUND('',#692,.T.);
#517=FACE_OUTER_BOUND('',#693,.T.);
#518=FACE_OUTER_BOUND('',#694,.T.);
#519=FACE_OUTER_BOUND('',#695,.T.);
#520=FACE_OUTER_BOUND('',#696,.T.);
#521=FACE_OUTER_BOUND('',#697,.T.);
#522=FACE_OUTER_BOUND('',#698,.T.);
#523=FACE_OUTER_BOUND('',#699,.T.);
#524=FACE_OUTER_BOUND('',#700,.T.);
#525=FACE_OUTER_BOUND('',#701,.T.);
#526=FACE_OUTER_BOUND('',#702,.T.);
#527=FACE_OUTER_BOUND('',#703,.T.);
#528=FACE_OUTER_BOUND('',#704,.T.);
#529=FACE_OUTER_BOUND('',#705,.T.);
#530=FACE_OUTER_BOUND('',#706,.T.);
#531=FACE_OUTER_BOUND('',#707,.T.);
#532=FACE_OUTER_BOUND('',#708,.T.);
#533=FACE_OUTER_BOUND('',#709,.T.);
#534=FACE_OUTER_BOUND('',#711,.T.);
#535=FACE_OUTER_BOUND('',#712,.T.);
#536=FACE_OUTER_BOUND('',#713,.T.);
#537=FACE_OUTER_BOUND('',#714,.T.);
#538=FACE_OUTER_BOUND('',#715,.T.);
#539=FACE_OUTER_BOUND('',#716,.T.);
#540=FACE_OUTER_BOUND('',#717,.T.);
#541=FACE_OUTER_BOUND('',#718,.T.);
#542=FACE_OUTER_BOUND('',#719,.T.);
#543=FACE_OUTER_BOUND('',#720,.T.);
#544=FACE_OUTER_BOUND('',#721,.T.);
#545=FACE_OUTER_BOUND('',#722,.T.);
#546=FACE_OUTER_BOUND('',#723,.T.);
#547=FACE_OUTER_BOUND('',#724,.T.);
#548=FACE_OUTER_BOUND('',#725,.T.);
#549=FACE_OUTER_BOUND('',#726,.T.);
#550=FACE_OUTER_BOUND('',#727,.T.);
#551=FACE_OUTER_BOUND('',#728,.T.);
#552=FACE_OUTER_BOUND('',#729,.T.);
#553=FACE_OUTER_BOUND('',#730,.T.);
#554=FACE_OUTER_BOUND('',#731,.T.);
#555=FACE_OUTER_BOUND('',#732,.T.);
#556=FACE_OUTER_BOUND('',#733,.T.);
#557=FACE_OUTER_BOUND('',#734,.T.);
#558=FACE_OUTER_BOUND('',#735,.T.);
#559=FACE_OUTER_BOUND('',#736,.T.);
#560=FACE_OUTER_BOUND('',#737,.T.);
#561=FACE_OUTER_BOUND('',#738,.T.);
#562=FACE_OUTER_BOUND('',#739,.T.);
#563=FACE_OUTER_BOUND('',#740,.T.);
#564=FACE_OUTER_BOUND('',#741,.T.);
#565=FACE_OUTER_BOUND('',#742,.T.);
#566=FACE_OUTER_BOUND('',#743,.T.);
#567=FACE_OUTER_BOUND('',#744,.T.);
#568=FACE_OUTER_BOUND('',#745,.T.);
#569=FACE_OUTER_BOUND('',#746,.T.);
#570=FACE_OUTER_BOUND('',#747,.T.);
#571=FACE_OUTER_BOUND('',#748,.T.);
#572=FACE_OUTER_BOUND('',#750,.T.);
#573=FACE_OUTER_BOUND('',#751,.T.);
#574=FACE_OUTER_BOUND('',#752,.T.);
#575=FACE_OUTER_BOUND('',#754,.T.);
#576=FACE_OUTER_BOUND('',#755,.T.);
#577=FACE_OUTER_BOUND('',#756,.T.);
#578=FACE_OUTER_BOUND('',#757,.T.);
#579=FACE_OUTER_BOUND('',#758,.T.);
#580=FACE_OUTER_BOUND('',#759,.T.);
#581=FACE_OUTER_BOUND('',#760,.T.);
#582=FACE_OUTER_BOUND('',#761,.T.);
#583=FACE_OUTER_BOUND('',#762,.T.);
#584=FACE_OUTER_BOUND('',#764,.T.);
#585=FACE_OUTER_BOUND('',#765,.T.);
#586=FACE_OUTER_BOUND('',#766,.T.);
#587=FACE_OUTER_BOUND('',#767,.T.);
#588=FACE_OUTER_BOUND('',#768,.T.);
#589=FACE_OUTER_BOUND('',#769,.T.);
#590=FACE_OUTER_BOUND('',#770,.T.);
#591=FACE_OUTER_BOUND('',#771,.T.);
#592=FACE_OUTER_BOUND('',#772,.T.);
#593=FACE_OUTER_BOUND('',#773,.T.);
#594=FACE_OUTER_BOUND('',#774,.T.);
#595=FACE_OUTER_BOUND('',#775,.T.);
#596=FACE_OUTER_BOUND('',#776,.T.);
#597=FACE_OUTER_BOUND('',#777,.T.);
#598=FACE_OUTER_BOUND('',#778,.T.);
#599=FACE_OUTER_BOUND('',#779,.T.);
#600=FACE_OUTER_BOUND('',#780,.T.);
#601=EDGE_LOOP('',(#1922,#1923,#1924,#1925));
#602=EDGE_LOOP('',(#1926));
#603=EDGE_LOOP('',(#1927));
#604=EDGE_LOOP('',(#1928,#1929,#1930,#1931));
#605=EDGE_LOOP('',(#1932));
#606=EDGE_LOOP('',(#1933));
#607=EDGE_LOOP('',(#1934,#1935,#1936,#1937));
#608=EDGE_LOOP('',(#1938,#1939,#1940,#1941));
#609=EDGE_LOOP('',(#1942,#1943,#1944,#1945));
#610=EDGE_LOOP('',(#1946,#1947,#1948,#1949));
#611=EDGE_LOOP('',(#1950,#1951,#1952,#1953));
#612=EDGE_LOOP('',(#1954,#1955,#1956,#1957));
#613=EDGE_LOOP('',(#1958,#1959,#1960,#1961));
#614=EDGE_LOOP('',(#1962,#1963,#1964,#1965));
#615=EDGE_LOOP('',(#1966,#1967,#1968,#1969));
#616=EDGE_LOOP('',(#1970,#1971,#1972,#1973));
#617=EDGE_LOOP('',(#1974,#1975,#1976,#1977,#1978));
#618=EDGE_LOOP('',(#1979,#1980,#1981,#1982));
#619=EDGE_LOOP('',(#1983,#1984,#1985,#1986));
#620=EDGE_LOOP('',(#1987,#1988,#1989,#1990));
#621=EDGE_LOOP('',(#1991));
#622=EDGE_LOOP('',(#1992,#1993,#1994,#1995,#1996,#1997,#1998,#1999,#2000,
#2001,#2002,#2003,#2004,#2005,#2006,#2007,#2008,#2009,#2010,#2011,#2012,
#2013,#2014,#2015,#2016,#2017,#2018,#2019,#2020,#2021,#2022,#2023));
#623=EDGE_LOOP('',(#2024,#2025,#2026,#2027));
#624=EDGE_LOOP('',(#2028,#2029,#2030,#2031));
#625=EDGE_LOOP('',(#2032,#2033,#2034,#2035));
#626=EDGE_LOOP('',(#2036));
#627=EDGE_LOOP('',(#2037,#2038,#2039,#2040,#2041));
#628=EDGE_LOOP('',(#2042,#2043,#2044,#2045,#2046,#2047,#2048,#2049,#2050,
#2051,#2052,#2053,#2054,#2055,#2056,#2057,#2058,#2059,#2060,#2061,#2062,
#2063,#2064,#2065,#2066,#2067,#2068,#2069,#2070,#2071,#2072,#2073));
#629=EDGE_LOOP('',(#2074,#2075,#2076,#2077));
#630=EDGE_LOOP('',(#2078,#2079,#2080,#2081));
#631=EDGE_LOOP('',(#2082,#2083,#2084,#2085));
#632=EDGE_LOOP('',(#2086,#2087,#2088,#2089));
#633=EDGE_LOOP('',(#2090,#2091,#2092,#2093));
#634=EDGE_LOOP('',(#2094,#2095,#2096,#2097));
#635=EDGE_LOOP('',(#2098,#2099,#2100,#2101));
#636=EDGE_LOOP('',(#2102,#2103,#2104,#2105));
#637=EDGE_LOOP('',(#2106,#2107,#2108,#2109));
#638=EDGE_LOOP('',(#2110,#2111,#2112,#2113));
#639=EDGE_LOOP('',(#2114,#2115,#2116,#2117));
#640=EDGE_LOOP('',(#2118,#2119,#2120,#2121));
#641=EDGE_LOOP('',(#2122,#2123,#2124,#2125));
#642=EDGE_LOOP('',(#2126,#2127,#2128,#2129));
#643=EDGE_LOOP('',(#2130,#2131,#2132,#2133));
#644=EDGE_LOOP('',(#2134,#2135,#2136,#2137));
#645=EDGE_LOOP('',(#2138,#2139,#2140,#2141));
#646=EDGE_LOOP('',(#2142,#2143,#2144,#2145));
#647=EDGE_LOOP('',(#2146,#2147,#2148,#2149));
#648=EDGE_LOOP('',(#2150,#2151,#2152,#2153));
#649=EDGE_LOOP('',(#2154,#2155,#2156,#2157));
#650=EDGE_LOOP('',(#2158,#2159,#2160,#2161));
#651=EDGE_LOOP('',(#2162,#2163,#2164,#2165));
#652=EDGE_LOOP('',(#2166,#2167,#2168,#2169));
#653=EDGE_LOOP('',(#2170,#2171,#2172,#2173));
#654=EDGE_LOOP('',(#2174,#2175,#2176,#2177));
#655=EDGE_LOOP('',(#2178,#2179,#2180,#2181));
#656=EDGE_LOOP('',(#2182,#2183,#2184,#2185));
#657=EDGE_LOOP('',(#2186,#2187,#2188,#2189));
#658=EDGE_LOOP('',(#2190,#2191,#2192,#2193));
#659=EDGE_LOOP('',(#2194,#2195,#2196,#2197));
#660=EDGE_LOOP('',(#2198,#2199,#2200));
#661=EDGE_LOOP('',(#2201,#2202,#2203,#2204,#2205,#2206,#2207,#2208,#2209,
#2210,#2211,#2212,#2213,#2214));
#662=EDGE_LOOP('',(#2215,#2216,#2217,#2218,#2219,#2220,#2221,#2222,#2223,
#2224,#2225,#2226,#2227,#2228,#2229));
#663=EDGE_LOOP('',(#2230,#2231,#2232,#2233));
#664=EDGE_LOOP('',(#2234));
#665=EDGE_LOOP('',(#2235));
#666=EDGE_LOOP('',(#2236,#2237,#2238,#2239));
#667=EDGE_LOOP('',(#2240));
#668=EDGE_LOOP('',(#2241));
#669=EDGE_LOOP('',(#2242,#2243,#2244,#2245));
#670=EDGE_LOOP('',(#2246));
#671=EDGE_LOOP('',(#2247));
#672=EDGE_LOOP('',(#2248,#2249,#2250,#2251));
#673=EDGE_LOOP('',(#2252));
#674=EDGE_LOOP('',(#2253));
#675=EDGE_LOOP('',(#2254,#2255,#2256,#2257));
#676=EDGE_LOOP('',(#2258));
#677=EDGE_LOOP('',(#2259));
#678=EDGE_LOOP('',(#2260,#2261,#2262,#2263));
#679=EDGE_LOOP('',(#2264));
#680=EDGE_LOOP('',(#2265));
#681=EDGE_LOOP('',(#2266,#2267,#2268,#2269));
#682=EDGE_LOOP('',(#2270));
#683=EDGE_LOOP('',(#2271));
#684=EDGE_LOOP('',(#2272,#2273,#2274,#2275));
#685=EDGE_LOOP('',(#2276));
#686=EDGE_LOOP('',(#2277));
#687=EDGE_LOOP('',(#2278,#2279,#2280,#2281));
#688=EDGE_LOOP('',(#2282,#2283,#2284,#2285,#2286,#2287));
#689=EDGE_LOOP('',(#2288,#2289,#2290,#2291));
#690=EDGE_LOOP('',(#2292,#2293,#2294,#2295,#2296,#2297,#2298,#2299,#2300,
#2301,#2302,#2303,#2304,#2305,#2306,#2307,#2308,#2309,#2310,#2311,#2312,
#2313,#2314,#2315));
#691=EDGE_LOOP('',(#2316));
#692=EDGE_LOOP('',(#2317,#2318,#2319,#2320));
#693=EDGE_LOOP('',(#2321,#2322,#2323,#2324));
#694=EDGE_LOOP('',(#2325,#2326,#2327,#2328,#2329,#2330));
#695=EDGE_LOOP('',(#2331,#2332,#2333,#2334));
#696=EDGE_LOOP('',(#2335,#2336,#2337,#2338));
#697=EDGE_LOOP('',(#2339,#2340,#2341,#2342));
#698=EDGE_LOOP('',(#2343,#2344,#2345,#2346,#2347,#2348));
#699=EDGE_LOOP('',(#2349,#2350,#2351,#2352));
#700=EDGE_LOOP('',(#2353,#2354,#2355,#2356));
#701=EDGE_LOOP('',(#2357,#2358,#2359,#2360));
#702=EDGE_LOOP('',(#2361,#2362,#2363,#2364));
#703=EDGE_LOOP('',(#2365,#2366,#2367,#2368,#2369,#2370));
#704=EDGE_LOOP('',(#2371,#2372,#2373,#2374));
#705=EDGE_LOOP('',(#2375,#2376,#2377,#2378,#2379,#2380,#2381,#2382,#2383,
#2384,#2385,#2386,#2387,#2388,#2389,#2390,#2391,#2392,#2393,#2394,#2395,
#2396,#2397,#2398,#2399,#2400,#2401,#2402,#2403,#2404,#2405,#2406,#2407,
#2408,#2409,#2410,#2411,#2412,#2413,#2414,#2415,#2416,#2417,#2418,#2419,
#2420,#2421,#2422,#2423,#2424,#2425,#2426,#2427,#2428,#2429,#2430,#2431,
#2432,#2433,#2434,#2435,#2436,#2437,#2438,#2439,#2440,#2441,#2442,#2443,
#2444,#2445,#2446,#2447,#2448,#2449,#2450,#2451,#2452,#2453,#2454,#2455,
#2456,#2457,#2458,#2459,#2460,#2461,#2462,#2463,#2464,#2465,#2466,#2467,
#2468,#2469,#2470,#2471,#2472,#2473,#2474,#2475,#2476,#2477,#2478,#2479,
#2480,#2481,#2482));
#706=EDGE_LOOP('',(#2483,#2484,#2485,#2486,#2487));
#707=EDGE_LOOP('',(#2488,#2489,#2490,#2491,#2492,#2493));
#708=EDGE_LOOP('',(#2494,#2495,#2496,#2497,#2498));
#709=EDGE_LOOP('',(#2499,#2500,#2501,#2502,#2503,#2504,#2505,#2506,#2507,
#2508,#2509,#2510,#2511,#2512,#2513,#2514,#2515,#2516,#2517,#2518,#2519,
#2520,#2521,#2522));
#710=EDGE_LOOP('',(#2523));
#711=EDGE_LOOP('',(#2524,#2525,#2526,#2527,#2528,#2529));
#712=EDGE_LOOP('',(#2530,#2531,#2532,#2533,#2534));
#713=EDGE_LOOP('',(#2535,#2536,#2537,#2538,#2539,#2540));
#714=EDGE_LOOP('',(#2541,#2542,#2543,#2544,#2545));
#715=EDGE_LOOP('',(#2546,#2547,#2548,#2549,#2550,#2551));
#716=EDGE_LOOP('',(#2552,#2553,#2554,#2555,#2556));
#717=EDGE_LOOP('',(#2557,#2558,#2559,#2560,#2561,#2562));
#718=EDGE_LOOP('',(#2563,#2564,#2565,#2566,#2567));
#719=EDGE_LOOP('',(#2568,#2569,#2570,#2571));
#720=EDGE_LOOP('',(#2572,#2573,#2574,#2575,#2576,#2577));
#721=EDGE_LOOP('',(#2578,#2579,#2580,#2581,#2582));
#722=EDGE_LOOP('',(#2583,#2584,#2585,#2586,#2587,#2588));
#723=EDGE_LOOP('',(#2589,#2590,#2591,#2592,#2593));
#724=EDGE_LOOP('',(#2594,#2595,#2596,#2597));
#725=EDGE_LOOP('',(#2598,#2599,#2600,#2601));
#726=EDGE_LOOP('',(#2602,#2603,#2604,#2605));
#727=EDGE_LOOP('',(#2606,#2607,#2608,#2609));
#728=EDGE_LOOP('',(#2610,#2611,#2612,#2613));
#729=EDGE_LOOP('',(#2614,#2615,#2616,#2617));
#730=EDGE_LOOP('',(#2618,#2619,#2620,#2621));
#731=EDGE_LOOP('',(#2622,#2623,#2624,#2625));
#732=EDGE_LOOP('',(#2626,#2627,#2628,#2629));
#733=EDGE_LOOP('',(#2630,#2631,#2632,#2633));
#734=EDGE_LOOP('',(#2634,#2635));
#735=EDGE_LOOP('',(#2636,#2637,#2638,#2639));
#736=EDGE_LOOP('',(#2640,#2641));
#737=EDGE_LOOP('',(#2642,#2643,#2644,#2645));
#738=EDGE_LOOP('',(#2646,#2647));
#739=EDGE_LOOP('',(#2648,#2649));
#740=EDGE_LOOP('',(#2650,#2651));
#741=EDGE_LOOP('',(#2652,#2653,#2654,#2655));
#742=EDGE_LOOP('',(#2656,#2657,#2658));
#743=EDGE_LOOP('',(#2659,#2660,#2661,#2662));
#744=EDGE_LOOP('',(#2663,#2664));
#745=EDGE_LOOP('',(#2665,#2666,#2667,#2668));
#746=EDGE_LOOP('',(#2669,#2670));
#747=EDGE_LOOP('',(#2671,#2672,#2673,#2674));
#748=EDGE_LOOP('',(#2675,#2676,#2677,#2678,#2679,#2680));
#749=EDGE_LOOP('',(#2681));
#750=EDGE_LOOP('',(#2682,#2683,#2684,#2685,#2686));
#751=EDGE_LOOP('',(#2687,#2688,#2689,#2690,#2691));
#752=EDGE_LOOP('',(#2692));
#753=EDGE_LOOP('',(#2693,#2694,#2695,#2696,#2697,#2698));
#754=EDGE_LOOP('',(#2699,#2700,#2701,#2702));
#755=EDGE_LOOP('',(#2703,#2704,#2705,#2706));
#756=EDGE_LOOP('',(#2707,#2708,#2709,#2710));
#757=EDGE_LOOP('',(#2711,#2712,#2713,#2714));
#758=EDGE_LOOP('',(#2715,#2716,#2717,#2718));
#759=EDGE_LOOP('',(#2719,#2720,#2721,#2722));
#760=EDGE_LOOP('',(#2723,#2724,#2725,#2726,#2727));
#761=EDGE_LOOP('',(#2728,#2729,#2730,#2731,#2732));
#762=EDGE_LOOP('',(#2733));
#763=EDGE_LOOP('',(#2734));
#764=EDGE_LOOP('',(#2735,#2736,#2737,#2738));
#765=EDGE_LOOP('',(#2739,#2740,#2741,#2742,#2743,#2744));
#766=EDGE_LOOP('',(#2745,#2746,#2747,#2748,#2749,#2750));
#767=EDGE_LOOP('',(#2751,#2752,#2753,#2754));
#768=EDGE_LOOP('',(#2755,#2756,#2757,#2758,#2759,#2760));
#769=EDGE_LOOP('',(#2761,#2762,#2763,#2764,#2765,#2766));
#770=EDGE_LOOP('',(#2767,#2768,#2769,#2770));
#771=EDGE_LOOP('',(#2771,#2772,#2773,#2774,#2775,#2776));
#772=EDGE_LOOP('',(#2777,#2778,#2779,#2780));
#773=EDGE_LOOP('',(#2781,#2782,#2783,#2784));
#774=EDGE_LOOP('',(#2785,#2786,#2787,#2788));
#775=EDGE_LOOP('',(#2789,#2790,#2791,#2792,#2793));
#776=EDGE_LOOP('',(#2794,#2795,#2796,#2797));
#777=EDGE_LOOP('',(#2798,#2799,#2800,#2801));
#778=EDGE_LOOP('',(#2802,#2803,#2804,#2805));
#779=EDGE_LOOP('',(#2806,#2807,#2808,#2809));
#780=EDGE_LOOP('',(#2810,#2811,#2812,#2813));
#781=LINE('',#4117,#905);
#782=LINE('',#4157,#906);
#783=LINE('',#4218,#907);
#784=LINE('',#4294,#908);
#785=LINE('',#4372,#909);
#786=LINE('',#4448,#910);
#787=LINE('',#4515,#911);
#788=LINE('',#4591,#912);
#789=LINE('',#4671,#913);
#790=LINE('',#4747,#914);
#791=LINE('',#4885,#915);
#792=LINE('',#4921,#916);
#793=LINE('',#5111,#917);
#794=LINE('',#5114,#918);
#795=LINE('',#5116,#919);
#796=LINE('',#5120,#920);
#797=LINE('',#5124,#921);
#798=LINE('',#5128,#922);
#799=LINE('',#5132,#923);
#800=LINE('',#5136,#924);
#801=LINE('',#5140,#925);
#802=LINE('',#5143,#926);
#803=LINE('',#5145,#927);
#804=LINE('',#5149,#928);
#805=LINE('',#5153,#929);
#806=LINE('',#5156,#930);
#807=LINE('',#5158,#931);
#808=LINE('',#5162,#932);
#809=LINE('',#5166,#933);
#810=LINE('',#5169,#934);
#811=LINE('',#5171,#935);
#812=LINE('',#5173,#936);
#813=LINE('',#5175,#937);
#814=LINE('',#5177,#938);
#815=LINE('',#5179,#939);
#816=LINE('',#5189,#940);
#817=LINE('',#5191,#941);
#818=LINE('',#5193,#942);
#819=LINE('',#5195,#943);
#820=LINE('',#5197,#944);
#821=LINE('',#5199,#945);
#822=LINE('',#5202,#946);
#823=LINE('',#5204,#947);
#824=LINE('',#5206,#948);
#825=LINE('',#5208,#949);
#826=LINE('',#5210,#950);
#827=LINE('',#5212,#951);
#828=LINE('',#5215,#952);
#829=LINE('',#5217,#953);
#830=LINE('',#5219,#954);
#831=LINE('',#5221,#955);
#832=LINE('',#5223,#956);
#833=LINE('',#5225,#957);
#834=LINE('',#5287,#958);
#835=LINE('',#5584,#959);
#836=LINE('',#5592,#960);
#837=LINE('',#5600,#961);
#838=LINE('',#5608,#962);
#839=LINE('',#5616,#963);
#840=LINE('',#5624,#964);
#841=LINE('',#5632,#965);
#842=LINE('',#5640,#966);
#843=LINE('',#5647,#967);
#844=LINE('',#5660,#968);
#845=LINE('',#5790,#969);
#846=LINE('',#5802,#970);
#847=LINE('',#5811,#971);
#848=LINE('',#5819,#972);
#849=LINE('',#5827,#973);
#850=LINE('',#5835,#974);
#851=LINE('',#5843,#975);
#852=LINE('',#5851,#976);
#853=LINE('',#5862,#977);
#854=LINE('',#5876,#978);
#855=LINE('',#6000,#979);
#856=LINE('',#6014,#980);
#857=LINE('',#6028,#981);
#858=LINE('',#6152,#982);
#859=LINE('',#6193,#983);
#860=LINE('',#6207,#984);
#861=LINE('',#6331,#985);
#862=LINE('',#6359,#986);
#863=LINE('',#6363,#987);
#864=LINE('',#6376,#988);
#865=LINE('',#6393,#989);
#866=LINE('',#6397,#990);
#867=LINE('',#6411,#991);
#868=LINE('',#6420,#992);
#869=LINE('',#6424,#993);
#870=LINE('',#6558,#994);
#871=LINE('',#6562,#995);
#872=LINE('',#6696,#996);
#873=LINE('',#6700,#997);
#874=LINE('',#6834,#998);
#875=LINE('',#6838,#999);
#876=LINE('',#6972,#1000);
#877=LINE('',#6983,#1001);
#878=LINE('',#7000,#1002);
#879=LINE('',#7004,#1003);
#880=LINE('',#7028,#1004);
#881=LINE('',#7045,#1005);
#882=LINE('',#7049,#1006);
#883=LINE('',#7073,#1007);
#884=LINE('',#7914,#1008);
#885=LINE('',#7916,#1009);
#886=LINE('',#7918,#1010);
#887=LINE('',#7920,#1011);
#888=LINE('',#7922,#1012);
#889=LINE('',#7923,#1013);
#890=LINE('',#7935,#1014);
#891=LINE('',#7939,#1015);
#892=LINE('',#7941,#1016);
#893=LINE('',#7943,#1017);
#894=LINE('',#7945,#1018);
#895=LINE('',#7947,#1019);
#896=LINE('',#7948,#1020);
#897=LINE('',#7950,#1021);
#898=LINE('',#7951,#1022);
#899=LINE('',#7953,#1023);
#900=LINE('',#7955,#1024);
#901=LINE('',#7957,#1025);
#902=LINE('',#7959,#1026);
#903=LINE('',#7970,#1027);
#904=LINE('',#7975,#1028);
#905=VECTOR('',#3377,1.1);
#906=VECTOR('',#3394,0.999999999999998);
#907=VECTOR('',#3399,0.999999999999998);
#908=VECTOR('',#3402,0.999999999999998);
#909=VECTOR('',#3405,0.999999999999998);
#910=VECTOR('',#3408,0.740192378864678);
#911=VECTOR('',#3413,0.740192378864678);
#912=VECTOR('',#3416,0.740192378864678);
#913=VECTOR('',#3419,0.740192378864678);
#914=VECTOR('',#3422,0.740192378864678);
#915=VECTOR('',#3431,1000.);
#916=VECTOR('',#3444,2.);
#917=VECTOR('',#3507,1000.);
#918=VECTOR('',#3510,1000.);
#919=VECTOR('',#3511,1000.);
#920=VECTOR('',#3514,1000.);
#921=VECTOR('',#3517,1000.);
#922=VECTOR('',#3520,1000.);
#923=VECTOR('',#3523,1000.);
#924=VECTOR('',#3526,1000.);
#925=VECTOR('',#3529,1000.);
#926=VECTOR('',#3532,1000.);
#927=VECTOR('',#3533,1000.);
#928=VECTOR('',#3536,1000.);
#929=VECTOR('',#3539,1000.);
#930=VECTOR('',#3542,1000.);
#931=VECTOR('',#3543,1000.);
#932=VECTOR('',#3546,1000.);
#933=VECTOR('',#3549,1000.);
#934=VECTOR('',#3554,1000.);
#935=VECTOR('',#3557,1000.);
#936=VECTOR('',#3560,1000.);
#937=VECTOR('',#3563,1000.);
#938=VECTOR('',#3566,1000.);
#939=VECTOR('',#3569,1000.);
#940=VECTOR('',#3576,1000.);
#941=VECTOR('',#3579,1000.);
#942=VECTOR('',#3582,1000.);
#943=VECTOR('',#3585,1000.);
#944=VECTOR('',#3588,1000.);
#945=VECTOR('',#3591,1000.);
#946=VECTOR('',#3596,1000.);
#947=VECTOR('',#3599,1000.);
#948=VECTOR('',#3602,1000.);
#949=VECTOR('',#3605,1000.);
#950=VECTOR('',#3608,1000.);
#951=VECTOR('',#3611,1000.);
#952=VECTOR('',#3616,1000.);
#953=VECTOR('',#3619,1000.);
#954=VECTOR('',#3622,1000.);
#955=VECTOR('',#3625,1000.);
#956=VECTOR('',#3628,1000.);
#957=VECTOR('',#3631,1000.);
#958=VECTOR('',#3642,1000.);
#959=VECTOR('',#3647,1.);
#960=VECTOR('',#3658,1.);
#961=VECTOR('',#3669,1.);
#962=VECTOR('',#3680,1.);
#963=VECTOR('',#3691,1.);
#964=VECTOR('',#3702,1.);
#965=VECTOR('',#3713,1.);
#966=VECTOR('',#3724,1.);
#967=VECTOR('',#3733,10.);
#968=VECTOR('',#3734,10.);
#969=VECTOR('',#3737,10.);
#970=VECTOR('',#3738,10.);
#971=VECTOR('',#3747,10.);
#972=VECTOR('',#3748,10.);
#973=VECTOR('',#3755,10.);
#974=VECTOR('',#3756,10.);
#975=VECTOR('',#3763,10.);
#976=VECTOR('',#3764,10.);
#977=VECTOR('',#3777,10.);
#978=VECTOR('',#3780,10.);
#979=VECTOR('',#3783,10.);
#980=VECTOR('',#3788,10.);
#981=VECTOR('',#3791,10.);
#982=VECTOR('',#3794,10.);
#983=VECTOR('',#3801,10.);
#984=VECTOR('',#3804,10.);
#985=VECTOR('',#3807,10.);
#986=VECTOR('',#3810,10.);
#987=VECTOR('',#3813,10.);
#988=VECTOR('',#3814,10.);
#989=VECTOR('',#3815,10.);
#990=VECTOR('',#3818,10.);
#991=VECTOR('',#3819,10.);
#992=VECTOR('',#3820,17.5);
#993=VECTOR('',#3823,10.);
#994=VECTOR('',#3828,10.);
#995=VECTOR('',#3831,10.);
#996=VECTOR('',#3836,10.);
#997=VECTOR('',#3839,10.);
#998=VECTOR('',#3844,10.);
#999=VECTOR('',#3847,10.);
#1000=VECTOR('',#3852,10.);
#1001=VECTOR('',#3855,10.);
#1002=VECTOR('',#3856,10.);
#1003=VECTOR('',#3859,10.);
#1004=VECTOR('',#3860,10.);
#1005=VECTOR('',#3861,10.);
#1006=VECTOR('',#3864,10.);
#1007=VECTOR('',#3865,10.);
#1008=VECTOR('',#3974,10.);
#1009=VECTOR('',#3975,10.);
#1010=VECTOR('',#3976,10.);
#1011=VECTOR('',#3977,10.);
#1012=VECTOR('',#3978,10.);
#1013=VECTOR('',#3979,10.);
#1014=VECTOR('',#3994,5.5);
#1015=VECTOR('',#3997,10.);
#1016=VECTOR('',#3998,10.);
#1017=VECTOR('',#3999,10.);
#1018=VECTOR('',#4000,10.);
#1019=VECTOR('',#4001,10.);
#1020=VECTOR('',#4002,10.);
#1021=VECTOR('',#4005,10.);
#1022=VECTOR('',#4006,10.);
#1023=VECTOR('',#4009,10.);
#1024=VECTOR('',#4012,10.);
#1025=VECTOR('',#4015,10.);
#1026=VECTOR('',#4018,10.);
#1027=VECTOR('',#4033,5.5);
#1028=VECTOR('',#4040,2.7);
#1029=CIRCLE('',#3063,1.1);
#1030=CIRCLE('',#3064,1.1);
#1031=CIRCLE('',#3066,4.5);
#1032=CIRCLE('',#3067,4.5);
#1033=CIRCLE('',#3068,26.78125);
#1034=CIRCLE('',#3072,0.999999999999998);
#1035=CIRCLE('',#3077,0.740192378864678);
#1036=CIRCLE('',#3083,0.740192378864678);
#1037=CIRCLE('',#3085,0.999999999999998);
#1038=CIRCLE('',#3087,2.);
#1039=CIRCLE('',#3088,0.288);
#1040=CIRCLE('',#3089,1.712);
#1041=CIRCLE('',#3091,2.);
#1042=CIRCLE('',#3093,1.89199443555332);
#1043=CIRCLE('',#3094,0.288);
#1044=CIRCLE('',#3096,1.4243289753543);
#1045=CIRCLE('',#3097,3.02428943627739);
#1046=CIRCLE('',#3098,2.99762104671406);
#1047=CIRCLE('',#3099,2.99762104671406);
#1048=CIRCLE('',#3100,3.02428943627739);
#1049=CIRCLE('',#3101,1.4243289753543);
#1050=CIRCLE('',#3102,3.02428943627739);
#1051=CIRCLE('',#3103,2.99762104671406);
#1052=CIRCLE('',#3104,2.99762104671406);
#1053=CIRCLE('',#3105,3.02428943627739);
#1054=CIRCLE('',#3106,1.4243289753543);
#1055=CIRCLE('',#3107,3.02428943627739);
#1056=CIRCLE('',#3108,2.99762104671406);
#1057=CIRCLE('',#3109,2.99762104671406);
#1058=CIRCLE('',#3110,3.02428943627739);
#1059=CIRCLE('',#3111,1.4243289753543);
#1060=CIRCLE('',#3112,3.02428943627739);
#1061=CIRCLE('',#3113,2.99762104671406);
#1062=CIRCLE('',#3114,2.99762104671406);
#1063=CIRCLE('',#3115,3.02428943627739);
#1064=CIRCLE('',#3117,1.22112579108893);
#1065=CIRCLE('',#3119,1.22112579108893);
#1066=CIRCLE('',#3121,1.22112579108893);
#1067=CIRCLE('',#3124,0.214785126546013);
#1068=CIRCLE('',#3125,0.214785126546013);
#1069=CIRCLE('',#3126,0.214785126546013);
#1070=CIRCLE('',#3127,1.22112579108893);
#1071=CIRCLE('',#3128,0.214785126546013);
#1072=CIRCLE('',#3129,0.214785126546013);
#1073=CIRCLE('',#3130,0.214785126546013);
#1074=CIRCLE('',#3131,0.214785126546013);
#1075=CIRCLE('',#3132,0.214785126546013);
#1076=CIRCLE('',#3133,0.214785126546013);
#1077=CIRCLE('',#3134,0.214785126546013);
#1078=CIRCLE('',#3135,0.214785126546013);
#1079=CIRCLE('',#3136,0.214785126546013);
#1080=CIRCLE('',#3167,0.866666666666666);
#1081=CIRCLE('',#3171,1.);
#1082=CIRCLE('',#3172,1.);
#1083=CIRCLE('',#3176,1.);
#1084=CIRCLE('',#3177,1.);
#1085=CIRCLE('',#3181,1.);
#1086=CIRCLE('',#3182,1.);
#1087=CIRCLE('',#3186,1.);
#1088=CIRCLE('',#3187,1.);
#1089=CIRCLE('',#3191,1.);
#1090=CIRCLE('',#3192,1.);
#1091=CIRCLE('',#3196,1.);
#1092=CIRCLE('',#3197,1.);
#1093=CIRCLE('',#3201,1.);
#1094=CIRCLE('',#3202,1.);
#1095=CIRCLE('',#3206,1.);
#1096=CIRCLE('',#3207,1.);
#1097=CIRCLE('',#3213,17.5);
#1098=CIRCLE('',#3214,2.4);
#1099=CIRCLE('',#3215,17.5);
#1100=CIRCLE('',#3216,17.5);
#1101=CIRCLE('',#3217,2.4);
#1102=CIRCLE('',#3218,17.5);
#1103=CIRCLE('',#3219,17.5);
#1104=CIRCLE('',#3220,2.4);
#1105=CIRCLE('',#3221,17.5);
#1106=CIRCLE('',#3222,17.5);
#1107=CIRCLE('',#3223,2.4);
#1108=CIRCLE('',#3224,17.5);
#1109=CIRCLE('',#3225,5.5);
#1110=CIRCLE('',#3227,6.00000000000001);
#1111=CIRCLE('',#3231,6.);
#1112=CIRCLE('',#3234,5.99999999999989);
#1113=CIRCLE('',#3235,6.00000000000001);
#1114=CIRCLE('',#3240,17.5);
#1115=CIRCLE('',#3241,17.5);
#1116=CIRCLE('',#3242,17.5);
#1117=CIRCLE('',#3243,17.5);
#1118=CIRCLE('',#3244,17.5);
#1119=CIRCLE('',#3245,17.5);
#1120=CIRCLE('',#3246,17.5);
#1121=CIRCLE('',#3247,17.5);
#1122=CIRCLE('',#3248,17.5);
#1123=CIRCLE('',#3249,17.5);
#1124=CIRCLE('',#3250,17.5);
#1125=CIRCLE('',#3251,17.5);
#1126=CIRCLE('',#3252,17.5);
#1127=CIRCLE('',#3253,17.5);
#1128=CIRCLE('',#3254,17.5);
#1129=CIRCLE('',#3255,17.5);
#1130=CIRCLE('',#3256,17.5);
#1131=CIRCLE('',#3258,2.4);
#1132=CIRCLE('',#3259,2.4);
#1133=CIRCLE('',#3260,2.4);
#1134=CIRCLE('',#3261,2.4);
#1135=CIRCLE('',#3262,5.5);
#1136=CIRCLE('',#3264,5.99999996096108);
#1137=CIRCLE('',#3266,5.99999996096107);
#1138=CIRCLE('',#3267,5.99999996096074);
#1139=CIRCLE('',#3268,5.99999996096108);
#1140=CIRCLE('',#3271,2.);
#1141=CIRCLE('',#3273,2.);
#1142=CIRCLE('',#3275,2.);
#1143=CIRCLE('',#3277,2.);
#1144=CIRCLE('',#3279,2.);
#1145=CIRCLE('',#3281,2.);
#1146=CIRCLE('',#3283,2.);
#1147=CIRCLE('',#3285,2.);
#1148=CIRCLE('',#3287,2.);
#1149=CIRCLE('',#3289,2.);
#1150=CIRCLE('',#3292,2.);
#1151=CIRCLE('',#3295,2.);
#1152=CIRCLE('',#3299,2.);
#1153=CIRCLE('',#3302,2.);
#1154=CIRCLE('',#3305,2.);
#1155=CIRCLE('',#3308,2.);
#1156=CIRCLE('',#3311,2.7);
#1157=CIRCLE('',#3313,5.1);
#1158=CIRCLE('',#3314,0.4);
#1159=CIRCLE('',#3315,5.5);
#1160=CIRCLE('',#3316,5.5);
#1161=CIRCLE('',#3326,5.1);
#1162=CIRCLE('',#3327,0.4);
#1163=CIRCLE('',#3328,5.5);
#1164=CIRCLE('',#3329,5.5);
#1165=CIRCLE('',#3332,2.7);
#1166=CIRCLE('',#3336,5.99999996096074);
#1167=CIRCLE('',#3337,5.99999996096108);
#1168=CIRCLE('',#3340,5.99999996096074);
#1169=CIRCLE('',#3342,5.99999996096074);
#1170=CIRCLE('',#3344,6.);
#1171=CIRCLE('',#3346,6.00000000000002);
#1172=CIRCLE('',#3348,6.00000000000003);
#1173=CIRCLE('',#3350,6.00000000000001);
#1174=VERTEX_POINT('',#4114);
#1175=VERTEX_POINT('',#4116);
#1176=VERTEX_POINT('',#4120);
#1177=VERTEX_POINT('',#4149);
#1178=VERTEX_POINT('',#4155);
#1179=VERTEX_POINT('',#4156);
#1180=VERTEX_POINT('',#4158);
#1181=VERTEX_POINT('',#4189);
#1182=VERTEX_POINT('',#4216);
#1183=VERTEX_POINT('',#4217);
#1184=VERTEX_POINT('',#4292);
#1185=VERTEX_POINT('',#4293);
#1186=VERTEX_POINT('',#4370);
#1187=VERTEX_POINT('',#4371);
#1188=VERTEX_POINT('',#4446);
#1189=VERTEX_POINT('',#4447);
#1190=VERTEX_POINT('',#4449);
#1191=VERTEX_POINT('',#4482);
#1192=VERTEX_POINT('',#4513);
#1193=VERTEX_POINT('',#4514);
#1194=VERTEX_POINT('',#4589);
#1195=VERTEX_POINT('',#4590);
#1196=VERTEX_POINT('',#4669);
#1197=VERTEX_POINT('',#4670);
#1198=VERTEX_POINT('',#4745);
#1199=VERTEX_POINT('',#4746);
#1200=VERTEX_POINT('',#4821);
#1201=VERTEX_POINT('',#4834);
#1202=VERTEX_POINT('',#4845);
#1203=VERTEX_POINT('',#4882);
#1204=VERTEX_POINT('',#4884);
#1205=VERTEX_POINT('',#4913);
#1206=VERTEX_POINT('',#4915);
#1207=VERTEX_POINT('',#4919);
#1208=VERTEX_POINT('',#4923);
#1209=VERTEX_POINT('',#4927);
#1210=VERTEX_POINT('',#4928);
#1211=VERTEX_POINT('',#4930);
#1212=VERTEX_POINT('',#4932);
#1213=VERTEX_POINT('',#4939);
#1214=VERTEX_POINT('',#4941);
#1215=VERTEX_POINT('',#4948);
#1216=VERTEX_POINT('',#4950);
#1217=VERTEX_POINT('',#4957);
#1218=VERTEX_POINT('',#4959);
#1219=VERTEX_POINT('',#4961);
#1220=VERTEX_POINT('',#4963);
#1221=VERTEX_POINT('',#4970);
#1222=VERTEX_POINT('',#4972);
#1223=VERTEX_POINT('',#4979);
#1224=VERTEX_POINT('',#4981);
#1225=VERTEX_POINT('',#4988);
#1226=VERTEX_POINT('',#4990);
#1227=VERTEX_POINT('',#4992);
#1228=VERTEX_POINT('',#4994);
#1229=VERTEX_POINT('',#5001);
#1230=VERTEX_POINT('',#5003);
#1231=VERTEX_POINT('',#5010);
#1232=VERTEX_POINT('',#5012);
#1233=VERTEX_POINT('',#5019);
#1234=VERTEX_POINT('',#5021);
#1235=VERTEX_POINT('',#5023);
#1236=VERTEX_POINT('',#5025);
#1237=VERTEX_POINT('',#5032);
#1238=VERTEX_POINT('',#5034);
#1239=VERTEX_POINT('',#5041);
#1240=VERTEX_POINT('',#5043);
#1241=VERTEX_POINT('',#5052);
#1242=VERTEX_POINT('',#5053);
#1243=VERTEX_POINT('',#5062);
#1244=VERTEX_POINT('',#5063);
#1245=VERTEX_POINT('',#5072);
#1246=VERTEX_POINT('',#5073);
#1247=VERTEX_POINT('',#5100);
#1248=VERTEX_POINT('',#5113);
#1249=VERTEX_POINT('',#5115);
#1250=VERTEX_POINT('',#5117);
#1251=VERTEX_POINT('',#5119);
#1252=VERTEX_POINT('',#5121);
#1253=VERTEX_POINT('',#5123);
#1254=VERTEX_POINT('',#5125);
#1255=VERTEX_POINT('',#5127);
#1256=VERTEX_POINT('',#5129);
#1257=VERTEX_POINT('',#5131);
#1258=VERTEX_POINT('',#5133);
#1259=VERTEX_POINT('',#5135);
#1260=VERTEX_POINT('',#5137);
#1261=VERTEX_POINT('',#5139);
#1262=VERTEX_POINT('',#5141);
#1263=VERTEX_POINT('',#5144);
#1264=VERTEX_POINT('',#5146);
#1265=VERTEX_POINT('',#5148);
#1266=VERTEX_POINT('',#5150);
#1267=VERTEX_POINT('',#5152);
#1268=VERTEX_POINT('',#5154);
#1269=VERTEX_POINT('',#5157);
#1270=VERTEX_POINT('',#5159);
#1271=VERTEX_POINT('',#5161);
#1272=VERTEX_POINT('',#5163);
#1273=VERTEX_POINT('',#5165);
#1274=VERTEX_POINT('',#5228);
#1275=VERTEX_POINT('',#5239);
#1276=VERTEX_POINT('',#5581);
#1277=VERTEX_POINT('',#5583);
#1278=VERTEX_POINT('',#5589);
#1279=VERTEX_POINT('',#5591);
#1280=VERTEX_POINT('',#5597);
#1281=VERTEX_POINT('',#5599);
#1282=VERTEX_POINT('',#5605);
#1283=VERTEX_POINT('',#5607);
#1284=VERTEX_POINT('',#5613);
#1285=VERTEX_POINT('',#5615);
#1286=VERTEX_POINT('',#5621);
#1287=VERTEX_POINT('',#5623);
#1288=VERTEX_POINT('',#5629);
#1289=VERTEX_POINT('',#5631);
#1290=VERTEX_POINT('',#5637);
#1291=VERTEX_POINT('',#5639);
#1292=VERTEX_POINT('',#5645);
#1293=VERTEX_POINT('',#5646);
#1294=VERTEX_POINT('',#5648);
#1295=VERTEX_POINT('',#5659);
#1296=VERTEX_POINT('',#5726);
#1297=VERTEX_POINT('',#5727);
#1298=VERTEX_POINT('',#5733);
#1299=VERTEX_POINT('',#5738);
#1300=VERTEX_POINT('',#5789);
#1301=VERTEX_POINT('',#5791);
#1302=VERTEX_POINT('',#5804);
#1303=VERTEX_POINT('',#5806);
#1304=VERTEX_POINT('',#5808);
#1305=VERTEX_POINT('',#5810);
#1306=VERTEX_POINT('',#5812);
#1307=VERTEX_POINT('',#5818);
#1308=VERTEX_POINT('',#5820);
#1309=VERTEX_POINT('',#5822);
#1310=VERTEX_POINT('',#5824);
#1311=VERTEX_POINT('',#5826);
#1312=VERTEX_POINT('',#5828);
#1313=VERTEX_POINT('',#5834);
#1314=VERTEX_POINT('',#5836);
#1315=VERTEX_POINT('',#5838);
#1316=VERTEX_POINT('',#5840);
#1317=VERTEX_POINT('',#5842);
#1318=VERTEX_POINT('',#5844);
#1319=VERTEX_POINT('',#5850);
#1320=VERTEX_POINT('',#5852);
#1321=VERTEX_POINT('',#5854);
#1322=VERTEX_POINT('',#5857);
#1323=VERTEX_POINT('',#5860);
#1324=VERTEX_POINT('',#5864);
#1325=VERTEX_POINT('',#5875);
#1326=VERTEX_POINT('',#5942);
#1327=VERTEX_POINT('',#5943);
#1328=VERTEX_POINT('',#5949);
#1329=VERTEX_POINT('',#5999);
#1330=VERTEX_POINT('',#6012);
#1331=VERTEX_POINT('',#6016);
#1332=VERTEX_POINT('',#6027);
#1333=VERTEX_POINT('',#6094);
#1334=VERTEX_POINT('',#6099);
#1335=VERTEX_POINT('',#6105);
#1336=VERTEX_POINT('',#6151);
#1337=VERTEX_POINT('',#6178);
#1338=VERTEX_POINT('',#6180);
#1339=VERTEX_POINT('',#6195);
#1340=VERTEX_POINT('',#6206);
#1341=VERTEX_POINT('',#6273);
#1342=VERTEX_POINT('',#6274);
#1343=VERTEX_POINT('',#6280);
#1344=VERTEX_POINT('',#6330);
#1345=VERTEX_POINT('',#6343);
#1346=VERTEX_POINT('',#6358);
#1347=VERTEX_POINT('',#6360);
#1348=VERTEX_POINT('',#6362);
#1349=VERTEX_POINT('',#6377);
#1350=VERTEX_POINT('',#6392);
#1351=VERTEX_POINT('',#6394);
#1352=VERTEX_POINT('',#6396);
#1353=VERTEX_POINT('',#6410);
#1354=VERTEX_POINT('',#6412);
#1355=VERTEX_POINT('',#6419);
#1356=VERTEX_POINT('',#6421);
#1357=VERTEX_POINT('',#6423);
#1358=VERTEX_POINT('',#6425);
#1359=VERTEX_POINT('',#6438);
#1360=VERTEX_POINT('',#6440);
#1361=VERTEX_POINT('',#6475);
#1362=VERTEX_POINT('',#6480);
#1363=VERTEX_POINT('',#6485);
#1364=VERTEX_POINT('',#6498);
#1365=VERTEX_POINT('',#6503);
#1366=VERTEX_POINT('',#6508);
#1367=VERTEX_POINT('',#6540);
#1368=VERTEX_POINT('',#6542);
#1369=VERTEX_POINT('',#6557);
#1370=VERTEX_POINT('',#6559);
#1371=VERTEX_POINT('',#6561);
#1372=VERTEX_POINT('',#6563);
#1373=VERTEX_POINT('',#6576);
#1374=VERTEX_POINT('',#6578);
#1375=VERTEX_POINT('',#6613);
#1376=VERTEX_POINT('',#6618);
#1377=VERTEX_POINT('',#6623);
#1378=VERTEX_POINT('',#6636);
#1379=VERTEX_POINT('',#6641);
#1380=VERTEX_POINT('',#6646);
#1381=VERTEX_POINT('',#6678);
#1382=VERTEX_POINT('',#6680);
#1383=VERTEX_POINT('',#6695);
#1384=VERTEX_POINT('',#6697);
#1385=VERTEX_POINT('',#6699);
#1386=VERTEX_POINT('',#6701);
#1387=VERTEX_POINT('',#6714);
#1388=VERTEX_POINT('',#6716);
#1389=VERTEX_POINT('',#6751);
#1390=VERTEX_POINT('',#6756);
#1391=VERTEX_POINT('',#6761);
#1392=VERTEX_POINT('',#6774);
#1393=VERTEX_POINT('',#6779);
#1394=VERTEX_POINT('',#6784);
#1395=VERTEX_POINT('',#6816);
#1396=VERTEX_POINT('',#6818);
#1397=VERTEX_POINT('',#6833);
#1398=VERTEX_POINT('',#6835);
#1399=VERTEX_POINT('',#6837);
#1400=VERTEX_POINT('',#6839);
#1401=VERTEX_POINT('',#6852);
#1402=VERTEX_POINT('',#6854);
#1403=VERTEX_POINT('',#6889);
#1404=VERTEX_POINT('',#6894);
#1405=VERTEX_POINT('',#6899);
#1406=VERTEX_POINT('',#6912);
#1407=VERTEX_POINT('',#6917);
#1408=VERTEX_POINT('',#6922);
#1409=VERTEX_POINT('',#6954);
#1410=VERTEX_POINT('',#6956);
#1411=VERTEX_POINT('',#6971);
#1412=VERTEX_POINT('',#6974);
#1413=VERTEX_POINT('',#6984);
#1414=VERTEX_POINT('',#6999);
#1415=VERTEX_POINT('',#7001);
#1416=VERTEX_POINT('',#7003);
#1417=VERTEX_POINT('',#7017);
#1418=VERTEX_POINT('',#7029);
#1419=VERTEX_POINT('',#7044);
#1420=VERTEX_POINT('',#7046);
#1421=VERTEX_POINT('',#7048);
#1422=VERTEX_POINT('',#7062);
#1423=VERTEX_POINT('',#7094);
#1424=VERTEX_POINT('',#7099);
#1425=VERTEX_POINT('',#7104);
#1426=VERTEX_POINT('',#7171);
#1427=VERTEX_POINT('',#7172);
#1428=VERTEX_POINT('',#7178);
#1429=VERTEX_POINT('',#7183);
#1430=VERTEX_POINT('',#7253);
#1431=VERTEX_POINT('',#7268);
#1432=VERTEX_POINT('',#7273);
#1433=VERTEX_POINT('',#7284);
#1434=VERTEX_POINT('',#7289);
#1435=VERTEX_POINT('',#7300);
#1436=VERTEX_POINT('',#7305);
#1437=VERTEX_POINT('',#7316);
#1438=VERTEX_POINT('',#7340);
#1439=VERTEX_POINT('',#7345);
#1440=VERTEX_POINT('',#7412);
#1441=VERTEX_POINT('',#7413);
#1442=VERTEX_POINT('',#7419);
#1443=VERTEX_POINT('',#7488);
#1444=VERTEX_POINT('',#7519);
#1445=VERTEX_POINT('',#7524);
#1446=VERTEX_POINT('',#7591);
#1447=VERTEX_POINT('',#7596);
#1448=VERTEX_POINT('',#7602);
#1449=VERTEX_POINT('',#7667);
#1450=VERTEX_POINT('',#7714);
#1451=VERTEX_POINT('',#7719);
#1452=VERTEX_POINT('',#7786);
#1453=VERTEX_POINT('',#7787);
#1454=VERTEX_POINT('',#7793);
#1455=VERTEX_POINT('',#7862);
#1456=VERTEX_POINT('',#7912);
#1457=VERTEX_POINT('',#7913);
#1458=VERTEX_POINT('',#7915);
#1459=VERTEX_POINT('',#7917);
#1460=VERTEX_POINT('',#7919);
#1461=VERTEX_POINT('',#7921);
#1462=VERTEX_POINT('',#7924);
#1463=VERTEX_POINT('',#7927);
#1464=VERTEX_POINT('',#7929);
#1465=VERTEX_POINT('',#7931);
#1466=VERTEX_POINT('',#7937);
#1467=VERTEX_POINT('',#7938);
#1468=VERTEX_POINT('',#7940);
#1469=VERTEX_POINT('',#7942);
#1470=VERTEX_POINT('',#7944);
#1471=VERTEX_POINT('',#7946);
#1472=VERTEX_POINT('',#7962);
#1473=VERTEX_POINT('',#7964);
#1474=VERTEX_POINT('',#7966);
#1475=VERTEX_POINT('',#7972);
#1476=EDGE_CURVE('',#1174,#1174,#1029,.T.);
#1477=EDGE_CURVE('',#1174,#1175,#781,.T.);
#1478=EDGE_CURVE('',#1175,#1175,#1030,.T.);
#1479=EDGE_CURVE('',#1176,#1176,#1031,.T.);
#1480=EDGE_CURVE('',#1177,#1177,#1032,.T.);
#1481=EDGE_CURVE('',#1177,#1176,#1033,.T.);
#1482=EDGE_CURVE('',#1178,#1179,#782,.T.);
#1483=EDGE_CURVE('',#1178,#1180,#147,.T.);
#1484=EDGE_CURVE('',#1180,#1181,#1034,.T.);
#1485=EDGE_CURVE('',#1181,#1179,#148,.T.);
#1486=EDGE_CURVE('',#1182,#1183,#783,.T.);
#1487=EDGE_CURVE('',#1182,#1178,#149,.T.);
#1488=EDGE_CURVE('',#1179,#1183,#150,.T.);
#1489=EDGE_CURVE('',#1184,#1185,#784,.T.);
#1490=EDGE_CURVE('',#1184,#1182,#151,.T.);
#1491=EDGE_CURVE('',#1183,#1185,#152,.T.);
#1492=EDGE_CURVE('',#1186,#1187,#785,.T.);
#1493=EDGE_CURVE('',#1186,#1184,#153,.T.);
#1494=EDGE_CURVE('',#1185,#1187,#154,.T.);
#1495=EDGE_CURVE('',#1188,#1189,#786,.T.);
#1496=EDGE_CURVE('',#1190,#1188,#155,.F.);
#1497=EDGE_CURVE('',#1190,#1191,#1035,.T.);
#1498=EDGE_CURVE('',#1191,#1189,#156,.T.);
#1499=EDGE_CURVE('',#1192,#1193,#787,.T.);
#1500=EDGE_CURVE('',#1188,#1192,#157,.F.);
#1501=EDGE_CURVE('',#1189,#1193,#158,.T.);
#1502=EDGE_CURVE('',#1194,#1195,#788,.T.);
#1503=EDGE_CURVE('',#1192,#1194,#159,.F.);
#1504=EDGE_CURVE('',#1193,#1195,#160,.T.);
#1505=EDGE_CURVE('',#1196,#1197,#789,.T.);
#1506=EDGE_CURVE('',#1194,#1196,#161,.F.);
#1507=EDGE_CURVE('',#1195,#1197,#162,.T.);
#1508=EDGE_CURVE('',#1198,#1199,#790,.T.);
#1509=EDGE_CURVE('',#1196,#1198,#163,.F.);
#1510=EDGE_CURVE('',#1197,#1199,#164,.T.);
#1511=EDGE_CURVE('',#1199,#1200,#165,.T.);
#1512=EDGE_CURVE('',#1201,#1200,#1036,.T.);
#1513=EDGE_CURVE('',#1198,#1201,#166,.F.);
#1514=EDGE_CURVE('',#1187,#1202,#167,.T.);
#1515=EDGE_CURVE('',#1203,#1202,#1037,.T.);
#1516=EDGE_CURVE('',#1204,#1203,#791,.T.);
#1517=EDGE_CURVE('',#1204,#1186,#168,.T.);
#1518=EDGE_CURVE('',#1205,#1205,#1038,.T.);
#1519=EDGE_CURVE('',#1205,#1206,#1039,.T.);
#1520=EDGE_CURVE('',#1206,#1206,#1040,.T.);
#1521=EDGE_CURVE('',#1207,#1207,#1041,.T.);
#1522=EDGE_CURVE('',#1207,#1205,#792,.T.);
#1523=EDGE_CURVE('',#1208,#1208,#1042,.T.);
#1524=EDGE_CURVE('',#1208,#1207,#1043,.T.);
#1525=EDGE_CURVE('',#1209,#1210,#1044,.T.);
#1526=EDGE_CURVE('',#1211,#1209,#1045,.T.);
#1527=EDGE_CURVE('',#1212,#1211,#169,.T.);
#1528=EDGE_CURVE('',#1213,#1212,#1046,.T.);
#1529=EDGE_CURVE('',#1214,#1213,#170,.T.);
#1530=EDGE_CURVE('',#1215,#1214,#1047,.T.);
#1531=EDGE_CURVE('',#1216,#1215,#171,.T.);
#1532=EDGE_CURVE('',#1217,#1216,#1048,.T.);
#1533=EDGE_CURVE('',#1218,#1217,#1049,.T.);
#1534=EDGE_CURVE('',#1219,#1218,#1050,.T.);
#1535=EDGE_CURVE('',#1220,#1219,#172,.T.);
#1536=EDGE_CURVE('',#1221,#1220,#1051,.T.);
#1537=EDGE_CURVE('',#1222,#1221,#173,.T.);
#1538=EDGE_CURVE('',#1223,#1222,#1052,.T.);
#1539=EDGE_CURVE('',#1224,#1223,#174,.T.);
#1540=EDGE_CURVE('',#1225,#1224,#1053,.T.);
#1541=EDGE_CURVE('',#1226,#1225,#1054,.T.);
#1542=EDGE_CURVE('',#1227,#1226,#1055,.T.);
#1543=EDGE_CURVE('',#1228,#1227,#175,.T.);
#1544=EDGE_CURVE('',#1229,#1228,#1056,.T.);
#1545=EDGE_CURVE('',#1230,#1229,#176,.T.);
#1546=EDGE_CURVE('',#1231,#1230,#1057,.T.);
#1547=EDGE_CURVE('',#1232,#1231,#177,.T.);
#1548=EDGE_CURVE('',#1233,#1232,#1058,.T.);
#1549=EDGE_CURVE('',#1234,#1233,#1059,.T.);
#1550=EDGE_CURVE('',#1235,#1234,#1060,.T.);
#1551=EDGE_CURVE('',#1236,#1235,#178,.T.);
#1552=EDGE_CURVE('',#1237,#1236,#1061,.T.);
#1553=EDGE_CURVE('',#1238,#1237,#179,.T.);
#1554=EDGE_CURVE('',#1239,#1238,#1062,.T.);
#1555=EDGE_CURVE('',#1240,#1239,#180,.T.);
#1556=EDGE_CURVE('',#1210,#1240,#1063,.T.);
#1557=EDGE_CURVE('',#1241,#1242,#1064,.T.);
#1558=EDGE_CURVE('',#1218,#1241,#101,.T.);
#1559=EDGE_CURVE('',#1217,#1242,#102,.T.);
#1560=EDGE_CURVE('',#1243,#1244,#1065,.T.);
#1561=EDGE_CURVE('',#1226,#1243,#103,.T.);
#1562=EDGE_CURVE('',#1225,#1244,#104,.T.);
#1563=EDGE_CURVE('',#1245,#1246,#1066,.T.);
#1564=EDGE_CURVE('',#1234,#1245,#105,.T.);
#1565=EDGE_CURVE('',#1233,#1246,#106,.T.);
#1566=EDGE_CURVE('',#1202,#1201,#181,.T.);
#1567=EDGE_CURVE('',#1200,#1247,#182,.T.);
#1568=EDGE_CURVE('',#1247,#1203,#793,.T.);
#1569=EDGE_CURVE('',#1248,#1241,#794,.T.);
#1570=EDGE_CURVE('',#1242,#1249,#795,.T.);
#1571=EDGE_CURVE('',#1249,#1250,#1067,.T.);
#1572=EDGE_CURVE('',#1250,#1251,#796,.T.);
#1573=EDGE_CURVE('',#1251,#1252,#1068,.T.);
#1574=EDGE_CURVE('',#1252,#1253,#797,.T.);
#1575=EDGE_CURVE('',#1253,#1254,#1069,.T.);
#1576=EDGE_CURVE('',#1254,#1255,#798,.T.);
#1577=EDGE_CURVE('',#1255,#1256,#1070,.T.);
#1578=EDGE_CURVE('',#1256,#1257,#799,.T.);
#1579=EDGE_CURVE('',#1257,#1258,#1071,.T.);
#1580=EDGE_CURVE('',#1258,#1259,#800,.T.);
#1581=EDGE_CURVE('',#1259,#1260,#1072,.T.);
#1582=EDGE_CURVE('',#1260,#1261,#801,.T.);
#1583=EDGE_CURVE('',#1261,#1262,#1073,.T.);
#1584=EDGE_CURVE('',#1262,#1245,#802,.T.);
#1585=EDGE_CURVE('',#1246,#1263,#803,.T.);
#1586=EDGE_CURVE('',#1263,#1264,#1074,.T.);
#1587=EDGE_CURVE('',#1264,#1265,#804,.T.);
#1588=EDGE_CURVE('',#1265,#1266,#1075,.T.);
#1589=EDGE_CURVE('',#1266,#1267,#805,.T.);
#1590=EDGE_CURVE('',#1267,#1268,#1076,.T.);
#1591=EDGE_CURVE('',#1268,#1243,#806,.T.);
#1592=EDGE_CURVE('',#1244,#1269,#807,.T.);
#1593=EDGE_CURVE('',#1269,#1270,#1077,.T.);
#1594=EDGE_CURVE('',#1270,#1271,#808,.T.);
#1595=EDGE_CURVE('',#1271,#1272,#1078,.T.);
#1596=EDGE_CURVE('',#1272,#1273,#809,.T.);
#1597=EDGE_CURVE('',#1273,#1248,#1079,.T.);
#1598=EDGE_CURVE('',#1216,#1249,#810,.T.);
#1599=EDGE_CURVE('',#1215,#1250,#811,.T.);
#1600=EDGE_CURVE('',#1214,#1251,#812,.T.);
#1601=EDGE_CURVE('',#1213,#1252,#813,.T.);
#1602=EDGE_CURVE('',#1212,#1253,#814,.T.);
#1603=EDGE_CURVE('',#1211,#1254,#815,.T.);
#1604=EDGE_CURVE('',#1209,#1255,#107,.T.);
#1605=EDGE_CURVE('',#1210,#1256,#108,.T.);
#1606=EDGE_CURVE('',#1240,#1257,#816,.T.);
#1607=EDGE_CURVE('',#1239,#1258,#817,.T.);
#1608=EDGE_CURVE('',#1238,#1259,#818,.T.);
#1609=EDGE_CURVE('',#1237,#1260,#819,.T.);
#1610=EDGE_CURVE('',#1236,#1261,#820,.T.);
#1611=EDGE_CURVE('',#1235,#1262,#821,.T.);
#1612=EDGE_CURVE('',#1232,#1263,#822,.T.);
#1613=EDGE_CURVE('',#1231,#1264,#823,.T.);
#1614=EDGE_CURVE('',#1230,#1265,#824,.T.);
#1615=EDGE_CURVE('',#1229,#1266,#825,.T.);
#1616=EDGE_CURVE('',#1228,#1267,#826,.T.);
#1617=EDGE_CURVE('',#1227,#1268,#827,.T.);
#1618=EDGE_CURVE('',#1224,#1269,#828,.T.);
#1619=EDGE_CURVE('',#1223,#1270,#829,.T.);
#1620=EDGE_CURVE('',#1222,#1271,#830,.T.);
#1621=EDGE_CURVE('',#1221,#1272,#831,.T.);
#1622=EDGE_CURVE('',#1220,#1273,#832,.T.);
#1623=EDGE_CURVE('',#1219,#1248,#833,.T.);
#1624=EDGE_CURVE('',#1274,#1190,#183,.T.);
#1625=EDGE_CURVE('',#1274,#1275,#1080,.T.);
#1626=EDGE_CURVE('',#1191,#1275,#184,.T.);
#1627=EDGE_CURVE('',#1274,#1181,#185,.T.);
#1628=EDGE_CURVE('',#1180,#1275,#186,.T.);
#1629=EDGE_CURVE('',#1247,#1204,#834,.T.);
#1630=EDGE_CURVE('',#1276,#1276,#1081,.T.);
#1631=EDGE_CURVE('',#1276,#1277,#835,.T.);
#1632=EDGE_CURVE('',#1277,#1277,#1082,.T.);
#1633=EDGE_CURVE('',#1278,#1278,#1083,.T.);
#1634=EDGE_CURVE('',#1278,#1279,#836,.T.);
#1635=EDGE_CURVE('',#1279,#1279,#1084,.T.);
#1636=EDGE_CURVE('',#1280,#1280,#1085,.T.);
#1637=EDGE_CURVE('',#1280,#1281,#837,.T.);
#1638=EDGE_CURVE('',#1281,#1281,#1086,.T.);
#1639=EDGE_CURVE('',#1282,#1282,#1087,.T.);
#1640=EDGE_CURVE('',#1282,#1283,#838,.T.);
#1641=EDGE_CURVE('',#1283,#1283,#1088,.T.);
#1642=EDGE_CURVE('',#1284,#1284,#1089,.T.);
#1643=EDGE_CURVE('',#1284,#1285,#839,.T.);
#1644=EDGE_CURVE('',#1285,#1285,#1090,.T.);
#1645=EDGE_CURVE('',#1286,#1286,#1091,.T.);
#1646=EDGE_CURVE('',#1286,#1287,#840,.T.);
#1647=EDGE_CURVE('',#1287,#1287,#1092,.T.);
#1648=EDGE_CURVE('',#1288,#1288,#1093,.T.);
#1649=EDGE_CURVE('',#1288,#1289,#841,.T.);
#1650=EDGE_CURVE('',#1289,#1289,#1094,.T.);
#1651=EDGE_CURVE('',#1290,#1290,#1095,.T.);
#1652=EDGE_CURVE('',#1290,#1291,#842,.T.);
#1653=EDGE_CURVE('',#1291,#1291,#1096,.T.);
#1654=EDGE_CURVE('',#1292,#1293,#843,.T.);
#1655=EDGE_CURVE('',#1293,#1294,#187,.T.);
#1656=EDGE_CURVE('',#1294,#1295,#844,.T.);
#1657=EDGE_CURVE('',#1295,#1292,#188,.T.);
#1658=EDGE_CURVE('',#1296,#1297,#189,.T.);
#1659=EDGE_CURVE('',#1297,#1298,#190,.T.);
#1660=EDGE_CURVE('',#1298,#1299,#191,.T.);
#1661=EDGE_CURVE('',#1299,#1292,#192,.T.);
#1662=EDGE_CURVE('',#1295,#1296,#193,.T.);
#1663=EDGE_CURVE('',#1298,#1300,#845,.T.);
#1664=EDGE_CURVE('',#1300,#1301,#194,.T.);
#1665=EDGE_CURVE('',#1301,#1299,#846,.T.);
#1666=EDGE_CURVE('',#1301,#1302,#1097,.T.);
#1667=EDGE_CURVE('',#1303,#1302,#1098,.T.);
#1668=EDGE_CURVE('',#1303,#1304,#1099,.T.);
#1669=EDGE_CURVE('',#1305,#1304,#847,.T.);
#1670=EDGE_CURVE('',#1306,#1305,#195,.T.);
#1671=EDGE_CURVE('',#1307,#1306,#848,.T.);
#1672=EDGE_CURVE('',#1307,#1308,#1100,.T.);
#1673=EDGE_CURVE('',#1309,#1308,#1101,.T.);
#1674=EDGE_CURVE('',#1309,#1310,#1102,.T.);
#1675=EDGE_CURVE('',#1311,#1310,#849,.T.);
#1676=EDGE_CURVE('',#1312,#1311,#196,.T.);
#1677=EDGE_CURVE('',#1313,#1312,#850,.T.);
#1678=EDGE_CURVE('',#1313,#1314,#1103,.T.);
#1679=EDGE_CURVE('',#1315,#1314,#1104,.T.);
#1680=EDGE_CURVE('',#1315,#1316,#1105,.T.);
#1681=EDGE_CURVE('',#1317,#1316,#851,.T.);
#1682=EDGE_CURVE('',#1318,#1317,#197,.T.);
#1683=EDGE_CURVE('',#1319,#1318,#852,.T.);
#1684=EDGE_CURVE('',#1319,#1320,#1106,.T.);
#1685=EDGE_CURVE('',#1321,#1320,#1107,.T.);
#1686=EDGE_CURVE('',#1321,#1293,#1108,.T.);
#1687=EDGE_CURVE('',#1322,#1322,#1109,.T.);
#1688=EDGE_CURVE('',#1323,#1297,#1110,.T.);
#1689=EDGE_CURVE('',#1300,#1323,#853,.T.);
#1690=EDGE_CURVE('',#1304,#1324,#198,.T.);
#1691=EDGE_CURVE('',#1324,#1325,#854,.T.);
#1692=EDGE_CURVE('',#1325,#1305,#199,.T.);
#1693=EDGE_CURVE('',#1326,#1327,#200,.T.);
#1694=EDGE_CURVE('',#1327,#1328,#201,.T.);
#1695=EDGE_CURVE('',#1328,#1306,#202,.T.);
#1696=EDGE_CURVE('',#1325,#1326,#203,.T.);
#1697=EDGE_CURVE('',#1328,#1329,#855,.T.);
#1698=EDGE_CURVE('',#1329,#1307,#204,.T.);
#1699=EDGE_CURVE('',#1330,#1327,#1111,.T.);
#1700=EDGE_CURVE('',#1329,#1330,#856,.T.);
#1701=EDGE_CURVE('',#1316,#1331,#205,.T.);
#1702=EDGE_CURVE('',#1331,#1332,#857,.T.);
#1703=EDGE_CURVE('',#1332,#1317,#206,.T.);
#1704=EDGE_CURVE('',#1332,#1333,#207,.T.);
#1705=EDGE_CURVE('',#1333,#1334,#208,.T.);
#1706=EDGE_CURVE('',#1334,#1335,#209,.T.);
#1707=EDGE_CURVE('',#1335,#1318,#210,.T.);
#1708=EDGE_CURVE('',#1335,#1336,#858,.T.);
#1709=EDGE_CURVE('',#1336,#1319,#211,.T.);
#1710=EDGE_CURVE('',#1337,#1333,#1112,.T.);
#1711=EDGE_CURVE('',#1338,#1337,#212,.T.);
#1712=EDGE_CURVE('',#1338,#1334,#1113,.T.);
#1713=EDGE_CURVE('',#1337,#1331,#859,.T.);
#1714=EDGE_CURVE('',#1310,#1339,#213,.T.);
#1715=EDGE_CURVE('',#1339,#1340,#860,.T.);
#1716=EDGE_CURVE('',#1340,#1311,#214,.T.);
#1717=EDGE_CURVE('',#1341,#1342,#215,.T.);
#1718=EDGE_CURVE('',#1342,#1343,#216,.T.);
#1719=EDGE_CURVE('',#1343,#1312,#217,.T.);
#1720=EDGE_CURVE('',#1340,#1341,#218,.T.);
#1721=EDGE_CURVE('',#1343,#1344,#861,.T.);
#1722=EDGE_CURVE('',#1344,#1313,#219,.T.);
#1723=EDGE_CURVE('',#1345,#1321,#220,.T.);
#1724=EDGE_CURVE('',#1345,#1346,#862,.T.);
#1725=EDGE_CURVE('',#1346,#1347,#1114,.T.);
#1726=EDGE_CURVE('',#1347,#1348,#863,.T.);
#1727=EDGE_CURVE('',#1320,#1348,#221,.T.);
#1728=EDGE_CURVE('',#1336,#1338,#864,.T.);
#1729=EDGE_CURVE('',#1349,#1315,#222,.T.);
#1730=EDGE_CURVE('',#1349,#1350,#865,.T.);
#1731=EDGE_CURVE('',#1350,#1351,#1115,.T.);
#1732=EDGE_CURVE('',#1351,#1352,#866,.T.);
#1733=EDGE_CURVE('',#1314,#1352,#223,.T.);
#1734=EDGE_CURVE('',#1344,#1353,#867,.T.);
#1735=EDGE_CURVE('',#1353,#1354,#224,.T.);
#1736=EDGE_CURVE('',#1354,#1355,#868,.T.);
#1737=EDGE_CURVE('',#1355,#1356,#1116,.T.);
#1738=EDGE_CURVE('',#1356,#1357,#869,.T.);
#1739=EDGE_CURVE('',#1358,#1357,#225,.T.);
#1740=EDGE_CURVE('',#1358,#1359,#1117,.T.);
#1741=EDGE_CURVE('',#1360,#1359,#226,.T.);
#1742=EDGE_CURVE('',#1360,#1361,#227,.T.);
#1743=EDGE_CURVE('',#1361,#1362,#228,.T.);
#1744=EDGE_CURVE('',#1362,#1363,#229,.T.);
#1745=EDGE_CURVE('',#1363,#1364,#230,.T.);
#1746=EDGE_CURVE('',#1364,#1365,#231,.T.);
#1747=EDGE_CURVE('',#1366,#1365,#232,.T.);
#1748=EDGE_CURVE('',#1366,#1367,#1118,.T.);
#1749=EDGE_CURVE('',#1368,#1367,#233,.T.);
#1750=EDGE_CURVE('',#1368,#1369,#870,.T.);
#1751=EDGE_CURVE('',#1369,#1370,#1119,.T.);
#1752=EDGE_CURVE('',#1370,#1371,#871,.T.);
#1753=EDGE_CURVE('',#1372,#1371,#234,.T.);
#1754=EDGE_CURVE('',#1372,#1373,#1120,.T.);
#1755=EDGE_CURVE('',#1374,#1373,#235,.T.);
#1756=EDGE_CURVE('',#1374,#1375,#236,.T.);
#1757=EDGE_CURVE('',#1375,#1376,#237,.T.);
#1758=EDGE_CURVE('',#1376,#1377,#238,.T.);
#1759=EDGE_CURVE('',#1377,#1378,#239,.T.);
#1760=EDGE_CURVE('',#1378,#1379,#240,.T.);
#1761=EDGE_CURVE('',#1380,#1379,#241,.T.);
#1762=EDGE_CURVE('',#1380,#1381,#1121,.T.);
#1763=EDGE_CURVE('',#1382,#1381,#242,.T.);
#1764=EDGE_CURVE('',#1382,#1383,#872,.T.);
#1765=EDGE_CURVE('',#1383,#1384,#1122,.T.);
#1766=EDGE_CURVE('',#1384,#1385,#873,.T.);
#1767=EDGE_CURVE('',#1386,#1385,#243,.T.);
#1768=EDGE_CURVE('',#1386,#1387,#1123,.T.);
#1769=EDGE_CURVE('',#1388,#1387,#244,.T.);
#1770=EDGE_CURVE('',#1388,#1389,#245,.T.);
#1771=EDGE_CURVE('',#1389,#1390,#246,.T.);
#1772=EDGE_CURVE('',#1390,#1391,#247,.T.);
#1773=EDGE_CURVE('',#1391,#1392,#248,.T.);
#1774=EDGE_CURVE('',#1392,#1393,#249,.T.);
#1775=EDGE_CURVE('',#1394,#1393,#250,.T.);
#1776=EDGE_CURVE('',#1394,#1395,#1124,.T.);
#1777=EDGE_CURVE('',#1396,#1395,#251,.T.);
#1778=EDGE_CURVE('',#1396,#1397,#874,.T.);
#1779=EDGE_CURVE('',#1397,#1398,#1125,.T.);
#1780=EDGE_CURVE('',#1398,#1399,#875,.T.);
#1781=EDGE_CURVE('',#1400,#1399,#252,.T.);
#1782=EDGE_CURVE('',#1400,#1401,#1126,.T.);
#1783=EDGE_CURVE('',#1402,#1401,#253,.T.);
#1784=EDGE_CURVE('',#1402,#1403,#254,.T.);
#1785=EDGE_CURVE('',#1403,#1404,#255,.T.);
#1786=EDGE_CURVE('',#1404,#1405,#256,.T.);
#1787=EDGE_CURVE('',#1405,#1406,#257,.T.);
#1788=EDGE_CURVE('',#1406,#1407,#258,.T.);
#1789=EDGE_CURVE('',#1408,#1407,#259,.T.);
#1790=EDGE_CURVE('',#1408,#1409,#1127,.T.);
#1791=EDGE_CURVE('',#1410,#1409,#260,.T.);
#1792=EDGE_CURVE('',#1410,#1411,#876,.T.);
#1793=EDGE_CURVE('',#1411,#1355,#1128,.T.);
#1794=EDGE_CURVE('',#1354,#1412,#261,.T.);
#1795=EDGE_CURVE('',#1412,#1339,#877,.T.);
#1796=EDGE_CURVE('',#1413,#1309,#262,.T.);
#1797=EDGE_CURVE('',#1413,#1414,#878,.T.);
#1798=EDGE_CURVE('',#1414,#1415,#1129,.T.);
#1799=EDGE_CURVE('',#1415,#1416,#879,.T.);
#1800=EDGE_CURVE('',#1308,#1416,#263,.T.);
#1801=EDGE_CURVE('',#1330,#1417,#264,.T.);
#1802=EDGE_CURVE('',#1417,#1324,#880,.T.);
#1803=EDGE_CURVE('',#1418,#1303,#265,.T.);
#1804=EDGE_CURVE('',#1418,#1419,#881,.T.);
#1805=EDGE_CURVE('',#1419,#1420,#1130,.T.);
#1806=EDGE_CURVE('',#1420,#1421,#882,.T.);
#1807=EDGE_CURVE('',#1302,#1421,#266,.T.);
#1808=EDGE_CURVE('',#1323,#1422,#267,.T.);
#1809=EDGE_CURVE('',#1422,#1294,#883,.T.);
#1810=EDGE_CURVE('',#1423,#1394,#268,.T.);
#1811=EDGE_CURVE('',#1393,#1424,#269,.T.);
#1812=EDGE_CURVE('',#1424,#1425,#270,.T.);
#1813=EDGE_CURVE('',#1425,#1423,#271,.T.);
#1814=EDGE_CURVE('',#1426,#1427,#272,.T.);
#1815=EDGE_CURVE('',#1427,#1428,#273,.T.);
#1816=EDGE_CURVE('',#1428,#1429,#274,.T.);
#1817=EDGE_CURVE('',#1429,#1423,#275,.T.);
#1818=EDGE_CURVE('',#1425,#1426,#276,.T.);
#1819=EDGE_CURVE('',#1430,#1388,#277,.T.);
#1820=EDGE_CURVE('',#1387,#1429,#278,.T.);
#1821=EDGE_CURVE('',#1430,#1428,#279,.T.);
#1822=EDGE_CURVE('',#1381,#1386,#1131,.T.);
#1823=EDGE_CURVE('',#1431,#1380,#280,.T.);
#1824=EDGE_CURVE('',#1432,#1431,#281,.T.);
#1825=EDGE_CURVE('',#1373,#1432,#282,.T.);
#1826=EDGE_CURVE('',#1367,#1372,#1132,.T.);
#1827=EDGE_CURVE('',#1433,#1366,#283,.T.);
#1828=EDGE_CURVE('',#1434,#1433,#284,.T.);
#1829=EDGE_CURVE('',#1359,#1434,#285,.T.);
#1830=EDGE_CURVE('',#1409,#1358,#1133,.T.);
#1831=EDGE_CURVE('',#1435,#1408,#286,.T.);
#1832=EDGE_CURVE('',#1436,#1435,#287,.T.);
#1833=EDGE_CURVE('',#1401,#1436,#288,.T.);
#1834=EDGE_CURVE('',#1395,#1400,#1134,.T.);
#1835=EDGE_CURVE('',#1437,#1437,#1135,.T.);
#1836=EDGE_CURVE('',#1390,#1427,#1136,.T.);
#1837=EDGE_CURVE('',#1379,#1438,#289,.T.);
#1838=EDGE_CURVE('',#1438,#1439,#290,.T.);
#1839=EDGE_CURVE('',#1439,#1431,#291,.T.);
#1840=EDGE_CURVE('',#1440,#1441,#292,.T.);
#1841=EDGE_CURVE('',#1441,#1442,#293,.T.);
#1842=EDGE_CURVE('',#1442,#1432,#294,.T.);
#1843=EDGE_CURVE('',#1439,#1440,#295,.T.);
#1844=EDGE_CURVE('',#1443,#1374,#296,.T.);
#1845=EDGE_CURVE('',#1443,#1442,#297,.T.);
#1846=EDGE_CURVE('',#1376,#1441,#1137,.T.);
#1847=EDGE_CURVE('',#1365,#1444,#298,.T.);
#1848=EDGE_CURVE('',#1444,#1445,#299,.T.);
#1849=EDGE_CURVE('',#1445,#1433,#300,.T.);
#1850=EDGE_CURVE('',#1445,#1446,#301,.T.);
#1851=EDGE_CURVE('',#1446,#1447,#302,.T.);
#1852=EDGE_CURVE('',#1447,#1448,#303,.T.);
#1853=EDGE_CURVE('',#1448,#1434,#304,.T.);
#1854=EDGE_CURVE('',#1449,#1360,#305,.T.);
#1855=EDGE_CURVE('',#1449,#1448,#306,.T.);
#1856=EDGE_CURVE('',#1363,#1446,#1138,.T.);
#1857=EDGE_CURVE('',#1362,#1447,#1139,.T.);
#1858=EDGE_CURVE('',#1407,#1450,#307,.T.);
#1859=EDGE_CURVE('',#1450,#1451,#308,.T.);
#1860=EDGE_CURVE('',#1451,#1435,#309,.T.);
#1861=EDGE_CURVE('',#1452,#1453,#310,.T.);
#1862=EDGE_CURVE('',#1453,#1454,#311,.T.);
#1863=EDGE_CURVE('',#1454,#1436,#312,.T.);
#1864=EDGE_CURVE('',#1451,#1452,#313,.T.);
#1865=EDGE_CURVE('',#1455,#1402,#314,.T.);
#1866=EDGE_CURVE('',#1455,#1454,#315,.T.);
#1867=EDGE_CURVE('',#1399,#1396,#1140,.T.);
#1868=EDGE_CURVE('',#1385,#1382,#1141,.T.);
#1869=EDGE_CURVE('',#1357,#1410,#1142,.T.);
#1870=EDGE_CURVE('',#1371,#1368,#1143,.T.);
#1871=EDGE_CURVE('',#1348,#1345,#1144,.T.);
#1872=EDGE_CURVE('',#1347,#1346,#1145,.T.);
#1873=EDGE_CURVE('',#1352,#1349,#1146,.T.);
#1874=EDGE_CURVE('',#1416,#1413,#1147,.T.);
#1875=EDGE_CURVE('',#1421,#1418,#1148,.T.);
#1876=EDGE_CURVE('',#1420,#1419,#1149,.T.);
#1877=EDGE_CURVE('',#1351,#1350,#1150,.T.);
#1878=EDGE_CURVE('',#1415,#1414,#1151,.T.);
#1879=EDGE_CURVE('',#1370,#1369,#1152,.T.);
#1880=EDGE_CURVE('',#1356,#1411,#1153,.T.);
#1881=EDGE_CURVE('',#1384,#1383,#1154,.T.);
#1882=EDGE_CURVE('',#1398,#1397,#1155,.T.);
#1883=EDGE_CURVE('',#1456,#1457,#884,.T.);
#1884=EDGE_CURVE('',#1458,#1456,#885,.T.);
#1885=EDGE_CURVE('',#1459,#1458,#886,.T.);
#1886=EDGE_CURVE('',#1460,#1459,#887,.T.);
#1887=EDGE_CURVE('',#1461,#1460,#888,.T.);
#1888=EDGE_CURVE('',#1457,#1461,#889,.T.);
#1889=EDGE_CURVE('',#1462,#1462,#1156,.T.);
#1890=EDGE_CURVE('',#1463,#1463,#1157,.T.);
#1891=EDGE_CURVE('',#1463,#1464,#1158,.T.);
#1892=EDGE_CURVE('',#1464,#1465,#1159,.T.);
#1893=EDGE_CURVE('',#1465,#1464,#1160,.T.);
#1894=EDGE_CURVE('',#1465,#1437,#890,.T.);
#1895=EDGE_CURVE('',#1466,#1467,#891,.T.);
#1896=EDGE_CURVE('',#1467,#1468,#892,.T.);
#1897=EDGE_CURVE('',#1468,#1469,#893,.T.);
#1898=EDGE_CURVE('',#1469,#1470,#894,.T.);
#1899=EDGE_CURVE('',#1470,#1471,#895,.T.);
#1900=EDGE_CURVE('',#1471,#1466,#896,.T.);
#1901=EDGE_CURVE('',#1457,#1466,#897,.T.);
#1902=EDGE_CURVE('',#1471,#1456,#898,.T.);
#1903=EDGE_CURVE('',#1470,#1458,#899,.T.);
#1904=EDGE_CURVE('',#1469,#1459,#900,.T.);
#1905=EDGE_CURVE('',#1468,#1460,#901,.T.);
#1906=EDGE_CURVE('',#1467,#1461,#902,.T.);
#1907=EDGE_CURVE('',#1472,#1472,#1161,.T.);
#1908=EDGE_CURVE('',#1472,#1473,#1162,.T.);
#1909=EDGE_CURVE('',#1473,#1474,#1163,.T.);
#1910=EDGE_CURVE('',#1474,#1473,#1164,.T.);
#1911=EDGE_CURVE('',#1474,#1322,#903,.T.);
#1912=EDGE_CURVE('',#1475,#1475,#1165,.T.);
#1913=EDGE_CURVE('',#1475,#1462,#904,.T.);
#1914=EDGE_CURVE('',#1405,#1452,#1166,.T.);
#1915=EDGE_CURVE('',#1404,#1453,#1167,.T.);
#1916=EDGE_CURVE('',#1391,#1426,#1168,.T.);
#1917=EDGE_CURVE('',#1377,#1440,#1169,.T.);
#1918=EDGE_CURVE('',#1353,#1342,#1170,.T.);
#1919=EDGE_CURVE('',#1412,#1341,#1171,.T.);
#1920=EDGE_CURVE('',#1417,#1326,#1172,.T.);
#1921=EDGE_CURVE('',#1422,#1296,#1173,.T.);
#1922=ORIENTED_EDGE('',*,*,#1476,.F.);
#1923=ORIENTED_EDGE('',*,*,#1477,.T.);
#1924=ORIENTED_EDGE('',*,*,#1478,.F.);
#1925=ORIENTED_EDGE('',*,*,#1477,.F.);
#1926=ORIENTED_EDGE('',*,*,#1479,.F.);
#1927=ORIENTED_EDGE('',*,*,#1478,.T.);
#1928=ORIENTED_EDGE('',*,*,#1480,.F.);
#1929=ORIENTED_EDGE('',*,*,#1481,.T.);
#1930=ORIENTED_EDGE('',*,*,#1479,.T.);
#1931=ORIENTED_EDGE('',*,*,#1481,.F.);
#1932=ORIENTED_EDGE('',*,*,#1480,.T.);
#1933=ORIENTED_EDGE('',*,*,#1476,.T.);
#1934=ORIENTED_EDGE('',*,*,#1482,.F.);
#1935=ORIENTED_EDGE('',*,*,#1483,.T.);
#1936=ORIENTED_EDGE('',*,*,#1484,.T.);
#1937=ORIENTED_EDGE('',*,*,#1485,.T.);
#1938=ORIENTED_EDGE('',*,*,#1486,.F.);
#1939=ORIENTED_EDGE('',*,*,#1487,.T.);
#1940=ORIENTED_EDGE('',*,*,#1482,.T.);
#1941=ORIENTED_EDGE('',*,*,#1488,.T.);
#1942=ORIENTED_EDGE('',*,*,#1489,.F.);
#1943=ORIENTED_EDGE('',*,*,#1490,.T.);
#1944=ORIENTED_EDGE('',*,*,#1486,.T.);
#1945=ORIENTED_EDGE('',*,*,#1491,.T.);
#1946=ORIENTED_EDGE('',*,*,#1492,.F.);
#1947=ORIENTED_EDGE('',*,*,#1493,.T.);
#1948=ORIENTED_EDGE('',*,*,#1489,.T.);
#1949=ORIENTED_EDGE('',*,*,#1494,.T.);
#1950=ORIENTED_EDGE('',*,*,#1495,.F.);
#1951=ORIENTED_EDGE('',*,*,#1496,.F.);
#1952=ORIENTED_EDGE('',*,*,#1497,.T.);
#1953=ORIENTED_EDGE('',*,*,#1498,.T.);
#1954=ORIENTED_EDGE('',*,*,#1499,.F.);
#1955=ORIENTED_EDGE('',*,*,#1500,.F.);
#1956=ORIENTED_EDGE('',*,*,#1495,.T.);
#1957=ORIENTED_EDGE('',*,*,#1501,.T.);
#1958=ORIENTED_EDGE('',*,*,#1502,.F.);
#1959=ORIENTED_EDGE('',*,*,#1503,.F.);
#1960=ORIENTED_EDGE('',*,*,#1499,.T.);
#1961=ORIENTED_EDGE('',*,*,#1504,.T.);
#1962=ORIENTED_EDGE('',*,*,#1505,.F.);
#1963=ORIENTED_EDGE('',*,*,#1506,.F.);
#1964=ORIENTED_EDGE('',*,*,#1502,.T.);
#1965=ORIENTED_EDGE('',*,*,#1507,.T.);
#1966=ORIENTED_EDGE('',*,*,#1508,.F.);
#1967=ORIENTED_EDGE('',*,*,#1509,.F.);
#1968=ORIENTED_EDGE('',*,*,#1505,.T.);
#1969=ORIENTED_EDGE('',*,*,#1510,.T.);
#1970=ORIENTED_EDGE('',*,*,#1508,.T.);
#1971=ORIENTED_EDGE('',*,*,#1511,.T.);
#1972=ORIENTED_EDGE('',*,*,#1512,.F.);
#1973=ORIENTED_EDGE('',*,*,#1513,.F.);
#1974=ORIENTED_EDGE('',*,*,#1492,.T.);
#1975=ORIENTED_EDGE('',*,*,#1514,.T.);
#1976=ORIENTED_EDGE('',*,*,#1515,.F.);
#1977=ORIENTED_EDGE('',*,*,#1516,.F.);
#1978=ORIENTED_EDGE('',*,*,#1517,.T.);
#1979=ORIENTED_EDGE('',*,*,#1518,.F.);
#1980=ORIENTED_EDGE('',*,*,#1519,.T.);
#1981=ORIENTED_EDGE('',*,*,#1520,.T.);
#1982=ORIENTED_EDGE('',*,*,#1519,.F.);
#1983=ORIENTED_EDGE('',*,*,#1521,.F.);
#1984=ORIENTED_EDGE('',*,*,#1522,.T.);
#1985=ORIENTED_EDGE('',*,*,#1518,.T.);
#1986=ORIENTED_EDGE('',*,*,#1522,.F.);
#1987=ORIENTED_EDGE('',*,*,#1523,.F.);
#1988=ORIENTED_EDGE('',*,*,#1524,.T.);
#1989=ORIENTED_EDGE('',*,*,#1521,.T.);
#1990=ORIENTED_EDGE('',*,*,#1524,.F.);
#1991=ORIENTED_EDGE('',*,*,#1523,.T.);
#1992=ORIENTED_EDGE('',*,*,#1525,.F.);
#1993=ORIENTED_EDGE('',*,*,#1526,.F.);
#1994=ORIENTED_EDGE('',*,*,#1527,.F.);
#1995=ORIENTED_EDGE('',*,*,#1528,.F.);
#1996=ORIENTED_EDGE('',*,*,#1529,.F.);
#1997=ORIENTED_EDGE('',*,*,#1530,.F.);
#1998=ORIENTED_EDGE('',*,*,#1531,.F.);
#1999=ORIENTED_EDGE('',*,*,#1532,.F.);
#2000=ORIENTED_EDGE('',*,*,#1533,.F.);
#2001=ORIENTED_EDGE('',*,*,#1534,.F.);
#2002=ORIENTED_EDGE('',*,*,#1535,.F.);
#2003=ORIENTED_EDGE('',*,*,#1536,.F.);
#2004=ORIENTED_EDGE('',*,*,#1537,.F.);
#2005=ORIENTED_EDGE('',*,*,#1538,.F.);
#2006=ORIENTED_EDGE('',*,*,#1539,.F.);
#2007=ORIENTED_EDGE('',*,*,#1540,.F.);
#2008=ORIENTED_EDGE('',*,*,#1541,.F.);
#2009=ORIENTED_EDGE('',*,*,#1542,.F.);
#2010=ORIENTED_EDGE('',*,*,#1543,.F.);
#2011=ORIENTED_EDGE('',*,*,#1544,.F.);
#2012=ORIENTED_EDGE('',*,*,#1545,.F.);
#2013=ORIENTED_EDGE('',*,*,#1546,.F.);
#2014=ORIENTED_EDGE('',*,*,#1547,.F.);
#2015=ORIENTED_EDGE('',*,*,#1548,.F.);
#2016=ORIENTED_EDGE('',*,*,#1549,.F.);
#2017=ORIENTED_EDGE('',*,*,#1550,.F.);
#2018=ORIENTED_EDGE('',*,*,#1551,.F.);
#2019=ORIENTED_EDGE('',*,*,#1552,.F.);
#2020=ORIENTED_EDGE('',*,*,#1553,.F.);
#2021=ORIENTED_EDGE('',*,*,#1554,.F.);
#2022=ORIENTED_EDGE('',*,*,#1555,.F.);
#2023=ORIENTED_EDGE('',*,*,#1556,.F.);
#2024=ORIENTED_EDGE('',*,*,#1557,.F.);
#2025=ORIENTED_EDGE('',*,*,#1558,.F.);
#2026=ORIENTED_EDGE('',*,*,#1533,.T.);
#2027=ORIENTED_EDGE('',*,*,#1559,.T.);
#2028=ORIENTED_EDGE('',*,*,#1560,.F.);
#2029=ORIENTED_EDGE('',*,*,#1561,.F.);
#2030=ORIENTED_EDGE('',*,*,#1541,.T.);
#2031=ORIENTED_EDGE('',*,*,#1562,.T.);
#2032=ORIENTED_EDGE('',*,*,#1563,.F.);
#2033=ORIENTED_EDGE('',*,*,#1564,.F.);
#2034=ORIENTED_EDGE('',*,*,#1549,.T.);
#2035=ORIENTED_EDGE('',*,*,#1565,.T.);
#2036=ORIENTED_EDGE('',*,*,#1520,.F.);
#2037=ORIENTED_EDGE('',*,*,#1515,.T.);
#2038=ORIENTED_EDGE('',*,*,#1566,.T.);
#2039=ORIENTED_EDGE('',*,*,#1512,.T.);
#2040=ORIENTED_EDGE('',*,*,#1567,.T.);
#2041=ORIENTED_EDGE('',*,*,#1568,.T.);
#2042=ORIENTED_EDGE('',*,*,#1569,.T.);
#2043=ORIENTED_EDGE('',*,*,#1557,.T.);
#2044=ORIENTED_EDGE('',*,*,#1570,.T.);
#2045=ORIENTED_EDGE('',*,*,#1571,.T.);
#2046=ORIENTED_EDGE('',*,*,#1572,.T.);
#2047=ORIENTED_EDGE('',*,*,#1573,.T.);
#2048=ORIENTED_EDGE('',*,*,#1574,.T.);
#2049=ORIENTED_EDGE('',*,*,#1575,.T.);
#2050=ORIENTED_EDGE('',*,*,#1576,.T.);
#2051=ORIENTED_EDGE('',*,*,#1577,.T.);
#2052=ORIENTED_EDGE('',*,*,#1578,.T.);
#2053=ORIENTED_EDGE('',*,*,#1579,.T.);
#2054=ORIENTED_EDGE('',*,*,#1580,.T.);
#2055=ORIENTED_EDGE('',*,*,#1581,.T.);
#2056=ORIENTED_EDGE('',*,*,#1582,.T.);
#2057=ORIENTED_EDGE('',*,*,#1583,.T.);
#2058=ORIENTED_EDGE('',*,*,#1584,.T.);
#2059=ORIENTED_EDGE('',*,*,#1563,.T.);
#2060=ORIENTED_EDGE('',*,*,#1585,.T.);
#2061=ORIENTED_EDGE('',*,*,#1586,.T.);
#2062=ORIENTED_EDGE('',*,*,#1587,.T.);
#2063=ORIENTED_EDGE('',*,*,#1588,.T.);
#2064=ORIENTED_EDGE('',*,*,#1589,.T.);
#2065=ORIENTED_EDGE('',*,*,#1590,.T.);
#2066=ORIENTED_EDGE('',*,*,#1591,.T.);
#2067=ORIENTED_EDGE('',*,*,#1560,.T.);
#2068=ORIENTED_EDGE('',*,*,#1592,.T.);
#2069=ORIENTED_EDGE('',*,*,#1593,.T.);
#2070=ORIENTED_EDGE('',*,*,#1594,.T.);
#2071=ORIENTED_EDGE('',*,*,#1595,.T.);
#2072=ORIENTED_EDGE('',*,*,#1596,.T.);
#2073=ORIENTED_EDGE('',*,*,#1597,.T.);
#2074=ORIENTED_EDGE('',*,*,#1532,.T.);
#2075=ORIENTED_EDGE('',*,*,#1598,.T.);
#2076=ORIENTED_EDGE('',*,*,#1570,.F.);
#2077=ORIENTED_EDGE('',*,*,#1559,.F.);
#2078=ORIENTED_EDGE('',*,*,#1531,.T.);
#2079=ORIENTED_EDGE('',*,*,#1599,.T.);
#2080=ORIENTED_EDGE('',*,*,#1571,.F.);
#2081=ORIENTED_EDGE('',*,*,#1598,.F.);
#2082=ORIENTED_EDGE('',*,*,#1530,.T.);
#2083=ORIENTED_EDGE('',*,*,#1600,.T.);
#2084=ORIENTED_EDGE('',*,*,#1572,.F.);
#2085=ORIENTED_EDGE('',*,*,#1599,.F.);
#2086=ORIENTED_EDGE('',*,*,#1529,.T.);
#2087=ORIENTED_EDGE('',*,*,#1601,.T.);
#2088=ORIENTED_EDGE('',*,*,#1573,.F.);
#2089=ORIENTED_EDGE('',*,*,#1600,.F.);
#2090=ORIENTED_EDGE('',*,*,#1528,.T.);
#2091=ORIENTED_EDGE('',*,*,#1602,.T.);
#2092=ORIENTED_EDGE('',*,*,#1574,.F.);
#2093=ORIENTED_EDGE('',*,*,#1601,.F.);
#2094=ORIENTED_EDGE('',*,*,#1527,.T.);
#2095=ORIENTED_EDGE('',*,*,#1603,.T.);
#2096=ORIENTED_EDGE('',*,*,#1575,.F.);
#2097=ORIENTED_EDGE('',*,*,#1602,.F.);
#2098=ORIENTED_EDGE('',*,*,#1526,.T.);
#2099=ORIENTED_EDGE('',*,*,#1604,.T.);
#2100=ORIENTED_EDGE('',*,*,#1576,.F.);
#2101=ORIENTED_EDGE('',*,*,#1603,.F.);
#2102=ORIENTED_EDGE('',*,*,#1525,.T.);
#2103=ORIENTED_EDGE('',*,*,#1605,.T.);
#2104=ORIENTED_EDGE('',*,*,#1577,.F.);
#2105=ORIENTED_EDGE('',*,*,#1604,.F.);
#2106=ORIENTED_EDGE('',*,*,#1556,.T.);
#2107=ORIENTED_EDGE('',*,*,#1606,.T.);
#2108=ORIENTED_EDGE('',*,*,#1578,.F.);
#2109=ORIENTED_EDGE('',*,*,#1605,.F.);
#2110=ORIENTED_EDGE('',*,*,#1555,.T.);
#2111=ORIENTED_EDGE('',*,*,#1607,.T.);
#2112=ORIENTED_EDGE('',*,*,#1579,.F.);
#2113=ORIENTED_EDGE('',*,*,#1606,.F.);
#2114=ORIENTED_EDGE('',*,*,#1554,.T.);
#2115=ORIENTED_EDGE('',*,*,#1608,.T.);
#2116=ORIENTED_EDGE('',*,*,#1580,.F.);
#2117=ORIENTED_EDGE('',*,*,#1607,.F.);
#2118=ORIENTED_EDGE('',*,*,#1553,.T.);
#2119=ORIENTED_EDGE('',*,*,#1609,.T.);
#2120=ORIENTED_EDGE('',*,*,#1581,.F.);
#2121=ORIENTED_EDGE('',*,*,#1608,.F.);
#2122=ORIENTED_EDGE('',*,*,#1552,.T.);
#2123=ORIENTED_EDGE('',*,*,#1610,.T.);
#2124=ORIENTED_EDGE('',*,*,#1582,.F.);
#2125=ORIENTED_EDGE('',*,*,#1609,.F.);
#2126=ORIENTED_EDGE('',*,*,#1551,.T.);
#2127=ORIENTED_EDGE('',*,*,#1611,.T.);
#2128=ORIENTED_EDGE('',*,*,#1583,.F.);
#2129=ORIENTED_EDGE('',*,*,#1610,.F.);
#2130=ORIENTED_EDGE('',*,*,#1550,.T.);
#2131=ORIENTED_EDGE('',*,*,#1564,.T.);
#2132=ORIENTED_EDGE('',*,*,#1584,.F.);
#2133=ORIENTED_EDGE('',*,*,#1611,.F.);
#2134=ORIENTED_EDGE('',*,*,#1548,.T.);
#2135=ORIENTED_EDGE('',*,*,#1612,.T.);
#2136=ORIENTED_EDGE('',*,*,#1585,.F.);
#2137=ORIENTED_EDGE('',*,*,#1565,.F.);
#2138=ORIENTED_EDGE('',*,*,#1547,.T.);
#2139=ORIENTED_EDGE('',*,*,#1613,.T.);
#2140=ORIENTED_EDGE('',*,*,#1586,.F.);
#2141=ORIENTED_EDGE('',*,*,#1612,.F.);
#2142=ORIENTED_EDGE('',*,*,#1546,.T.);
#2143=ORIENTED_EDGE('',*,*,#1614,.T.);
#2144=ORIENTED_EDGE('',*,*,#1587,.F.);
#2145=ORIENTED_EDGE('',*,*,#1613,.F.);
#2146=ORIENTED_EDGE('',*,*,#1545,.T.);
#2147=ORIENTED_EDGE('',*,*,#1615,.T.);
#2148=ORIENTED_EDGE('',*,*,#1588,.F.);
#2149=ORIENTED_EDGE('',*,*,#1614,.F.);
#2150=ORIENTED_EDGE('',*,*,#1544,.T.);
#2151=ORIENTED_EDGE('',*,*,#1616,.T.);
#2152=ORIENTED_EDGE('',*,*,#1589,.F.);
#2153=ORIENTED_EDGE('',*,*,#1615,.F.);
#2154=ORIENTED_EDGE('',*,*,#1543,.T.);
#2155=ORIENTED_EDGE('',*,*,#1617,.T.);
#2156=ORIENTED_EDGE('',*,*,#1590,.F.);
#2157=ORIENTED_EDGE('',*,*,#1616,.F.);
#2158=ORIENTED_EDGE('',*,*,#1542,.T.);
#2159=ORIENTED_EDGE('',*,*,#1561,.T.);
#2160=ORIENTED_EDGE('',*,*,#1591,.F.);
#2161=ORIENTED_EDGE('',*,*,#1617,.F.);
#2162=ORIENTED_EDGE('',*,*,#1540,.T.);
#2163=ORIENTED_EDGE('',*,*,#1618,.T.);
#2164=ORIENTED_EDGE('',*,*,#1592,.F.);
#2165=ORIENTED_EDGE('',*,*,#1562,.F.);
#2166=ORIENTED_EDGE('',*,*,#1539,.T.);
#2167=ORIENTED_EDGE('',*,*,#1619,.T.);
#2168=ORIENTED_EDGE('',*,*,#1593,.F.);
#2169=ORIENTED_EDGE('',*,*,#1618,.F.);
#2170=ORIENTED_EDGE('',*,*,#1538,.T.);
#2171=ORIENTED_EDGE('',*,*,#1620,.T.);
#2172=ORIENTED_EDGE('',*,*,#1594,.F.);
#2173=ORIENTED_EDGE('',*,*,#1619,.F.);
#2174=ORIENTED_EDGE('',*,*,#1537,.T.);
#2175=ORIENTED_EDGE('',*,*,#1621,.T.);
#2176=ORIENTED_EDGE('',*,*,#1595,.F.);
#2177=ORIENTED_EDGE('',*,*,#1620,.F.);
#2178=ORIENTED_EDGE('',*,*,#1536,.T.);
#2179=ORIENTED_EDGE('',*,*,#1622,.T.);
#2180=ORIENTED_EDGE('',*,*,#1596,.F.);
#2181=ORIENTED_EDGE('',*,*,#1621,.F.);
#2182=ORIENTED_EDGE('',*,*,#1535,.T.);
#2183=ORIENTED_EDGE('',*,*,#1623,.T.);
#2184=ORIENTED_EDGE('',*,*,#1597,.F.);
#2185=ORIENTED_EDGE('',*,*,#1622,.F.);
#2186=ORIENTED_EDGE('',*,*,#1534,.T.);
#2187=ORIENTED_EDGE('',*,*,#1558,.T.);
#2188=ORIENTED_EDGE('',*,*,#1569,.F.);
#2189=ORIENTED_EDGE('',*,*,#1623,.F.);
#2190=ORIENTED_EDGE('',*,*,#1624,.F.);
#2191=ORIENTED_EDGE('',*,*,#1625,.T.);
#2192=ORIENTED_EDGE('',*,*,#1626,.F.);
#2193=ORIENTED_EDGE('',*,*,#1497,.F.);
#2194=ORIENTED_EDGE('',*,*,#1625,.F.);
#2195=ORIENTED_EDGE('',*,*,#1627,.T.);
#2196=ORIENTED_EDGE('',*,*,#1484,.F.);
#2197=ORIENTED_EDGE('',*,*,#1628,.T.);
#2198=ORIENTED_EDGE('',*,*,#1516,.T.);
#2199=ORIENTED_EDGE('',*,*,#1568,.F.);
#2200=ORIENTED_EDGE('',*,*,#1629,.T.);
#2201=ORIENTED_EDGE('',*,*,#1624,.T.);
#2202=ORIENTED_EDGE('',*,*,#1496,.T.);
#2203=ORIENTED_EDGE('',*,*,#1500,.T.);
#2204=ORIENTED_EDGE('',*,*,#1503,.T.);
#2205=ORIENTED_EDGE('',*,*,#1506,.T.);
#2206=ORIENTED_EDGE('',*,*,#1509,.T.);
#2207=ORIENTED_EDGE('',*,*,#1513,.T.);
#2208=ORIENTED_EDGE('',*,*,#1566,.F.);
#2209=ORIENTED_EDGE('',*,*,#1514,.F.);
#2210=ORIENTED_EDGE('',*,*,#1494,.F.);
#2211=ORIENTED_EDGE('',*,*,#1491,.F.);
#2212=ORIENTED_EDGE('',*,*,#1488,.F.);
#2213=ORIENTED_EDGE('',*,*,#1485,.F.);
#2214=ORIENTED_EDGE('',*,*,#1627,.F.);
#2215=ORIENTED_EDGE('',*,*,#1626,.T.);
#2216=ORIENTED_EDGE('',*,*,#1628,.F.);
#2217=ORIENTED_EDGE('',*,*,#1483,.F.);
#2218=ORIENTED_EDGE('',*,*,#1487,.F.);
#2219=ORIENTED_EDGE('',*,*,#1490,.F.);
#2220=ORIENTED_EDGE('',*,*,#1493,.F.);
#2221=ORIENTED_EDGE('',*,*,#1517,.F.);
#2222=ORIENTED_EDGE('',*,*,#1629,.F.);
#2223=ORIENTED_EDGE('',*,*,#1567,.F.);
#2224=ORIENTED_EDGE('',*,*,#1511,.F.);
#2225=ORIENTED_EDGE('',*,*,#1510,.F.);
#2226=ORIENTED_EDGE('',*,*,#1507,.F.);
#2227=ORIENTED_EDGE('',*,*,#1504,.F.);
#2228=ORIENTED_EDGE('',*,*,#1501,.F.);
#2229=ORIENTED_EDGE('',*,*,#1498,.F.);
#2230=ORIENTED_EDGE('',*,*,#1630,.F.);
#2231=ORIENTED_EDGE('',*,*,#1631,.T.);
#2232=ORIENTED_EDGE('',*,*,#1632,.T.);
#2233=ORIENTED_EDGE('',*,*,#1631,.F.);
#2234=ORIENTED_EDGE('',*,*,#1630,.T.);
#2235=ORIENTED_EDGE('',*,*,#1632,.F.);
#2236=ORIENTED_EDGE('',*,*,#1633,.F.);
#2237=ORIENTED_EDGE('',*,*,#1634,.T.);
#2238=ORIENTED_EDGE('',*,*,#1635,.T.);
#2239=ORIENTED_EDGE('',*,*,#1634,.F.);
#2240=ORIENTED_EDGE('',*,*,#1633,.T.);
#2241=ORIENTED_EDGE('',*,*,#1635,.F.);
#2242=ORIENTED_EDGE('',*,*,#1636,.F.);
#2243=ORIENTED_EDGE('',*,*,#1637,.T.);
#2244=ORIENTED_EDGE('',*,*,#1638,.T.);
#2245=ORIENTED_EDGE('',*,*,#1637,.F.);
#2246=ORIENTED_EDGE('',*,*,#1636,.T.);
#2247=ORIENTED_EDGE('',*,*,#1638,.F.);
#2248=ORIENTED_EDGE('',*,*,#1639,.F.);
#2249=ORIENTED_EDGE('',*,*,#1640,.T.);
#2250=ORIENTED_EDGE('',*,*,#1641,.T.);
#2251=ORIENTED_EDGE('',*,*,#1640,.F.);
#2252=ORIENTED_EDGE('',*,*,#1639,.T.);
#2253=ORIENTED_EDGE('',*,*,#1641,.F.);
#2254=ORIENTED_EDGE('',*,*,#1642,.F.);
#2255=ORIENTED_EDGE('',*,*,#1643,.T.);
#2256=ORIENTED_EDGE('',*,*,#1644,.T.);
#2257=ORIENTED_EDGE('',*,*,#1643,.F.);
#2258=ORIENTED_EDGE('',*,*,#1642,.T.);
#2259=ORIENTED_EDGE('',*,*,#1644,.F.);
#2260=ORIENTED_EDGE('',*,*,#1645,.F.);
#2261=ORIENTED_EDGE('',*,*,#1646,.T.);
#2262=ORIENTED_EDGE('',*,*,#1647,.T.);
#2263=ORIENTED_EDGE('',*,*,#1646,.F.);
#2264=ORIENTED_EDGE('',*,*,#1645,.T.);
#2265=ORIENTED_EDGE('',*,*,#1647,.F.);
#2266=ORIENTED_EDGE('',*,*,#1648,.F.);
#2267=ORIENTED_EDGE('',*,*,#1649,.T.);
#2268=ORIENTED_EDGE('',*,*,#1650,.T.);
#2269=ORIENTED_EDGE('',*,*,#1649,.F.);
#2270=ORIENTED_EDGE('',*,*,#1648,.T.);
#2271=ORIENTED_EDGE('',*,*,#1650,.F.);
#2272=ORIENTED_EDGE('',*,*,#1651,.F.);
#2273=ORIENTED_EDGE('',*,*,#1652,.T.);
#2274=ORIENTED_EDGE('',*,*,#1653,.T.);
#2275=ORIENTED_EDGE('',*,*,#1652,.F.);
#2276=ORIENTED_EDGE('',*,*,#1651,.T.);
#2277=ORIENTED_EDGE('',*,*,#1653,.F.);
#2278=ORIENTED_EDGE('',*,*,#1654,.T.);
#2279=ORIENTED_EDGE('',*,*,#1655,.T.);
#2280=ORIENTED_EDGE('',*,*,#1656,.T.);
#2281=ORIENTED_EDGE('',*,*,#1657,.T.);
#2282=ORIENTED_EDGE('',*,*,#1658,.T.);
#2283=ORIENTED_EDGE('',*,*,#1659,.T.);
#2284=ORIENTED_EDGE('',*,*,#1660,.T.);
#2285=ORIENTED_EDGE('',*,*,#1661,.T.);
#2286=ORIENTED_EDGE('',*,*,#1657,.F.);
#2287=ORIENTED_EDGE('',*,*,#1662,.T.);
#2288=ORIENTED_EDGE('',*,*,#1663,.T.);
#2289=ORIENTED_EDGE('',*,*,#1664,.T.);
#2290=ORIENTED_EDGE('',*,*,#1665,.T.);
#2291=ORIENTED_EDGE('',*,*,#1660,.F.);
#2292=ORIENTED_EDGE('',*,*,#1654,.F.);
#2293=ORIENTED_EDGE('',*,*,#1661,.F.);
#2294=ORIENTED_EDGE('',*,*,#1665,.F.);
#2295=ORIENTED_EDGE('',*,*,#1666,.T.);
#2296=ORIENTED_EDGE('',*,*,#1667,.F.);
#2297=ORIENTED_EDGE('',*,*,#1668,.T.);
#2298=ORIENTED_EDGE('',*,*,#1669,.F.);
#2299=ORIENTED_EDGE('',*,*,#1670,.F.);
#2300=ORIENTED_EDGE('',*,*,#1671,.F.);
#2301=ORIENTED_EDGE('',*,*,#1672,.T.);
#2302=ORIENTED_EDGE('',*,*,#1673,.F.);
#2303=ORIENTED_EDGE('',*,*,#1674,.T.);
#2304=ORIENTED_EDGE('',*,*,#1675,.F.);
#2305=ORIENTED_EDGE('',*,*,#1676,.F.);
#2306=ORIENTED_EDGE('',*,*,#1677,.F.);
#2307=ORIENTED_EDGE('',*,*,#1678,.T.);
#2308=ORIENTED_EDGE('',*,*,#1679,.F.);
#2309=ORIENTED_EDGE('',*,*,#1680,.T.);
#2310=ORIENTED_EDGE('',*,*,#1681,.F.);
#2311=ORIENTED_EDGE('',*,*,#1682,.F.);
#2312=ORIENTED_EDGE('',*,*,#1683,.F.);
#2313=ORIENTED_EDGE('',*,*,#1684,.T.);
#2314=ORIENTED_EDGE('',*,*,#1685,.F.);
#2315=ORIENTED_EDGE('',*,*,#1686,.T.);
#2316=ORIENTED_EDGE('',*,*,#1687,.T.);
#2317=ORIENTED_EDGE('',*,*,#1663,.F.);
#2318=ORIENTED_EDGE('',*,*,#1659,.F.);
#2319=ORIENTED_EDGE('',*,*,#1688,.F.);
#2320=ORIENTED_EDGE('',*,*,#1689,.F.);
#2321=ORIENTED_EDGE('',*,*,#1669,.T.);
#2322=ORIENTED_EDGE('',*,*,#1690,.T.);
#2323=ORIENTED_EDGE('',*,*,#1691,.T.);
#2324=ORIENTED_EDGE('',*,*,#1692,.T.);
#2325=ORIENTED_EDGE('',*,*,#1693,.T.);
#2326=ORIENTED_EDGE('',*,*,#1694,.T.);
#2327=ORIENTED_EDGE('',*,*,#1695,.T.);
#2328=ORIENTED_EDGE('',*,*,#1670,.T.);
#2329=ORIENTED_EDGE('',*,*,#1692,.F.);
#2330=ORIENTED_EDGE('',*,*,#1696,.T.);
#2331=ORIENTED_EDGE('',*,*,#1697,.T.);
#2332=ORIENTED_EDGE('',*,*,#1698,.T.);
#2333=ORIENTED_EDGE('',*,*,#1671,.T.);
#2334=ORIENTED_EDGE('',*,*,#1695,.F.);
#2335=ORIENTED_EDGE('',*,*,#1697,.F.);
#2336=ORIENTED_EDGE('',*,*,#1694,.F.);
#2337=ORIENTED_EDGE('',*,*,#1699,.F.);
#2338=ORIENTED_EDGE('',*,*,#1700,.F.);
#2339=ORIENTED_EDGE('',*,*,#1681,.T.);
#2340=ORIENTED_EDGE('',*,*,#1701,.T.);
#2341=ORIENTED_EDGE('',*,*,#1702,.T.);
#2342=ORIENTED_EDGE('',*,*,#1703,.T.);
#2343=ORIENTED_EDGE('',*,*,#1682,.T.);
#2344=ORIENTED_EDGE('',*,*,#1703,.F.);
#2345=ORIENTED_EDGE('',*,*,#1704,.T.);
#2346=ORIENTED_EDGE('',*,*,#1705,.T.);
#2347=ORIENTED_EDGE('',*,*,#1706,.T.);
#2348=ORIENTED_EDGE('',*,*,#1707,.T.);
#2349=ORIENTED_EDGE('',*,*,#1708,.T.);
#2350=ORIENTED_EDGE('',*,*,#1709,.T.);
#2351=ORIENTED_EDGE('',*,*,#1683,.T.);
#2352=ORIENTED_EDGE('',*,*,#1707,.F.);
#2353=ORIENTED_EDGE('',*,*,#1705,.F.);
#2354=ORIENTED_EDGE('',*,*,#1710,.F.);
#2355=ORIENTED_EDGE('',*,*,#1711,.F.);
#2356=ORIENTED_EDGE('',*,*,#1712,.T.);
#2357=ORIENTED_EDGE('',*,*,#1702,.F.);
#2358=ORIENTED_EDGE('',*,*,#1713,.F.);
#2359=ORIENTED_EDGE('',*,*,#1710,.T.);
#2360=ORIENTED_EDGE('',*,*,#1704,.F.);
#2361=ORIENTED_EDGE('',*,*,#1675,.T.);
#2362=ORIENTED_EDGE('',*,*,#1714,.T.);
#2363=ORIENTED_EDGE('',*,*,#1715,.T.);
#2364=ORIENTED_EDGE('',*,*,#1716,.T.);
#2365=ORIENTED_EDGE('',*,*,#1717,.T.);
#2366=ORIENTED_EDGE('',*,*,#1718,.T.);
#2367=ORIENTED_EDGE('',*,*,#1719,.T.);
#2368=ORIENTED_EDGE('',*,*,#1676,.T.);
#2369=ORIENTED_EDGE('',*,*,#1716,.F.);
#2370=ORIENTED_EDGE('',*,*,#1720,.T.);
#2371=ORIENTED_EDGE('',*,*,#1721,.T.);
#2372=ORIENTED_EDGE('',*,*,#1722,.T.);
#2373=ORIENTED_EDGE('',*,*,#1677,.T.);
#2374=ORIENTED_EDGE('',*,*,#1719,.F.);
#2375=ORIENTED_EDGE('',*,*,#1655,.F.);
#2376=ORIENTED_EDGE('',*,*,#1686,.F.);
#2377=ORIENTED_EDGE('',*,*,#1723,.F.);
#2378=ORIENTED_EDGE('',*,*,#1724,.T.);
#2379=ORIENTED_EDGE('',*,*,#1725,.T.);
#2380=ORIENTED_EDGE('',*,*,#1726,.T.);
#2381=ORIENTED_EDGE('',*,*,#1727,.F.);
#2382=ORIENTED_EDGE('',*,*,#1684,.F.);
#2383=ORIENTED_EDGE('',*,*,#1709,.F.);
#2384=ORIENTED_EDGE('',*,*,#1728,.T.);
#2385=ORIENTED_EDGE('',*,*,#1711,.T.);
#2386=ORIENTED_EDGE('',*,*,#1713,.T.);
#2387=ORIENTED_EDGE('',*,*,#1701,.F.);
#2388=ORIENTED_EDGE('',*,*,#1680,.F.);
#2389=ORIENTED_EDGE('',*,*,#1729,.F.);
#2390=ORIENTED_EDGE('',*,*,#1730,.T.);
#2391=ORIENTED_EDGE('',*,*,#1731,.T.);
#2392=ORIENTED_EDGE('',*,*,#1732,.T.);
#2393=ORIENTED_EDGE('',*,*,#1733,.F.);
#2394=ORIENTED_EDGE('',*,*,#1678,.F.);
#2395=ORIENTED_EDGE('',*,*,#1722,.F.);
#2396=ORIENTED_EDGE('',*,*,#1734,.T.);
#2397=ORIENTED_EDGE('',*,*,#1735,.T.);
#2398=ORIENTED_EDGE('',*,*,#1736,.T.);
#2399=ORIENTED_EDGE('',*,*,#1737,.T.);
#2400=ORIENTED_EDGE('',*,*,#1738,.T.);
#2401=ORIENTED_EDGE('',*,*,#1739,.F.);
#2402=ORIENTED_EDGE('',*,*,#1740,.T.);
#2403=ORIENTED_EDGE('',*,*,#1741,.F.);
#2404=ORIENTED_EDGE('',*,*,#1742,.T.);
#2405=ORIENTED_EDGE('',*,*,#1743,.T.);
#2406=ORIENTED_EDGE('',*,*,#1744,.T.);
#2407=ORIENTED_EDGE('',*,*,#1745,.T.);
#2408=ORIENTED_EDGE('',*,*,#1746,.T.);
#2409=ORIENTED_EDGE('',*,*,#1747,.F.);
#2410=ORIENTED_EDGE('',*,*,#1748,.T.);
#2411=ORIENTED_EDGE('',*,*,#1749,.F.);
#2412=ORIENTED_EDGE('',*,*,#1750,.T.);
#2413=ORIENTED_EDGE('',*,*,#1751,.T.);
#2414=ORIENTED_EDGE('',*,*,#1752,.T.);
#2415=ORIENTED_EDGE('',*,*,#1753,.F.);
#2416=ORIENTED_EDGE('',*,*,#1754,.T.);
#2417=ORIENTED_EDGE('',*,*,#1755,.F.);
#2418=ORIENTED_EDGE('',*,*,#1756,.T.);
#2419=ORIENTED_EDGE('',*,*,#1757,.T.);
#2420=ORIENTED_EDGE('',*,*,#1758,.T.);
#2421=ORIENTED_EDGE('',*,*,#1759,.T.);
#2422=ORIENTED_EDGE('',*,*,#1760,.T.);
#2423=ORIENTED_EDGE('',*,*,#1761,.F.);
#2424=ORIENTED_EDGE('',*,*,#1762,.T.);
#2425=ORIENTED_EDGE('',*,*,#1763,.F.);
#2426=ORIENTED_EDGE('',*,*,#1764,.T.);
#2427=ORIENTED_EDGE('',*,*,#1765,.T.);
#2428=ORIENTED_EDGE('',*,*,#1766,.T.);
#2429=ORIENTED_EDGE('',*,*,#1767,.F.);
#2430=ORIENTED_EDGE('',*,*,#1768,.T.);
#2431=ORIENTED_EDGE('',*,*,#1769,.F.);
#2432=ORIENTED_EDGE('',*,*,#1770,.T.);
#2433=ORIENTED_EDGE('',*,*,#1771,.T.);
#2434=ORIENTED_EDGE('',*,*,#1772,.T.);
#2435=ORIENTED_EDGE('',*,*,#1773,.T.);
#2436=ORIENTED_EDGE('',*,*,#1774,.T.);
#2437=ORIENTED_EDGE('',*,*,#1775,.F.);
#2438=ORIENTED_EDGE('',*,*,#1776,.T.);
#2439=ORIENTED_EDGE('',*,*,#1777,.F.);
#2440=ORIENTED_EDGE('',*,*,#1778,.T.);
#2441=ORIENTED_EDGE('',*,*,#1779,.T.);
#2442=ORIENTED_EDGE('',*,*,#1780,.T.);
#2443=ORIENTED_EDGE('',*,*,#1781,.F.);
#2444=ORIENTED_EDGE('',*,*,#1782,.T.);
#2445=ORIENTED_EDGE('',*,*,#1783,.F.);
#2446=ORIENTED_EDGE('',*,*,#1784,.T.);
#2447=ORIENTED_EDGE('',*,*,#1785,.T.);
#2448=ORIENTED_EDGE('',*,*,#1786,.T.);
#2449=ORIENTED_EDGE('',*,*,#1787,.T.);
#2450=ORIENTED_EDGE('',*,*,#1788,.T.);
#2451=ORIENTED_EDGE('',*,*,#1789,.F.);
#2452=ORIENTED_EDGE('',*,*,#1790,.T.);
#2453=ORIENTED_EDGE('',*,*,#1791,.F.);
#2454=ORIENTED_EDGE('',*,*,#1792,.T.);
#2455=ORIENTED_EDGE('',*,*,#1793,.T.);
#2456=ORIENTED_EDGE('',*,*,#1736,.F.);
#2457=ORIENTED_EDGE('',*,*,#1794,.T.);
#2458=ORIENTED_EDGE('',*,*,#1795,.T.);
#2459=ORIENTED_EDGE('',*,*,#1714,.F.);
#2460=ORIENTED_EDGE('',*,*,#1674,.F.);
#2461=ORIENTED_EDGE('',*,*,#1796,.F.);
#2462=ORIENTED_EDGE('',*,*,#1797,.T.);
#2463=ORIENTED_EDGE('',*,*,#1798,.T.);
#2464=ORIENTED_EDGE('',*,*,#1799,.T.);
#2465=ORIENTED_EDGE('',*,*,#1800,.F.);
#2466=ORIENTED_EDGE('',*,*,#1672,.F.);
#2467=ORIENTED_EDGE('',*,*,#1698,.F.);
#2468=ORIENTED_EDGE('',*,*,#1700,.T.);
#2469=ORIENTED_EDGE('',*,*,#1801,.T.);
#2470=ORIENTED_EDGE('',*,*,#1802,.T.);
#2471=ORIENTED_EDGE('',*,*,#1690,.F.);
#2472=ORIENTED_EDGE('',*,*,#1668,.F.);
#2473=ORIENTED_EDGE('',*,*,#1803,.F.);
#2474=ORIENTED_EDGE('',*,*,#1804,.T.);
#2475=ORIENTED_EDGE('',*,*,#1805,.T.);
#2476=ORIENTED_EDGE('',*,*,#1806,.T.);
#2477=ORIENTED_EDGE('',*,*,#1807,.F.);
#2478=ORIENTED_EDGE('',*,*,#1666,.F.);
#2479=ORIENTED_EDGE('',*,*,#1664,.F.);
#2480=ORIENTED_EDGE('',*,*,#1689,.T.);
#2481=ORIENTED_EDGE('',*,*,#1808,.T.);
#2482=ORIENTED_EDGE('',*,*,#1809,.T.);
#2483=ORIENTED_EDGE('',*,*,#1810,.T.);
#2484=ORIENTED_EDGE('',*,*,#1775,.T.);
#2485=ORIENTED_EDGE('',*,*,#1811,.T.);
#2486=ORIENTED_EDGE('',*,*,#1812,.T.);
#2487=ORIENTED_EDGE('',*,*,#1813,.T.);
#2488=ORIENTED_EDGE('',*,*,#1814,.T.);
#2489=ORIENTED_EDGE('',*,*,#1815,.T.);
#2490=ORIENTED_EDGE('',*,*,#1816,.T.);
#2491=ORIENTED_EDGE('',*,*,#1817,.T.);
#2492=ORIENTED_EDGE('',*,*,#1813,.F.);
#2493=ORIENTED_EDGE('',*,*,#1818,.T.);
#2494=ORIENTED_EDGE('',*,*,#1819,.T.);
#2495=ORIENTED_EDGE('',*,*,#1769,.T.);
#2496=ORIENTED_EDGE('',*,*,#1820,.T.);
#2497=ORIENTED_EDGE('',*,*,#1816,.F.);
#2498=ORIENTED_EDGE('',*,*,#1821,.F.);
#2499=ORIENTED_EDGE('',*,*,#1810,.F.);
#2500=ORIENTED_EDGE('',*,*,#1817,.F.);
#2501=ORIENTED_EDGE('',*,*,#1820,.F.);
#2502=ORIENTED_EDGE('',*,*,#1768,.F.);
#2503=ORIENTED_EDGE('',*,*,#1822,.F.);
#2504=ORIENTED_EDGE('',*,*,#1762,.F.);
#2505=ORIENTED_EDGE('',*,*,#1823,.F.);
#2506=ORIENTED_EDGE('',*,*,#1824,.F.);
#2507=ORIENTED_EDGE('',*,*,#1825,.F.);
#2508=ORIENTED_EDGE('',*,*,#1754,.F.);
#2509=ORIENTED_EDGE('',*,*,#1826,.F.);
#2510=ORIENTED_EDGE('',*,*,#1748,.F.);
#2511=ORIENTED_EDGE('',*,*,#1827,.F.);
#2512=ORIENTED_EDGE('',*,*,#1828,.F.);
#2513=ORIENTED_EDGE('',*,*,#1829,.F.);
#2514=ORIENTED_EDGE('',*,*,#1740,.F.);
#2515=ORIENTED_EDGE('',*,*,#1830,.F.);
#2516=ORIENTED_EDGE('',*,*,#1790,.F.);
#2517=ORIENTED_EDGE('',*,*,#1831,.F.);
#2518=ORIENTED_EDGE('',*,*,#1832,.F.);
#2519=ORIENTED_EDGE('',*,*,#1833,.F.);
#2520=ORIENTED_EDGE('',*,*,#1782,.F.);
#2521=ORIENTED_EDGE('',*,*,#1834,.F.);
#2522=ORIENTED_EDGE('',*,*,#1776,.F.);
#2523=ORIENTED_EDGE('',*,*,#1835,.T.);
#2524=ORIENTED_EDGE('',*,*,#1819,.F.);
#2525=ORIENTED_EDGE('',*,*,#1821,.T.);
#2526=ORIENTED_EDGE('',*,*,#1815,.F.);
#2527=ORIENTED_EDGE('',*,*,#1836,.F.);
#2528=ORIENTED_EDGE('',*,*,#1771,.F.);
#2529=ORIENTED_EDGE('',*,*,#1770,.F.);
#2530=ORIENTED_EDGE('',*,*,#1823,.T.);
#2531=ORIENTED_EDGE('',*,*,#1761,.T.);
#2532=ORIENTED_EDGE('',*,*,#1837,.T.);
#2533=ORIENTED_EDGE('',*,*,#1838,.T.);
#2534=ORIENTED_EDGE('',*,*,#1839,.T.);
#2535=ORIENTED_EDGE('',*,*,#1840,.T.);
#2536=ORIENTED_EDGE('',*,*,#1841,.T.);
#2537=ORIENTED_EDGE('',*,*,#1842,.T.);
#2538=ORIENTED_EDGE('',*,*,#1824,.T.);
#2539=ORIENTED_EDGE('',*,*,#1839,.F.);
#2540=ORIENTED_EDGE('',*,*,#1843,.T.);
#2541=ORIENTED_EDGE('',*,*,#1844,.T.);
#2542=ORIENTED_EDGE('',*,*,#1755,.T.);
#2543=ORIENTED_EDGE('',*,*,#1825,.T.);
#2544=ORIENTED_EDGE('',*,*,#1842,.F.);
#2545=ORIENTED_EDGE('',*,*,#1845,.F.);
#2546=ORIENTED_EDGE('',*,*,#1844,.F.);
#2547=ORIENTED_EDGE('',*,*,#1845,.T.);
#2548=ORIENTED_EDGE('',*,*,#1841,.F.);
#2549=ORIENTED_EDGE('',*,*,#1846,.F.);
#2550=ORIENTED_EDGE('',*,*,#1757,.F.);
#2551=ORIENTED_EDGE('',*,*,#1756,.F.);
#2552=ORIENTED_EDGE('',*,*,#1827,.T.);
#2553=ORIENTED_EDGE('',*,*,#1747,.T.);
#2554=ORIENTED_EDGE('',*,*,#1847,.T.);
#2555=ORIENTED_EDGE('',*,*,#1848,.T.);
#2556=ORIENTED_EDGE('',*,*,#1849,.T.);
#2557=ORIENTED_EDGE('',*,*,#1828,.T.);
#2558=ORIENTED_EDGE('',*,*,#1849,.F.);
#2559=ORIENTED_EDGE('',*,*,#1850,.T.);
#2560=ORIENTED_EDGE('',*,*,#1851,.T.);
#2561=ORIENTED_EDGE('',*,*,#1852,.T.);
#2562=ORIENTED_EDGE('',*,*,#1853,.T.);
#2563=ORIENTED_EDGE('',*,*,#1854,.T.);
#2564=ORIENTED_EDGE('',*,*,#1741,.T.);
#2565=ORIENTED_EDGE('',*,*,#1829,.T.);
#2566=ORIENTED_EDGE('',*,*,#1853,.F.);
#2567=ORIENTED_EDGE('',*,*,#1855,.F.);
#2568=ORIENTED_EDGE('',*,*,#1851,.F.);
#2569=ORIENTED_EDGE('',*,*,#1856,.F.);
#2570=ORIENTED_EDGE('',*,*,#1744,.F.);
#2571=ORIENTED_EDGE('',*,*,#1857,.T.);
#2572=ORIENTED_EDGE('',*,*,#1847,.F.);
#2573=ORIENTED_EDGE('',*,*,#1746,.F.);
#2574=ORIENTED_EDGE('',*,*,#1745,.F.);
#2575=ORIENTED_EDGE('',*,*,#1856,.T.);
#2576=ORIENTED_EDGE('',*,*,#1850,.F.);
#2577=ORIENTED_EDGE('',*,*,#1848,.F.);
#2578=ORIENTED_EDGE('',*,*,#1831,.T.);
#2579=ORIENTED_EDGE('',*,*,#1789,.T.);
#2580=ORIENTED_EDGE('',*,*,#1858,.T.);
#2581=ORIENTED_EDGE('',*,*,#1859,.T.);
#2582=ORIENTED_EDGE('',*,*,#1860,.T.);
#2583=ORIENTED_EDGE('',*,*,#1861,.T.);
#2584=ORIENTED_EDGE('',*,*,#1862,.T.);
#2585=ORIENTED_EDGE('',*,*,#1863,.T.);
#2586=ORIENTED_EDGE('',*,*,#1832,.T.);
#2587=ORIENTED_EDGE('',*,*,#1860,.F.);
#2588=ORIENTED_EDGE('',*,*,#1864,.T.);
#2589=ORIENTED_EDGE('',*,*,#1865,.T.);
#2590=ORIENTED_EDGE('',*,*,#1783,.T.);
#2591=ORIENTED_EDGE('',*,*,#1833,.T.);
#2592=ORIENTED_EDGE('',*,*,#1863,.F.);
#2593=ORIENTED_EDGE('',*,*,#1866,.F.);
#2594=ORIENTED_EDGE('',*,*,#1777,.T.);
#2595=ORIENTED_EDGE('',*,*,#1834,.T.);
#2596=ORIENTED_EDGE('',*,*,#1781,.T.);
#2597=ORIENTED_EDGE('',*,*,#1867,.T.);
#2598=ORIENTED_EDGE('',*,*,#1763,.T.);
#2599=ORIENTED_EDGE('',*,*,#1822,.T.);
#2600=ORIENTED_EDGE('',*,*,#1767,.T.);
#2601=ORIENTED_EDGE('',*,*,#1868,.T.);
#2602=ORIENTED_EDGE('',*,*,#1791,.T.);
#2603=ORIENTED_EDGE('',*,*,#1830,.T.);
#2604=ORIENTED_EDGE('',*,*,#1739,.T.);
#2605=ORIENTED_EDGE('',*,*,#1869,.T.);
#2606=ORIENTED_EDGE('',*,*,#1749,.T.);
#2607=ORIENTED_EDGE('',*,*,#1826,.T.);
#2608=ORIENTED_EDGE('',*,*,#1753,.T.);
#2609=ORIENTED_EDGE('',*,*,#1870,.T.);
#2610=ORIENTED_EDGE('',*,*,#1723,.T.);
#2611=ORIENTED_EDGE('',*,*,#1685,.T.);
#2612=ORIENTED_EDGE('',*,*,#1727,.T.);
#2613=ORIENTED_EDGE('',*,*,#1871,.T.);
#2614=ORIENTED_EDGE('',*,*,#1871,.F.);
#2615=ORIENTED_EDGE('',*,*,#1726,.F.);
#2616=ORIENTED_EDGE('',*,*,#1872,.T.);
#2617=ORIENTED_EDGE('',*,*,#1724,.F.);
#2618=ORIENTED_EDGE('',*,*,#1729,.T.);
#2619=ORIENTED_EDGE('',*,*,#1679,.T.);
#2620=ORIENTED_EDGE('',*,*,#1733,.T.);
#2621=ORIENTED_EDGE('',*,*,#1873,.T.);
#2622=ORIENTED_EDGE('',*,*,#1796,.T.);
#2623=ORIENTED_EDGE('',*,*,#1673,.T.);
#2624=ORIENTED_EDGE('',*,*,#1800,.T.);
#2625=ORIENTED_EDGE('',*,*,#1874,.T.);
#2626=ORIENTED_EDGE('',*,*,#1803,.T.);
#2627=ORIENTED_EDGE('',*,*,#1667,.T.);
#2628=ORIENTED_EDGE('',*,*,#1807,.T.);
#2629=ORIENTED_EDGE('',*,*,#1875,.T.);
#2630=ORIENTED_EDGE('',*,*,#1875,.F.);
#2631=ORIENTED_EDGE('',*,*,#1806,.F.);
#2632=ORIENTED_EDGE('',*,*,#1876,.T.);
#2633=ORIENTED_EDGE('',*,*,#1804,.F.);
#2634=ORIENTED_EDGE('',*,*,#1876,.F.);
#2635=ORIENTED_EDGE('',*,*,#1805,.F.);
#2636=ORIENTED_EDGE('',*,*,#1873,.F.);
#2637=ORIENTED_EDGE('',*,*,#1732,.F.);
#2638=ORIENTED_EDGE('',*,*,#1877,.T.);
#2639=ORIENTED_EDGE('',*,*,#1730,.F.);
#2640=ORIENTED_EDGE('',*,*,#1877,.F.);
#2641=ORIENTED_EDGE('',*,*,#1731,.F.);
#2642=ORIENTED_EDGE('',*,*,#1874,.F.);
#2643=ORIENTED_EDGE('',*,*,#1799,.F.);
#2644=ORIENTED_EDGE('',*,*,#1878,.T.);
#2645=ORIENTED_EDGE('',*,*,#1797,.F.);
#2646=ORIENTED_EDGE('',*,*,#1878,.F.);
#2647=ORIENTED_EDGE('',*,*,#1798,.F.);
#2648=ORIENTED_EDGE('',*,*,#1872,.F.);
#2649=ORIENTED_EDGE('',*,*,#1725,.F.);
#2650=ORIENTED_EDGE('',*,*,#1751,.F.);
#2651=ORIENTED_EDGE('',*,*,#1879,.F.);
#2652=ORIENTED_EDGE('',*,*,#1870,.F.);
#2653=ORIENTED_EDGE('',*,*,#1752,.F.);
#2654=ORIENTED_EDGE('',*,*,#1879,.T.);
#2655=ORIENTED_EDGE('',*,*,#1750,.F.);
#2656=ORIENTED_EDGE('',*,*,#1793,.F.);
#2657=ORIENTED_EDGE('',*,*,#1880,.F.);
#2658=ORIENTED_EDGE('',*,*,#1737,.F.);
#2659=ORIENTED_EDGE('',*,*,#1869,.F.);
#2660=ORIENTED_EDGE('',*,*,#1738,.F.);
#2661=ORIENTED_EDGE('',*,*,#1880,.T.);
#2662=ORIENTED_EDGE('',*,*,#1792,.F.);
#2663=ORIENTED_EDGE('',*,*,#1765,.F.);
#2664=ORIENTED_EDGE('',*,*,#1881,.F.);
#2665=ORIENTED_EDGE('',*,*,#1868,.F.);
#2666=ORIENTED_EDGE('',*,*,#1766,.F.);
#2667=ORIENTED_EDGE('',*,*,#1881,.T.);
#2668=ORIENTED_EDGE('',*,*,#1764,.F.);
#2669=ORIENTED_EDGE('',*,*,#1779,.F.);
#2670=ORIENTED_EDGE('',*,*,#1882,.F.);
#2671=ORIENTED_EDGE('',*,*,#1867,.F.);
#2672=ORIENTED_EDGE('',*,*,#1780,.F.);
#2673=ORIENTED_EDGE('',*,*,#1882,.T.);
#2674=ORIENTED_EDGE('',*,*,#1778,.F.);
#2675=ORIENTED_EDGE('',*,*,#1883,.F.);
#2676=ORIENTED_EDGE('',*,*,#1884,.F.);
#2677=ORIENTED_EDGE('',*,*,#1885,.F.);
#2678=ORIENTED_EDGE('',*,*,#1886,.F.);
#2679=ORIENTED_EDGE('',*,*,#1887,.F.);
#2680=ORIENTED_EDGE('',*,*,#1888,.F.);
#2681=ORIENTED_EDGE('',*,*,#1889,.T.);
#2682=ORIENTED_EDGE('',*,*,#1890,.T.);
#2683=ORIENTED_EDGE('',*,*,#1891,.T.);
#2684=ORIENTED_EDGE('',*,*,#1892,.T.);
#2685=ORIENTED_EDGE('',*,*,#1893,.T.);
#2686=ORIENTED_EDGE('',*,*,#1891,.F.);
#2687=ORIENTED_EDGE('',*,*,#1893,.F.);
#2688=ORIENTED_EDGE('',*,*,#1894,.T.);
#2689=ORIENTED_EDGE('',*,*,#1835,.F.);
#2690=ORIENTED_EDGE('',*,*,#1894,.F.);
#2691=ORIENTED_EDGE('',*,*,#1892,.F.);
#2692=ORIENTED_EDGE('',*,*,#1890,.F.);
#2693=ORIENTED_EDGE('',*,*,#1895,.T.);
#2694=ORIENTED_EDGE('',*,*,#1896,.T.);
#2695=ORIENTED_EDGE('',*,*,#1897,.T.);
#2696=ORIENTED_EDGE('',*,*,#1898,.T.);
#2697=ORIENTED_EDGE('',*,*,#1899,.T.);
#2698=ORIENTED_EDGE('',*,*,#1900,.T.);
#2699=ORIENTED_EDGE('',*,*,#1901,.T.);
#2700=ORIENTED_EDGE('',*,*,#1900,.F.);
#2701=ORIENTED_EDGE('',*,*,#1902,.T.);
#2702=ORIENTED_EDGE('',*,*,#1883,.T.);
#2703=ORIENTED_EDGE('',*,*,#1902,.F.);
#2704=ORIENTED_EDGE('',*,*,#1899,.F.);
#2705=ORIENTED_EDGE('',*,*,#1903,.T.);
#2706=ORIENTED_EDGE('',*,*,#1884,.T.);
#2707=ORIENTED_EDGE('',*,*,#1903,.F.);
#2708=ORIENTED_EDGE('',*,*,#1898,.F.);
#2709=ORIENTED_EDGE('',*,*,#1904,.T.);
#2710=ORIENTED_EDGE('',*,*,#1885,.T.);
#2711=ORIENTED_EDGE('',*,*,#1904,.F.);
#2712=ORIENTED_EDGE('',*,*,#1897,.F.);
#2713=ORIENTED_EDGE('',*,*,#1905,.T.);
#2714=ORIENTED_EDGE('',*,*,#1886,.T.);
#2715=ORIENTED_EDGE('',*,*,#1905,.F.);
#2716=ORIENTED_EDGE('',*,*,#1896,.F.);
#2717=ORIENTED_EDGE('',*,*,#1906,.T.);
#2718=ORIENTED_EDGE('',*,*,#1887,.T.);
#2719=ORIENTED_EDGE('',*,*,#1906,.F.);
#2720=ORIENTED_EDGE('',*,*,#1895,.F.);
#2721=ORIENTED_EDGE('',*,*,#1901,.F.);
#2722=ORIENTED_EDGE('',*,*,#1888,.T.);
#2723=ORIENTED_EDGE('',*,*,#1907,.T.);
#2724=ORIENTED_EDGE('',*,*,#1908,.T.);
#2725=ORIENTED_EDGE('',*,*,#1909,.T.);
#2726=ORIENTED_EDGE('',*,*,#1910,.T.);
#2727=ORIENTED_EDGE('',*,*,#1908,.F.);
#2728=ORIENTED_EDGE('',*,*,#1910,.F.);
#2729=ORIENTED_EDGE('',*,*,#1911,.T.);
#2730=ORIENTED_EDGE('',*,*,#1687,.F.);
#2731=ORIENTED_EDGE('',*,*,#1911,.F.);
#2732=ORIENTED_EDGE('',*,*,#1909,.F.);
#2733=ORIENTED_EDGE('',*,*,#1907,.F.);
#2734=ORIENTED_EDGE('',*,*,#1912,.T.);
#2735=ORIENTED_EDGE('',*,*,#1912,.F.);
#2736=ORIENTED_EDGE('',*,*,#1913,.T.);
#2737=ORIENTED_EDGE('',*,*,#1889,.F.);
#2738=ORIENTED_EDGE('',*,*,#1913,.F.);
#2739=ORIENTED_EDGE('',*,*,#1854,.F.);
#2740=ORIENTED_EDGE('',*,*,#1855,.T.);
#2741=ORIENTED_EDGE('',*,*,#1852,.F.);
#2742=ORIENTED_EDGE('',*,*,#1857,.F.);
#2743=ORIENTED_EDGE('',*,*,#1743,.F.);
#2744=ORIENTED_EDGE('',*,*,#1742,.F.);
#2745=ORIENTED_EDGE('',*,*,#1858,.F.);
#2746=ORIENTED_EDGE('',*,*,#1788,.F.);
#2747=ORIENTED_EDGE('',*,*,#1787,.F.);
#2748=ORIENTED_EDGE('',*,*,#1914,.T.);
#2749=ORIENTED_EDGE('',*,*,#1864,.F.);
#2750=ORIENTED_EDGE('',*,*,#1859,.F.);
#2751=ORIENTED_EDGE('',*,*,#1861,.F.);
#2752=ORIENTED_EDGE('',*,*,#1914,.F.);
#2753=ORIENTED_EDGE('',*,*,#1786,.F.);
#2754=ORIENTED_EDGE('',*,*,#1915,.T.);
#2755=ORIENTED_EDGE('',*,*,#1865,.F.);
#2756=ORIENTED_EDGE('',*,*,#1866,.T.);
#2757=ORIENTED_EDGE('',*,*,#1862,.F.);
#2758=ORIENTED_EDGE('',*,*,#1915,.F.);
#2759=ORIENTED_EDGE('',*,*,#1785,.F.);
#2760=ORIENTED_EDGE('',*,*,#1784,.F.);
#2761=ORIENTED_EDGE('',*,*,#1811,.F.);
#2762=ORIENTED_EDGE('',*,*,#1774,.F.);
#2763=ORIENTED_EDGE('',*,*,#1773,.F.);
#2764=ORIENTED_EDGE('',*,*,#1916,.T.);
#2765=ORIENTED_EDGE('',*,*,#1818,.F.);
#2766=ORIENTED_EDGE('',*,*,#1812,.F.);
#2767=ORIENTED_EDGE('',*,*,#1814,.F.);
#2768=ORIENTED_EDGE('',*,*,#1916,.F.);
#2769=ORIENTED_EDGE('',*,*,#1772,.F.);
#2770=ORIENTED_EDGE('',*,*,#1836,.T.);
#2771=ORIENTED_EDGE('',*,*,#1837,.F.);
#2772=ORIENTED_EDGE('',*,*,#1760,.F.);
#2773=ORIENTED_EDGE('',*,*,#1759,.F.);
#2774=ORIENTED_EDGE('',*,*,#1917,.T.);
#2775=ORIENTED_EDGE('',*,*,#1843,.F.);
#2776=ORIENTED_EDGE('',*,*,#1838,.F.);
#2777=ORIENTED_EDGE('',*,*,#1840,.F.);
#2778=ORIENTED_EDGE('',*,*,#1917,.F.);
#2779=ORIENTED_EDGE('',*,*,#1758,.F.);
#2780=ORIENTED_EDGE('',*,*,#1846,.T.);
#2781=ORIENTED_EDGE('',*,*,#1721,.F.);
#2782=ORIENTED_EDGE('',*,*,#1718,.F.);
#2783=ORIENTED_EDGE('',*,*,#1918,.F.);
#2784=ORIENTED_EDGE('',*,*,#1734,.F.);
#2785=ORIENTED_EDGE('',*,*,#1715,.F.);
#2786=ORIENTED_EDGE('',*,*,#1795,.F.);
#2787=ORIENTED_EDGE('',*,*,#1919,.T.);
#2788=ORIENTED_EDGE('',*,*,#1720,.F.);
#2789=ORIENTED_EDGE('',*,*,#1717,.F.);
#2790=ORIENTED_EDGE('',*,*,#1919,.F.);
#2791=ORIENTED_EDGE('',*,*,#1794,.F.);
#2792=ORIENTED_EDGE('',*,*,#1735,.F.);
#2793=ORIENTED_EDGE('',*,*,#1918,.T.);
#2794=ORIENTED_EDGE('',*,*,#1691,.F.);
#2795=ORIENTED_EDGE('',*,*,#1802,.F.);
#2796=ORIENTED_EDGE('',*,*,#1920,.T.);
#2797=ORIENTED_EDGE('',*,*,#1696,.F.);
#2798=ORIENTED_EDGE('',*,*,#1693,.F.);
#2799=ORIENTED_EDGE('',*,*,#1920,.F.);
#2800=ORIENTED_EDGE('',*,*,#1801,.F.);
#2801=ORIENTED_EDGE('',*,*,#1699,.T.);
#2802=ORIENTED_EDGE('',*,*,#1656,.F.);
#2803=ORIENTED_EDGE('',*,*,#1809,.F.);
#2804=ORIENTED_EDGE('',*,*,#1921,.T.);
#2805=ORIENTED_EDGE('',*,*,#1662,.F.);
#2806=ORIENTED_EDGE('',*,*,#1658,.F.);
#2807=ORIENTED_EDGE('',*,*,#1921,.F.);
#2808=ORIENTED_EDGE('',*,*,#1808,.F.);
#2809=ORIENTED_EDGE('',*,*,#1688,.T.);
#2810=ORIENTED_EDGE('',*,*,#1708,.F.);
#2811=ORIENTED_EDGE('',*,*,#1706,.F.);
#2812=ORIENTED_EDGE('',*,*,#1712,.F.);
#2813=ORIENTED_EDGE('',*,*,#1728,.F.);
#2814=CYLINDRICAL_SURFACE('',#3062,1.1);
#2815=CYLINDRICAL_SURFACE('',#3071,0.999999999999998);
#2816=CYLINDRICAL_SURFACE('',#3073,0.999999999999998);
#2817=CYLINDRICAL_SURFACE('',#3074,0.999999999999998);
#2818=CYLINDRICAL_SURFACE('',#3075,0.999999999999998);
#2819=CYLINDRICAL_SURFACE('',#3076,0.740192378864678);
#2820=CYLINDRICAL_SURFACE('',#3078,0.740192378864678);
#2821=CYLINDRICAL_SURFACE('',#3079,0.740192378864678);
#2822=CYLINDRICAL_SURFACE('',#3080,0.740192378864678);
#2823=CYLINDRICAL_SURFACE('',#3081,0.740192378864678);
#2824=CYLINDRICAL_SURFACE('',#3082,0.740192378864678);
#2825=CYLINDRICAL_SURFACE('',#3084,0.999999999999998);
#2826=CYLINDRICAL_SURFACE('',#3090,2.);
#2827=CYLINDRICAL_SURFACE('',#3170,1.);
#2828=CYLINDRICAL_SURFACE('',#3175,1.);
#2829=CYLINDRICAL_SURFACE('',#3180,1.);
#2830=CYLINDRICAL_SURFACE('',#3185,1.);
#2831=CYLINDRICAL_SURFACE('',#3190,1.);
#2832=CYLINDRICAL_SURFACE('',#3195,1.);
#2833=CYLINDRICAL_SURFACE('',#3200,1.);
#2834=CYLINDRICAL_SURFACE('',#3205,1.);
#2835=CYLINDRICAL_SURFACE('',#3210,0.2);
#2836=CYLINDRICAL_SURFACE('',#3211,0.2);
#2837=CYLINDRICAL_SURFACE('',#3228,0.2);
#2838=CYLINDRICAL_SURFACE('',#3229,0.2);
#2839=CYLINDRICAL_SURFACE('',#3232,0.2);
#2840=CYLINDRICAL_SURFACE('',#3233,0.2);
#2841=CYLINDRICAL_SURFACE('',#3237,0.2);
#2842=CYLINDRICAL_SURFACE('',#3238,0.2);
#2843=CYLINDRICAL_SURFACE('',#3239,17.5);
#2844=CYLINDRICAL_SURFACE('',#3280,2.);
#2845=CYLINDRICAL_SURFACE('',#3288,2.);
#2846=CYLINDRICAL_SURFACE('',#3291,2.);
#2847=CYLINDRICAL_SURFACE('',#3294,2.);
#2848=CYLINDRICAL_SURFACE('',#3300,2.);
#2849=CYLINDRICAL_SURFACE('',#3303,2.);
#2850=CYLINDRICAL_SURFACE('',#3306,2.);
#2851=CYLINDRICAL_SURFACE('',#3309,2.);
#2852=CYLINDRICAL_SURFACE('',#3317,5.5);
#2853=CYLINDRICAL_SURFACE('',#3330,5.5);
#2854=CYLINDRICAL_SURFACE('',#3333,2.7);
#2855=ADVANCED_FACE('',(#430),#2814,.F.);
#2856=ADVANCED_FACE('',(#431,#356),#365,.T.);
#2857=ADVANCED_FACE('',(#432),#345,.F.);
#2858=ADVANCED_FACE('',(#433,#357),#366,.T.);
#2859=ADVANCED_FACE('',(#434),#2815,.T.);
#2860=ADVANCED_FACE('',(#435),#2816,.T.);
#2861=ADVANCED_FACE('',(#436),#2817,.T.);
#2862=ADVANCED_FACE('',(#437),#2818,.T.);
#2863=ADVANCED_FACE('',(#438),#2819,.T.);
#2864=ADVANCED_FACE('',(#439),#2820,.T.);
#2865=ADVANCED_FACE('',(#440),#2821,.T.);
#2866=ADVANCED_FACE('',(#441),#2822,.T.);
#2867=ADVANCED_FACE('',(#442),#2823,.T.);
#2868=ADVANCED_FACE('',(#443),#2824,.T.);
#2869=ADVANCED_FACE('',(#444),#2825,.T.);
#2870=ADVANCED_FACE('',(#445),#135,.T.);
#2871=ADVANCED_FACE('',(#446),#2826,.T.);
#2872=ADVANCED_FACE('',(#447),#136,.T.);
#2873=ADVANCED_FACE('',(#448,#358),#134,.T.);
#2874=ADVANCED_FACE('',(#449),#109,.F.);
#2875=ADVANCED_FACE('',(#450),#110,.F.);
#2876=ADVANCED_FACE('',(#451),#111,.F.);
#2877=ADVANCED_FACE('',(#452,#359),#367,.T.);
#2878=ADVANCED_FACE('',(#453),#368,.T.);
#2879=ADVANCED_FACE('',(#454),#369,.T.);
#2880=ADVANCED_FACE('',(#455),#112,.T.);
#2881=ADVANCED_FACE('',(#456),#370,.T.);
#2882=ADVANCED_FACE('',(#457),#113,.T.);
#2883=ADVANCED_FACE('',(#458),#371,.T.);
#2884=ADVANCED_FACE('',(#459),#114,.T.);
#2885=ADVANCED_FACE('',(#460),#372,.T.);
#2886=ADVANCED_FACE('',(#461),#115,.F.);
#2887=ADVANCED_FACE('',(#462),#373,.T.);
#2888=ADVANCED_FACE('',(#463),#116,.T.);
#2889=ADVANCED_FACE('',(#464),#374,.T.);
#2890=ADVANCED_FACE('',(#465),#117,.T.);
#2891=ADVANCED_FACE('',(#466),#375,.T.);
#2892=ADVANCED_FACE('',(#467),#118,.T.);
#2893=ADVANCED_FACE('',(#468),#376,.T.);
#2894=ADVANCED_FACE('',(#469),#377,.T.);
#2895=ADVANCED_FACE('',(#470),#119,.T.);
#2896=ADVANCED_FACE('',(#471),#378,.T.);
#2897=ADVANCED_FACE('',(#472),#120,.T.);
#2898=ADVANCED_FACE('',(#473),#379,.T.);
#2899=ADVANCED_FACE('',(#474),#121,.T.);
#2900=ADVANCED_FACE('',(#475),#380,.T.);
#2901=ADVANCED_FACE('',(#476),#381,.T.);
#2902=ADVANCED_FACE('',(#477),#122,.T.);
#2903=ADVANCED_FACE('',(#478),#382,.T.);
#2904=ADVANCED_FACE('',(#479),#123,.T.);
#2905=ADVANCED_FACE('',(#480),#383,.T.);
#2906=ADVANCED_FACE('',(#481),#124,.T.);
#2907=ADVANCED_FACE('',(#482),#384,.T.);
#2908=ADVANCED_FACE('',(#483),#385,.F.);
#2909=ADVANCED_FACE('',(#484),#125,.T.);
#2910=ADVANCED_FACE('',(#485),#386,.T.);
#2911=ADVANCED_FACE('',(#486),#346,.T.);
#2912=ADVANCED_FACE('',(#487),#347,.T.);
#2913=ADVANCED_FACE('',(#488),#2827,.T.);
#2914=ADVANCED_FACE('',(#489),#387,.T.);
#2915=ADVANCED_FACE('',(#490),#388,.F.);
#2916=ADVANCED_FACE('',(#491),#2828,.T.);
#2917=ADVANCED_FACE('',(#492),#389,.T.);
#2918=ADVANCED_FACE('',(#493),#390,.F.);
#2919=ADVANCED_FACE('',(#494),#2829,.T.);
#2920=ADVANCED_FACE('',(#495),#391,.T.);
#2921=ADVANCED_FACE('',(#496),#392,.F.);
#2922=ADVANCED_FACE('',(#497),#2830,.T.);
#2923=ADVANCED_FACE('',(#498),#393,.T.);
#2924=ADVANCED_FACE('',(#499),#394,.F.);
#2925=ADVANCED_FACE('',(#500),#2831,.T.);
#2926=ADVANCED_FACE('',(#501),#395,.T.);
#2927=ADVANCED_FACE('',(#502),#396,.F.);
#2928=ADVANCED_FACE('',(#503),#2832,.T.);
#2929=ADVANCED_FACE('',(#504),#397,.T.);
#2930=ADVANCED_FACE('',(#505),#398,.F.);
#2931=ADVANCED_FACE('',(#506),#2833,.T.);
#2932=ADVANCED_FACE('',(#507),#399,.T.);
#2933=ADVANCED_FACE('',(#508),#400,.F.);
#2934=ADVANCED_FACE('',(#509),#2834,.T.);
#2935=ADVANCED_FACE('',(#510),#401,.T.);
#2936=ADVANCED_FACE('',(#511),#402,.F.);
#2937=ADVANCED_FACE('',(#512),#2835,.T.);
#2938=ADVANCED_FACE('',(#513),#85,.F.);
#2939=ADVANCED_FACE('',(#514),#2836,.T.);
#2940=ADVANCED_FACE('',(#515,#360),#403,.T.);
#2941=ADVANCED_FACE('',(#516),#404,.F.);
#2942=ADVANCED_FACE('',(#517),#2837,.T.);
#2943=ADVANCED_FACE('',(#518),#86,.F.);
#2944=ADVANCED_FACE('',(#519),#2838,.T.);
#2945=ADVANCED_FACE('',(#520),#405,.F.);
#2946=ADVANCED_FACE('',(#521),#2839,.T.);
#2947=ADVANCED_FACE('',(#522),#87,.F.);
#2948=ADVANCED_FACE('',(#523),#2840,.T.);
#2949=ADVANCED_FACE('',(#524),#348,.T.);
#2950=ADVANCED_FACE('',(#525),#406,.F.);
#2951=ADVANCED_FACE('',(#526),#2841,.T.);
#2952=ADVANCED_FACE('',(#527),#88,.F.);
#2953=ADVANCED_FACE('',(#528),#2842,.T.);
#2954=ADVANCED_FACE('',(#529),#2843,.T.);
#2955=ADVANCED_FACE('',(#530),#89,.F.);
#2956=ADVANCED_FACE('',(#531),#90,.F.);
#2957=ADVANCED_FACE('',(#532),#91,.F.);
#2958=ADVANCED_FACE('',(#533,#361),#407,.F.);
#2959=ADVANCED_FACE('',(#534),#126,.T.);
#2960=ADVANCED_FACE('',(#535),#92,.F.);
#2961=ADVANCED_FACE('',(#536),#93,.F.);
#2962=ADVANCED_FACE('',(#537),#94,.F.);
#2963=ADVANCED_FACE('',(#538),#127,.T.);
#2964=ADVANCED_FACE('',(#539),#95,.F.);
#2965=ADVANCED_FACE('',(#540),#96,.F.);
#2966=ADVANCED_FACE('',(#541),#97,.F.);
#2967=ADVANCED_FACE('',(#542),#349,.T.);
#2968=ADVANCED_FACE('',(#543),#128,.F.);
#2969=ADVANCED_FACE('',(#544),#98,.F.);
#2970=ADVANCED_FACE('',(#545),#99,.F.);
#2971=ADVANCED_FACE('',(#546),#100,.F.);
#2972=ADVANCED_FACE('',(#547),#137,.T.);
#2973=ADVANCED_FACE('',(#548),#138,.T.);
#2974=ADVANCED_FACE('',(#549),#139,.T.);
#2975=ADVANCED_FACE('',(#550),#140,.T.);
#2976=ADVANCED_FACE('',(#551),#141,.T.);
#2977=ADVANCED_FACE('',(#552),#2844,.F.);
#2978=ADVANCED_FACE('',(#553),#142,.T.);
#2979=ADVANCED_FACE('',(#554),#143,.T.);
#2980=ADVANCED_FACE('',(#555),#144,.T.);
#2981=ADVANCED_FACE('',(#556),#2845,.F.);
#2982=ADVANCED_FACE('',(#557),#408,.T.);
#2983=ADVANCED_FACE('',(#558),#2846,.F.);
#2984=ADVANCED_FACE('',(#559),#409,.T.);
#2985=ADVANCED_FACE('',(#560),#2847,.F.);
#2986=ADVANCED_FACE('',(#561),#410,.T.);
#2987=ADVANCED_FACE('',(#562),#411,.T.);
#2988=ADVANCED_FACE('',(#563),#412,.T.);
#2989=ADVANCED_FACE('',(#564),#2848,.F.);
#2990=ADVANCED_FACE('',(#565),#413,.T.);
#2991=ADVANCED_FACE('',(#566),#2849,.F.);
#2992=ADVANCED_FACE('',(#567),#414,.T.);
#2993=ADVANCED_FACE('',(#568),#2850,.F.);
#2994=ADVANCED_FACE('',(#569),#415,.T.);
#2995=ADVANCED_FACE('',(#570),#2851,.F.);
#2996=ADVANCED_FACE('',(#571,#362),#416,.F.);
#2997=ADVANCED_FACE('',(#572),#145,.T.);
#2998=ADVANCED_FACE('',(#573),#2852,.T.);
#2999=ADVANCED_FACE('',(#574,#363),#417,.T.);
#3000=ADVANCED_FACE('',(#575),#418,.T.);
#3001=ADVANCED_FACE('',(#576),#419,.T.);
#3002=ADVANCED_FACE('',(#577),#420,.T.);
#3003=ADVANCED_FACE('',(#578),#421,.T.);
#3004=ADVANCED_FACE('',(#579),#422,.T.);
#3005=ADVANCED_FACE('',(#580),#423,.T.);
#3006=ADVANCED_FACE('',(#581),#146,.T.);
#3007=ADVANCED_FACE('',(#582),#2853,.T.);
#3008=ADVANCED_FACE('',(#583,#364),#424,.T.);
#3009=ADVANCED_FACE('',(#584),#2854,.F.);
#3010=ADVANCED_FACE('',(#585),#129,.T.);
#3011=ADVANCED_FACE('',(#586),#130,.F.);
#3012=ADVANCED_FACE('',(#587),#350,.T.);
#3013=ADVANCED_FACE('',(#588),#131,.T.);
#3014=ADVANCED_FACE('',(#589),#132,.F.);
#3015=ADVANCED_FACE('',(#590),#351,.T.);
#3016=ADVANCED_FACE('',(#591),#133,.F.);
#3017=ADVANCED_FACE('',(#592),#352,.T.);
#3018=ADVANCED_FACE('',(#593),#425,.F.);
#3019=ADVANCED_FACE('',(#594),#426,.F.);
#3020=ADVANCED_FACE('',(#595),#353,.T.);
#3021=ADVANCED_FACE('',(#596),#427,.F.);
#3022=ADVANCED_FACE('',(#597),#354,.T.);
#3023=ADVANCED_FACE('',(#598),#428,.F.);
#3024=ADVANCED_FACE('',(#599),#355,.T.);
#3025=ADVANCED_FACE('',(#600),#429,.F.);
#3026=CLOSED_SHELL('',(#2855,#2856,#2857,#2858));
#3027=CLOSED_SHELL('',(#2859,#2860,#2861,#2862,#2863,#2864,#2865,#2866,
#2867,#2868,#2869,#2870,#2871,#2872,#2873,#2874,#2875,#2876,#2877,#2878,
#2879,#2880,#2881,#2882,#2883,#2884,#2885,#2886,#2887,#2888,#2889,#2890,
#2891,#2892,#2893,#2894,#2895,#2896,#2897,#2898,#2899,#2900,#2901,#2902,
#2903,#2904,#2905,#2906,#2907,#2908,#2909,#2910,#2911,#2912));
#3028=CLOSED_SHELL('',(#2913,#2914,#2915));
#3029=CLOSED_SHELL('',(#2916,#2917,#2918));
#3030=CLOSED_SHELL('',(#2919,#2920,#2921));
#3031=CLOSED_SHELL('',(#2922,#2923,#2924));
#3032=CLOSED_SHELL('',(#2925,#2926,#2927));
#3033=CLOSED_SHELL('',(#2928,#2929,#2930));
#3034=CLOSED_SHELL('',(#2931,#2932,#2933));
#3035=CLOSED_SHELL('',(#2934,#2935,#2936));
#3036=CLOSED_SHELL('',(#2937,#2938,#2939,#2940,#2941,#2942,#2943,#2944,
#2945,#2946,#2947,#2948,#2949,#2950,#2951,#2952,#2953,#2954,#2955,#2956,
#2957,#2958,#2959,#2960,#2961,#2962,#2963,#2964,#2965,#2966,#2967,#2968,
#2969,#2970,#2971,#2972,#2973,#2974,#2975,#2976,#2977,#2978,#2979,#2980,
#2981,#2982,#2983,#2984,#2985,#2986,#2987,#2988,#2989,#2990,#2991,#2992,
#2993,#2994,#2995,#2996,#2997,#2998,#2999,#3000,#3001,#3002,#3003,#3004,
#3005,#3006,#3007,#3008,#3009,#3010,#3011,#3012,#3013,#3014,#3015,#3016,
#3017,#3018,#3019,#3020,#3021,#3022,#3023,#3024,#3025));
#3037=DERIVED_UNIT_ELEMENT(#3041,1.);
#3038=DERIVED_UNIT_ELEMENT(#8110,-3.);
#3039=DERIVED_UNIT_ELEMENT(#3041,1.);
#3040=DERIVED_UNIT_ELEMENT(#8110,-3.);
#3041=(
MASS_UNIT()
NAMED_UNIT(*)
SI_UNIT(.KILO.,.GRAM.)
);
#3042=DERIVED_UNIT((#3037,#3038));
#3043=DERIVED_UNIT((#3039,#3040));
#3044=MEASURE_REPRESENTATION_ITEM('density measure',
POSITIVE_RATIO_MEASURE(7850.),#3042);
#3045=MEASURE_REPRESENTATION_ITEM('density measure',
POSITIVE_RATIO_MEASURE(7850.),#3043);
#3046=PROPERTY_DEFINITION_REPRESENTATION(#3056,#3050);
#3047=PROPERTY_DEFINITION_REPRESENTATION(#3057,#3051);
#3048=PROPERTY_DEFINITION_REPRESENTATION(#3058,#3052);
#3049=PROPERTY_DEFINITION_REPRESENTATION(#3059,#3053);
#3050=REPRESENTATION('material name',(#3054),#8106);
#3051=REPRESENTATION('density',(#3044),#8106);
#3052=REPRESENTATION('material name',(#3055),#8107);
#3053=REPRESENTATION('density',(#3045),#8107);
#3054=DESCRIPTIVE_REPRESENTATION_ITEM('Steel','Steel');
#3055=DESCRIPTIVE_REPRESENTATION_ITEM('Steel','Steel');
#3056=PROPERTY_DEFINITION('material property','material name',#8140);
#3057=PROPERTY_DEFINITION('material property','density of part',#8140);
#3058=PROPERTY_DEFINITION('material property','material name',#8141);
#3059=PROPERTY_DEFINITION('material property','density of part',#8141);
#3060=AXIS2_PLACEMENT_3D('placement',#4111,#3369,#3370);
#3061=AXIS2_PLACEMENT_3D('placement',#4112,#3371,#3372);
#3062=AXIS2_PLACEMENT_3D('',#4113,#3373,#3374);
#3063=AXIS2_PLACEMENT_3D('',#4115,#3375,#3376);
#3064=AXIS2_PLACEMENT_3D('',#4118,#3378,#3379);
#3065=AXIS2_PLACEMENT_3D('',#4119,#3380,#3381);
#3066=AXIS2_PLACEMENT_3D('',#4121,#3382,#3383);
#3067=AXIS2_PLACEMENT_3D('',#4150,#3384,#3385);
#3068=AXIS2_PLACEMENT_3D('',#4151,#3386,#3387);
#3069=AXIS2_PLACEMENT_3D('',#4152,#3388,#3389);
#3070=AXIS2_PLACEMENT_3D('placement',#4153,#3390,#3391);
#3071=AXIS2_PLACEMENT_3D('',#4154,#3392,#3393);
#3072=AXIS2_PLACEMENT_3D('',#4190,#3395,#3396);
#3073=AXIS2_PLACEMENT_3D('',#4215,#3397,#3398);
#3074=AXIS2_PLACEMENT_3D('',#4291,#3400,#3401);
#3075=AXIS2_PLACEMENT_3D('',#4369,#3403,#3404);
#3076=AXIS2_PLACEMENT_3D('',#4445,#3406,#3407);
#3077=AXIS2_PLACEMENT_3D('',#4483,#3409,#3410);
#3078=AXIS2_PLACEMENT_3D('',#4512,#3411,#3412);
#3079=AXIS2_PLACEMENT_3D('',#4588,#3414,#3415);
#3080=AXIS2_PLACEMENT_3D('',#4668,#3417,#3418);
#3081=AXIS2_PLACEMENT_3D('',#4744,#3420,#3421);
#3082=AXIS2_PLACEMENT_3D('',#4820,#3423,#3424);
#3083=AXIS2_PLACEMENT_3D('',#4835,#3425,#3426);
#3084=AXIS2_PLACEMENT_3D('',#4844,#3427,#3428);
#3085=AXIS2_PLACEMENT_3D('',#4883,#3429,#3430);
#3086=AXIS2_PLACEMENT_3D('',#4912,#3432,#3433);
#3087=AXIS2_PLACEMENT_3D('',#4914,#3434,#3435);
#3088=AXIS2_PLACEMENT_3D('',#4916,#3436,#3437);
#3089=AXIS2_PLACEMENT_3D('',#4917,#3438,#3439);
#3090=AXIS2_PLACEMENT_3D('',#4918,#3440,#3441);
#3091=AXIS2_PLACEMENT_3D('',#4920,#3442,#3443);
#3092=AXIS2_PLACEMENT_3D('',#4922,#3445,#3446);
#3093=AXIS2_PLACEMENT_3D('',#4924,#3447,#3448);
#3094=AXIS2_PLACEMENT_3D('',#4925,#3449,#3450);
#3095=AXIS2_PLACEMENT_3D('',#4926,#3451,#3452);
#3096=AXIS2_PLACEMENT_3D('',#4929,#3453,#3454);
#3097=AXIS2_PLACEMENT_3D('',#4931,#3455,#3456);
#3098=AXIS2_PLACEMENT_3D('',#4940,#3457,#3458);
#3099=AXIS2_PLACEMENT_3D('',#4949,#3459,#3460);
#3100=AXIS2_PLACEMENT_3D('',#4958,#3461,#3462);
#3101=AXIS2_PLACEMENT_3D('',#4960,#3463,#3464);
#3102=AXIS2_PLACEMENT_3D('',#4962,#3465,#3466);
#3103=AXIS2_PLACEMENT_3D('',#4971,#3467,#3468);
#3104=AXIS2_PLACEMENT_3D('',#4980,#3469,#3470);
#3105=AXIS2_PLACEMENT_3D('',#4989,#3471,#3472);
#3106=AXIS2_PLACEMENT_3D('',#4991,#3473,#3474);
#3107=AXIS2_PLACEMENT_3D('',#4993,#3475,#3476);
#3108=AXIS2_PLACEMENT_3D('',#5002,#3477,#3478);
#3109=AXIS2_PLACEMENT_3D('',#5011,#3479,#3480);
#3110=AXIS2_PLACEMENT_3D('',#5020,#3481,#3482);
#3111=AXIS2_PLACEMENT_3D('',#5022,#3483,#3484);
#3112=AXIS2_PLACEMENT_3D('',#5024,#3485,#3486);
#3113=AXIS2_PLACEMENT_3D('',#5033,#3487,#3488);
#3114=AXIS2_PLACEMENT_3D('',#5042,#3489,#3490);
#3115=AXIS2_PLACEMENT_3D('',#5050,#3491,#3492);
#3116=AXIS2_PLACEMENT_3D('',#5051,#3493,#3494);
#3117=AXIS2_PLACEMENT_3D('',#5054,#3495,#3496);
#3118=AXIS2_PLACEMENT_3D('',#5061,#3497,#3498);
#3119=AXIS2_PLACEMENT_3D('',#5064,#3499,#3500);
#3120=AXIS2_PLACEMENT_3D('',#5071,#3501,#3502);
#3121=AXIS2_PLACEMENT_3D('',#5074,#3503,#3504);
#3122=AXIS2_PLACEMENT_3D('',#5081,#3505,#3506);
#3123=AXIS2_PLACEMENT_3D('',#5112,#3508,#3509);
#3124=AXIS2_PLACEMENT_3D('',#5118,#3512,#3513);
#3125=AXIS2_PLACEMENT_3D('',#5122,#3515,#3516);
#3126=AXIS2_PLACEMENT_3D('',#5126,#3518,#3519);
#3127=AXIS2_PLACEMENT_3D('',#5130,#3521,#3522);
#3128=AXIS2_PLACEMENT_3D('',#5134,#3524,#3525);
#3129=AXIS2_PLACEMENT_3D('',#5138,#3527,#3528);
#3130=AXIS2_PLACEMENT_3D('',#5142,#3530,#3531);
#3131=AXIS2_PLACEMENT_3D('',#5147,#3534,#3535);
#3132=AXIS2_PLACEMENT_3D('',#5151,#3537,#3538);
#3133=AXIS2_PLACEMENT_3D('',#5155,#3540,#3541);
#3134=AXIS2_PLACEMENT_3D('',#5160,#3544,#3545);
#3135=AXIS2_PLACEMENT_3D('',#5164,#3547,#3548);
#3136=AXIS2_PLACEMENT_3D('',#5167,#3550,#3551);
#3137=AXIS2_PLACEMENT_3D('',#5168,#3552,#3553);
#3138=AXIS2_PLACEMENT_3D('',#5170,#3555,#3556);
#3139=AXIS2_PLACEMENT_3D('',#5172,#3558,#3559);
#3140=AXIS2_PLACEMENT_3D('',#5174,#3561,#3562);
#3141=AXIS2_PLACEMENT_3D('',#5176,#3564,#3565);
#3142=AXIS2_PLACEMENT_3D('',#5178,#3567,#3568);
#3143=AXIS2_PLACEMENT_3D('',#5180,#3570,#3571);
#3144=AXIS2_PLACEMENT_3D('',#5184,#3572,#3573);
#3145=AXIS2_PLACEMENT_3D('',#5188,#3574,#3575);
#3146=AXIS2_PLACEMENT_3D('',#5190,#3577,#3578);
#3147=AXIS2_PLACEMENT_3D('',#5192,#3580,#3581);
#3148=AXIS2_PLACEMENT_3D('',#5194,#3583,#3584);
#3149=AXIS2_PLACEMENT_3D('',#5196,#3586,#3587);
#3150=AXIS2_PLACEMENT_3D('',#5198,#3589,#3590);
#3151=AXIS2_PLACEMENT_3D('',#5200,#3592,#3593);
#3152=AXIS2_PLACEMENT_3D('',#5201,#3594,#3595);
#3153=AXIS2_PLACEMENT_3D('',#5203,#3597,#3598);
#3154=AXIS2_PLACEMENT_3D('',#5205,#3600,#3601);
#3155=AXIS2_PLACEMENT_3D('',#5207,#3603,#3604);
#3156=AXIS2_PLACEMENT_3D('',#5209,#3606,#3607);
#3157=AXIS2_PLACEMENT_3D('',#5211,#3609,#3610);
#3158=AXIS2_PLACEMENT_3D('',#5213,#3612,#3613);
#3159=AXIS2_PLACEMENT_3D('',#5214,#3614,#3615);
#3160=AXIS2_PLACEMENT_3D('',#5216,#3617,#3618);
#3161=AXIS2_PLACEMENT_3D('',#5218,#3620,#3621);
#3162=AXIS2_PLACEMENT_3D('',#5220,#3623,#3624);
#3163=AXIS2_PLACEMENT_3D('',#5222,#3626,#3627);
#3164=AXIS2_PLACEMENT_3D('',#5224,#3629,#3630);
#3165=AXIS2_PLACEMENT_3D('',#5226,#3632,#3633);
#3166=AXIS2_PLACEMENT_3D('',#5227,#3634,#3635);
#3167=AXIS2_PLACEMENT_3D('',#5240,#3636,#3637);
#3168=AXIS2_PLACEMENT_3D('',#5253,#3638,#3639);
#3169=AXIS2_PLACEMENT_3D('',#5286,#3640,#3641);
#3170=AXIS2_PLACEMENT_3D('',#5580,#3643,#3644);
#3171=AXIS2_PLACEMENT_3D('',#5582,#3645,#3646);
#3172=AXIS2_PLACEMENT_3D('',#5585,#3648,#3649);
#3173=AXIS2_PLACEMENT_3D('',#5586,#3650,#3651);
#3174=AXIS2_PLACEMENT_3D('',#5587,#3652,#3653);
#3175=AXIS2_PLACEMENT_3D('',#5588,#3654,#3655);
#3176=AXIS2_PLACEMENT_3D('',#5590,#3656,#3657);
#3177=AXIS2_PLACEMENT_3D('',#5593,#3659,#3660);
#3178=AXIS2_PLACEMENT_3D('',#5594,#3661,#3662);
#3179=AXIS2_PLACEMENT_3D('',#5595,#3663,#3664);
#3180=AXIS2_PLACEMENT_3D('',#5596,#3665,#3666);
#3181=AXIS2_PLACEMENT_3D('',#5598,#3667,#3668);
#3182=AXIS2_PLACEMENT_3D('',#5601,#3670,#3671);
#3183=AXIS2_PLACEMENT_3D('',#5602,#3672,#3673);
#3184=AXIS2_PLACEMENT_3D('',#5603,#3674,#3675);
#3185=AXIS2_PLACEMENT_3D('',#5604,#3676,#3677);
#3186=AXIS2_PLACEMENT_3D('',#5606,#3678,#3679);
#3187=AXIS2_PLACEMENT_3D('',#5609,#3681,#3682);
#3188=AXIS2_PLACEMENT_3D('',#5610,#3683,#3684);
#3189=AXIS2_PLACEMENT_3D('',#5611,#3685,#3686);
#3190=AXIS2_PLACEMENT_3D('',#5612,#3687,#3688);
#3191=AXIS2_PLACEMENT_3D('',#5614,#3689,#3690);
#3192=AXIS2_PLACEMENT_3D('',#5617,#3692,#3693);
#3193=AXIS2_PLACEMENT_3D('',#5618,#3694,#3695);
#3194=AXIS2_PLACEMENT_3D('',#5619,#3696,#3697);
#3195=AXIS2_PLACEMENT_3D('',#5620,#3698,#3699);
#3196=AXIS2_PLACEMENT_3D('',#5622,#3700,#3701);
#3197=AXIS2_PLACEMENT_3D('',#5625,#3703,#3704);
#3198=AXIS2_PLACEMENT_3D('',#5626,#3705,#3706);
#3199=AXIS2_PLACEMENT_3D('',#5627,#3707,#3708);
#3200=AXIS2_PLACEMENT_3D('',#5628,#3709,#3710);
#3201=AXIS2_PLACEMENT_3D('',#5630,#3711,#3712);
#3202=AXIS2_PLACEMENT_3D('',#5633,#3714,#3715);
#3203=AXIS2_PLACEMENT_3D('',#5634,#3716,#3717);
#3204=AXIS2_PLACEMENT_3D('',#5635,#3718,#3719);
#3205=AXIS2_PLACEMENT_3D('',#5636,#3720,#3721);
#3206=AXIS2_PLACEMENT_3D('',#5638,#3722,#3723);
#3207=AXIS2_PLACEMENT_3D('',#5641,#3725,#3726);
#3208=AXIS2_PLACEMENT_3D('',#5642,#3727,#3728);
#3209=AXIS2_PLACEMENT_3D('',#5643,#3729,#3730);
#3210=AXIS2_PLACEMENT_3D('',#5644,#3731,#3732);
#3211=AXIS2_PLACEMENT_3D('',#5788,#3735,#3736);
#3212=AXIS2_PLACEMENT_3D('',#5803,#3739,#3740);
#3213=AXIS2_PLACEMENT_3D('',#5805,#3741,#3742);
#3214=AXIS2_PLACEMENT_3D('',#5807,#3743,#3744);
#3215=AXIS2_PLACEMENT_3D('',#5809,#3745,#3746);
#3216=AXIS2_PLACEMENT_3D('',#5821,#3749,#3750);
#3217=AXIS2_PLACEMENT_3D('',#5823,#3751,#3752);
#3218=AXIS2_PLACEMENT_3D('',#5825,#3753,#3754);
#3219=AXIS2_PLACEMENT_3D('',#5837,#3757,#3758);
#3220=AXIS2_PLACEMENT_3D('',#5839,#3759,#3760);
#3221=AXIS2_PLACEMENT_3D('',#5841,#3761,#3762);
#3222=AXIS2_PLACEMENT_3D('',#5853,#3765,#3766);
#3223=AXIS2_PLACEMENT_3D('',#5855,#3767,#3768);
#3224=AXIS2_PLACEMENT_3D('',#5856,#3769,#3770);
#3225=AXIS2_PLACEMENT_3D('',#5858,#3771,#3772);
#3226=AXIS2_PLACEMENT_3D('',#5859,#3773,#3774);
#3227=AXIS2_PLACEMENT_3D('',#5861,#3775,#3776);
#3228=AXIS2_PLACEMENT_3D('',#5863,#3778,#3779);
#3229=AXIS2_PLACEMENT_3D('',#5998,#3781,#3782);
#3230=AXIS2_PLACEMENT_3D('',#6011,#3784,#3785);
#3231=AXIS2_PLACEMENT_3D('',#6013,#3786,#3787);
#3232=AXIS2_PLACEMENT_3D('',#6015,#3789,#3790);
#3233=AXIS2_PLACEMENT_3D('',#6150,#3792,#3793);
#3234=AXIS2_PLACEMENT_3D('',#6179,#3795,#3796);
#3235=AXIS2_PLACEMENT_3D('',#6191,#3797,#3798);
#3236=AXIS2_PLACEMENT_3D('',#6192,#3799,#3800);
#3237=AXIS2_PLACEMENT_3D('',#6194,#3802,#3803);
#3238=AXIS2_PLACEMENT_3D('',#6329,#3805,#3806);
#3239=AXIS2_PLACEMENT_3D('',#6342,#3808,#3809);
#3240=AXIS2_PLACEMENT_3D('',#6361,#3811,#3812);
#3241=AXIS2_PLACEMENT_3D('',#6395,#3816,#3817);
#3242=AXIS2_PLACEMENT_3D('',#6422,#3821,#3822);
#3243=AXIS2_PLACEMENT_3D('',#6439,#3824,#3825);
#3244=AXIS2_PLACEMENT_3D('',#6541,#3826,#3827);
#3245=AXIS2_PLACEMENT_3D('',#6560,#3829,#3830);
#3246=AXIS2_PLACEMENT_3D('',#6577,#3832,#3833);
#3247=AXIS2_PLACEMENT_3D('',#6679,#3834,#3835);
#3248=AXIS2_PLACEMENT_3D('',#6698,#3837,#3838);
#3249=AXIS2_PLACEMENT_3D('',#6715,#3840,#3841);
#3250=AXIS2_PLACEMENT_3D('',#6817,#3842,#3843);
#3251=AXIS2_PLACEMENT_3D('',#6836,#3845,#3846);
#3252=AXIS2_PLACEMENT_3D('',#6853,#3848,#3849);
#3253=AXIS2_PLACEMENT_3D('',#6955,#3850,#3851);
#3254=AXIS2_PLACEMENT_3D('',#6973,#3853,#3854);
#3255=AXIS2_PLACEMENT_3D('',#7002,#3857,#3858);
#3256=AXIS2_PLACEMENT_3D('',#7047,#3862,#3863);
#3257=AXIS2_PLACEMENT_3D('',#7266,#3866,#3867);
#3258=AXIS2_PLACEMENT_3D('',#7267,#3868,#3869);
#3259=AXIS2_PLACEMENT_3D('',#7283,#3870,#3871);
#3260=AXIS2_PLACEMENT_3D('',#7299,#3872,#3873);
#3261=AXIS2_PLACEMENT_3D('',#7315,#3874,#3875);
#3262=AXIS2_PLACEMENT_3D('',#7317,#3876,#3877);
#3263=AXIS2_PLACEMENT_3D('',#7318,#3878,#3879);
#3264=AXIS2_PLACEMENT_3D('',#7319,#3880,#3881);
#3265=AXIS2_PLACEMENT_3D('',#7497,#3882,#3883);
#3266=AXIS2_PLACEMENT_3D('',#7498,#3884,#3885);
#3267=AXIS2_PLACEMENT_3D('',#7691,#3886,#3887);
#3268=AXIS2_PLACEMENT_3D('',#7692,#3888,#3889);
#3269=AXIS2_PLACEMENT_3D('',#7693,#3890,#3891);
#3270=AXIS2_PLACEMENT_3D('',#7871,#3892,#3893);
#3271=AXIS2_PLACEMENT_3D('',#7872,#3894,#3895);
#3272=AXIS2_PLACEMENT_3D('',#7873,#3896,#3897);
#3273=AXIS2_PLACEMENT_3D('',#7874,#3898,#3899);
#3274=AXIS2_PLACEMENT_3D('',#7875,#3900,#3901);
#3275=AXIS2_PLACEMENT_3D('',#7876,#3902,#3903);
#3276=AXIS2_PLACEMENT_3D('',#7877,#3904,#3905);
#3277=AXIS2_PLACEMENT_3D('',#7878,#3906,#3907);
#3278=AXIS2_PLACEMENT_3D('',#7879,#3908,#3909);
#3279=AXIS2_PLACEMENT_3D('',#7880,#3910,#3911);
#3280=AXIS2_PLACEMENT_3D('',#7881,#3912,#3913);
#3281=AXIS2_PLACEMENT_3D('',#7882,#3914,#3915);
#3282=AXIS2_PLACEMENT_3D('',#7883,#3916,#3917);
#3283=AXIS2_PLACEMENT_3D('',#7884,#3918,#3919);
#3284=AXIS2_PLACEMENT_3D('',#7885,#3920,#3921);
#3285=AXIS2_PLACEMENT_3D('',#7886,#3922,#3923);
#3286=AXIS2_PLACEMENT_3D('',#7887,#3924,#3925);
#3287=AXIS2_PLACEMENT_3D('',#7888,#3926,#3927);
#3288=AXIS2_PLACEMENT_3D('',#7889,#3928,#3929);
#3289=AXIS2_PLACEMENT_3D('',#7890,#3930,#3931);
#3290=AXIS2_PLACEMENT_3D('',#7891,#3932,#3933);
#3291=AXIS2_PLACEMENT_3D('',#7892,#3934,#3935);
#3292=AXIS2_PLACEMENT_3D('',#7893,#3936,#3937);
#3293=AXIS2_PLACEMENT_3D('',#7894,#3938,#3939);
#3294=AXIS2_PLACEMENT_3D('',#7895,#3940,#3941);
#3295=AXIS2_PLACEMENT_3D('',#7896,#3942,#3943);
#3296=AXIS2_PLACEMENT_3D('',#7897,#3944,#3945);
#3297=AXIS2_PLACEMENT_3D('',#7898,#3946,#3947);
#3298=AXIS2_PLACEMENT_3D('',#7899,#3948,#3949);
#3299=AXIS2_PLACEMENT_3D('',#7900,#3950,#3951);
#3300=AXIS2_PLACEMENT_3D('',#7901,#3952,#3953);
#3301=AXIS2_PLACEMENT_3D('',#7902,#3954,#3955);
#3302=AXIS2_PLACEMENT_3D('',#7903,#3956,#3957);
#3303=AXIS2_PLACEMENT_3D('',#7904,#3958,#3959);
#3304=AXIS2_PLACEMENT_3D('',#7905,#3960,#3961);
#3305=AXIS2_PLACEMENT_3D('',#7906,#3962,#3963);
#3306=AXIS2_PLACEMENT_3D('',#7907,#3964,#3965);
#3307=AXIS2_PLACEMENT_3D('',#7908,#3966,#3967);
#3308=AXIS2_PLACEMENT_3D('',#7909,#3968,#3969);
#3309=AXIS2_PLACEMENT_3D('',#7910,#3970,#3971);
#3310=AXIS2_PLACEMENT_3D('',#7911,#3972,#3973);
#3311=AXIS2_PLACEMENT_3D('',#7925,#3980,#3981);
#3312=AXIS2_PLACEMENT_3D('',#7926,#3982,#3983);
#3313=AXIS2_PLACEMENT_3D('',#7928,#3984,#3985);
#3314=AXIS2_PLACEMENT_3D('',#7930,#3986,#3987);
#3315=AXIS2_PLACEMENT_3D('',#7932,#3988,#3989);
#3316=AXIS2_PLACEMENT_3D('',#7933,#3990,#3991);
#3317=AXIS2_PLACEMENT_3D('',#7934,#3992,#3993);
#3318=AXIS2_PLACEMENT_3D('',#7936,#3995,#3996);
#3319=AXIS2_PLACEMENT_3D('',#7949,#4003,#4004);
#3320=AXIS2_PLACEMENT_3D('',#7952,#4007,#4008);
#3321=AXIS2_PLACEMENT_3D('',#7954,#4010,#4011);
#3322=AXIS2_PLACEMENT_3D('',#7956,#4013,#4014);
#3323=AXIS2_PLACEMENT_3D('',#7958,#4016,#4017);
#3324=AXIS2_PLACEMENT_3D('',#7960,#4019,#4020);
#3325=AXIS2_PLACEMENT_3D('',#7961,#4021,#4022);
#3326=AXIS2_PLACEMENT_3D('',#7963,#4023,#4024);
#3327=AXIS2_PLACEMENT_3D('',#7965,#4025,#4026);
#3328=AXIS2_PLACEMENT_3D('',#7967,#4027,#4028);
#3329=AXIS2_PLACEMENT_3D('',#7968,#4029,#4030);
#3330=AXIS2_PLACEMENT_3D('',#7969,#4031,#4032);
#3331=AXIS2_PLACEMENT_3D('',#7971,#4034,#4035);
#3332=AXIS2_PLACEMENT_3D('',#7973,#4036,#4037);
#3333=AXIS2_PLACEMENT_3D('',#7974,#4038,#4039);
#3334=AXIS2_PLACEMENT_3D('',#7976,#4041,#4042);
#3335=AXIS2_PLACEMENT_3D('',#7977,#4043,#4044);
#3336=AXIS2_PLACEMENT_3D('',#7978,#4045,#4046);
#3337=AXIS2_PLACEMENT_3D('',#7994,#4047,#4048);
#3338=AXIS2_PLACEMENT_3D('',#7995,#4049,#4050);
#3339=AXIS2_PLACEMENT_3D('',#7996,#4051,#4052);
#3340=AXIS2_PLACEMENT_3D('',#7997,#4053,#4054);
#3341=AXIS2_PLACEMENT_3D('',#8013,#4055,#4056);
#3342=AXIS2_PLACEMENT_3D('',#8014,#4057,#4058);
#3343=AXIS2_PLACEMENT_3D('',#8030,#4059,#4060);
#3344=AXIS2_PLACEMENT_3D('',#8031,#4061,#4062);
#3345=AXIS2_PLACEMENT_3D('',#8032,#4063,#4064);
#3346=AXIS2_PLACEMENT_3D('',#8033,#4065,#4066);
#3347=AXIS2_PLACEMENT_3D('',#8049,#4067,#4068);
#3348=AXIS2_PLACEMENT_3D('',#8050,#4069,#4070);
#3349=AXIS2_PLACEMENT_3D('',#8066,#4071,#4072);
#3350=AXIS2_PLACEMENT_3D('',#8067,#4073,#4074);
#3351=AXIS2_PLACEMENT_3D('',#8083,#4075,#4076);
#3352=AXIS2_PLACEMENT_3D('',#8084,#4077,#4078);
#3353=AXIS2_PLACEMENT_3D('',#8085,#4079,#4080);
#3354=AXIS2_PLACEMENT_3D('',#8086,#4081,#4082);
#3355=AXIS2_PLACEMENT_3D('',#8087,#4083,#4084);
#3356=AXIS2_PLACEMENT_3D('',#8088,#4085,#4086);
#3357=AXIS2_PLACEMENT_3D('',#8089,#4087,#4088);
#3358=AXIS2_PLACEMENT_3D('',#8090,#4089,#4090);
#3359=AXIS2_PLACEMENT_3D('',#8091,#4091,#4092);
#3360=AXIS2_PLACEMENT_3D('',#8092,#4093,#4094);
#3361=AXIS2_PLACEMENT_3D('',#8093,#4095,#4096);
#3362=AXIS2_PLACEMENT_3D('',#8094,#4097,#4098);
#3363=AXIS2_PLACEMENT_3D('',#8095,#4099,#4100);
#3364=AXIS2_PLACEMENT_3D('',#8096,#4101,#4102);
#3365=AXIS2_PLACEMENT_3D('',#8097,#4103,#4104);
#3366=AXIS2_PLACEMENT_3D('',#8098,#4105,#4106);
#3367=AXIS2_PLACEMENT_3D('',#8099,#4107,#4108);
#3368=AXIS2_PLACEMENT_3D('',#8100,#4109,#4110);
#3369=DIRECTION('axis',(0.,0.,1.));
#3370=DIRECTION('refdir',(1.,0.,0.));
#3371=DIRECTION('axis',(0.,0.,1.));
#3372=DIRECTION('refdir',(1.,0.,0.));
#3373=DIRECTION('center_axis',(0.,0.,-1.));
#3374=DIRECTION('ref_axis',(-1.,0.,0.));
#3375=DIRECTION('center_axis',(0.,0.,-1.));
#3376=DIRECTION('ref_axis',(-1.,0.,0.));
#3377=DIRECTION('',(0.,0.,-1.));
#3378=DIRECTION('center_axis',(0.,0.,1.));
#3379=DIRECTION('ref_axis',(-1.,0.,0.));
#3380=DIRECTION('center_axis',(0.,0.,-1.));
#3381=DIRECTION('ref_axis',(-1.,0.,0.));
#3382=DIRECTION('center_axis',(0.,0.,1.));
#3383=DIRECTION('ref_axis',(1.,0.,0.));
#3384=DIRECTION('center_axis',(0.,0.,1.));
#3385=DIRECTION('ref_axis',(1.,0.,0.));
#3386=DIRECTION('center_axis',(1.22464679914735E-16,-1.,0.));
#3387=DIRECTION('ref_axis',(-1.,-1.22464679914735E-16,0.));
#3388=DIRECTION('center_axis',(0.,0.,1.));
#3389=DIRECTION('ref_axis',(1.,0.,0.));
#3390=DIRECTION('axis',(0.,0.,1.));
#3391=DIRECTION('refdir',(1.,0.,0.));
#3392=DIRECTION('center_axis',(0.,-1.83697019872103E-16,1.));
#3393=DIRECTION('ref_axis',(0.,-1.,-1.83697019872103E-16));
#3394=DIRECTION('',(0.,1.83697019872103E-16,-1.));
#3395=DIRECTION('center_axis',(0.,-1.83697019872104E-16,1.));
#3396=DIRECTION('ref_axis',(0.,-1.,-1.83697019872104E-16));
#3397=DIRECTION('center_axis',(0.,-1.83697019872103E-16,1.));
#3398=DIRECTION('ref_axis',(0.,-1.,-1.83697019872103E-16));
#3399=DIRECTION('',(0.,1.83697019872103E-16,-1.));
#3400=DIRECTION('center_axis',(0.,-1.83697019872103E-16,1.));
#3401=DIRECTION('ref_axis',(0.,-1.,-1.83697019872103E-16));
#3402=DIRECTION('',(0.,1.83697019872103E-16,-1.));
#3403=DIRECTION('center_axis',(0.,-1.83697019872103E-16,1.));
#3404=DIRECTION('ref_axis',(0.,-1.,-1.83697019872103E-16));
#3405=DIRECTION('',(0.,1.83697019872103E-16,-1.));
#3406=DIRECTION('center_axis',(0.,0.,1.));
#3407=DIRECTION('ref_axis',(1.,0.,0.));
#3408=DIRECTION('',(0.,0.,-1.));
#3409=DIRECTION('center_axis',(0.,-1.83697019872103E-16,1.));
#3410=DIRECTION('ref_axis',(0.,-1.,-1.83697019872103E-16));
#3411=DIRECTION('center_axis',(0.,0.,1.));
#3412=DIRECTION('ref_axis',(1.,0.,0.));
#3413=DIRECTION('',(0.,0.,-1.));
#3414=DIRECTION('center_axis',(0.,0.,1.));
#3415=DIRECTION('ref_axis',(1.,0.,0.));
#3416=DIRECTION('',(0.,0.,-1.));
#3417=DIRECTION('center_axis',(0.,0.,1.));
#3418=DIRECTION('ref_axis',(1.,0.,0.));
#3419=DIRECTION('',(0.,0.,-1.));
#3420=DIRECTION('center_axis',(0.,0.,1.));
#3421=DIRECTION('ref_axis',(1.,0.,0.));
#3422=DIRECTION('',(0.,0.,-1.));
#3423=DIRECTION('center_axis',(0.,0.,1.));
#3424=DIRECTION('ref_axis',(1.,0.,0.));
#3425=DIRECTION('center_axis',(0.,-1.83697019872103E-16,1.));
#3426=DIRECTION('ref_axis',(1.77635683940025E-15,1.,1.83697019872103E-16));
#3427=DIRECTION('center_axis',(0.,-1.83697019872103E-16,1.));
#3428=DIRECTION('ref_axis',(0.,-1.,-1.83697019872103E-16));
#3429=DIRECTION('center_axis',(0.,-1.83697019872103E-16,1.));
#3430=DIRECTION('ref_axis',(0.,-1.,-1.83697019872103E-16));
#3431=DIRECTION('',(0.,-1.83697019872103E-16,1.));
#3432=DIRECTION('center_axis',(0.,-1.83697019872103E-16,1.));
#3433=DIRECTION('ref_axis',(0.,-1.,-1.11022302462516E-16));
#3434=DIRECTION('center_axis',(0.,-1.83697019872103E-16,1.));
#3435=DIRECTION('ref_axis',(0.,-1.,-1.83697019872103E-16));
#3436=DIRECTION('center_axis',(-1.,-1.22464679914735E-16,-2.24963967399279E-32));
#3437=DIRECTION('ref_axis',(-1.22464679914735E-16,1.,1.38777878078145E-16));
#3438=DIRECTION('center_axis',(0.,-1.83697019872103E-16,1.));
#3439=DIRECTION('ref_axis',(0.,-1.,-1.83697019872103E-16));
#3440=DIRECTION('center_axis',(0.,-1.83697019872103E-16,1.));
#3441=DIRECTION('ref_axis',(0.,-1.,-1.83697019872103E-16));
#3442=DIRECTION('center_axis',(0.,-1.83697019872103E-16,1.));
#3443=DIRECTION('ref_axis',(0.,-1.,-1.83697019872103E-16));
#3444=DIRECTION('',(0.,1.83697019872103E-16,-1.));
#3445=DIRECTION('center_axis',(0.,-1.83697019872103E-16,1.));
#3446=DIRECTION('ref_axis',(0.,-1.,-1.11022302462516E-16));
#3447=DIRECTION('center_axis',(0.,-1.83697019872103E-16,1.));
#3448=DIRECTION('ref_axis',(0.,-1.,-1.83697019872103E-16));
#3449=DIRECTION('center_axis',(-1.,-1.22464679914735E-16,-2.24963967399279E-32));
#3450=DIRECTION('ref_axis',(-1.22464679914735E-16,1.,1.38777878078144E-16));
#3451=DIRECTION('center_axis',(-1.,6.12323399573677E-17,0.));
#3452=DIRECTION('ref_axis',(0.,1.,1.8336944515744E-16));
#3453=DIRECTION('center_axis',(0.,0.,1.));
#3454=DIRECTION('ref_axis',(-1.,-3.5527136788005E-15,0.));
#3455=DIRECTION('center_axis',(-0.996194698091746,-9.14614073020454E-17,
0.0871557427476584));
#3456=DIRECTION('ref_axis',(0.0871557427476584,0.,0.996194698091746));
#3457=DIRECTION('center_axis',(-0.920363891963225,-0.381227206369651,0.0871557427476584));
#3458=DIRECTION('ref_axis',(0.382683432365088,-0.923879532511288,-3.46944695195361E-18));
#3459=DIRECTION('center_axis',(-0.381227206369648,-0.920363891963227,0.0871557427476584));
#3460=DIRECTION('ref_axis',(0.923879532511289,-0.382683432365084,-3.46944695195361E-18));
#3461=DIRECTION('center_axis',(3.74991769938386E-15,-0.996194698091746,
0.0871557427476584));
#3462=DIRECTION('ref_axis',(0.,-0.0871557427476584,-0.996194698091746));
#3463=DIRECTION('center_axis',(0.,0.,1.));
#3464=DIRECTION('ref_axis',(-1.,5.32907051820075E-15,0.));
#3465=DIRECTION('center_axis',(3.40274404114724E-15,0.996194698091746,0.0871557427476585));
#3466=DIRECTION('ref_axis',(-1.21304652124619E-16,-0.0871557427476586,0.996194698091746));
#3467=DIRECTION('center_axis',(-0.381227206369648,0.920363891963227,0.0871557427476586));
#3468=DIRECTION('ref_axis',(-0.923879532511289,-0.382683432365084,8.67361737988403E-17));
#3469=DIRECTION('center_axis',(-0.920363891963226,0.381227206369651,0.0871557427476586));
#3470=DIRECTION('ref_axis',(-0.382683432365087,-0.923879532511288,-8.67361737988403E-17));
#3471=DIRECTION('center_axis',(-0.996194698091746,-2.87732751349548E-16,
0.0871557427476585));
#3472=DIRECTION('ref_axis',(-0.0871557427476586,4.87300646628306E-16,-0.996194698091746));
#3473=DIRECTION('center_axis',(1.83697019872103E-16,-1.83697019872104E-16,
1.));
#3474=DIRECTION('ref_axis',(3.49148133884313E-15,1.,1.83697019872103E-16));
#3475=DIRECTION('center_axis',(0.996194698091746,5.94409068870764E-17,0.0871557427476584));
#3476=DIRECTION('ref_axis',(-0.0871557427476584,-3.65995994503686E-16,0.996194698091746));
#3477=DIRECTION('center_axis',(0.920363891963225,0.381227206369651,0.0871557427476585));
#3478=DIRECTION('ref_axis',(-0.382683432365087,0.923879532511288,3.43475248243408E-16));
#3479=DIRECTION('center_axis',(0.381227206369648,0.920363891963227,0.0871557427476587));
#3480=DIRECTION('ref_axis',(-0.923879532511289,0.382683432365084,1.31838984174237E-16));
#3481=DIRECTION('center_axis',(-3.74991769938386E-15,0.996194698091746,
0.0871557427476587));
#3482=DIRECTION('ref_axis',(0.,0.0871557427476587,-0.996194698091745));
#3483=DIRECTION('center_axis',(0.,-3.67394039744206E-16,1.));
#3484=DIRECTION('ref_axis',(1.,-5.32907051820075E-15,-1.95786874576352E-30));
#3485=DIRECTION('center_axis',(-1.03591344376308E-14,-0.996194698091746,
0.0871557427476582));
#3486=DIRECTION('ref_axis',(7.29909950877543E-16,0.0871557427476582,0.996194698091746));
#3487=DIRECTION('center_axis',(0.381227206369642,-0.920363891963229,0.0871557427476583));
#3488=DIRECTION('ref_axis',(0.923879532511292,0.382683432365078,2.28983498828939E-16));
#3489=DIRECTION('center_axis',(0.920363891963223,-0.381227206369657,0.0871557427476585));
#3490=DIRECTION('ref_axis',(0.382683432365093,0.923879532511285,2.35922392732846E-16));
#3491=DIRECTION('center_axis',(0.996194698091746,-6.70067814554902E-15,
0.0871557427476585));
#3492=DIRECTION('ref_axis',(0.0871557427476586,-7.29909950877545E-16,-0.996194698091746));
#3493=DIRECTION('center_axis',(0.,0.,1.));
#3494=DIRECTION('ref_axis',(1.,0.,0.));
#3495=DIRECTION('center_axis',(0.,0.,1.));
#3496=DIRECTION('ref_axis',(1.,0.,0.));
#3497=DIRECTION('center_axis',(1.83697019872103E-16,-1.83697019872104E-16,
1.));
#3498=DIRECTION('ref_axis',(-3.49148133884313E-15,-1.,-1.83697019872103E-16));
#3499=DIRECTION('center_axis',(1.83697019872103E-16,-1.83697019872104E-16,
1.));
#3500=DIRECTION('ref_axis',(-3.49148133884313E-15,-1.,-1.83697019872103E-16));
#3501=DIRECTION('center_axis',(0.,-3.67394039744206E-16,1.));
#3502=DIRECTION('ref_axis',(-1.,0.,0.));
#3503=DIRECTION('center_axis',(0.,-3.67394039744206E-16,1.));
#3504=DIRECTION('ref_axis',(-1.,0.,0.));
#3505=DIRECTION('center_axis',(0.,1.83697019872103E-16,-1.));
#3506=DIRECTION('ref_axis',(0.,1.,1.83697019872103E-16));
#3507=DIRECTION('',(0.866025403784478,-0.499999999999931,-9.18485099360389E-17));
#3508=DIRECTION('center_axis',(0.,0.,1.));
#3509=DIRECTION('ref_axis',(1.,0.,0.));
#3510=DIRECTION('',(1.,-3.39967056382371E-15,-1.83697019872104E-16));
#3511=DIRECTION('',(-1.,-3.76424177579643E-15,0.));
#3512=DIRECTION('center_axis',(0.,0.,-1.));
#3513=DIRECTION('ref_axis',(1.,0.,0.));
#3514=DIRECTION('',(-0.923879532511289,0.382683432365084,0.));
#3515=DIRECTION('center_axis',(0.,0.,-1.));
#3516=DIRECTION('ref_axis',(1.,-1.00956913536864E-15,0.));
#3517=DIRECTION('',(-0.382683432365088,0.923879532511288,0.));
#3518=DIRECTION('center_axis',(0.,0.,-1.));
#3519=DIRECTION('ref_axis',(1.,3.53349197379022E-15,0.));
#3520=DIRECTION('',(-9.18107750194251E-17,1.,0.));
#3521=DIRECTION('center_axis',(0.,0.,1.));
#3522=DIRECTION('ref_axis',(1.,0.,0.));
#3523=DIRECTION('',(-6.71020224073297E-15,-1.,-1.83697019872102E-16));
#3524=DIRECTION('center_axis',(1.83697019872103E-16,1.83697019872101E-16,
-1.));
#3525=DIRECTION('ref_axis',(9.59090678600203E-15,1.,1.83697019872103E-16));
#3526=DIRECTION('',(-0.382683432365093,-0.923879532511285,-2.40011722923048E-16));
#3527=DIRECTION('center_axis',(1.83697019872103E-16,1.83697019872101E-16,
-1.));
#3528=DIRECTION('ref_axis',(1.06004759213707E-14,1.,1.83697019872103E-16));
#3529=DIRECTION('',(-0.923879532511292,-0.382683432365078,-2.40011722923048E-16));
#3530=DIRECTION('center_axis',(1.83697019872103E-16,1.83697019872101E-16,
-1.));
#3531=DIRECTION('ref_axis',(7.06698394758044E-15,1.,1.83697019872102E-16));
#3532=DIRECTION('',(-1.,1.038263324151E-14,-1.83697019872101E-16));
#3533=DIRECTION('',(1.,3.76424177579643E-15,1.38295999258375E-30));
#3534=DIRECTION('center_axis',(0.,3.67394039744206E-16,-1.));
#3535=DIRECTION('ref_axis',(-1.,0.,0.));
#3536=DIRECTION('',(0.923879532511289,-0.382683432365084,-1.40595612159787E-16));
#3537=DIRECTION('center_axis',(0.,3.67394039744206E-16,-1.));
#3538=DIRECTION('ref_axis',(-1.,1.00956913536864E-15,3.70909683044148E-31));
#3539=DIRECTION('',(0.382683432365088,-0.923879532511288,-3.3942783368631E-16));
#3540=DIRECTION('center_axis',(0.,3.67394039744206E-16,-1.));
#3541=DIRECTION('ref_axis',(-1.,-3.53349197379022E-15,-1.29818389065452E-30));
#3542=DIRECTION('',(9.18107750194251E-17,-1.,-3.67394039744206E-16));
#3543=DIRECTION('',(-2.72760436953298E-16,1.,1.83697019872104E-16));
#3544=DIRECTION('center_axis',(-1.83697019872103E-16,1.83697019872104E-16,
-1.));
#3545=DIRECTION('ref_axis',(-3.53349197379022E-15,-1.,-1.83697019872103E-16));
#3546=DIRECTION('',(0.382683432365087,0.923879532511288,9.94161107632619E-17));
#3547=DIRECTION('center_axis',(-1.83697019872103E-16,1.83697019872104E-16,
-1.));
#3548=DIRECTION('ref_axis',(-2.52392283842159E-15,-1.,-1.83697019872103E-16));
#3549=DIRECTION('',(0.923879532511289,0.382683432365084,-9.94161107632618E-17));
#3550=DIRECTION('center_axis',(-1.83697019872103E-16,1.83697019872104E-16,
-1.));
#3551=DIRECTION('ref_axis',(-3.53349197379022E-15,-1.,-1.83697019872103E-16));
#3552=DIRECTION('center_axis',(3.74991769938386E-15,-0.996194698091746,
0.0871557427476584));
#3553=DIRECTION('ref_axis',(0.,-0.0871557427476584,-0.996194698091746));
#3554=DIRECTION('',(3.28075287851303E-16,-0.0871557427476584,-0.996194698091746));
#3555=DIRECTION('center_axis',(0.,0.,-1.));
#3556=DIRECTION('ref_axis',(1.,0.,0.));
#3557=DIRECTION('',(-0.0333530587850022,-0.0805214068653808,-0.996194698091746));
#3558=DIRECTION('center_axis',(-0.381227206369648,-0.920363891963227,0.0871557427476583));
#3559=DIRECTION('ref_axis',(0.923879532511289,-0.382683432365084,-3.46944695195362E-18));
#3560=DIRECTION('',(-0.0333530587850022,-0.0805214068653808,-0.996194698091746));
#3561=DIRECTION('center_axis',(0.,0.,-1.));
#3562=DIRECTION('ref_axis',(1.,0.,0.));
#3563=DIRECTION('',(-0.0805214068653806,-0.0333530587850025,-0.996194698091746));
#3564=DIRECTION('center_axis',(-0.920363891963225,-0.381227206369651,0.0871557427476583));
#3565=DIRECTION('ref_axis',(0.382683432365088,-0.923879532511288,0.));
#3566=DIRECTION('',(-0.0805214068653806,-0.0333530587850025,-0.996194698091746));
#3567=DIRECTION('center_axis',(0.,0.,-1.));
#3568=DIRECTION('ref_axis',(1.,0.,0.));
#3569=DIRECTION('',(-0.0871557427476584,-9.44944456315988E-17,-0.996194698091746));
#3570=DIRECTION('center_axis',(-0.996194698091746,-9.14614073020454E-17,
0.0871557427476584));
#3571=DIRECTION('ref_axis',(0.0871557427476584,0.,0.996194698091746));
#3572=DIRECTION('center_axis',(0.,0.,1.));
#3573=DIRECTION('ref_axis',(1.,0.,0.));
#3574=DIRECTION('center_axis',(0.996194698091746,-6.70067814554902E-15,
0.0871557427476585));
#3575=DIRECTION('ref_axis',(0.0871557427476585,-7.29909950877545E-16,-0.996194698091746));
#3576=DIRECTION('',(0.0871557427476585,-4.01834663026242E-16,-0.996194698091746));
#3577=DIRECTION('center_axis',(1.83697019872103E-16,1.83697019872101E-16,
-1.));
#3578=DIRECTION('ref_axis',(1.0842021724855E-14,1.,1.83697019872103E-16));
#3579=DIRECTION('',(0.0805214068653806,-0.0333530587850028,-0.996194698091746));
#3580=DIRECTION('center_axis',(0.920363891963223,-0.381227206369657,0.0871557427476585));
#3581=DIRECTION('ref_axis',(0.382683432365093,0.923879532511285,2.46330733588707E-16));
#3582=DIRECTION('',(0.0805214068653806,-0.0333530587850028,-0.996194698091746));
#3583=DIRECTION('center_axis',(1.83697019872103E-16,1.83697019872101E-16,
-1.));
#3584=DIRECTION('ref_axis',(1.0842021724855E-14,1.,1.83697019872103E-16));
#3585=DIRECTION('',(0.0333530587850019,-0.0805214068653808,-0.996194698091746));
#3586=DIRECTION('center_axis',(0.381227206369642,-0.920363891963229,0.0871557427476583));
#3587=DIRECTION('ref_axis',(0.923879532511292,0.382683432365078,2.42861286636753E-16));
#3588=DIRECTION('',(0.0333530587850018,-0.0805214068653808,-0.996194698091746));
#3589=DIRECTION('center_axis',(1.83697019872103E-16,1.83697019872101E-16,
-1.));
#3590=DIRECTION('ref_axis',(1.0842021724855E-14,1.,1.83697019872103E-16));
#3591=DIRECTION('',(-6.35415505245944E-16,-0.0871557427476582,-0.996194698091746));
#3592=DIRECTION('center_axis',(-1.03591344376308E-14,-0.996194698091746,
0.0871557427476582));
#3593=DIRECTION('ref_axis',(7.29909950877543E-16,0.0871557427476582,0.996194698091746));
#3594=DIRECTION('center_axis',(-3.74991769938386E-15,0.996194698091746,
0.0871557427476587));
#3595=DIRECTION('ref_axis',(4.93038065763132E-32,0.0871557427476587,-0.996194698091745));
#3596=DIRECTION('',(-3.28075287851302E-16,0.0871557427476587,-0.996194698091745));
#3597=DIRECTION('center_axis',(0.,3.67394039744206E-16,-1.));
#3598=DIRECTION('ref_axis',(-1.,0.,0.));
#3599=DIRECTION('',(0.0333530587850022,0.0805214068653811,-0.996194698091745));
#3600=DIRECTION('center_axis',(0.381227206369648,0.920363891963227,0.0871557427476587));
#3601=DIRECTION('ref_axis',(-0.923879532511289,0.382683432365084,1.45716771982052E-16));
#3602=DIRECTION('',(0.0333530587850022,0.0805214068653811,-0.996194698091745));
#3603=DIRECTION('center_axis',(0.,3.67394039744206E-16,-1.));
#3604=DIRECTION('ref_axis',(-1.,0.,0.));
#3605=DIRECTION('',(0.0805214068653806,0.0333530587850029,-0.996194698091746));
#3606=DIRECTION('center_axis',(0.920363891963225,0.381227206369651,0.0871557427476585));
#3607=DIRECTION('ref_axis',(-0.382683432365088,0.923879532511288,3.33066907387547E-16));
#3608=DIRECTION('',(0.0805214068653806,0.0333530587850028,-0.996194698091746));
#3609=DIRECTION('center_axis',(0.,3.67394039744206E-16,-1.));
#3610=DIRECTION('ref_axis',(-1.,0.,0.));
#3611=DIRECTION('',(0.0871557427476584,4.60490440135285E-16,-0.996194698091746));
#3612=DIRECTION('center_axis',(0.996194698091746,5.94409068870764E-17,0.0871557427476584));
#3613=DIRECTION('ref_axis',(-0.0871557427476584,-3.65995994503686E-16,0.996194698091746));
#3614=DIRECTION('center_axis',(-0.996194698091746,-2.87732751349548E-16,
0.0871557427476585));
#3615=DIRECTION('ref_axis',(-0.0871557427476585,4.87300646628306E-16,-0.996194698091746));
#3616=DIRECTION('',(-0.0871557427476585,1.59225358777003E-16,-0.996194698091746));
#3617=DIRECTION('center_axis',(-1.83697019872103E-16,1.83697019872104E-16,
-1.));
#3618=DIRECTION('ref_axis',(-3.25260651745651E-15,-1.,-1.83697019872103E-16));
#3619=DIRECTION('',(-0.0805214068653808,0.0333530587850026,-0.996194698091745));
#3620=DIRECTION('center_axis',(-0.920363891963225,0.381227206369651,0.0871557427476586));
#3621=DIRECTION('ref_axis',(-0.382683432365087,-0.923879532511288,-9.36750677027476E-17));
#3622=DIRECTION('',(-0.0805214068653809,0.0333530587850026,-0.996194698091745));
#3623=DIRECTION('center_axis',(-1.83697019872103E-16,1.83697019872104E-16,
-1.));
#3624=DIRECTION('ref_axis',(-3.25260651745651E-15,-1.,-1.83697019872103E-16));
#3625=DIRECTION('',(-0.0333530587850024,0.0805214068653809,-0.996194698091745));
#3626=DIRECTION('center_axis',(-0.381227206369648,0.920363891963227,0.0871557427476586));
#3627=DIRECTION('ref_axis',(-0.923879532511289,-0.382683432365084,9.71445146547012E-17));
#3628=DIRECTION('',(-0.0333530587850024,0.0805214068653809,-0.996194698091745));
#3629=DIRECTION('center_axis',(-1.83697019872103E-16,1.83697019872104E-16,
-1.));
#3630=DIRECTION('ref_axis',(-3.25260651745651E-15,-1.,-1.83697019872103E-16));
#3631=DIRECTION('',(2.68102064930201E-17,0.0871557427476585,-0.996194698091746));
#3632=DIRECTION('center_axis',(3.40274404114724E-15,0.996194698091746,0.0871557427476585));
#3633=DIRECTION('ref_axis',(-1.21304652124619E-16,-0.0871557427476585,0.996194698091746));
#3634=DIRECTION('center_axis',(0.,-1.83697019872103E-16,1.));
#3635=DIRECTION('ref_axis',(0.,-1.,-1.83697019872103E-16));
#3636=DIRECTION('center_axis',(0.,1.83697019872103E-16,-1.));
#3637=DIRECTION('ref_axis',(0.,-1.,-1.83697019872103E-16));
#3638=DIRECTION('center_axis',(0.,-1.83697019872104E-16,1.));
#3639=DIRECTION('ref_axis',(-0.053448242642343,0.998570621117227,1.8343444723107E-16));
#3640=DIRECTION('center_axis',(-0.499999999999931,-0.866025403784478,0.));
#3641=DIRECTION('ref_axis',(0.,0.,-1.));
#3642=DIRECTION('',(0.750000000000031,-0.433012701892158,-0.500000000000006));
#3643=DIRECTION('center_axis',(-0.707106781185979,0.707106781187116,0.));
#3644=DIRECTION('ref_axis',(-0.707106781187116,-0.707106781185979,0.));
#3645=DIRECTION('center_axis',(-0.707106781185979,0.707106781187116,0.));
#3646=DIRECTION('ref_axis',(-0.707106781187116,-0.707106781185979,0.));
#3647=DIRECTION('',(0.707106781185979,-0.707106781187116,0.));
#3648=DIRECTION('center_axis',(-0.707106781185979,0.707106781187116,0.));
#3649=DIRECTION('ref_axis',(-0.707106781187116,-0.707106781185979,0.));
#3650=DIRECTION('center_axis',(-0.707106781185979,0.707106781187116,0.));
#3651=DIRECTION('ref_axis',(-0.707106781187116,-0.707106781185979,0.));
#3652=DIRECTION('center_axis',(-0.707106781185979,0.707106781187116,0.));
#3653=DIRECTION('ref_axis',(-0.707106781187116,-0.707106781185979,0.));
#3654=DIRECTION('center_axis',(1.,-6.00030654106537E-16,0.));
#3655=DIRECTION('ref_axis',(6.00030654106537E-16,1.,0.));
#3656=DIRECTION('center_axis',(1.,-6.59506887568598E-16,0.));
#3657=DIRECTION('ref_axis',(6.59506887568598E-16,1.,0.));
#3658=DIRECTION('',(-1.,6.00030654106537E-16,0.));
#3659=DIRECTION('center_axis',(1.,-6.59506887568598E-16,0.));
#3660=DIRECTION('ref_axis',(6.59506887568598E-16,1.,0.));
#3661=DIRECTION('center_axis',(1.,-6.59506887568598E-16,0.));
#3662=DIRECTION('ref_axis',(6.59506887568598E-16,1.,0.));
#3663=DIRECTION('center_axis',(1.,-6.59506887568598E-16,0.));
#3664=DIRECTION('ref_axis',(6.59506887568598E-16,1.,0.));
#3665=DIRECTION('center_axis',(4.16333634234434E-16,1.,0.));
#3666=DIRECTION('ref_axis',(-1.,4.16333634234434E-16,0.));
#3667=DIRECTION('center_axis',(4.75809867696496E-16,1.,0.));
#3668=DIRECTION('ref_axis',(-1.,4.75809867696496E-16,0.));
#3669=DIRECTION('',(-4.16333634234434E-16,-1.,0.));
#3670=DIRECTION('center_axis',(4.75809867696496E-16,1.,0.));
#3671=DIRECTION('ref_axis',(-1.,4.75809867696496E-16,0.));
#3672=DIRECTION('center_axis',(4.75809867696496E-16,1.,0.));
#3673=DIRECTION('ref_axis',(-1.,4.75809867696496E-16,0.));
#3674=DIRECTION('center_axis',(4.75809867696496E-16,1.,0.));
#3675=DIRECTION('ref_axis',(-1.,4.75809867696496E-16,0.));
#3676=DIRECTION('center_axis',(-5.38798314149169E-16,-1.,0.));
#3677=DIRECTION('ref_axis',(1.,-5.38798314149169E-16,0.));
#3678=DIRECTION('center_axis',(-5.98274547611231E-16,-1.,0.));
#3679=DIRECTION('ref_axis',(1.,-5.98274547611231E-16,0.));
#3680=DIRECTION('',(5.38798314149169E-16,1.,0.));
#3681=DIRECTION('center_axis',(-5.98274547611231E-16,-1.,0.));
#3682=DIRECTION('ref_axis',(1.,-5.98274547611231E-16,0.));
#3683=DIRECTION('center_axis',(-5.98274547611231E-16,-1.,0.));
#3684=DIRECTION('ref_axis',(1.,-5.98274547611231E-16,0.));
#3685=DIRECTION('center_axis',(-5.98274547611231E-16,-1.,0.));
#3686=DIRECTION('ref_axis',(1.,-5.98274547611231E-16,0.));
#3687=DIRECTION('center_axis',(-0.707106781187116,-0.707106781185979,0.));
#3688=DIRECTION('ref_axis',(0.707106781185979,-0.707106781187116,0.));
#3689=DIRECTION('center_axis',(-0.707106781187116,-0.707106781185979,0.));
#3690=DIRECTION('ref_axis',(0.707106781185979,-0.707106781187116,0.));
#3691=DIRECTION('',(0.707106781187116,0.707106781185979,0.));
#3692=DIRECTION('center_axis',(-0.707106781187116,-0.707106781185979,0.));
#3693=DIRECTION('ref_axis',(0.707106781185979,-0.707106781187116,0.));
#3694=DIRECTION('center_axis',(-0.707106781187116,-0.707106781185979,0.));
#3695=DIRECTION('ref_axis',(0.707106781185979,-0.707106781187116,0.));
#3696=DIRECTION('center_axis',(-0.707106781187116,-0.707106781185979,0.));
#3697=DIRECTION('ref_axis',(0.707106781185979,-0.707106781187116,0.));
#3698=DIRECTION('center_axis',(-1.,4.77565974191801E-16,0.));
#3699=DIRECTION('ref_axis',(-4.77565974191801E-16,-1.,0.));
#3700=DIRECTION('center_axis',(-1.,5.37042207653863E-16,0.));
#3701=DIRECTION('ref_axis',(-5.37042207653863E-16,-1.,0.));
#3702=DIRECTION('',(1.,-4.77565974191801E-16,0.));
#3703=DIRECTION('center_axis',(-1.,5.37042207653863E-16,0.));
#3704=DIRECTION('ref_axis',(-5.37042207653863E-16,-1.,0.));
#3705=DIRECTION('center_axis',(-1.,5.37042207653863E-16,0.));
#3706=DIRECTION('ref_axis',(-5.37042207653863E-16,-1.,0.));
#3707=DIRECTION('center_axis',(-1.,5.37042207653863E-16,0.));
#3708=DIRECTION('ref_axis',(-5.37042207653863E-16,-1.,0.));
#3709=DIRECTION('center_axis',(0.707106781187116,0.707106781185979,0.));
#3710=DIRECTION('ref_axis',(-0.707106781185979,0.707106781187116,0.));
#3711=DIRECTION('center_axis',(0.707106781187116,0.707106781185979,0.));
#3712=DIRECTION('ref_axis',(-0.707106781185979,0.707106781187116,0.));
#3713=DIRECTION('',(-0.707106781187116,-0.707106781185979,0.));
#3714=DIRECTION('center_axis',(0.707106781187116,0.707106781185979,0.));
#3715=DIRECTION('ref_axis',(-0.707106781185979,0.707106781187116,0.));
#3716=DIRECTION('center_axis',(0.707106781187116,0.707106781185979,0.));
#3717=DIRECTION('ref_axis',(-0.707106781185979,0.707106781187116,0.));
#3718=DIRECTION('center_axis',(0.707106781187116,0.707106781185979,0.));
#3719=DIRECTION('ref_axis',(-0.707106781185979,0.707106781187116,0.));
#3720=DIRECTION('center_axis',(0.707106781185979,-0.707106781187116,0.));
#3721=DIRECTION('ref_axis',(0.707106781187116,0.707106781185979,0.));
#3722=DIRECTION('center_axis',(0.707106781185979,-0.707106781187116,0.));
#3723=DIRECTION('ref_axis',(0.707106781187116,0.707106781185979,0.));
#3724=DIRECTION('',(-0.707106781185979,0.707106781187116,0.));
#3725=DIRECTION('center_axis',(0.707106781185979,-0.707106781187116,0.));
#3726=DIRECTION('ref_axis',(0.707106781187116,0.707106781185979,0.));
#3727=DIRECTION('center_axis',(0.707106781185979,-0.707106781187116,0.));
#3728=DIRECTION('ref_axis',(0.707106781187116,0.707106781185979,0.));
#3729=DIRECTION('center_axis',(0.707106781185979,-0.707106781187116,0.));
#3730=DIRECTION('ref_axis',(0.707106781187116,0.707106781185979,0.));
#3731=DIRECTION('center_axis',(-1.,-4.16333634234436E-16,0.));
#3732=DIRECTION('ref_axis',(0.,0.70710678118654,0.707106781186555));
#3733=DIRECTION('',(1.,4.16333634234436E-16,0.));
#3734=DIRECTION('',(-1.,-4.16333634234436E-16,0.));
#3735=DIRECTION('center_axis',(1.,4.16333634234436E-16,0.));
#3736=DIRECTION('ref_axis',(0.,-0.70710678118654,0.707106781186555));
#3737=DIRECTION('',(1.,4.16333634234436E-16,0.));
#3738=DIRECTION('',(-1.,-4.16333634234436E-16,0.));
#3739=DIRECTION('center_axis',(0.,0.,1.));
#3740=DIRECTION('ref_axis',(1.,0.,0.));
#3741=DIRECTION('center_axis',(0.,0.,1.));
#3742=DIRECTION('ref_axis',(1.,0.,0.));
#3743=DIRECTION('center_axis',(0.,0.,1.));
#3744=DIRECTION('ref_axis',(-0.707106781186548,-0.707106781186547,0.));
#3745=DIRECTION('center_axis',(0.,0.,1.));
#3746=DIRECTION('ref_axis',(1.,0.,0.));
#3747=DIRECTION('',(1.38777878078145E-16,1.,0.));
#3748=DIRECTION('',(-1.38777878078145E-16,-1.,0.));
#3749=DIRECTION('center_axis',(0.,0.,1.));
#3750=DIRECTION('ref_axis',(1.,0.,0.));
#3751=DIRECTION('center_axis',(0.,0.,1.));
#3752=DIRECTION('ref_axis',(0.707106781186549,-0.707106781186546,0.));
#3753=DIRECTION('center_axis',(0.,0.,1.));
#3754=DIRECTION('ref_axis',(1.,0.,0.));
#3755=DIRECTION('',(-1.,1.38777878078145E-16,0.));
#3756=DIRECTION('',(1.,-1.38777878078145E-16,0.));
#3757=DIRECTION('center_axis',(0.,0.,1.));
#3758=DIRECTION('ref_axis',(1.,0.,0.));
#3759=DIRECTION('center_axis',(0.,0.,1.));
#3760=DIRECTION('ref_axis',(0.707106781186546,0.707106781186549,0.));
#3761=DIRECTION('center_axis',(0.,0.,1.));
#3762=DIRECTION('ref_axis',(1.,0.,0.));
#3763=DIRECTION('',(0.,-1.,0.));
#3764=DIRECTION('',(0.,1.,0.));
#3765=DIRECTION('center_axis',(0.,0.,1.));
#3766=DIRECTION('ref_axis',(1.,0.,0.));
#3767=DIRECTION('center_axis',(0.,0.,1.));
#3768=DIRECTION('ref_axis',(-0.707106781186547,0.707106781186547,0.));
#3769=DIRECTION('center_axis',(0.,0.,1.));
#3770=DIRECTION('ref_axis',(1.,0.,0.));
#3771=DIRECTION('center_axis',(0.,0.,-1.));
#3772=DIRECTION('ref_axis',(-1.,0.,0.));
#3773=DIRECTION('center_axis',(-4.16333634234436E-16,1.,0.));
#3774=DIRECTION('ref_axis',(0.,0.,1.));
#3775=DIRECTION('center_axis',(-4.16333634234436E-16,1.,0.));
#3776=DIRECTION('ref_axis',(1.,4.16333634234436E-16,0.));
#3777=DIRECTION('',(0.,0.,-1.));
#3778=DIRECTION('center_axis',(-1.38777878078145E-16,-1.,0.));
#3779=DIRECTION('ref_axis',(-0.70710678118654,0.,0.707106781186555));
#3780=DIRECTION('',(-1.38777878078145E-16,-1.,0.));
#3781=DIRECTION('center_axis',(1.38777878078145E-16,1.,0.));
#3782=DIRECTION('ref_axis',(0.70710678118654,0.,0.707106781186555));
#3783=DIRECTION('',(1.38777878078145E-16,1.,0.));
#3784=DIRECTION('center_axis',(-1.,1.38777878078145E-16,0.));
#3785=DIRECTION('ref_axis',(0.,0.,1.));
#3786=DIRECTION('center_axis',(-1.,1.38777878078145E-16,0.));
#3787=DIRECTION('ref_axis',(0.,0.,1.));
#3788=DIRECTION('',(0.,0.,-1.));
#3789=DIRECTION('center_axis',(0.,1.,0.));
#3790=DIRECTION('ref_axis',(0.70710678118654,0.,0.707106781186555));
#3791=DIRECTION('',(0.,1.,0.));
#3792=DIRECTION('center_axis',(0.,-1.,0.));
#3793=DIRECTION('ref_axis',(-0.70710678118654,0.,0.707106781186555));
#3794=DIRECTION('',(0.,-1.,0.));
#3795=DIRECTION('center_axis',(1.,0.,0.));
#3796=DIRECTION('ref_axis',(0.,0.,-1.));
#3797=DIRECTION('center_axis',(1.,0.,0.));
#3798=DIRECTION('ref_axis',(0.,0.,-1.));
#3799=DIRECTION('center_axis',(-1.,0.,0.));
#3800=DIRECTION('ref_axis',(0.,0.,1.));
#3801=DIRECTION('',(0.,0.,1.));
#3802=DIRECTION('center_axis',(1.,-1.38777878078145E-16,0.));
#3803=DIRECTION('ref_axis',(0.,-0.70710678118654,0.707106781186555));
#3804=DIRECTION('',(1.,-1.38777878078145E-16,0.));
#3805=DIRECTION('center_axis',(-1.,1.38777878078145E-16,0.));
#3806=DIRECTION('ref_axis',(0.,0.70710678118654,0.707106781186555));
#3807=DIRECTION('',(-1.,1.38777878078145E-16,0.));
#3808=DIRECTION('center_axis',(0.,0.,1.));
#3809=DIRECTION('ref_axis',(1.,0.,0.));
#3810=DIRECTION('',(0.,0.,-1.));
#3811=DIRECTION('center_axis',(0.,0.,-1.));
#3812=DIRECTION('ref_axis',(1.,0.,0.));
#3813=DIRECTION('',(0.,0.,1.));
#3814=DIRECTION('',(0.,0.,-1.));
#3815=DIRECTION('',(0.,0.,-1.));
#3816=DIRECTION('center_axis',(0.,0.,-1.));
#3817=DIRECTION('ref_axis',(1.,0.,0.));
#3818=DIRECTION('',(0.,0.,1.));
#3819=DIRECTION('',(0.,0.,-1.));
#3820=DIRECTION('',(0.,0.,-1.));
#3821=DIRECTION('center_axis',(0.,0.,1.));
#3822=DIRECTION('ref_axis',(1.,0.,0.));
#3823=DIRECTION('',(0.,0.,-1.));
#3824=DIRECTION('center_axis',(0.,0.,1.));
#3825=DIRECTION('ref_axis',(1.,0.,0.));
#3826=DIRECTION('center_axis',(0.,0.,1.));
#3827=DIRECTION('ref_axis',(1.,0.,0.));
#3828=DIRECTION('',(0.,0.,1.));
#3829=DIRECTION('center_axis',(0.,0.,1.));
#3830=DIRECTION('ref_axis',(1.,0.,0.));
#3831=DIRECTION('',(0.,0.,-1.));
#3832=DIRECTION('center_axis',(0.,0.,1.));
#3833=DIRECTION('ref_axis',(1.,0.,0.));
#3834=DIRECTION('center_axis',(0.,0.,1.));
#3835=DIRECTION('ref_axis',(1.,0.,0.));
#3836=DIRECTION('',(0.,0.,1.));
#3837=DIRECTION('center_axis',(0.,0.,1.));
#3838=DIRECTION('ref_axis',(1.,0.,0.));
#3839=DIRECTION('',(0.,0.,-1.));
#3840=DIRECTION('center_axis',(0.,0.,1.));
#3841=DIRECTION('ref_axis',(1.,0.,0.));
#3842=DIRECTION('center_axis',(0.,0.,1.));
#3843=DIRECTION('ref_axis',(1.,0.,0.));
#3844=DIRECTION('',(0.,0.,1.));
#3845=DIRECTION('center_axis',(0.,0.,1.));
#3846=DIRECTION('ref_axis',(1.,0.,0.));
#3847=DIRECTION('',(0.,0.,-1.));
#3848=DIRECTION('center_axis',(0.,0.,1.));
#3849=DIRECTION('ref_axis',(1.,0.,0.));
#3850=DIRECTION('center_axis',(0.,0.,1.));
#3851=DIRECTION('ref_axis',(1.,0.,0.));
#3852=DIRECTION('',(0.,0.,1.));
#3853=DIRECTION('center_axis',(0.,0.,1.));
#3854=DIRECTION('ref_axis',(1.,0.,0.));
#3855=DIRECTION('',(0.,0.,1.));
#3856=DIRECTION('',(0.,0.,-1.));
#3857=DIRECTION('center_axis',(0.,0.,-1.));
#3858=DIRECTION('ref_axis',(1.,0.,0.));
#3859=DIRECTION('',(0.,0.,1.));
#3860=DIRECTION('',(0.,0.,1.));
#3861=DIRECTION('',(0.,0.,-1.));
#3862=DIRECTION('center_axis',(0.,0.,-1.));
#3863=DIRECTION('ref_axis',(1.,0.,0.));
#3864=DIRECTION('',(0.,0.,1.));
#3865=DIRECTION('',(0.,0.,1.));
#3866=DIRECTION('center_axis',(0.,0.,1.));
#3867=DIRECTION('ref_axis',(1.,0.,0.));
#3868=DIRECTION('center_axis',(0.,0.,-1.));
#3869=DIRECTION('ref_axis',(-1.,1.22464679914735E-16,0.));
#3870=DIRECTION('center_axis',(0.,0.,-1.));
#3871=DIRECTION('ref_axis',(6.12323399573677E-17,1.,0.));
#3872=DIRECTION('center_axis',(0.,0.,-1.));
#3873=DIRECTION('ref_axis',(1.,2.22044604925031E-16,0.));
#3874=DIRECTION('center_axis',(0.,0.,-1.));
#3875=DIRECTION('ref_axis',(-1.83697019872103E-16,-1.,0.));
#3876=DIRECTION('center_axis',(0.,0.,1.));
#3877=DIRECTION('ref_axis',(1.,0.,0.));
#3878=DIRECTION('center_axis',(0.707106781185979,-0.707106781187116,0.));
#3879=DIRECTION('ref_axis',(-0.707106781187117,-0.707106781185978,0.));
#3880=DIRECTION('center_axis',(0.707106781185979,-0.707106781187116,0.));
#3881=DIRECTION('ref_axis',(0.707106781187116,0.707106781185979,0.));
#3882=DIRECTION('center_axis',(-0.707106781187117,-0.707106781185979,0.));
#3883=DIRECTION('ref_axis',(-0.707106781185978,0.707106781187117,0.));
#3884=DIRECTION('center_axis',(-0.707106781187117,-0.707106781185979,0.));
#3885=DIRECTION('ref_axis',(0.707106781185979,-0.707106781187116,0.));
#3886=DIRECTION('center_axis',(-0.707106781185979,0.707106781187116,0.));
#3887=DIRECTION('ref_axis',(0.707106781187116,0.707106781185979,0.));
#3888=DIRECTION('center_axis',(-0.707106781185979,0.707106781187116,0.));
#3889=DIRECTION('ref_axis',(0.707106781187116,0.707106781185979,0.));
#3890=DIRECTION('center_axis',(-0.707106781185979,0.707106781187116,0.));
#3891=DIRECTION('ref_axis',(0.707106781187117,0.707106781185978,0.));
#3892=DIRECTION('center_axis',(0.,0.,1.));
#3893=DIRECTION('ref_axis',(6.12323399573676E-17,-1.,0.));
#3894=DIRECTION('center_axis',(0.,0.,1.));
#3895=DIRECTION('ref_axis',(-1.83697019872103E-16,-1.,0.));
#3896=DIRECTION('center_axis',(0.,0.,1.));
#3897=DIRECTION('ref_axis',(-1.,-1.22464679914735E-16,0.));
#3898=DIRECTION('center_axis',(0.,0.,1.));
#3899=DIRECTION('ref_axis',(-1.,1.22464679914735E-16,0.));
#3900=DIRECTION('center_axis',(0.,0.,1.));
#3901=DIRECTION('ref_axis',(1.,0.,0.));
#3902=DIRECTION('center_axis',(0.,0.,1.));
#3903=DIRECTION('ref_axis',(1.,2.22044604925031E-16,0.));
#3904=DIRECTION('center_axis',(0.,0.,1.));
#3905=DIRECTION('ref_axis',(-1.83697019872103E-16,1.,0.));
#3906=DIRECTION('center_axis',(0.,0.,1.));
#3907=DIRECTION('ref_axis',(6.12323399573677E-17,1.,0.));
#3908=DIRECTION('center_axis',(0.,0.,-1.));
#3909=DIRECTION('ref_axis',(-0.707106781186547,0.707106781186548,0.));
#3910=DIRECTION('center_axis',(0.,0.,-1.));
#3911=DIRECTION('ref_axis',(-0.707106781186547,0.707106781186547,0.));
#3912=DIRECTION('center_axis',(0.,0.,-1.));
#3913=DIRECTION('ref_axis',(-0.707106781186547,0.707106781186547,0.));
#3914=DIRECTION('center_axis',(0.,0.,-1.));
#3915=DIRECTION('ref_axis',(-1.,0.,0.));
#3916=DIRECTION('center_axis',(0.,0.,-1.));
#3917=DIRECTION('ref_axis',(0.707106781186548,0.707106781186548,0.));
#3918=DIRECTION('center_axis',(0.,0.,-1.));
#3919=DIRECTION('ref_axis',(0.707106781186546,0.707106781186549,0.));
#3920=DIRECTION('center_axis',(0.,0.,-1.));
#3921=DIRECTION('ref_axis',(0.707106781186548,-0.707106781186548,0.));
#3922=DIRECTION('center_axis',(0.,0.,-1.));
#3923=DIRECTION('ref_axis',(0.707106781186549,-0.707106781186546,0.));
#3924=DIRECTION('center_axis',(0.,0.,-1.));
#3925=DIRECTION('ref_axis',(-0.707106781186548,-0.707106781186548,0.));
#3926=DIRECTION('center_axis',(0.,0.,-1.));
#3927=DIRECTION('ref_axis',(-0.707106781186548,-0.707106781186547,0.));
#3928=DIRECTION('center_axis',(0.,0.,-1.));
#3929=DIRECTION('ref_axis',(-0.707106781186547,-0.707106781186548,0.));
#3930=DIRECTION('center_axis',(0.,0.,-1.));
#3931=DIRECTION('ref_axis',(-1.,0.,0.));
#3932=DIRECTION('center_axis',(0.,0.,1.));
#3933=DIRECTION('ref_axis',(-1.,0.,0.));
#3934=DIRECTION('center_axis',(0.,0.,-1.));
#3935=DIRECTION('ref_axis',(0.707106781186547,0.707106781186548,0.));
#3936=DIRECTION('center_axis',(0.,0.,-1.));
#3937=DIRECTION('ref_axis',(-1.,0.,0.));
#3938=DIRECTION('center_axis',(0.,0.,1.));
#3939=DIRECTION('ref_axis',(-1.,0.,0.));
#3940=DIRECTION('center_axis',(0.,0.,-1.));
#3941=DIRECTION('ref_axis',(0.707106781186548,-0.707106781186547,0.));
#3942=DIRECTION('center_axis',(0.,0.,-1.));
#3943=DIRECTION('ref_axis',(-1.,0.,0.));
#3944=DIRECTION('center_axis',(0.,0.,1.));
#3945=DIRECTION('ref_axis',(-1.,0.,0.));
#3946=DIRECTION('center_axis',(0.,0.,1.));
#3947=DIRECTION('ref_axis',(-1.,0.,0.));
#3948=DIRECTION('center_axis',(0.,0.,-1.));
#3949=DIRECTION('ref_axis',(1.,0.,0.));
#3950=DIRECTION('center_axis',(0.,0.,1.));
#3951=DIRECTION('ref_axis',(1.,0.,0.));
#3952=DIRECTION('center_axis',(0.,0.,1.));
#3953=DIRECTION('ref_axis',(6.12323399573677E-17,1.,0.));
#3954=DIRECTION('center_axis',(0.,0.,-1.));
#3955=DIRECTION('ref_axis',(1.,0.,0.));
#3956=DIRECTION('center_axis',(0.,0.,1.));
#3957=DIRECTION('ref_axis',(1.,0.,0.));
#3958=DIRECTION('center_axis',(0.,0.,1.));
#3959=DIRECTION('ref_axis',(1.,0.,0.));
#3960=DIRECTION('center_axis',(0.,0.,-1.));
#3961=DIRECTION('ref_axis',(1.,0.,0.));
#3962=DIRECTION('center_axis',(0.,0.,1.));
#3963=DIRECTION('ref_axis',(1.,0.,0.));
#3964=DIRECTION('center_axis',(0.,0.,1.));
#3965=DIRECTION('ref_axis',(-1.,1.22464679914735E-16,0.));
#3966=DIRECTION('center_axis',(0.,0.,-1.));
#3967=DIRECTION('ref_axis',(1.,0.,0.));
#3968=DIRECTION('center_axis',(0.,0.,1.));
#3969=DIRECTION('ref_axis',(1.,0.,0.));
#3970=DIRECTION('center_axis',(0.,0.,1.));
#3971=DIRECTION('ref_axis',(-1.83697019872103E-16,-1.,0.));
#3972=DIRECTION('center_axis',(0.,0.,1.));
#3973=DIRECTION('ref_axis',(1.,0.,0.));
#3974=DIRECTION('',(0.866025403784439,0.5,0.));
#3975=DIRECTION('',(0.866025403784439,-0.5,0.));
#3976=DIRECTION('',(1.20185167898973E-16,-1.,0.));
#3977=DIRECTION('',(-0.866025403784438,-0.5,0.));
#3978=DIRECTION('',(-0.866025403784439,0.5,0.));
#3979=DIRECTION('',(0.,1.,0.));
#3980=DIRECTION('center_axis',(0.,0.,1.));
#3981=DIRECTION('ref_axis',(-1.,0.,0.));
#3982=DIRECTION('center_axis',(0.,0.,-1.));
#3983=DIRECTION('ref_axis',(-1.,0.,0.));
#3984=DIRECTION('center_axis',(0.,0.,1.));
#3985=DIRECTION('ref_axis',(1.,0.,0.));
#3986=DIRECTION('center_axis',(-1.22464679914735E-16,-1.,0.));
#3987=DIRECTION('ref_axis',(1.,-1.22464679914735E-16,0.));
#3988=DIRECTION('center_axis',(0.,0.,-1.));
#3989=DIRECTION('ref_axis',(1.,0.,0.));
#3990=DIRECTION('center_axis',(0.,0.,-1.));
#3991=DIRECTION('ref_axis',(1.,0.,0.));
#3992=DIRECTION('center_axis',(0.,0.,-1.));
#3993=DIRECTION('ref_axis',(1.,0.,0.));
#3994=DIRECTION('',(0.,0.,1.));
#3995=DIRECTION('center_axis',(0.,0.,-1.));
#3996=DIRECTION('ref_axis',(1.,0.,0.));
#3997=DIRECTION('',(0.,1.,0.));
#3998=DIRECTION('',(-0.866025403784439,0.5,0.));
#3999=DIRECTION('',(-0.866025403784438,-0.5,0.));
#4000=DIRECTION('',(1.20185167898973E-16,-1.,0.));
#4001=DIRECTION('',(0.866025403784439,-0.5,0.));
#4002=DIRECTION('',(0.866025403784439,0.5,0.));
#4003=DIRECTION('center_axis',(-0.5,0.866025403784439,0.));
#4004=DIRECTION('ref_axis',(0.866025403784439,0.5,0.));
#4005=DIRECTION('',(0.,0.,-1.));
#4006=DIRECTION('',(0.,0.,1.));
#4007=DIRECTION('center_axis',(0.5,0.866025403784439,0.));
#4008=DIRECTION('ref_axis',(0.866025403784439,-0.5,0.));
#4009=DIRECTION('',(0.,0.,1.));
#4010=DIRECTION('center_axis',(1.,1.20185167898973E-16,0.));
#4011=DIRECTION('ref_axis',(1.20185167898973E-16,-1.,0.));
#4012=DIRECTION('',(0.,0.,1.));
#4013=DIRECTION('center_axis',(0.5,-0.866025403784439,0.));
#4014=DIRECTION('ref_axis',(-0.866025403784438,-0.5,0.));
#4015=DIRECTION('',(0.,0.,1.));
#4016=DIRECTION('center_axis',(-0.5,-0.866025403784439,0.));
#4017=DIRECTION('ref_axis',(-0.866025403784439,0.5,0.));
#4018=DIRECTION('',(0.,0.,1.));
#4019=DIRECTION('center_axis',(-1.,0.,0.));
#4020=DIRECTION('ref_axis',(0.,1.,0.));
#4021=DIRECTION('center_axis',(0.,0.,1.));
#4022=DIRECTION('ref_axis',(1.,0.,0.));
#4023=DIRECTION('center_axis',(0.,0.,-1.));
#4024=DIRECTION('ref_axis',(-1.,0.,0.));
#4025=DIRECTION('center_axis',(1.22464679914735E-16,-1.,0.));
#4026=DIRECTION('ref_axis',(-1.,-1.22464679914735E-16,0.));
#4027=DIRECTION('center_axis',(0.,0.,1.));
#4028=DIRECTION('ref_axis',(-1.,0.,0.));
#4029=DIRECTION('center_axis',(0.,0.,1.));
#4030=DIRECTION('ref_axis',(-1.,0.,0.));
#4031=DIRECTION('center_axis',(0.,0.,1.));
#4032=DIRECTION('ref_axis',(-1.,0.,0.));
#4033=DIRECTION('',(0.,0.,-1.));
#4034=DIRECTION('center_axis',(0.,0.,1.));
#4035=DIRECTION('ref_axis',(-1.,0.,0.));
#4036=DIRECTION('center_axis',(0.,0.,-1.));
#4037=DIRECTION('ref_axis',(-1.,0.,0.));
#4038=DIRECTION('center_axis',(0.,0.,1.));
#4039=DIRECTION('ref_axis',(-1.,0.,0.));
#4040=DIRECTION('',(0.,0.,-1.));
#4041=DIRECTION('center_axis',(-0.707106781185979,0.707106781187116,0.));
#4042=DIRECTION('ref_axis',(0.707106781187117,0.707106781185979,0.));
#4043=DIRECTION('center_axis',(0.707106781187116,0.707106781185979,0.));
#4044=DIRECTION('ref_axis',(0.707106781185979,-0.707106781187116,0.));
#4045=DIRECTION('center_axis',(0.707106781187116,0.707106781185979,0.));
#4046=DIRECTION('ref_axis',(0.707106781185979,-0.707106781187116,0.));
#4047=DIRECTION('center_axis',(0.707106781187116,0.707106781185979,0.));
#4048=DIRECTION('ref_axis',(0.707106781185979,-0.707106781187116,0.));
#4049=DIRECTION('center_axis',(0.707106781187116,0.707106781185979,0.));
#4050=DIRECTION('ref_axis',(0.707106781185979,-0.707106781187116,0.));
#4051=DIRECTION('center_axis',(0.707106781185979,-0.707106781187116,0.));
#4052=DIRECTION('ref_axis',(-0.707106781187117,-0.707106781185978,0.));
#4053=DIRECTION('center_axis',(0.707106781185979,-0.707106781187116,0.));
#4054=DIRECTION('ref_axis',(0.707106781187116,0.707106781185979,0.));
#4055=DIRECTION('center_axis',(-0.707106781187117,-0.707106781185979,0.));
#4056=DIRECTION('ref_axis',(-0.707106781185978,0.707106781187117,0.));
#4057=DIRECTION('center_axis',(-0.707106781187117,-0.707106781185979,0.));
#4058=DIRECTION('ref_axis',(0.707106781185978,-0.707106781187116,0.));
#4059=DIRECTION('center_axis',(-1.38777878078145E-16,-1.,0.));
#4060=DIRECTION('ref_axis',(0.,0.,-1.));
#4061=DIRECTION('center_axis',(-1.38777878078145E-16,-1.,0.));
#4062=DIRECTION('ref_axis',(1.,-1.38777878078145E-16,0.));
#4063=DIRECTION('center_axis',(1.38777878078145E-16,1.,0.));
#4064=DIRECTION('ref_axis',(0.,0.,1.));
#4065=DIRECTION('center_axis',(-1.38777878078145E-16,-1.,0.));
#4066=DIRECTION('ref_axis',(1.,-1.38777878078145E-16,0.));
#4067=DIRECTION('center_axis',(1.,-1.38777878078145E-16,0.));
#4068=DIRECTION('ref_axis',(0.,0.,-1.));
#4069=DIRECTION('center_axis',(-1.,1.38777878078145E-16,0.));
#4070=DIRECTION('ref_axis',(0.,0.,1.));
#4071=DIRECTION('center_axis',(4.16333634234436E-16,-1.,0.));
#4072=DIRECTION('ref_axis',(0.,0.,-1.));
#4073=DIRECTION('center_axis',(-4.16333634234436E-16,1.,0.));
#4074=DIRECTION('ref_axis',(1.,4.16333634234436E-16,0.));
#4075=DIRECTION('center_axis',(1.,0.,0.));
#4076=DIRECTION('ref_axis',(0.,0.,-1.));
#4077=DIRECTION('',(1.,-6.59506887568598E-16,0.));
#4078=DIRECTION('',(-8.07662998876518E-32,-1.22464679914735E-16,-1.));
#4079=DIRECTION('',(7.20739227525966E-16,1.,0.));
#4080=DIRECTION('',(1.22464679914735E-16,-8.82650988009611E-32,-1.));
#4081=DIRECTION('',(-1.,7.81971567483334E-16,0.));
#4082=DIRECTION('',(9.57638977142704E-32,1.22464679914735E-16,-1.));
#4083=DIRECTION('',(-8.43203907440701E-16,-1.,0.));
#4084=DIRECTION('',(-1.22464679914735E-16,1.0326269662758E-31,-1.));
#4085=DIRECTION('',(0.707106781187116,0.707106781185979,-5.55111512312578E-17));
#4086=DIRECTION('',(-0.707106781185979,0.707106781187116,-5.55111512312578E-17));
#4087=DIRECTION('',(-0.707106781185979,0.707106781187116,-5.55111512312578E-17));
#4088=DIRECTION('',(-0.707106781187116,-0.707106781185979,-5.55111512312578E-17));
#4089=DIRECTION('',(-0.707106781187116,-0.707106781185978,-5.55111512312578E-17));
#4090=DIRECTION('',(0.707106781185979,-0.707106781187117,-5.55111512312578E-17));
#4091=DIRECTION('',(0.707106781185978,-0.707106781187116,-5.55111512312578E-17));
#4092=DIRECTION('',(0.707106781187117,0.707106781185979,-5.55111512312578E-17));
#4093=DIRECTION('',(0.,1.83697019872103E-16,1.));
#4094=DIRECTION('',(1.,0.,0.));
#4095=DIRECTION('',(-1.83697019872103E-16,1.12481983699639E-32,1.));
#4096=DIRECTION('',(6.12323399573677E-17,1.,0.));
#4097=DIRECTION('',(-2.24963967399279E-32,-1.83697019872103E-16,1.));
#4098=DIRECTION('',(-1.,1.22464679914735E-16,0.));
#4099=DIRECTION('',(1.83697019872103E-16,-3.37445951098918E-32,1.));
#4100=DIRECTION('',(-1.83697019872103E-16,-1.,0.));
#4101=DIRECTION('',(0.,-1.83697019872103E-16,-1.));
#4102=DIRECTION('',(1.,0.,0.));
#4103=DIRECTION('',(1.83697019872103E-16,-1.12481983699639E-32,-1.));
#4104=DIRECTION('',(6.12323399573677E-17,1.,0.));
#4105=DIRECTION('',(2.24963967399279E-32,1.83697019872103E-16,-1.));
#4106=DIRECTION('',(-1.,1.22464679914735E-16,0.));
#4107=DIRECTION('',(-1.83697019872103E-16,3.37445951098918E-32,-1.));
#4108=DIRECTION('',(-1.83697019872103E-16,-1.,0.));
#4109=DIRECTION('center_axis',(0.,0.,1.));
#4110=DIRECTION('ref_axis',(1.,0.,0.));
#4111=CARTESIAN_POINT('',(0.,0.,0.));
#4112=CARTESIAN_POINT('',(0.,0.,0.));
#4113=CARTESIAN_POINT('Origin',(0.,0.,14.5));
#4114=CARTESIAN_POINT('',(1.1,1.34711147906209E-16,14.5));
#4115=CARTESIAN_POINT('Origin',(0.,0.,14.5));
#4116=CARTESIAN_POINT('',(1.1,1.34711147906209E-16,0.));
#4117=CARTESIAN_POINT('',(1.1,-1.34711147906209E-16,14.5));
#4118=CARTESIAN_POINT('Origin',(0.,0.,0.));
#4119=CARTESIAN_POINT('Origin',(4.5,0.,0.));
#4120=CARTESIAN_POINT('',(-4.5,-5.51091059616309E-16,-4.44089209850063E-15));
#4121=CARTESIAN_POINT('Origin',(0.,0.,-4.44089209850063E-15));
#4122=CARTESIAN_POINT('Ctrl Pts',(-4.5,0.,-3.33066907387547E-15));
#4123=CARTESIAN_POINT('Ctrl Pts',(-4.5,-4.5,-3.33066907387547E-15));
#4124=CARTESIAN_POINT('Ctrl Pts',(0.,-4.5,-3.33066907387547E-15));
#4125=CARTESIAN_POINT('Ctrl Pts',(4.5,-4.5,-3.33066907387547E-15));
#4126=CARTESIAN_POINT('Ctrl Pts',(4.5,0.,-3.33066907387547E-15));
#4127=CARTESIAN_POINT('Ctrl Pts',(4.5,4.5,-3.33066907387547E-15));
#4128=CARTESIAN_POINT('Ctrl Pts',(0.,4.5,-3.33066907387547E-15));
#4129=CARTESIAN_POINT('Ctrl Pts',(-4.5,4.5,-3.33066907387547E-15));
#4130=CARTESIAN_POINT('Ctrl Pts',(-4.5,0.,-3.33066907387547E-15));
#4131=CARTESIAN_POINT('Ctrl Pts',(-6.53878787878788,0.,7.25));
#4132=CARTESIAN_POINT('Ctrl Pts',(-6.53878787878788,-6.53878787878788,7.25));
#4133=CARTESIAN_POINT('Ctrl Pts',(0.,-6.53878787878788,7.25));
#4134=CARTESIAN_POINT('Ctrl Pts',(6.53878787878788,-6.53878787878788,7.25));
#4135=CARTESIAN_POINT('Ctrl Pts',(6.53878787878788,0.,7.25));
#4136=CARTESIAN_POINT('Ctrl Pts',(6.53878787878788,6.53878787878788,7.25));
#4137=CARTESIAN_POINT('Ctrl Pts',(0.,6.53878787878788,7.25));
#4138=CARTESIAN_POINT('Ctrl Pts',(-6.53878787878788,6.53878787878788,7.25));
#4139=CARTESIAN_POINT('Ctrl Pts',(-6.53878787878788,0.,7.25));
#4140=CARTESIAN_POINT('Ctrl Pts',(-4.5,0.,14.5));
#4141=CARTESIAN_POINT('Ctrl Pts',(-4.5,-4.5,14.5));
#4142=CARTESIAN_POINT('Ctrl Pts',(0.,-4.5,14.5));
#4143=CARTESIAN_POINT('Ctrl Pts',(4.5,-4.5,14.5));
#4144=CARTESIAN_POINT('Ctrl Pts',(4.5,0.,14.5));
#4145=CARTESIAN_POINT('Ctrl Pts',(4.5,4.5,14.5));
#4146=CARTESIAN_POINT('Ctrl Pts',(0.,4.5,14.5));
#4147=CARTESIAN_POINT('Ctrl Pts',(-4.5,4.5,14.5));
#4148=CARTESIAN_POINT('Ctrl Pts',(-4.5,0.,14.5));
#4149=CARTESIAN_POINT('',(-4.5,-5.51091059616309E-16,14.5));
#4150=CARTESIAN_POINT('Origin',(0.,0.,14.5));
#4151=CARTESIAN_POINT('Origin',(21.28125,2.60620146943546E-15,7.25));
#4152=CARTESIAN_POINT('Origin',(0.,0.,14.5));
#4153=CARTESIAN_POINT('',(0.,0.,0.));
#4154=CARTESIAN_POINT('Origin',(0.,1.40834381901946E-15,1.));
#4155=CARTESIAN_POINT('',(1.93716910436791E-15,1.,-0.549999999999996));
#4156=CARTESIAN_POINT('',(-1.43946136331383E-13,1.,-0.599999999999984));
#4157=CARTESIAN_POINT('',(-1.22464679914735E-16,1.,1.));
#4158=CARTESIAN_POINT('',(-0.968245836551826,0.250000000000104,-0.866666666666669));
#4159=CARTESIAN_POINT('Ctrl Pts',(3.99680288865056E-15,1.,-0.549999999999996));
#4160=CARTESIAN_POINT('Ctrl Pts',(0.00566019633415067,1.,-0.550326791587715));
#4161=CARTESIAN_POINT('Ctrl Pts',(0.0113222036462785,0.999951943305935,
-0.5506552896221));
#4162=CARTESIAN_POINT('Ctrl Pts',(0.149596308352274,0.997602961404208,-0.558716848176221));
#4163=CARTESIAN_POINT('Ctrl Pts',(0.280409426241883,0.96899156043555,-0.567223060424553));
#4164=CARTESIAN_POINT('Ctrl Pts',(0.521064150182227,0.863396375034037,-0.584637106902808));
#4165=CARTESIAN_POINT('Ctrl Pts',(0.628968610754387,0.788266603119059,-0.593371299569116));
#4166=CARTESIAN_POINT('Ctrl Pts',(0.807698600487102,0.60313463751633,-0.609861345857651));
#4167=CARTESIAN_POINT('Ctrl Pts',(0.877706665052601,0.495758101547988,-0.616949459896798));
#4168=CARTESIAN_POINT('Ctrl Pts',(0.976363209262764,0.254222483149974,-0.633051834456666));
#4169=CARTESIAN_POINT('Ctrl Pts',(1.00157810005372,0.121427651066899,-0.641904823262204));
#4170=CARTESIAN_POINT('Ctrl Pts',(0.99833205277263,-0.141059054856834,-0.659403936990453));
#4171=CARTESIAN_POINT('Ctrl Pts',(0.971910254638346,-0.268263908830932,
-0.667884260588726));
#4172=CARTESIAN_POINT('Ctrl Pts',(0.871875367220406,-0.506626799744893,
-0.68377511998299));
#4173=CARTESIAN_POINT('Ctrl Pts',(0.798869064877125,-0.615345445675724,
-0.691055454557113));
#4174=CARTESIAN_POINT('Ctrl Pts',(0.613640060238889,-0.800572536380601,
-0.707923892482904));
#4175=CARTESIAN_POINT('Ctrl Pts',(0.502572986826954,-0.874578330499134,
-0.716803212760103));
#4176=CARTESIAN_POINT('Ctrl Pts',(0.262695589456282,-0.973228085420136,
-0.733940865918583));
#4177=CARTESIAN_POINT('Ctrl Pts',(0.136861008789061,-0.998732376344233,
-0.742056071851545));
#4178=CARTESIAN_POINT('Ctrl Pts',(-0.122925540504687,-1.00122599429309,
-0.757137975866499));
#4179=CARTESIAN_POINT('Ctrl Pts',(-0.254460201314132,-0.976140255815507,
-0.765486591378822));
#4180=CARTESIAN_POINT('Ctrl Pts',(-0.498238089647905,-0.87681674961986,
-0.782871897863875));
#4181=CARTESIAN_POINT('Ctrl Pts',(-0.608351903069191,-0.804338226719324,
-0.791645272609254));
#4182=CARTESIAN_POINT('Ctrl Pts',(-0.791829028380544,-0.623774993639792,
-0.808257103814104));
#4183=CARTESIAN_POINT('Ctrl Pts',(-0.864459837280833,-0.518451098784591,
-0.815436593414358));
#4184=CARTESIAN_POINT('Ctrl Pts',(-0.959999960275137,-0.30106595492212,
-0.829928936338522));
#4185=CARTESIAN_POINT('Ctrl Pts',(-0.987391378091771,-0.193108151529857,
-0.83712612323134));
#4186=CARTESIAN_POINT('Ctrl Pts',(-1.00585447908806,0.0288725192677021,
-0.851924834617844));
#4187=CARTESIAN_POINT('Ctrl Pts',(-0.996285825160806,0.141401591090653,
-0.859426772739372));
#4188=CARTESIAN_POINT('Ctrl Pts',(-0.96824583655131,0.250000000002102,-0.866666666666802));
#4189=CARTESIAN_POINT('',(-0.866025403784445,-0.499999999999985,-0.866666666666669));
#4190=CARTESIAN_POINT('Origin',(0.,1.75124492278072E-15,-0.866666666666669));
#4191=CARTESIAN_POINT('Ctrl Pts',(-0.866025403784444,-0.499999999999985,
-0.866666666666669));
#4192=CARTESIAN_POINT('Ctrl Pts',(-0.805976223074758,-0.604008231942049,
-0.859732784537198));
#4193=CARTESIAN_POINT('Ctrl Pts',(-0.727646491772197,-0.696410802186131,
-0.852130329717085));
#4194=CARTESIAN_POINT('Ctrl Pts',(-0.532922091386655,-0.856360749556037,
-0.835556246306717));
#4195=CARTESIAN_POINT('Ctrl Pts',(-0.415575760861272,-0.919052955169806,
-0.826691512567867));
#4196=CARTESIAN_POINT('Ctrl Pts',(-0.164208348984805,-0.995065961578397,
-0.809645041396343));
#4197=CARTESIAN_POINT('Ctrl Pts',(-0.0327857608892,-1.00798682096868,-0.802159114153119));
#4198=CARTESIAN_POINT('Ctrl Pts',(0.225176110768054,-0.982739648660619,
-0.786424106138653));
#4199=CARTESIAN_POINT('Ctrl Pts',(0.349325693771196,-0.945749032646288,
-0.778023306088178));
#4200=CARTESIAN_POINT('Ctrl Pts',(0.5813007375657,-0.824550389511349,-0.76059026591901));
#4201=CARTESIAN_POINT('Ctrl Pts',(0.685999457402769,-0.739734878626614,
-0.751718298814678));
#4202=CARTESIAN_POINT('Ctrl Pts',(0.852174151706556,-0.538567553057725,
-0.735418620846835));
#4203=CARTESIAN_POINT('Ctrl Pts',(0.913815130314718,-0.425674670032967,
-0.728378311335531));
#4204=CARTESIAN_POINT('Ctrl Pts',(0.992111925842187,-0.180499942452379,
-0.712033329496825));
#4205=CARTESIAN_POINT('Ctrl Pts',(1.00714066021301,-0.0502774473204628,
-0.703351829821364));
#4206=CARTESIAN_POINT('Ctrl Pts',(0.986365148798614,0.211343141221206,-0.685910457251919));
#4207=CARTESIAN_POINT('Ctrl Pts',(0.949679868147473,0.340155027099871,-0.677322998193342));
#4208=CARTESIAN_POINT('Ctrl Pts',(0.830881170136613,0.570689623059572,-0.661954025129361));
#4209=CARTESIAN_POINT('Ctrl Pts',(0.751964495302122,0.671281080107421,-0.654371987708124));
#4210=CARTESIAN_POINT('Ctrl Pts',(0.557197868718478,0.84070941528468,-0.637479520106826));
#4211=CARTESIAN_POINT('Ctrl Pts',(0.442041850097359,0.906565507155566,-0.628635781209493));
#4212=CARTESIAN_POINT('Ctrl Pts',(0.214949770167994,0.982588923581615,-0.61299049998082));
#4213=CARTESIAN_POINT('Ctrl Pts',(0.107757553226186,1.00000000000003,-0.606221385236235));
#4214=CARTESIAN_POINT('Ctrl Pts',(-2.87686541255994E-13,1.,-0.599999999999984));
#4215=CARTESIAN_POINT('Origin',(0.,1.40834381901946E-15,1.));
#4216=CARTESIAN_POINT('',(1.26792423444866E-13,1.,-0.150000000000012));
#4217=CARTESIAN_POINT('',(-2.05963378428265E-15,1.,-0.200000000000002));
#4218=CARTESIAN_POINT('',(-1.22464679914735E-16,1.,1.));
#4219=CARTESIAN_POINT('Ctrl Pts',(2.53707311569646E-13,1.,-0.150000000000012));
#4220=CARTESIAN_POINT('Ctrl Pts',(0.0240785595016737,1.,-0.151390176281));
#4221=CARTESIAN_POINT('Ctrl Pts',(0.0481802511751898,0.999130366832953,
-0.152810675870795));
#4222=CARTESIAN_POINT('Ctrl Pts',(0.204583861649702,0.987799186528958,-0.162218348541897));
#4223=CARTESIAN_POINT('Ctrl Pts',(0.333658990261167,0.951976637400689,-0.170864589537791));
#4224=CARTESIAN_POINT('Ctrl Pts',(0.56751330735711,0.833491923618589,-0.188315665289844));
#4225=CARTESIAN_POINT('Ctrl Pts',(0.670609865605998,0.753040461612369,-0.196949663255803));
#4226=CARTESIAN_POINT('Ctrl Pts',(0.839330224239998,0.558479077788126,-0.213176117164122));
#4227=CARTESIAN_POINT('Ctrl Pts',(0.903819308800251,0.446637201362428,-0.220224186575836));
#4228=CARTESIAN_POINT('Ctrl Pts',(0.988832259946471,0.199811855025383,-0.236679209664972));
#4229=CARTESIAN_POINT('Ctrl Pts',(1.00661408965368,0.0665918073641383,-0.245560546175721));
#4230=CARTESIAN_POINT('Ctrl Pts',(0.989333899379833,-0.193937464039503,
-0.262929164269297));
#4231=CARTESIAN_POINT('Ctrl Pts',(0.956400827375354,-0.318910010131863,
-0.271260667342121));
#4232=CARTESIAN_POINT('Ctrl Pts',(0.843542074467805,-0.55299550579708,-0.286866367053135));
#4233=CARTESIAN_POINT('Ctrl Pts',(0.763407735723541,-0.659233567620386,
-0.294565752748533));
#4234=CARTESIAN_POINT('Ctrl Pts',(0.566779197676853,-0.834286732943391,
-0.311753212196462));
#4235=CARTESIAN_POINT('Ctrl Pts',(0.452345490811538,-0.901474436129972,
-0.320599635448986));
#4236=CARTESIAN_POINT('Ctrl Pts',(0.208444976265983,-0.986216629664222,
-0.337505978006298));
#4237=CARTESIAN_POINT('Ctrl Pts',(0.081914714338038,-1.004660572159,-0.34511529935733));
#4238=CARTESIAN_POINT('Ctrl Pts',(-0.177178991685227,-0.993078186959789,
-0.360460160955758));
#4239=CARTESIAN_POINT('Ctrl Pts',(-0.307173968900425,-0.960846251152702,
-0.369039822324843));
#4240=CARTESIAN_POINT('Ctrl Pts',(-0.544513700266272,-0.848749132854836,
-0.386479208714119));
#4241=CARTESIAN_POINT('Ctrl Pts',(-0.650044947911729,-0.770920126641551,
-0.395166358344831));
#4242=CARTESIAN_POINT('Ctrl Pts',(-0.823784655060652,-0.581053369300899,
-0.411526116925322));
#4243=CARTESIAN_POINT('Ctrl Pts',(-0.891041230955741,-0.471474603204266,
-0.418568359786379));
#4244=CARTESIAN_POINT('Ctrl Pts',(-0.982934398978137,-0.227275430195548,
-0.434848304653627));
#4245=CARTESIAN_POINT('Ctrl Pts',(-1.00445391408054,-0.0942191861013095,
-0.443718720926577));
#4246=CARTESIAN_POINT('Ctrl Pts',(-0.994213664517628,0.167387138140787,
-0.461159142542717));
#4247=CARTESIAN_POINT('Ctrl Pts',(-0.964538341468425,0.293524697817879,
-0.469568313187856));
#4248=CARTESIAN_POINT('Ctrl Pts',(-0.858140610722491,0.529789730761516,
-0.485319315384099));
#4249=CARTESIAN_POINT('Ctrl Pts',(-0.781639311011515,0.637283521013682,
-0.492781484038285));
#4250=CARTESIAN_POINT('Ctrl Pts',(-0.590765339498797,0.817538334619624,
-0.509810091708566));
#4251=CARTESIAN_POINT('Ctrl Pts',(-0.47798742697948,0.888199636655636,-0.518676704258267));
#4252=CARTESIAN_POINT('Ctrl Pts',(-0.241335645599112,0.97799546042752,-0.535332995352412));
#4253=CARTESIAN_POINT('Ctrl Pts',(-0.121124168926306,1.,-0.543006892846499));
#4254=CARTESIAN_POINT('Ctrl Pts',(4.02455846426619E-15,1.,-0.549999999999997));
#4255=CARTESIAN_POINT('Ctrl Pts',(-2.87769807982851E-13,1.,-0.599999999999984));
#4256=CARTESIAN_POINT('Ctrl Pts',(-0.0237956991357862,0.999999999999993,
-0.598626154669841));
#4257=CARTESIAN_POINT('Ctrl Pts',(-0.0476157227942975,0.999150676953309,
-0.597222594194482));
#4258=CARTESIAN_POINT('Ctrl Pts',(-0.1991385927404,0.988301897215896,-0.588112791228058));
#4259=CARTESIAN_POINT('Ctrl Pts',(-0.323897148046588,0.954711737601963,
-0.579790180691953));
#4260=CARTESIAN_POINT('Ctrl Pts',(-0.558435780069859,0.840145877530991,
-0.562430224456188));
#4261=CARTESIAN_POINT('Ctrl Pts',(-0.665132607049334,0.758486436951497,
-0.55354809892571));
#4262=CARTESIAN_POINT('Ctrl Pts',(-0.837009846583084,0.561965499414688,
-0.537074063956579));
#4263=CARTESIAN_POINT('Ctrl Pts',(-0.901992259798476,0.450333760941909,
-0.530022250729461));
#4264=CARTESIAN_POINT('Ctrl Pts',(-0.986845219600136,0.207157864950167,
-0.513810524330012));
#4265=CARTESIAN_POINT('Ctrl Pts',(-1.00534906340409,0.0777405550667493,
-0.505182703671117));
#4266=CARTESIAN_POINT('Ctrl Pts',(-0.991826889973745,-0.184032388660723,
-0.487731174089286));
#4267=CARTESIAN_POINT('Ctrl Pts',(-0.958704179756694,-0.313828923043116,
-0.479078071797127));
#4268=CARTESIAN_POINT('Ctrl Pts',(-0.846307553838722,-0.547547144563408,
-0.463496857029107));
#4269=CARTESIAN_POINT('Ctrl Pts',(-0.770224057289033,-0.650239217800151,
-0.456127599421211));
#4270=CARTESIAN_POINT('Ctrl Pts',(-0.580526293382409,-0.824715717130685,
-0.439359510604578));
#4271=CARTESIAN_POINT('Ctrl Pts',(-0.467595232167221,-0.89359954702472,
-0.430543305082198));
#4272=CARTESIAN_POINT('Ctrl Pts',(-0.219581185279848,-0.984642516126976,
-0.413189441772133));
#4273=CARTESIAN_POINT('Ctrl Pts',(-0.0866933880956798,-1.00508701462334,
-0.405174812249514));
#4274=CARTESIAN_POINT('Ctrl Pts',(0.173859073279872,-0.993019830541997,
-0.389729569408816));
#4275=CARTESIAN_POINT('Ctrl Pts',(0.299118344234662,-0.962719887679827,
-0.381487723932986));
#4276=CARTESIAN_POINT('Ctrl Pts',(0.535957328305133,-0.854606051556011,
-0.364210024274757));
#4277=CARTESIAN_POINT('Ctrl Pts',(0.644496812600828,-0.776035766990029,
-0.355324484741642));
#4278=CARTESIAN_POINT('Ctrl Pts',(0.82184080260718,-0.584063602573228,-0.338686452557482));
#4279=CARTESIAN_POINT('Ctrl Pts',(0.8900700075419,-0.47363112786619,-0.331575408524415));
#4280=CARTESIAN_POINT('Ctrl Pts',(0.981164541357603,-0.232401145421908,
-0.315493409694796));
#4281=CARTESIAN_POINT('Ctrl Pts',(1.00294744911069,-0.103835300909555,-0.306922353393972));
#4282=CARTESIAN_POINT('Ctrl Pts',(0.996324828756516,0.157894525586947,-0.289473698294205));
#4283=CARTESIAN_POINT('Ctrl Pts',(0.966619998216901,0.288534364648128,-0.280764375690126));
#4284=CARTESIAN_POINT('Ctrl Pts',(0.860352571827118,0.525226244343248,-0.264984917043785));
#4285=CARTESIAN_POINT('Ctrl Pts',(0.786927511439838,0.629937635760898,-0.257768693197556));
#4286=CARTESIAN_POINT('Ctrl Pts',(0.602015975320596,0.809107580559322,-0.241120489188804));
#4287=CARTESIAN_POINT('Ctrl Pts',(0.491244444904315,0.880769220107904,-0.232336370580079));
#4288=CARTESIAN_POINT('Ctrl Pts',(0.252061586077068,0.975978323062648,-0.215353505021976));
#4289=CARTESIAN_POINT('Ctrl Pts',(0.126553484075873,1.,-0.207306568809811));
#4290=CARTESIAN_POINT('Ctrl Pts',(-3.98986399474666E-15,1.,-0.200000000000002));
#4291=CARTESIAN_POINT('Origin',(0.,1.40834381901946E-15,1.));
#4292=CARTESIAN_POINT('',(1.258423287411E-13,1.,0.249999999999987));
#4293=CARTESIAN_POINT('',(7.79105846971817E-14,1.,0.199999999999988));
#4294=CARTESIAN_POINT('',(-1.22464679914735E-16,1.,1.));
#4295=CARTESIAN_POINT('Ctrl Pts',(2.51807122162114E-13,1.,0.249999999999988));
#4296=CARTESIAN_POINT('Ctrl Pts',(0.0408974203478501,1.,0.247638786335297));
#4297=CARTESIAN_POINT('Ctrl Pts',(0.0818349252199192,0.997491415926016,
0.245191638920383));
#4298=CARTESIAN_POINT('Ctrl Pts',(0.250318068344009,0.976680590832448,0.234770565946937));
#4299=CARTESIAN_POINT('Ctrl Pts',(0.37378799985037,0.93639519680397,0.226299179660119));
#4300=CARTESIAN_POINT('Ctrl Pts',(0.603096791583867,0.808804524009231,0.208807007970139));
#4301=CARTESIAN_POINT('Ctrl Pts',(0.705767647513827,0.72096681053641,0.199951379556803));
#4302=CARTESIAN_POINT('Ctrl Pts',(0.866357585043561,0.515345041026377,0.183825656206942));
#4303=CARTESIAN_POINT('Ctrl Pts',(0.924770366736487,0.401196686525516,0.176746445768368));
#4304=CARTESIAN_POINT('Ctrl Pts',(0.996597976526247,0.154098941304731,0.160273262753649));
#4305=CARTESIAN_POINT('Ctrl Pts',(1.00817271904659,0.0231730479029166,0.151544869860195));
#4306=CARTESIAN_POINT('Ctrl Pts',(0.980246879734086,-0.238099017912771,
0.134126732139149));
#4307=CARTESIAN_POINT('Ctrl Pts',(0.940080383267077,-0.365842075985116,
0.12561052826766));
#4308=CARTESIAN_POINT('Ctrl Pts',(0.812244772341992,-0.598189331402316,
0.110120711239848));
#4309=CARTESIAN_POINT('Ctrl Pts',(0.725857190011955,-0.700524104105618,
0.101889914267812));
#4310=CARTESIAN_POINT('Ctrl Pts',(0.519615183592668,-0.86434088311448,0.0845219671750781));
#4311=CARTESIAN_POINT('Ctrl Pts',(0.402306060490922,-0.924790554259687,
0.0757341327567854));
#4312=CARTESIAN_POINT('Ctrl Pts',(0.154860807728228,-0.996037553696861,
0.0590729744463227));
#4313=CARTESIAN_POINT('Ctrl Pts',(0.0275123624751387,-1.00762500666412,
0.0518425938769136));
#4314=CARTESIAN_POINT('Ctrl Pts',(-0.230658346564891,-0.982040036114345,
0.0360842686891407));
#4315=CARTESIAN_POINT('Ctrl Pts',(-0.358757797676612,-0.942807587423473,
0.0273806951412054));
#4316=CARTESIAN_POINT('Ctrl Pts',(-0.589116086816869,-0.818313329032717,
0.00993114450366126));
#4317=CARTESIAN_POINT('Ctrl Pts',(-0.68982415948311,-0.73542216312734,0.0013537223538063));
#4318=CARTESIAN_POINT('Ctrl Pts',(-0.853706845410926,-0.536392475936077,
-0.0147423718361636));
#4319=CARTESIAN_POINT('Ctrl Pts',(-0.915517290051632,-0.422328935239528,
-0.0218447376506953));
#4320=CARTESIAN_POINT('Ctrl Pts',(-0.993821703347039,-0.173021235091387,
-0.0384652509939048));
#4321=CARTESIAN_POINT('Ctrl Pts',(-1.00798445756926,-0.0397391433905903,
-0.0473507237739581));
#4322=CARTESIAN_POINT('Ctrl Pts',(-0.983920794004407,0.21956808711635,-0.0646378724744209));
#4323=CARTESIAN_POINT('Ctrl Pts',(-0.947865131705912,0.343330527309333,
-0.0728887018206198));
#4324=CARTESIAN_POINT('Ctrl Pts',(-0.828717084296838,0.575245906976368,
-0.0883497271317556));
#4325=CARTESIAN_POINT('Ctrl Pts',(-0.744962779294866,0.680242988874122,
-0.0963309868462544));
#4326=CARTESIAN_POINT('Ctrl Pts',(-0.542716300950788,0.850079371015356,
-0.113668905455756));
#4327=CARTESIAN_POINT('Ctrl Pts',(-0.426755052801281,0.913814650523722,
-0.12248844055617));
#4328=CARTESIAN_POINT('Ctrl Pts',(-0.204027113966586,0.984322901071003,
-0.137697919118639));
#4329=CARTESIAN_POINT('Ctrl Pts',(-0.102252127116383,1.,-0.144096470688398));
#4330=CARTESIAN_POINT('Ctrl Pts',(2.53607898570429E-13,1.,-0.150000000000012));
#4331=CARTESIAN_POINT('Ctrl Pts',(-3.99680288865056E-15,1.,-0.200000000000002));
#4332=CARTESIAN_POINT('Ctrl Pts',(-0.00589981555102878,1.,-0.199659373990346));
#4333=CARTESIAN_POINT('Ctrl Pts',(-0.0118017053321126,0.999947788318477,
-0.199316887835578));
#4334=CARTESIAN_POINT('Ctrl Pts',(-0.145055892115047,0.997588155376394,
-0.191544799343198));
#4335=CARTESIAN_POINT('Ctrl Pts',(-0.270778996550688,0.971023667354296,
-0.183400689590201));
#4336=CARTESIAN_POINT('Ctrl Pts',(-0.510016654899383,0.870275542539918,
-0.166230026118263));
#4337=CARTESIAN_POINT('Ctrl Pts',(-0.620541019996325,0.795254356405409,
-0.157348192719707));
#4338=CARTESIAN_POINT('Ctrl Pts',(-0.804034685120358,0.608523331801443,
-0.140529813537513));
#4339=CARTESIAN_POINT('Ctrl Pts',(-0.87597952062648,0.499428330578855,-0.133295222038592));
#4340=CARTESIAN_POINT('Ctrl Pts',(-0.97405248920209,0.260428224193177,-0.11736188161288));
#4341=CARTESIAN_POINT('Ctrl Pts',(-0.999462712184074,0.132910672402776,
-0.10886071149352));
#4342=CARTESIAN_POINT('Ctrl Pts',(-1.00054141882311,-0.12981091371731,-0.0913459390855149));
#4343=CARTESIAN_POINT('Ctrl Pts',(-0.974185013599193,-0.262505000268124,
-0.082499666648794));
#4344=CARTESIAN_POINT('Ctrl Pts',(-0.873445433377151,-0.503204208387553,
-0.0664530527741656));
#4345=CARTESIAN_POINT('Ctrl Pts',(-0.802582784464839,-0.609906871267794,
-0.0593402429568497));
#4346=CARTESIAN_POINT('Ctrl Pts',(-0.62230453833894,-0.79355581085621,-0.0428102422442539));
#4347=CARTESIAN_POINT('Ctrl Pts',(-0.513674135997988,-0.867829759574829,
-0.0340626647502603));
#4348=CARTESIAN_POINT('Ctrl Pts',(-0.276774511307919,-0.969341890568922,
-0.0170015208418835));
#4349=CARTESIAN_POINT('Ctrl Pts',(-0.151140014708004,-0.996694240553644,
-0.00883626479924585));
#4350=CARTESIAN_POINT('Ctrl Pts',(0.108801632281252,-1.00286413232723,0.00637713624615799));
#4351=CARTESIAN_POINT('Ctrl Pts',(0.240697642945688,-0.979626574461606,
0.0145757990794116));
#4352=CARTESIAN_POINT('Ctrl Pts',(0.486027282920435,-0.88367012852167,0.0319384606453709));
#4353=CARTESIAN_POINT('Ctrl Pts',(0.597283723036413,-0.812619245926705,
0.0407302169635403));
#4354=CARTESIAN_POINT('Ctrl Pts',(0.783259503892957,-0.634486954927363,
0.0574052767108795));
#4355=CARTESIAN_POINT('Ctrl Pts',(0.857274515859696,-0.530227771538597,
0.0646514818974255));
#4356=CARTESIAN_POINT('Ctrl Pts',(0.96491203294075,-0.294194221642862,0.0803870518904747));
#4357=CARTESIAN_POINT('Ctrl Pts',(0.995381202625323,-0.163734465505088,
0.0890843689663263));
#4358=CARTESIAN_POINT('Ctrl Pts',(1.00354181545925,0.0980208662138051,0.106534724414253));
#4359=CARTESIAN_POINT('Ctrl Pts',(0.982487617520871,0.22678373826019,0.115118915884012));
#4360=CARTESIAN_POINT('Ctrl Pts',(0.892785232227552,0.468451720232306,0.131230114682153));
#4361=CARTESIAN_POINT('Ctrl Pts',(0.825286332934312,0.579151239104568,0.138323779322337));
#4362=CARTESIAN_POINT('Ctrl Pts',(0.649164562998195,0.772149162545157,0.154925438565301));
#4363=CARTESIAN_POINT('Ctrl Pts',(0.541030776020949,0.851415538341944,0.163810758193841));
#4364=CARTESIAN_POINT('Ctrl Pts',(0.304692557436098,0.960979853975765,0.181107895460278));
#4365=CARTESIAN_POINT('Ctrl Pts',(0.17953809032955,0.992017981078835,0.189368296224472));
#4366=CARTESIAN_POINT('Ctrl Pts',(0.034601515424924,0.999551418429867,0.1979873278565));
#4367=CARTESIAN_POINT('Ctrl Pts',(0.0172933263623518,1.,0.19900156933695));
#4368=CARTESIAN_POINT('Ctrl Pts',(1.55943634074278E-13,1.,0.199999999999988));
#4369=CARTESIAN_POINT('Origin',(0.,1.40834381901946E-15,1.));
#4370=CARTESIAN_POINT('',(3.96332612430882E-15,1.,0.650000000000001));
#4371=CARTESIAN_POINT('',(1.71771134371604E-13,1.,0.599999999999977));
#4372=CARTESIAN_POINT('',(-1.22464679914735E-16,1.,1.));
#4373=CARTESIAN_POINT('Ctrl Pts',(8.04911692853238E-15,1.,0.650000000000001));
#4374=CARTESIAN_POINT('Ctrl Pts',(0.058611434709611,1.,0.646616067239282));
#4375=CARTESIAN_POINT('Ctrl Pts',(0.117233474056174,0.994848329792497,0.643059799879311));
#4376=CARTESIAN_POINT('Ctrl Pts',(0.302580960058387,0.961864712999233,0.631259303892503));
#4377=CARTESIAN_POINT('Ctrl Pts',(0.424340919689954,0.914694278394728,0.622657141525372));
#4378=CARTESIAN_POINT('Ctrl Pts',(0.645885655802863,0.774869528917729,0.605205425239572));
#4379=CARTESIAN_POINT('Ctrl Pts',(0.742871753872092,0.682455715591579,0.596525469812576));
#4380=CARTESIAN_POINT('Ctrl Pts',(0.891700341822828,0.470024162006223,0.58085179549475));
#4381=CARTESIAN_POINT('Ctrl Pts',(0.944020767259779,0.353392753777775,0.573559516918517));
#4382=CARTESIAN_POINT('Ctrl Pts',(1.00328337334935,0.102703332501442,0.556846888833428));
#4383=CARTESIAN_POINT('Ctrl Pts',(1.00809891459967,-0.0293268240961659,
0.548044878393588));
#4384=CARTESIAN_POINT('Ctrl Pts',(0.966151529723612,-0.290584944225406,
0.530627670384972));
#4385=CARTESIAN_POINT('Ctrl Pts',(0.918681322842868,-0.416998637981613,
0.522473469638226));
#4386=CARTESIAN_POINT('Ctrl Pts',(0.780139190751423,-0.638484939225935,
0.507091859204373));
#4387=CARTESIAN_POINT('Ctrl Pts',(0.692409103626898,-0.732690506261331,
0.498886574694789));
#4388=CARTESIAN_POINT('Ctrl Pts',(0.482320179478066,-0.885961999536852,
0.48164803522783));
#4389=CARTESIAN_POINT('Ctrl Pts',(0.360789948611863,-0.942017651040232,
0.472762962360523));
#4390=CARTESIAN_POINT('Ctrl Pts',(0.106411981319086,-1.00265073474785,0.456055340781029));
#4391=CARTESIAN_POINT('Ctrl Pts',(-0.0236028077299372,-1.00800430362062,
0.448904101381036));
#4392=CARTESIAN_POINT('Ctrl Pts',(-0.278664954005334,-0.969022305334233,
0.432878681556938));
#4393=CARTESIAN_POINT('Ctrl Pts',(-0.401258081000818,-0.925008657113411,
0.424333642462413));
#4394=CARTESIAN_POINT('Ctrl Pts',(-0.626024527108764,-0.791005193578689,
0.406889963528068));
#4395=CARTESIAN_POINT('Ctrl Pts',(-0.725334535027785,-0.701068901765099,
0.398158421153754));
#4396=CARTESIAN_POINT('Ctrl Pts',(-0.879591112158722,-0.49234968543785,
0.382295106309764));
#4397=CARTESIAN_POINT('Ctrl Pts',(-0.934882039044673,-0.376948262518904,
0.375129884167927));
#4398=CARTESIAN_POINT('Ctrl Pts',(-1.00032809153073,-0.128002499254827,
0.358533499950322));
#4399=CARTESIAN_POINT('Ctrl Pts',(-1.00847661959748,0.00352763170386208,
0.349764824553076));
#4400=CARTESIAN_POINT('Ctrl Pts',(-0.973499380615973,0.26438221427081,0.332374519048612));
#4401=CARTESIAN_POINT('Ctrl Pts',(-0.929889710958562,0.390981908517332,
0.323987810543281));
#4402=CARTESIAN_POINT('Ctrl Pts',(-0.798630433614775,0.615122534220272,
0.308938198442376));
#4403=CARTESIAN_POINT('Ctrl Pts',(-0.71399143398631,0.711608734246454,0.300835356852893));
#4404=CARTESIAN_POINT('Ctrl Pts',(-0.509255707040439,0.870696843461885,
0.283711997172552));
#4405=CARTESIAN_POINT('Ctrl Pts',(-0.389890410659795,0.93029203687234,0.27483393212581));
#4406=CARTESIAN_POINT('Ctrl Pts',(-0.176679619992466,0.988268250757352,
0.260591660924385));
#4407=CARTESIAN_POINT('Ctrl Pts',(-0.0884563012488416,1.,0.255107026933768));
#4408=CARTESIAN_POINT('Ctrl Pts',(2.51807122162114E-13,1.,0.249999999999988));
#4409=CARTESIAN_POINT('Ctrl Pts',(1.56090418368393E-13,1.,0.199999999999988));
#4410=CARTESIAN_POINT('Ctrl Pts',(-0.115254274727791,1.,0.206654208653921));
#4411=CARTESIAN_POINT('Ctrl Pts',(-0.229772801892032,0.98008051194045,0.213929921837799));
#4412=CARTESIAN_POINT('Ctrl Pts',(-0.461867568521313,0.896585463806802,
0.230113087708013));
#4413=CARTESIAN_POINT('Ctrl Pts',(-0.575306979821126,0.828377940320839,
0.238936099289278));
#4414=CARTESIAN_POINT('Ctrl Pts',(-0.766149790607442,0.655034685411669,
0.255732522604288));
#4415=CARTESIAN_POINT('Ctrl Pts',(-0.842871517447414,0.552820397736629,
0.263145306817557));
#4416=CARTESIAN_POINT('Ctrl Pts',(-0.956722239580169,0.319818372910484,
0.2786787751393));
#4417=CARTESIAN_POINT('Ctrl Pts',(-0.990654997801752,0.190236167359095,
0.287317588842726));
#4418=CARTESIAN_POINT('Ctrl Pts',(-1.0058208221594,-0.0715200002690702,
0.304768000017936));
#4419=CARTESIAN_POINT('Ctrl Pts',(-0.988101945506883,-0.201127849315548,
0.313408523287702));
#4420=CARTESIAN_POINT('Ctrl Pts',(-0.904734795548838,-0.444760687034525,
0.329650712468967));
#4421=CARTESIAN_POINT('Ctrl Pts',(-0.840515582049827,-0.556678135073104,
0.336695414746981));
#4422=CARTESIAN_POINT('Ctrl Pts',(-0.669934440959331,-0.754263596226119,
0.353130103558142));
#4423=CARTESIAN_POINT('Ctrl Pts',(-0.563685036217565,-0.836646339168527,
0.362010507232445));
#4424=CARTESIAN_POINT('Ctrl Pts',(-0.329714531287887,-0.952728563803977,
0.379388208120651));
#4425=CARTESIAN_POINT('Ctrl Pts',(-0.205086687320305,-0.987094494416968,
0.387729131067405));
#4426=CARTESIAN_POINT('Ctrl Pts',(0.0539108495435024,-1.00718690316135,
0.403352107788328));
#4427=CARTESIAN_POINT('Ctrl Pts',(0.18589557416558,-0.991356123602066,0.411020815191828));
#4428=CARTESIAN_POINT('Ctrl Pts',(0.436008486591847,-0.909495104172048,
0.428189791571206));
#4429=CARTESIAN_POINT('Ctrl Pts',(0.551673863420587,-0.844357798580928,
0.43703897873571));
#4430=CARTESIAN_POINT('Ctrl Pts',(0.747622918846739,-0.676119008405595,
0.453960062397995));
#4431=CARTESIAN_POINT('Ctrl Pts',(0.82720367336048,-0.57601243626386,0.461599170915741));
#4432=CARTESIAN_POINT('Ctrl Pts',(0.947483029742971,-0.346225250397911,
0.476918316640138));
#4433=CARTESIAN_POINT('Ctrl Pts',(0.984990518847621,-0.217656194043059,
0.485489587063795));
#4434=CARTESIAN_POINT('Ctrl Pts',(1.00744917012123,0.0439000844302909,0.502926672295351));
#4435=CARTESIAN_POINT('Ctrl Pts',(0.993230949547461,0.174296236306764,0.511619749087116));
#4436=CARTESIAN_POINT('Ctrl Pts',(0.916456006539569,0.419927817153477,0.52799518781023));
#4437=CARTESIAN_POINT('Ctrl Pts',(0.855580476545863,0.533114845145605,0.535040199660138));
#4438=CARTESIAN_POINT('Ctrl Pts',(0.690723444216332,0.735341553581808,0.551299115140671));
#4439=CARTESIAN_POINT('Ctrl Pts',(0.586496982121338,0.820876326156493,0.560167791821216));
#4440=CARTESIAN_POINT('Ctrl Pts',(0.355137366841667,0.943592555648049,0.577615886420401));
#4441=CARTESIAN_POINT('Ctrl Pts',(0.23114080678851,0.98136381917682,0.586033873270555));
#4442=CARTESIAN_POINT('Ctrl Pts',(0.068967986960032,0.998218356008318,0.595958743283259));
#4443=CARTESIAN_POINT('Ctrl Pts',(0.0344654040861157,1.,0.598010138967318));
#4444=CARTESIAN_POINT('Ctrl Pts',(3.43664733423122E-13,1.,0.599999999999977));
#4445=CARTESIAN_POINT('Origin',(0.,1.83697019872103E-16,-1.));
#4446=CARTESIAN_POINT('',(-0.740192378864678,-5.57351074258881E-17,-0.649999999999997));
#4447=CARTESIAN_POINT('',(-0.740192378864678,-2.78460421571304E-17,-0.699999999999999));
#4448=CARTESIAN_POINT('',(-0.740192378864678,9.30495971191138E-17,-1.));
#4449=CARTESIAN_POINT('',(-0.518600445487715,-0.528146130980143,-1.));
#4450=CARTESIAN_POINT('Ctrl Pts',(-0.740192378864678,-2.0451981197089E-16,
-0.649999999999997));
#4451=CARTESIAN_POINT('Ctrl Pts',(-0.740192378864678,0.0755980767844933,
-0.656808867437086));
#4452=CARTESIAN_POINT('Ctrl Pts',(-0.728609924881068,0.15088605284932,-0.663589805133337));
#4453=CARTESIAN_POINT('Ctrl Pts',(-0.677238716978254,0.313307890231178,
-0.678218600026811));
#4454=CARTESIAN_POINT('Ctrl Pts',(-0.631780876636455,0.397071377494628,
-0.685269189470285));
#4455=CARTESIAN_POINT('Ctrl Pts',(-0.508947788617523,0.546484084541411,
-0.701578726769297));
#4456=CARTESIAN_POINT('Ctrl Pts',(-0.431446849167075,0.60952206242534,-0.71046261282736));
#4457=CARTESIAN_POINT('Ctrl Pts',(-0.259609232751975,0.699674026006074,
-0.727925795685219));
#4458=CARTESIAN_POINT('Ctrl Pts',(-0.167571576627609,0.727236035773795,
-0.736345944812372));
#4459=CARTESIAN_POINT('Ctrl Pts',(0.0236384791300076,0.746136001206901,
-0.752111463206403));
#4460=CARTESIAN_POINT('Ctrl Pts',(0.121006802138487,0.736643202483172,-0.75959836531838));
#4461=CARTESIAN_POINT('Ctrl Pts',(0.307364381901427,0.680409268384748,-0.77666666366197));
#4462=CARTESIAN_POINT('Ctrl Pts',(0.394385088076021,0.63394649806674,-0.78554665488017));
#4463=CARTESIAN_POINT('Ctrl Pts',(0.542626930481056,0.512159920592941,-0.802593978933392));
#4464=CARTESIAN_POINT('Ctrl Pts',(0.603252625046752,0.439101242394098,-0.810451610965639));
#4465=CARTESIAN_POINT('Ctrl Pts',(0.695954941758131,0.270558835334142,-0.825631665221126));
#4466=CARTESIAN_POINT('Ctrl Pts',(0.725683708099706,0.175846691034793,-0.834162073171252));
#4467=CARTESIAN_POINT('Ctrl Pts',(0.746245988769346,-0.0178435276984304,
-0.851607107215897));
#4468=CARTESIAN_POINT('Ctrl Pts',(0.737564504899169,-0.114912662712019,
-0.860349801483431));
#4469=CARTESIAN_POINT('Ctrl Pts',(0.684051748738909,-0.298066128543392,
-0.876845825225465));
#4470=CARTESIAN_POINT('Ctrl Pts',(0.640603090774724,-0.382616014404524,
-0.883930083265738));
#4471=CARTESIAN_POINT('Ctrl Pts',(0.521250707288461,-0.534803686341176,
-0.900093091441613));
#4472=CARTESIAN_POINT('Ctrl Pts',(0.445017557911053,-0.599721739336546,
-0.908962755894708));
#4473=CARTESIAN_POINT('Ctrl Pts',(0.274845703663556,-0.693858520912418,
-0.926475458909709));
#4474=CARTESIAN_POINT('Ctrl Pts',(0.183229691681464,-0.723475992215221,
-0.934955284074956));
#4475=CARTESIAN_POINT('Ctrl Pts',(-0.00715769320050684,-0.746401049000958,
-0.950837897414947));
#4476=CARTESIAN_POINT('Ctrl Pts',(-0.104105663268108,-0.739143363137754,
-0.958167485419624));
#4477=CARTESIAN_POINT('Ctrl Pts',(-0.257359361412861,-0.696830369544478,
-0.972026773627007));
#4478=CARTESIAN_POINT('Ctrl Pts',(-0.315357701257934,-0.672572646704054,
-0.97764305203281));
#4479=CARTESIAN_POINT('Ctrl Pts',(-0.423850553479565,-0.610045841812219,
-0.988921288355728));
#4480=CARTESIAN_POINT('Ctrl Pts',(-0.473913007762388,-0.572025890297988,
-0.994538326549458));
#4481=CARTESIAN_POINT('Ctrl Pts',(-0.518600445487715,-0.528146130980144,
-1.));
#4482=CARTESIAN_POINT('',(-9.06474227529893E-17,-0.740192378864678,-0.999999999999998));
#4483=CARTESIAN_POINT('Origin',(0.,1.83697019872103E-16,-1.));
#4484=CARTESIAN_POINT('Ctrl Pts',(2.17275749825227E-14,-0.740192378864678,
-0.999999999999997));
#4485=CARTESIAN_POINT('Ctrl Pts',(0.0597265122598259,-0.740192378864677,
-0.995341330319576));
#4486=CARTESIAN_POINT('Ctrl Pts',(0.119296181336258,-0.732964574099893,
-0.990369402239448));
#4487=CARTESIAN_POINT('Ctrl Pts',(0.237535752086713,-0.703772785406426,
-0.979832108630396));
#4488=CARTESIAN_POINT('Ctrl Pts',(0.295545963809194,-0.681446724933781,
-0.974301893421472));
#4489=CARTESIAN_POINT('Ctrl Pts',(0.437299828734529,-0.605351894213364,
-0.959818283658937));
#4490=CARTESIAN_POINT('Ctrl Pts',(0.514261951670836,-0.541503871897231,
-0.950939946300093));
#4491=CARTESIAN_POINT('Ctrl Pts',(0.635603756241361,-0.39089600871791,-0.934692907283429));
#4492=CARTESIAN_POINT('Ctrl Pts',(0.680197972280851,-0.306797155387319,
-0.927632199785492));
#4493=CARTESIAN_POINT('Ctrl Pts',(0.73602029022137,-0.124328153787725,-0.911197823461194));
#4494=CARTESIAN_POINT('Ctrl Pts',(0.745936631885369,-0.0275022965311037,
-0.902477040412411));
#4495=CARTESIAN_POINT('Ctrl Pts',(0.727925280051062,0.166331630187543,-0.8850190630673));
#4496=CARTESIAN_POINT('Ctrl Pts',(0.699434522857493,0.261435679747452,-0.876453357513313));
#4497=CARTESIAN_POINT('Ctrl Pts',(0.608965772777392,0.431129844834677,-0.861169568241529));
#4498=CARTESIAN_POINT('Ctrl Pts',(0.549358742612856,0.504916295179013,-0.853445265103179));
#4499=CARTESIAN_POINT('Ctrl Pts',(0.402921886604013,0.628535406187105,-0.836456204939537));
#4500=CARTESIAN_POINT('Ctrl Pts',(0.31665898626055,0.676114629294112,-0.827585045002608));
#4501=CARTESIAN_POINT('Ctrl Pts',(0.130866213317382,0.7350055921274,-0.810441146735066));
#4502=CARTESIAN_POINT('Ctrl Pts',(0.0332456708870905,0.745817335263993,
-0.802846473849785));
#4503=CARTESIAN_POINT('Ctrl Pts',(-0.158432529249803,0.729266395095744,
-0.787150224628589));
#4504=CARTESIAN_POINT('Ctrl Pts',(-0.250694220206517,0.702901426309147,
-0.778766507528746));
#4505=CARTESIAN_POINT('Ctrl Pts',(-0.423458231384506,0.615078590778613,
-0.761335954262585));
#4506=CARTESIAN_POINT('Ctrl Pts',(-0.501675578520149,0.553144261407897,
-0.752445889360553));
#4507=CARTESIAN_POINT('Ctrl Pts',(-0.626520811988736,0.405359332775757,
-0.736052708953369));
#4508=CARTESIAN_POINT('Ctrl Pts',(-0.67315099492996,0.322044888595837,-0.729005512421855));
#4509=CARTESIAN_POINT('Ctrl Pts',(-0.72762042694498,0.157145655277135,-0.714153586712882));
#4510=CARTESIAN_POINT('Ctrl Pts',(-0.740192378864678,0.078761059642419,
-0.707093746787217));
#4511=CARTESIAN_POINT('Ctrl Pts',(-0.740192378864678,-1.48741681433375E-16,
-0.699999999999999));
#4512=CARTESIAN_POINT('Origin',(0.,1.83697019872103E-16,-1.));
#4513=CARTESIAN_POINT('',(-0.740192378864678,9.4827124224939E-16,-0.249999999999999));
#4514=CARTESIAN_POINT('',(-0.740192378864678,9.38974887159805E-16,-0.3));
#4515=CARTESIAN_POINT('',(-0.740192378864678,9.30495971191138E-17,-1.));
#4516=CARTESIAN_POINT('Ctrl Pts',(-0.740192378864678,1.80349288737967E-15,
-0.249999999999999));
#4517=CARTESIAN_POINT('Ctrl Pts',(-0.740192378864678,0.0863983585585563,
-0.257781612909071));
#4518=CARTESIAN_POINT('Ctrl Pts',(-0.725064276785232,0.172226738076866,
-0.265511889700982));
#4519=CARTESIAN_POINT('Ctrl Pts',(-0.662810929227701,0.342957643532406,
-0.280889054730918));
#4520=CARTESIAN_POINT('Ctrl Pts',(-0.613311170202463,0.425192398628799,
-0.287976210545488));
#4521=CARTESIAN_POINT('Ctrl Pts',(-0.483593205077612,0.568966007074118,
-0.304568821026075));
#4522=CARTESIAN_POINT('Ctrl Pts',(-0.403694123529522,0.628179280827573,
-0.313467523044412));
#4523=CARTESIAN_POINT('Ctrl Pts',(-0.228802546656959,0.710290255508456,
-0.330806802337838));
#4524=CARTESIAN_POINT('Ctrl Pts',(-0.136059878916165,0.733733041005036,
-0.33909643997391));
#4525=CARTESIAN_POINT('Ctrl Pts',(0.0567277902277686,0.744528535078483,
-0.354620040862292));
#4526=CARTESIAN_POINT('Ctrl Pts',(0.154984374770759,0.730437269758801,-0.362528090828441));
#4527=CARTESIAN_POINT('Ctrl Pts',(0.339308859040386,0.664988998752637,-0.379852760010172));
#4528=CARTESIAN_POINT('Ctrl Pts',(0.423644350081274,0.614708969630117,-0.388695208275121));
#4529=CARTESIAN_POINT('Ctrl Pts',(0.565614678496726,0.48661584496504,-0.405537358925268));
#4530=CARTESIAN_POINT('Ctrl Pts',(0.622717625231916,0.411003556712743,-0.412982276099341));
#4531=CARTESIAN_POINT('Ctrl Pts',(0.707591885139285,0.238485210928264,-0.42852042993705));
#4532=CARTESIAN_POINT('Ctrl Pts',(0.732971738062099,0.142476858669174,-0.437167583028642));
#4533=CARTESIAN_POINT('Ctrl Pts',(0.74462067225137,-0.0515672905273845,
-0.454644494413417));
#4534=CARTESIAN_POINT('Ctrl Pts',(0.731645723586953,-0.147718730873114,
-0.463304534973251));
#4535=CARTESIAN_POINT('Ctrl Pts',(0.670070967269018,-0.32844420507586,-0.479581877581574));
#4536=CARTESIAN_POINT('Ctrl Pts',(0.622571808335605,-0.411430261496851,
-0.486634125535337));
#4537=CARTESIAN_POINT('Ctrl Pts',(0.496244512654564,-0.558004829311094,
-0.503088400250469));
#4538=CARTESIAN_POINT('Ctrl Pts',(0.41750743762439,-0.619118483924328,-0.511982046219812));
#4539=CARTESIAN_POINT('Ctrl Pts',(0.244078595723521,-0.705214078858819,
-0.529386672892562));
#4540=CARTESIAN_POINT('Ctrl Pts',(0.15166127998057,-0.730693399404716,-0.537742645033949));
#4541=CARTESIAN_POINT('Ctrl Pts',(-0.0403581535137,-0.745503444851282,-0.553387112167033));
#4542=CARTESIAN_POINT('Ctrl Pts',(-0.138168557992197,-0.733707025434976,
-0.561069208622839));
#4543=CARTESIAN_POINT('Ctrl Pts',(-0.323530020092576,-0.672839625172907,
-0.578268470206292));
#4544=CARTESIAN_POINT('Ctrl Pts',(-0.409220467036662,-0.624438078922526,
-0.587132010717329));
#4545=CARTESIAN_POINT('Ctrl Pts',(-0.554312875654835,-0.499463310544228,
-0.604077253721797));
#4546=CARTESIAN_POINT('Ctrl Pts',(-0.613163796113955,-0.425131170755336,
-0.611709848872222));
#4547=CARTESIAN_POINT('Ctrl Pts',(-0.701958780799584,-0.254582949029509,
-0.627070560185986));
#4548=CARTESIAN_POINT('Ctrl Pts',(-0.729520136049452,-0.159196758552259,
-0.635661677234372));
#4549=CARTESIAN_POINT('Ctrl Pts',(-0.739347925953941,-0.0408497470496257,
-0.646320799095291));
#4550=CARTESIAN_POINT('Ctrl Pts',(-0.740192378864678,-0.020413568041702,
-0.648161417794922));
#4551=CARTESIAN_POINT('Ctrl Pts',(-0.740192378864678,-2.0451981197089E-16,
-0.649999999999997));
#4552=CARTESIAN_POINT('Ctrl Pts',(-0.740192378864678,-1.48741681433375E-16,
-0.699999999999999));
#4553=CARTESIAN_POINT('Ctrl Pts',(-0.740192378864678,-0.0171649059330848,
-0.698454013990307));
#4554=CARTESIAN_POINT('Ctrl Pts',(-0.739595313222158,-0.0343476925126124,
-0.696906417530237));
#4555=CARTESIAN_POINT('Ctrl Pts',(-0.731556449832764,-0.149568505217875,
-0.686528862001408));
#4556=CARTESIAN_POINT('Ctrl Pts',(-0.705250727829834,-0.245319618920428,
-0.677904877531369));
#4557=CARTESIAN_POINT('Ctrl Pts',(-0.618713615494424,-0.417007628165899,
-0.662441509345132));
#4558=CARTESIAN_POINT('Ctrl Pts',(-0.560873190879917,-0.492076591014715,
-0.654921607133534));
#4559=CARTESIAN_POINT('Ctrl Pts',(-0.417583378806706,-0.618856807068096,
-0.638035661376823));
#4560=CARTESIAN_POINT('Ctrl Pts',(-0.33267093929665,-0.6683482935844,-0.629183721820072));
#4561=CARTESIAN_POINT('Ctrl Pts',(-0.147902125945212,-0.73186206804415,
-0.611911511793316));
#4562=CARTESIAN_POINT('Ctrl Pts',(-0.0498349000023518,-0.744981998409629,
-0.60410281619304));
#4563=CARTESIAN_POINT('Ctrl Pts',(0.142632181627134,-0.732494578595155,
-0.588528028076843));
#4564=CARTESIAN_POINT('Ctrl Pts',(0.235243407868189,-0.70819456355151,-0.580210038973896));
#4565=CARTESIAN_POINT('Ctrl Pts',(0.409530471880455,-0.624404180872278,
-0.56284228235356));
#4566=CARTESIAN_POINT('Ctrl Pts',(0.488946043455292,-0.564388741596173,
-0.55394516993625));
#4567=CARTESIAN_POINT('Ctrl Pts',(0.617239851209764,-0.419432712040418,
-0.537410395402539));
#4568=CARTESIAN_POINT('Ctrl Pts',(0.665896634966758,-0.336882874336719,
-0.530341920466085));
#4569=CARTESIAN_POINT('Ctrl Pts',(0.729726531063716,-0.156853956092216,
-0.5141273143371));
#4570=CARTESIAN_POINT('Ctrl Pts',(0.743892474431797,-0.0609932552410764,
-0.50549345971693));
#4571=CARTESIAN_POINT('Ctrl Pts',(0.734738177085128,0.133075615316896,-0.488014321761322));
#4572=CARTESIAN_POINT('Ctrl Pts',(0.710587060235949,0.229409987760828,-0.479337805115592));
#4573=CARTESIAN_POINT('Ctrl Pts',(0.627917580914306,0.403017347171062,-0.463701567441227));
#4574=CARTESIAN_POINT('Ctrl Pts',(0.571784018022518,0.479351135129587,-0.456345721717422));
#4575=CARTESIAN_POINT('Ctrl Pts',(0.431552741786736,0.6091636119896,-0.439561789019534));
#4576=CARTESIAN_POINT('Ctrl Pts',(0.347986933908651,0.660470791042029,-0.430733120073879));
#4577=CARTESIAN_POINT('Ctrl Pts',(0.164261807418069,0.72846514751095,-0.41334054208985));
#4578=CARTESIAN_POINT('Ctrl Pts',(0.0657542793581986,0.743840040469915,
-0.405293102064853));
#4579=CARTESIAN_POINT('Ctrl Pts',(-0.127446856796743,0.735263991330418,
-0.389837199750813));
#4580=CARTESIAN_POINT('Ctrl Pts',(-0.220349493918251,0.712943093048882,
-0.381585606824202));
#4581=CARTESIAN_POINT('Ctrl Pts',(-0.396007726207173,0.633034794895663,
-0.364285722262003));
#4582=CARTESIAN_POINT('Ctrl Pts',(-0.476527321342581,0.574876265821202,
-0.355386118839219));
#4583=CARTESIAN_POINT('Ctrl Pts',(-0.608102239613199,0.432658687101671,
-0.338718739171713));
#4584=CARTESIAN_POINT('Ctrl Pts',(-0.658708329268326,0.350832813420617,
-0.331598345100385));
#4585=CARTESIAN_POINT('Ctrl Pts',(-0.724030862544919,0.177945462165455,
-0.316026956166755));
#4586=CARTESIAN_POINT('Ctrl Pts',(-0.740192378864678,0.0893011894720527,
-0.308043061238487));
#4587=CARTESIAN_POINT('Ctrl Pts',(-0.740192378864678,1.78490017720049E-15,
-0.3));
#4588=CARTESIAN_POINT('Origin',(0.,1.83697019872103E-16,-1.));
#4589=CARTESIAN_POINT('',(-0.740192378864678,9.4827124224939E-16,0.150000000000001));
#4590=CARTESIAN_POINT('',(-0.740192378864678,9.38974887159805E-16,0.099999999999999));
#4591=CARTESIAN_POINT('',(-0.740192378864678,9.30495971191138E-17,-1.));
#4592=CARTESIAN_POINT('Ctrl Pts',(-0.740192378864678,1.80349288737967E-15,
0.150000000000001));
#4593=CARTESIAN_POINT('Ctrl Pts',(-0.740192378864678,0.000362186980824819,
0.149967379022791));
#4594=CARTESIAN_POINT('Ctrl Pts',(-0.740192113029584,0.000724386382812301,
0.149934756926849));
#4595=CARTESIAN_POINT('Ctrl Pts',(-0.740045805427118,0.100389270344883,
0.140958272181541));
#4596=CARTESIAN_POINT('Ctrl Pts',(-0.719918083831926,0.198684206931938,
0.132105174041675));
#4597=CARTESIAN_POINT('Ctrl Pts',(-0.644102624584212,0.376654288926125,
0.116076000448799));
#4598=CARTESIAN_POINT('Ctrl Pts',(-0.591086350768997,0.4553661545165,0.108931427959659));
#4599=CARTESIAN_POINT('Ctrl Pts',(-0.456477027445445,0.590653395611137,
0.0923394608448123));
#4600=CARTESIAN_POINT('Ctrl Pts',(-0.375467635399642,0.645184461665502,
0.0835650100159247));
#4601=CARTESIAN_POINT('Ctrl Pts',(-0.195687628622885,0.720583819114623,
0.0661466795739207));
#4602=CARTESIAN_POINT('Ctrl Pts',(-0.0983934570770718,0.740182971952691,
0.0576751161170314));
#4603=CARTESIAN_POINT('Ctrl Pts',(0.0940836673904863,0.740201380361173,
0.0426610658601497));
#4604=CARTESIAN_POINT('Ctrl Pts',(0.187488440077354,0.722243234061499,0.0345675863629492));
#4605=CARTESIAN_POINT('Ctrl Pts',(0.365964859596916,0.650797554457917,0.0174289830740685));
#4606=CARTESIAN_POINT('Ctrl Pts',(0.448740156528298,0.596743768738117,0.00853828513959519));
#4607=CARTESIAN_POINT('Ctrl Pts',(0.585704515496458,0.462254896415977,-0.00820142161300358));
#4608=CARTESIAN_POINT('Ctrl Pts',(0.639604209964238,0.38422604714357,-0.0153940373597726));
#4609=CARTESIAN_POINT('Ctrl Pts',(0.717112687859593,0.208123063631531,-0.0312550475998537));
#4610=CARTESIAN_POINT('Ctrl Pts',(0.73838486398436,0.111092480654006,-0.0399942696136722));
#4611=CARTESIAN_POINT('Ctrl Pts',(0.741733913547936,-0.0829079765432379,
-0.0574672458053307));
#4612=CARTESIAN_POINT('Ctrl Pts',(0.724814291622605,-0.17803476442225,-0.0660349993241226));
#4613=CARTESIAN_POINT('Ctrl Pts',(0.655731985572582,-0.356409854358311,
-0.0821006506358042));
#4614=CARTESIAN_POINT('Ctrl Pts',(0.604332791826917,-0.437945622975612,
-0.089250844576273));
#4615=CARTESIAN_POINT('Ctrl Pts',(0.471435230487683,-0.579044868429286,
-0.105971028161731));
#4616=CARTESIAN_POINT('Ctrl Pts',(0.390480639677251,-0.636446129988068,
-0.114870458975988));
#4617=CARTESIAN_POINT('Ctrl Pts',(0.21429142740918,-0.714776804062566,-0.132140714314047));
#4618=CARTESIAN_POINT('Ctrl Pts',(0.121282805353127,-0.736295858544078,
-0.140364464366011));
#4619=CARTESIAN_POINT('Ctrl Pts',(-0.0722096121349244,-0.743281685778634,
-0.155771473632437));
#4620=CARTESIAN_POINT('Ctrl Pts',(-0.17089848626951,-0.726980361833426,
-0.16392506808662));
#4621=CARTESIAN_POINT('Ctrl Pts',(-0.354182452469363,-0.657155959828063,
-0.181365648613818));
#4622=CARTESIAN_POINT('Ctrl Pts',(-0.437187904543722,-0.605118102704952,
-0.190183514662888));
#4623=CARTESIAN_POINT('Ctrl Pts',(-0.576167449097466,-0.474075726073627,
-0.206925198745135));
#4624=CARTESIAN_POINT('Ctrl Pts',(-0.63160493548686,-0.397218644803609,
-0.214223837284672));
#4625=CARTESIAN_POINT('Ctrl Pts',(-0.712678100533468,-0.222831339029035,
-0.229930322135007));
#4626=CARTESIAN_POINT('Ctrl Pts',(-0.735939009039572,-0.126271618822711,
-0.238627135104489));
#4627=CARTESIAN_POINT('Ctrl Pts',(-0.740015706442678,-0.0186808802622454,
-0.248317475222598));
#4628=CARTESIAN_POINT('Ctrl Pts',(-0.740192378864678,-0.00933711167364397,
-0.249159037394397));
#4629=CARTESIAN_POINT('Ctrl Pts',(-0.740192378864678,1.80349288737967E-15,
-0.249999999999999));
#4630=CARTESIAN_POINT('Ctrl Pts',(-0.740192378864678,1.78490017720049E-15,
-0.3));
#4631=CARTESIAN_POINT('Ctrl Pts',(-0.740192378864678,-0.00636795445522981,
-0.299426459513584));
#4632=CARTESIAN_POINT('Ctrl Pts',(-0.740110202863677,-0.0127392492896124,
-0.298852618170324));
#4633=CARTESIAN_POINT('Ctrl Pts',(-0.737406769465434,-0.117404388552683,
-0.28942577705427));
#4634=CARTESIAN_POINT('Ctrl Pts',(-0.715307166482628,-0.21424450151072,
-0.280703710041856));
#4635=CARTESIAN_POINT('Ctrl Pts',(-0.636315689377238,-0.389638095758041,
-0.264906592134361));
#4636=CARTESIAN_POINT('Ctrl Pts',(-0.58177894185757,-0.467178885390286,
-0.257673483097719));
#4637=CARTESIAN_POINT('Ctrl Pts',(-0.444422496600022,-0.599806650664504,
-0.240987005465346));
#4638=CARTESIAN_POINT('Ctrl Pts',(-0.362151329259781,-0.652781059561004,
-0.232184237594485));
#4639=CARTESIAN_POINT('Ctrl Pts',(-0.180518306590767,-0.724553639762336,
-0.214784697743822));
#4640=CARTESIAN_POINT('Ctrl Pts',(-0.0827992315909758,-0.742077208714751,
-0.206543222633381));
#4641=CARTESIAN_POINT('Ctrl Pts',(0.109885447576363,-0.738064452755105,
-0.191333104301908));
#4642=CARTESIAN_POINT('Ctrl Pts',(0.203071500702936,-0.718025699616533,
-0.183162177531541));
#4643=CARTESIAN_POINT('Ctrl Pts',(0.380203908059573,-0.642614745698614,
-0.165949837693041));
#4644=CARTESIAN_POINT('Ctrl Pts',(0.461942988955354,-0.586618949670423,
-0.157052509433294));
#4645=CARTESIAN_POINT('Ctrl Pts',(0.597272851051384,-0.447598549001755,
-0.140236223637745));
#4646=CARTESIAN_POINT('Ctrl Pts',(0.650142004744259,-0.366594431428734,
-0.13301794163215));
#4647=CARTESIAN_POINT('Ctrl Pts',(0.721985606020436,-0.189107756834501,
-0.117032306936616));
#4648=CARTESIAN_POINT('Ctrl Pts',(0.740340460625013,-0.0943982669363928,
-0.108502138059584));
#4649=CARTESIAN_POINT('Ctrl Pts',(0.740036648953414,0.100457645177038,-0.0909521138877329));
#4650=CARTESIAN_POINT('Ctrl Pts',(0.719899599135666,0.198751640492408,-0.0820991005250777));
#4651=CARTESIAN_POINT('Ctrl Pts',(0.644067139621854,0.376714805059532,-0.0660705499618592));
#4652=CARTESIAN_POINT('Ctrl Pts',(0.591043839906906,0.455421210060827,-0.0589256327762707));
#4653=CARTESIAN_POINT('Ctrl Pts',(0.456421804372037,0.590696212758297,-0.0423332252444461));
#4654=CARTESIAN_POINT('Ctrl Pts',(0.375406520311443,0.645220158772999,-0.0335586354773851));
#4655=CARTESIAN_POINT('Ctrl Pts',(0.195484950051539,0.72065857619771,-0.0161275040785392));
#4656=CARTESIAN_POINT('Ctrl Pts',(0.0981733201680968,0.740192378864679,
-0.00765752180713242));
#4657=CARTESIAN_POINT('Ctrl Pts',(-0.0983225854110943,0.740192378864679,
0.00766916450039384));
#4658=CARTESIAN_POINT('Ctrl Pts',(-0.195618540750679,0.720602563620055,
0.0161404465902503));
#4659=CARTESIAN_POINT('Ctrl Pts',(-0.375406520311441,0.645220158773,0.0335586354773838));
#4660=CARTESIAN_POINT('Ctrl Pts',(-0.456421804372036,0.590696212758297,
0.0423332252444449));
#4661=CARTESIAN_POINT('Ctrl Pts',(-0.591043839906906,0.455421210060827,
0.0589256327762697));
#4662=CARTESIAN_POINT('Ctrl Pts',(-0.644067139621854,0.376714805059531,
0.0660705499618581));
#4663=CARTESIAN_POINT('Ctrl Pts',(-0.719899599135666,0.198751640492407,
0.0820991005250768));
#4664=CARTESIAN_POINT('Ctrl Pts',(-0.740036648953414,0.100457645177038,
0.0909521138877321));
#4665=CARTESIAN_POINT('Ctrl Pts',(-0.740192078988017,0.000769371177829943,
0.0999307052959199));
#4666=CARTESIAN_POINT('Ctrl Pts',(-0.740192378864678,0.000384678586475346,
0.0999653532786459));
#4667=CARTESIAN_POINT('Ctrl Pts',(-0.740192378864678,1.78490017720049E-15,
0.099999999999999));
#4668=CARTESIAN_POINT('Origin',(0.,1.83697019872103E-16,-1.));
#4669=CARTESIAN_POINT('',(-0.740192378864678,9.4827124224939E-16,0.55));
#4670=CARTESIAN_POINT('',(-0.740192378864678,-5.85627347532285E-16,0.499999999999998));
#4671=CARTESIAN_POINT('',(-0.740192378864678,9.30495971191138E-17,-1.));
#4672=CARTESIAN_POINT('Ctrl Pts',(-0.740192378864678,1.80349288737967E-15,
0.55));
#4673=CARTESIAN_POINT('Ctrl Pts',(-0.740192378864678,0.0115960024246373,
0.54895558661453));
#4674=CARTESIAN_POINT('Ctrl Pts',(-0.739919883576304,0.0232016605218339,
0.547910303574735));
#4675=CARTESIAN_POINT('Ctrl Pts',(-0.734750568265252,0.133007238297097,
0.538020480252166));
#4676=CARTESIAN_POINT('Ctrl Pts',(-0.710608393737939,0.229343919578023,
0.529343755657163));
#4677=CARTESIAN_POINT('Ctrl Pts',(-0.627954953329485,0.402959151147158,
0.513706808963618));
#4678=CARTESIAN_POINT('Ctrl Pts',(-0.571828408005859,0.479298192873011,
0.506351568303922));
#4679=CARTESIAN_POINT('Ctrl Pts',(-0.431609739245229,0.609123089066736,
0.489568059705412));
#4680=CARTESIAN_POINT('Ctrl Pts',(-0.348049549068512,0.66043766376366,0.480739495890069));
#4681=CARTESIAN_POINT('Ctrl Pts',(-0.164328825104819,0.728450463376928,
0.463346430746918));
#4682=CARTESIAN_POINT('Ctrl Pts',(-0.0658194731231385,0.743834676784689,
0.455297945635753));
#4683=CARTESIAN_POINT('Ctrl Pts',(0.127384623124905,0.735274674667508,0.43984253508534));
#4684=CARTESIAN_POINT('Ctrl Pts',(0.220288365637922,0.712961876373071,0.431591220707614));
#4685=CARTESIAN_POINT('Ctrl Pts',(0.395952032386461,0.633069501121624,0.414291629318819));
#4686=CARTESIAN_POINT('Ctrl Pts',(0.476476057119015,0.574918607526106,0.405392024238432));
#4687=CARTESIAN_POINT('Ctrl Pts',(0.608064355036009,0.432712299616959,0.388724108520333));
#4688=CARTESIAN_POINT('Ctrl Pts',(0.65867844610032,0.350889364906444,0.381603438504699));
#4689=CARTESIAN_POINT('Ctrl Pts',(0.726270588416102,0.172040272697545,0.365495095384206));
#4690=CARTESIAN_POINT('Ctrl Pts',(0.742411980996834,0.0766972460024258,
0.35690786595417));
#4691=CARTESIAN_POINT('Ctrl Pts',(0.737416943687735,-0.117340520641138,
0.339431529424724));
#4692=CARTESIAN_POINT('Ctrl Pts',(0.71532570990304,-0.214182598813937,0.33070928541195));
#4693=CARTESIAN_POINT('Ctrl Pts',(0.636349233210621,-0.389583399738808,
0.314911518422968));
#4694=CARTESIAN_POINT('Ctrl Pts',(0.581818948418641,-0.467129121818097,
0.307678844630388));
#4695=CARTESIAN_POINT('Ctrl Pts',(0.444474161345414,-0.599768236331832,
0.290992765242593));
#4696=CARTESIAN_POINT('Ctrl Pts',(0.362208298875418,-0.652749327285348,
0.282190110236434));
#4697=CARTESIAN_POINT('Ctrl Pts',(0.180582445623794,-0.724537649934856,
0.264790420665551));
#4698=CARTESIAN_POINT('Ctrl Pts',(0.0828650271038352,-0.742069832046425,
0.256548022489289));
#4699=CARTESIAN_POINT('Ctrl Pts',(-0.109818926318478,-0.738074246367355,
0.241338734000992));
#4700=CARTESIAN_POINT('Ctrl Pts',(-0.203005944756415,-0.718044124283056,
0.233168120621492));
#4701=CARTESIAN_POINT('Ctrl Pts',(-0.380143710780463,-0.642650221586247,
0.215956130680177));
#4702=CARTESIAN_POINT('Ctrl Pts',(-0.46188729523457,-0.586662648607488,
0.207058821454112));
#4703=CARTESIAN_POINT('Ctrl Pts',(-0.597231304506137,-0.447654424943246,
0.190241980549614));
#4704=CARTESIAN_POINT('Ctrl Pts',(-0.650109052439684,-0.366653394238915,
0.183023252216431));
#4705=CARTESIAN_POINT('Ctrl Pts',(-0.721832679691446,-0.189507836375605,
0.16706834077075));
#4706=CARTESIAN_POINT('Ctrl Pts',(-0.740192378864678,-0.0951828458546092,
0.15857280247428));
#4707=CARTESIAN_POINT('Ctrl Pts',(-0.740192378864678,1.80349288737967E-15,
0.150000000000001));
#4708=CARTESIAN_POINT('Ctrl Pts',(-0.740192378864678,1.78490017720049E-15,
0.099999999999999));
#4709=CARTESIAN_POINT('Ctrl Pts',(-0.740192378864678,-0.0951607938425817,
0.108570816322871));
#4710=CARTESIAN_POINT('Ctrl Pts',(-0.721841181897475,-0.189464550715378,
0.117064442175242));
#4711=CARTESIAN_POINT('Ctrl Pts',(-0.650142004744258,-0.366594431428736,
0.133017941632149));
#4712=CARTESIAN_POINT('Ctrl Pts',(-0.597272851051382,-0.447598549001756,
0.140236223637744));
#4713=CARTESIAN_POINT('Ctrl Pts',(-0.461942988955354,-0.586618949670422,
0.157052509433293));
#4714=CARTESIAN_POINT('Ctrl Pts',(-0.380203908059574,-0.642614745698613,
0.16594983769304));
#4715=CARTESIAN_POINT('Ctrl Pts',(-0.203071500702934,-0.718025699616534,
0.18316217753154));
#4716=CARTESIAN_POINT('Ctrl Pts',(-0.109885447576361,-0.738064452755105,
0.191333104301907));
#4717=CARTESIAN_POINT('Ctrl Pts',(0.0827992315909781,-0.742077208714751,
0.20654322263338));
#4718=CARTESIAN_POINT('Ctrl Pts',(0.18051830659077,-0.724553639762334,0.214784697743822));
#4719=CARTESIAN_POINT('Ctrl Pts',(0.362151329259783,-0.652781059561002,
0.232184237594484));
#4720=CARTESIAN_POINT('Ctrl Pts',(0.444422496600025,-0.599806650664501,
0.240987005465345));
#4721=CARTESIAN_POINT('Ctrl Pts',(0.581778941857572,-0.467178885390283,
0.257673483097718));
#4722=CARTESIAN_POINT('Ctrl Pts',(0.63631568937724,-0.389638095758038,0.26490659213436));
#4723=CARTESIAN_POINT('Ctrl Pts',(0.715307166482629,-0.214244501510716,
0.280703710041855));
#4724=CARTESIAN_POINT('Ctrl Pts',(0.737406769465435,-0.117404388552678,
0.289425777054269));
#4725=CARTESIAN_POINT('Ctrl Pts',(0.742418648457338,0.0766336865107968,
0.306902141362072));
#4726=CARTESIAN_POINT('Ctrl Pts',(0.726285229037987,0.171978892404689,0.315489567065295));
#4727=CARTESIAN_POINT('Ctrl Pts',(0.658708329268324,0.35083281342062,0.331598345100384));
#4728=CARTESIAN_POINT('Ctrl Pts',(0.608102239613197,0.432658687101674,0.338718739171712));
#4729=CARTESIAN_POINT('Ctrl Pts',(0.476527321342579,0.574876265821204,0.355386118839218));
#4730=CARTESIAN_POINT('Ctrl Pts',(0.396007726207171,0.633034794895665,0.364285722262001));
#4731=CARTESIAN_POINT('Ctrl Pts',(0.220349493918248,0.712943093048883,0.381585606824201));
#4732=CARTESIAN_POINT('Ctrl Pts',(0.12744685679674,0.735263991330419,0.389837199750811));
#4733=CARTESIAN_POINT('Ctrl Pts',(-0.0657542793582002,0.743840040469915,
0.405293102064851));
#4734=CARTESIAN_POINT('Ctrl Pts',(-0.164261807418069,0.728465147510951,
0.413340542089848));
#4735=CARTESIAN_POINT('Ctrl Pts',(-0.347986933908652,0.660470791042029,
0.430733120073877));
#4736=CARTESIAN_POINT('Ctrl Pts',(-0.431552741786736,0.6091636119896,0.439561789019533));
#4737=CARTESIAN_POINT('Ctrl Pts',(-0.571784018022518,0.479351135129588,
0.45634572171742));
#4738=CARTESIAN_POINT('Ctrl Pts',(-0.627917580914306,0.403017347171064,
0.463701567441224));
#4739=CARTESIAN_POINT('Ctrl Pts',(-0.710587060235949,0.229409987760829,
0.47933780511559));
#4740=CARTESIAN_POINT('Ctrl Pts',(-0.734738177085128,0.133075615316896,
0.488014321761321));
#4741=CARTESIAN_POINT('Ctrl Pts',(-0.739918804008806,0.023247588349188,
0.497906167008018));
#4742=CARTESIAN_POINT('Ctrl Pts',(-0.740192378864678,0.011618950323093,
0.498953519773609));
#4743=CARTESIAN_POINT('Ctrl Pts',(-0.740192378864678,-1.26430429218368E-15,
0.499999999999998));
#4744=CARTESIAN_POINT('Origin',(0.,1.83697019872103E-16,-1.));
#4745=CARTESIAN_POINT('',(-0.740192378864678,1.58081059634588E-16,0.949999999999999));
#4746=CARTESIAN_POINT('',(-0.740192378864678,1.95266479992931E-16,0.899999999999997));
#4747=CARTESIAN_POINT('',(-0.740192378864678,9.30495971191138E-17,-1.));
#4748=CARTESIAN_POINT('Ctrl Pts',(-0.740192378864678,2.23112522150062E-16,
0.949999999999999));
#4749=CARTESIAN_POINT('Ctrl Pts',(-0.740192378864678,0.0228029312675703,
0.947946215793021));
#4750=CARTESIAN_POINT('Ctrl Pts',(-0.739138676456876,0.0456316313664827,
0.945890110673079));
#4751=CARTESIAN_POINT('Ctrl Pts',(-0.727941431198634,0.166260986268807,
0.935025425730195));
#4752=CARTESIAN_POINT('Ctrl Pts',(-0.699459871711174,0.261367878501264,
0.926459464146142));
#4753=CARTESIAN_POINT('Ctrl Pts',(-0.609007697728576,0.431070539726143,
0.911174909655486));
#4754=CARTESIAN_POINT('Ctrl Pts',(-0.549408185715377,0.504862392638871,
0.903451549077896));
#4755=CARTESIAN_POINT('Ctrl Pts',(-0.402984678613816,0.628495002597411,
0.886462922226614));
#4756=CARTESIAN_POINT('Ctrl Pts',(-0.316727428850465,0.676082429584959,
0.877591833586974));
#4757=CARTESIAN_POINT('Ctrl Pts',(-0.13093889364326,0.73499302747607,0.860447381630771));
#4758=CARTESIAN_POINT('Ctrl Pts',(-0.0333164739882927,0.74581453759962,
0.85285187050556));
#4759=CARTESIAN_POINT('Ctrl Pts',(0.158365145394359,0.729280919197664,0.837156134640047));
#4760=CARTESIAN_POINT('Ctrl Pts',(0.250628428366662,0.702924769171292,0.828772690501149));
#4761=CARTESIAN_POINT('Ctrl Pts',(0.423399145649337,0.61511911572685,0.811342387925314));
#4762=CARTESIAN_POINT('Ctrl Pts',(0.501621711101367,0.553192940881781,0.80245228321996));
#4763=CARTESIAN_POINT('Ctrl Pts',(0.626481729469738,0.405420038464717,0.78605849117077));
#4764=CARTESIAN_POINT('Ctrl Pts',(0.67312055780992,0.322108879809038,0.77901127589768));
#4765=CARTESIAN_POINT('Ctrl Pts',(0.73300735236575,0.140866024368145,0.762687334481361));
#4766=CARTESIAN_POINT('Ctrl Pts',(0.74508757499949,0.0445066055347878,0.754008561990606));
#4767=CARTESIAN_POINT('Ctrl Pts',(0.731570922306684,-0.149497757278119,
0.73653523403313));
#4768=CARTESIAN_POINT('Ctrl Pts',(0.705274432675123,-0.245251485489231,
0.727911014082997));
#4769=CARTESIAN_POINT('Ctrl Pts',(0.618753909355838,-0.416947816475739,
0.712446896385211));
#4770=CARTESIAN_POINT('Ctrl Pts',(0.560920869736831,-0.492022196560542,
0.704927775649572));
#4771=CARTESIAN_POINT('Ctrl Pts',(0.417644254791217,-0.618815580141991,
0.688042266291458));
#4772=CARTESIAN_POINT('Ctrl Pts',(0.332737555143416,-0.668314992441906,
0.679190417519639));
#4773=CARTESIAN_POINT('Ctrl Pts',(0.147973141595196,-0.73184812648479,0.661917678851016));
#4774=CARTESIAN_POINT('Ctrl Pts',(0.0499040269782226,-0.744977761109471,
0.654108017279386));
#4775=CARTESIAN_POINT('Ctrl Pts',(-0.142566290639218,-0.732507297771187,
0.638533740362752));
#4776=CARTESIAN_POINT('Ctrl Pts',(-0.235178875116261,-0.708215881900843,
0.630216032566835));
#4777=CARTESIAN_POINT('Ctrl Pts',(-0.409472083875192,-0.624442330240371,
0.612848554613032));
#4778=CARTESIAN_POINT('Ctrl Pts',(-0.488892546135698,-0.564434921569355,
0.60395142236705));
#4779=CARTESIAN_POINT('Ctrl Pts',(-0.617200663516209,-0.419490726029381,
0.587416064607323));
#4780=CARTESIAN_POINT('Ctrl Pts',(-0.665865894052445,-0.336944061414802,
0.580347431382782));
#4781=CARTESIAN_POINT('Ctrl Pts',(-0.725826924576719,-0.167875245818289,
0.565119965260544));
#4782=CARTESIAN_POINT('Ctrl Pts',(-0.740192378864678,-0.0841921176462626,
0.557582904125132));
#4783=CARTESIAN_POINT('Ctrl Pts',(-0.740192378864678,1.80349288737967E-15,
0.55));
#4784=CARTESIAN_POINT('Ctrl Pts',(-0.740192378864678,-1.26430429218368E-15,
0.499999999999998));
#4785=CARTESIAN_POINT('Ctrl Pts',(-0.740192378864678,-0.0841697143004652,
0.507580886330258));
#4786=CARTESIAN_POINT('Ctrl Pts',(-0.725834567965062,-0.167831036572401,
0.515115983480745));
#4787=CARTESIAN_POINT('Ctrl Pts',(-0.665896634966759,-0.336882874336718,
0.530341920466083));
#4788=CARTESIAN_POINT('Ctrl Pts',(-0.617239851209765,-0.419432712040418,
0.537410395402537));
#4789=CARTESIAN_POINT('Ctrl Pts',(-0.488946043455294,-0.564388741596172,
0.553945169936248));
#4790=CARTESIAN_POINT('Ctrl Pts',(-0.409530471880457,-0.624404180872277,
0.562842282353558));
#4791=CARTESIAN_POINT('Ctrl Pts',(-0.23524340786819,-0.708194563551511,
0.580210038973894));
#4792=CARTESIAN_POINT('Ctrl Pts',(-0.142632181627136,-0.732494578595155,
0.58852802807684));
#4793=CARTESIAN_POINT('Ctrl Pts',(0.0498349000023489,-0.74498199840963,
0.604102816193038));
#4794=CARTESIAN_POINT('Ctrl Pts',(0.147902125945209,-0.731862068044151,
0.611911511793314));
#4795=CARTESIAN_POINT('Ctrl Pts',(0.332670939296648,-0.668348293584402,
0.62918372182007));
#4796=CARTESIAN_POINT('Ctrl Pts',(0.417583378806704,-0.618856807068098,
0.638035661376821));
#4797=CARTESIAN_POINT('Ctrl Pts',(0.560873190879915,-0.492076591014718,
0.654921607133531));
#4798=CARTESIAN_POINT('Ctrl Pts',(0.618713615494422,-0.417007628165903,
0.662441509345129));
#4799=CARTESIAN_POINT('Ctrl Pts',(0.705250727829834,-0.245319618920431,
0.677904877531367));
#4800=CARTESIAN_POINT('Ctrl Pts',(0.731556449832764,-0.149568505217878,
0.686528862001406));
#4801=CARTESIAN_POINT('Ctrl Pts',(0.745091943641428,0.0444353634209129,
0.704002145450262));
#4802=CARTESIAN_POINT('Ctrl Pts',(0.733020760072567,0.140796837977937,0.712681103093213));
#4803=CARTESIAN_POINT('Ctrl Pts',(0.673150994929962,0.322044888595834,0.729005512421853));
#4804=CARTESIAN_POINT('Ctrl Pts',(0.626520811988738,0.405359332775755,0.736052708953366));
#4805=CARTESIAN_POINT('Ctrl Pts',(0.501675578520152,0.553144261407896,0.75244588936055));
#4806=CARTESIAN_POINT('Ctrl Pts',(0.42345823138451,0.615078590778612,0.761335954262582));
#4807=CARTESIAN_POINT('Ctrl Pts',(0.250694220206522,0.702901426309145,0.778766507528742));
#4808=CARTESIAN_POINT('Ctrl Pts',(0.158432529249808,0.729266395095744,0.787150224628586));
#4809=CARTESIAN_POINT('Ctrl Pts',(-0.0332456708870854,0.745817335263994,
0.802846473849782));
#4810=CARTESIAN_POINT('Ctrl Pts',(-0.130866213317377,0.735005592127402,
0.810441146735063));
#4811=CARTESIAN_POINT('Ctrl Pts',(-0.316658986260545,0.676114629294115,
0.827585045002604));
#4812=CARTESIAN_POINT('Ctrl Pts',(-0.402921886604009,0.628535406187108,
0.836456204939533));
#4813=CARTESIAN_POINT('Ctrl Pts',(-0.549358742612853,0.504916295179018,
0.853445265103176));
#4814=CARTESIAN_POINT('Ctrl Pts',(-0.608965772777389,0.431129844834682,
0.861169568241525));
#4815=CARTESIAN_POINT('Ctrl Pts',(-0.699434522857492,0.261435679747459,
0.876453357513309));
#4816=CARTESIAN_POINT('Ctrl Pts',(-0.727925280051061,0.16633163018755,0.885019063067296));
#4817=CARTESIAN_POINT('Ctrl Pts',(-0.739136464627018,0.0456795020454647,
0.895885799120172));
#4818=CARTESIAN_POINT('Ctrl Pts',(-0.740192378864678,0.0228268517992045,
0.897944061350263));
#4819=CARTESIAN_POINT('Ctrl Pts',(-0.740192378864678,2.97483362866749E-16,
0.899999999999997));
#4820=CARTESIAN_POINT('Origin',(0.,1.83697019872103E-16,-1.));
#4821=CARTESIAN_POINT('',(-9.06474227529893E-17,-0.740192378864678,0.999999999999998));
#4822=CARTESIAN_POINT('Ctrl Pts',(-0.740192378864678,2.97483362866749E-16,
0.899999999999997));
#4823=CARTESIAN_POINT('Ctrl Pts',(-0.740192378864678,-0.0732509433540675,
0.906597468932459));
#4824=CARTESIAN_POINT('Ctrl Pts',(-0.729318004683627,-0.146236225606074,
0.913171010652693));
#4825=CARTESIAN_POINT('Ctrl Pts',(-0.680197972280855,-0.306797155387315,
0.927632199785488));
#4826=CARTESIAN_POINT('Ctrl Pts',(-0.635603756241366,-0.390896008717905,
0.934692907283425));
#4827=CARTESIAN_POINT('Ctrl Pts',(-0.514261951670844,-0.541503871897225,
0.950939946300089));
#4828=CARTESIAN_POINT('Ctrl Pts',(-0.43729982873454,-0.60535189421336,0.959818283658932));
#4829=CARTESIAN_POINT('Ctrl Pts',(-0.295547507441767,-0.681445896297053,
0.974301735701806));
#4830=CARTESIAN_POINT('Ctrl Pts',(-0.237539029641068,-0.70377152488607,
0.979831796215619));
#4831=CARTESIAN_POINT('Ctrl Pts',(-0.119302895928886,-0.732963352650035,
0.990368823495061));
#4832=CARTESIAN_POINT('Ctrl Pts',(-0.059724909642492,-0.740192378864678,
0.995341455323773));
#4833=CARTESIAN_POINT('Ctrl Pts',(-1.71067103358826E-32,-0.740192378864678,
0.999999999999997));
#4834=CARTESIAN_POINT('',(-0.518600445487665,-0.528146130980192,1.));
#4835=CARTESIAN_POINT('Origin',(0.,1.83697019872103E-16,1.));
#4836=CARTESIAN_POINT('Ctrl Pts',(-0.518600445486205,-0.528146130981627,
1.00000000000018));
#4837=CARTESIAN_POINT('Ctrl Pts',(-0.562620649982391,-0.484921545354756,
0.994619875418825));
#4838=CARTESIAN_POINT('Ctrl Pts',(-0.601073534526056,-0.43635606490662,
0.989433483634573));
#4839=CARTESIAN_POINT('Ctrl Pts',(-0.664755427438032,-0.331248261589625,
0.979732938951262));
#4840=CARTESIAN_POINT('Ctrl Pts',(-0.689863348984823,-0.275183882252575,
0.974784897378046));
#4841=CARTESIAN_POINT('Ctrl Pts',(-0.729311098793274,-0.146282313485731,
0.963175161634791));
#4842=CARTESIAN_POINT('Ctrl Pts',(-0.740192378864678,-0.0732741977473718,
0.956599563378352));
#4843=CARTESIAN_POINT('Ctrl Pts',(-0.740192378864678,2.23112522150062E-16,
0.949999999999999));
#4844=CARTESIAN_POINT('Origin',(0.,1.40834381901946E-15,1.));
#4845=CARTESIAN_POINT('',(0.,1.,0.999999999999996));
#4846=CARTESIAN_POINT('Ctrl Pts',(3.43664733423122E-13,1.,0.599999999999977));
#4847=CARTESIAN_POINT('Ctrl Pts',(-0.0956445244532319,1.,0.605522039193935));
#4848=CARTESIAN_POINT('Ctrl Pts',(-0.190949786066415,0.986284084250017,
0.61148168823038));
#4849=CARTESIAN_POINT('Ctrl Pts',(-0.409493277200171,0.921791528824488,
0.626249054421469));
#4850=CARTESIAN_POINT('Ctrl Pts',(-0.527327069654742,0.859830387655631,
0.635117562973092));
#4851=CARTESIAN_POINT('Ctrl Pts',(-0.728412448820421,0.696813918947588,
0.652161115042501));
#4852=CARTESIAN_POINT('Ctrl Pts',(-0.810894287260819,0.598793578369188,
0.66008042810872));
#4853=CARTESIAN_POINT('Ctrl Pts',(-0.93755156267137,0.372272807090852,0.675181812860609));
#4854=CARTESIAN_POINT('Ctrl Pts',(-0.978590360600057,0.244814415574552,
0.683679038961695));
#4855=CARTESIAN_POINT('Ctrl Pts',(-1.00831781514118,-0.0163387344040185,
0.701089248960267));
#4856=CARTESIAN_POINT('Ctrl Pts',(-0.997617805601053,-0.147427675319203,
0.709828511687945));
#4857=CARTESIAN_POINT('Ctrl Pts',(-0.927422407188644,-0.395002736270167,
0.726333515751343));
#4858=CARTESIAN_POINT('Ctrl Pts',(-0.869813815173811,-0.509470111686765,
0.733430279689345));
#4859=CARTESIAN_POINT('Ctrl Pts',(-0.710625987441756,-0.716195868040339,
0.749511851753746));
#4860=CARTESIAN_POINT('Ctrl Pts',(-0.608474854089339,-0.804781437322858,
0.758362402497067));
#4861=CARTESIAN_POINT('Ctrl Pts',(-0.379858905737564,-0.933960186824163,
0.775867508745971));
#4862=CARTESIAN_POINT('Ctrl Pts',(-0.256572254849918,-0.975066911426216,
0.78435569100712));
#4863=CARTESIAN_POINT('Ctrl Pts',(-0.000286545332841264,-1.00837059075155,
0.800262475989211));
#4864=CARTESIAN_POINT('Ctrl Pts',(0.130292708112453,-0.999919628620033,
0.807525132056214));
#4865=CARTESIAN_POINT('Ctrl Pts',(0.383482428576635,-0.932964636497914,
0.824374880453556));
#4866=CARTESIAN_POINT('Ctrl Pts',(0.503335465797397,-0.874146076796619,
0.833255217440526));
#4867=CARTESIAN_POINT('Ctrl Pts',(0.709269563068943,-0.716329833156488,
0.850405369544702));
#4868=CARTESIAN_POINT('Ctrl Pts',(0.79459773024225,-0.62033982065178,0.858531460656889));
#4869=CARTESIAN_POINT('Ctrl Pts',(0.927353029585518,-0.39696689144075,0.873641855745142));
#4870=CARTESIAN_POINT('Ctrl Pts',(0.971778798111329,-0.2706409214616,0.881957271902559));
#4871=CARTESIAN_POINT('Ctrl Pts',(1.00844444440818,-0.00993018142441843,
0.899337987905038));
#4872=CARTESIAN_POINT('Ctrl Pts',(1.00112099437508,0.121731736103873,0.908115449073591));
#4873=CARTESIAN_POINT('Ctrl Pts',(0.937207539817203,0.37111401404525,0.924740934269683));
#4874=CARTESIAN_POINT('Ctrl Pts',(0.882657673111008,0.486818782131702,0.931933694887097));
#4875=CARTESIAN_POINT('Ctrl Pts',(0.729751949562821,0.696468997305702,0.947750051458015));
#4876=CARTESIAN_POINT('Ctrl Pts',(0.631015408322318,0.78702879777269,0.956469268339988));
#4877=CARTESIAN_POINT('Ctrl Pts',(0.438468499259741,0.903481660279354,0.971467731401434));
#4878=CARTESIAN_POINT('Ctrl Pts',(0.353172720365814,0.940109103437475,0.977613200263886));
#4879=CARTESIAN_POINT('Ctrl Pts',(0.177961719690858,0.988078118004252,0.989327979256579));
#4880=CARTESIAN_POINT('Ctrl Pts',(0.0891562766765182,1.,0.994852559966085));
#4881=CARTESIAN_POINT('Ctrl Pts',(4.38724911101277E-14,1.,0.999999999999993));
#4882=CARTESIAN_POINT('',(0.86602540378448,-0.499999999999932,1.));
#4883=CARTESIAN_POINT('Origin',(0.,1.40834381901946E-15,1.));
#4884=CARTESIAN_POINT('',(0.86602540378448,-0.499999999999932,0.916666666666671));
#4885=CARTESIAN_POINT('',(0.866025403784476,-0.49999999999993,1.));
#4886=CARTESIAN_POINT('Ctrl Pts',(0.866025403784476,-0.49999999999993,0.916666666666673));
#4887=CARTESIAN_POINT('Ctrl Pts',(0.827590149550558,-0.566571813134916,
0.912228545791007));
#4888=CARTESIAN_POINT('Ctrl Pts',(0.781587096560942,-0.628526826104397,
0.907507391189311));
#4889=CARTESIAN_POINT('Ctrl Pts',(0.674374007381842,-0.742671314817917,
0.89751262430904));
#4890=CARTESIAN_POINT('Ctrl Pts',(0.613123518455387,-0.793988861266021,
0.892265740800468));
#4891=CARTESIAN_POINT('Ctrl Pts',(0.434870213535682,-0.91029485912706,0.878097414847167));
#4892=CARTESIAN_POINT('Ctrl Pts',(0.30985061878015,-0.960077989149219,0.869219967511153));
#4893=CARTESIAN_POINT('Ctrl Pts',(0.0530735990403274,-1.00672566570853,
0.852840016812327));
#4894=CARTESIAN_POINT('Ctrl Pts',(-0.0757753668640098,-1.00527211370009,
0.845800844277647));
#4895=CARTESIAN_POINT('Ctrl Pts',(-0.327966507389096,-0.953553159306675,
0.82951661684426));
#4896=CARTESIAN_POINT('Ctrl Pts',(-0.448745953158811,-0.903020445391508,
0.820858988494316));
#4897=CARTESIAN_POINT('Ctrl Pts',(-0.666674966645372,-0.75705325981202,
0.803411278181597));
#4898=CARTESIAN_POINT('Ctrl Pts',(-0.761104349391817,-0.662057294791683,
0.794792863059445));
#4899=CARTESIAN_POINT('Ctrl Pts',(-0.904092290317359,-0.445713514648529,
0.779325991102917));
#4900=CARTESIAN_POINT('Ctrl Pts',(-0.953234329109747,-0.327723912706641,
0.771848260847108));
#4901=CARTESIAN_POINT('Ctrl Pts',(-1.00576557993919,-0.0751899188907206,
0.75501266125938));
#4902=CARTESIAN_POINT('Ctrl Pts',(-1.00694360802604,0.0572887390993173,
0.746180750726711));
#4903=CARTESIAN_POINT('Ctrl Pts',(-0.957835678770879,0.316401011327706,
0.728906599244818));
#4904=CARTESIAN_POINT('Ctrl Pts',(-0.907542362169176,0.440350782173326,
0.72105195663749));
#4905=CARTESIAN_POINT('Ctrl Pts',(-0.764119449304101,0.657632564295898,
0.705528704831676));
#4906=CARTESIAN_POINT('Ctrl Pts',(-0.673845945768288,0.749851533107283,
0.697242796047921));
#4907=CARTESIAN_POINT('Ctrl Pts',(-0.459395767534114,0.898113372213779,
0.679919447931245));
#4908=CARTESIAN_POINT('Ctrl Pts',(-0.336129505474071,0.951144459067294,
0.671034964077892));
#4909=CARTESIAN_POINT('Ctrl Pts',(-0.13816419775078,0.992839396239354,0.658215600468398));
#4910=CARTESIAN_POINT('Ctrl Pts',(-0.069103392601101,1.,0.653989686232018));
#4911=CARTESIAN_POINT('Ctrl Pts',(8.04911692853238E-15,1.,0.650000000000001));
#4912=CARTESIAN_POINT('Origin',(0.,1.30104260698261E-15,1.288));
#4913=CARTESIAN_POINT('',(-2.44929359829471E-16,2.,1.288));
#4914=CARTESIAN_POINT('Origin',(0.,1.35543907729629E-15,1.288));
#4915=CARTESIAN_POINT('',(-2.09659532014027E-16,1.712,1.));
#4916=CARTESIAN_POINT('Origin',(-2.09659532014027E-16,1.712,1.288));
#4917=CARTESIAN_POINT('Origin',(0.,1.40834381901946E-15,1.));
#4918=CARTESIAN_POINT('Origin',(0.,1.40834381901946E-15,1.));
#4919=CARTESIAN_POINT('',(-2.44929359829471E-16,2.,1.71111111111111));
#4920=CARTESIAN_POINT('Origin',(0.,1.27771482711041E-15,1.71111111111111));
#4921=CARTESIAN_POINT('',(-2.44929359829471E-16,2.,1.));
#4922=CARTESIAN_POINT('Origin',(0.,1.0842021724855E-15,1.71111111111111));
#4923=CARTESIAN_POINT('',(-2.31702492950498E-16,1.89199443555332,1.93593549406332));
#4924=CARTESIAN_POINT('Origin',(0.,1.2364152579675E-15,1.93593549406332));
#4925=CARTESIAN_POINT('Origin',(-2.09659532014027E-16,1.712,1.71111111111111));
#4926=CARTESIAN_POINT('Origin',(0.,1.30104260698261E-15,-0.427284681130834));
#4927=CARTESIAN_POINT('',(0.368853669997884,1.37573980103904,2.24399581903675));
#4928=CARTESIAN_POINT('',(-0.368853669997875,1.37573980103904,2.24399581903675));
#4929=CARTESIAN_POINT('Origin',(0.,1.30104260698261E-15,2.24399581903675));
#4930=CARTESIAN_POINT('',(0.386945754338854,0.855228474983082,2.45078928932001));
#4931=CARTESIAN_POINT('Origin',(0.134120316523749,1.3133562971885E-15,-0.439018688375171));
#4932=CARTESIAN_POINT('',(0.396449585851714,0.812336489053512,2.46190027228417));
#4933=CARTESIAN_POINT('Ctrl Pts',(0.396449585851713,0.812336489053512,2.46190027228417));
#4934=CARTESIAN_POINT('Ctrl Pts',(0.396415300059,0.812415273614812,2.46188282550025));
#4935=CARTESIAN_POINT('Ctrl Pts',(0.396381115019823,0.812494105001742,2.46186538633455));
#4936=CARTESIAN_POINT('Ctrl Pts',(0.390363661737173,0.826401166334581,2.4587795111981));
#4937=CARTESIAN_POINT('Ctrl Pts',(0.387302591213248,0.841341222686892,2.45486795345789));
#4938=CARTESIAN_POINT('Ctrl Pts',(0.386945754338854,0.855228474983082,2.45078928932001));
#4939=CARTESIAN_POINT('',(0.503918574752341,0.562570697632467,2.5042734064387));
#4940=CARTESIAN_POINT('Origin',(0.389087142752151,0.161165171472938,-0.464130084580759));
#4941=CARTESIAN_POINT('',(0.562570697632466,0.503918574752342,2.5042734064387));
#4942=CARTESIAN_POINT('Ctrl Pts',(0.562570697632466,0.503918574752342,2.5042734064387));
#4943=CARTESIAN_POINT('Ctrl Pts',(0.54933557740425,0.509549595300374,2.50584530603387));
#4944=CARTESIAN_POINT('Ctrl Pts',(0.537193732017696,0.517919744702899,2.50662402846303));
#4945=CARTESIAN_POINT('Ctrl Pts',(0.517919744702897,0.537193732017698,2.50662402846303));
#4946=CARTESIAN_POINT('Ctrl Pts',(0.509549595300372,0.549335577404252,2.50584530603387));
#4947=CARTESIAN_POINT('Ctrl Pts',(0.503918574752341,0.562570697632467,2.5042734064387));
#4948=CARTESIAN_POINT('',(0.81233648905351,0.396449585851716,2.46190027228417));
#4949=CARTESIAN_POINT('Origin',(0.161165171472934,0.389087142752152,-0.464130084580759));
#4950=CARTESIAN_POINT('',(0.855228474983081,0.386945754338857,2.45078928932001));
#4951=CARTESIAN_POINT('Ctrl Pts',(0.855228474983081,0.386945754338857,2.45078928932001));
#4952=CARTESIAN_POINT('Ctrl Pts',(0.841341222686891,0.387302591213251,2.45486795345789));
#4953=CARTESIAN_POINT('Ctrl Pts',(0.826401166334579,0.390363661737176,2.4587795111981));
#4954=CARTESIAN_POINT('Ctrl Pts',(0.812494105001741,0.396381115019825,2.46186538633455));
#4955=CARTESIAN_POINT('Ctrl Pts',(0.812415273614811,0.396415300059003,2.46188282550025));
#4956=CARTESIAN_POINT('Ctrl Pts',(0.812336489053511,0.396449585851716,2.46190027228417));
#4957=CARTESIAN_POINT('',(1.37573980103903,0.368853669997889,2.24399581903675));
#4958=CARTESIAN_POINT('Origin',(-5.04861298441731E-16,0.134120316523749,
-0.439018688375171));
#4959=CARTESIAN_POINT('',(1.37573980103903,-0.368853669997889,2.24399581903675));
#4960=CARTESIAN_POINT('Origin',(0.,1.30104260698261E-15,2.24399581903675));
#4961=CARTESIAN_POINT('',(0.855228474983081,-0.386945754338858,2.45078928932001));
#4962=CARTESIAN_POINT('Origin',(7.64431290163419E-16,-0.134120316523749,
-0.439018688375171));
#4963=CARTESIAN_POINT('',(0.812336489053511,-0.396449585851717,2.46190027228417));
#4964=CARTESIAN_POINT('Ctrl Pts',(0.812336489053511,-0.396449585851717,
2.46190027228417));
#4965=CARTESIAN_POINT('Ctrl Pts',(0.812415273614811,-0.396415300059003,
2.46188282550025));
#4966=CARTESIAN_POINT('Ctrl Pts',(0.812494105001741,-0.396381115019826,
2.46186538633455));
#4967=CARTESIAN_POINT('Ctrl Pts',(0.826401166334579,-0.390363661737177,
2.4587795111981));
#4968=CARTESIAN_POINT('Ctrl Pts',(0.841341222686891,-0.387302591213252,
2.45486795345789));
#4969=CARTESIAN_POINT('Ctrl Pts',(0.855228474983081,-0.386945754338858,
2.45078928932001));
#4970=CARTESIAN_POINT('',(0.562570697632466,-0.503918574752343,2.5042734064387));
#4971=CARTESIAN_POINT('Origin',(0.161165171472936,-0.389087142752152,-0.464130084580759));
#4972=CARTESIAN_POINT('',(0.503918574752341,-0.562570697632468,2.5042734064387));
#4973=CARTESIAN_POINT('Ctrl Pts',(0.503918574752341,-0.562570697632468,
2.5042734064387));
#4974=CARTESIAN_POINT('Ctrl Pts',(0.509549595300372,-0.549335577404252,
2.50584530603387));
#4975=CARTESIAN_POINT('Ctrl Pts',(0.517919744702898,-0.537193732017698,
2.50662402846303));
#4976=CARTESIAN_POINT('Ctrl Pts',(0.537193732017697,-0.517919744702899,
2.50662402846303));
#4977=CARTESIAN_POINT('Ctrl Pts',(0.54933557740425,-0.509549595300374,2.50584530603387));
#4978=CARTESIAN_POINT('Ctrl Pts',(0.562570697632466,-0.503918574752343,
2.5042734064387));
#4979=CARTESIAN_POINT('',(0.396449585851714,-0.812336489053512,2.46190027228417));
#4980=CARTESIAN_POINT('Origin',(0.389087142752152,-0.161165171472936,-0.464130084580759));
#4981=CARTESIAN_POINT('',(0.386945754338854,-0.855228474983082,2.45078928932001));
#4982=CARTESIAN_POINT('Ctrl Pts',(0.386945754338854,-0.855228474983083,
2.45078928932001));
#4983=CARTESIAN_POINT('Ctrl Pts',(0.387300132633632,-0.841436904825901,
2.45483985176428));
#4984=CARTESIAN_POINT('Ctrl Pts',(0.390322016218875,-0.826594596887492,
2.45872922560287));
#4985=CARTESIAN_POINT('Ctrl Pts',(0.396303567631881,-0.812673194928765,
2.46182565843315));
#4986=CARTESIAN_POINT('Ctrl Pts',(0.396376359577237,-0.81250475408266,2.46186301011558));
#4987=CARTESIAN_POINT('Ctrl Pts',(0.396449585851715,-0.812336489053508,
2.46190027228417));
#4988=CARTESIAN_POINT('',(0.368853669997885,-1.37573980103903,2.24399581903675));
#4989=CARTESIAN_POINT('Origin',(0.134120316523749,1.17229140862006E-16,
-0.439018688375171));
#4990=CARTESIAN_POINT('',(-0.368853669997884,-1.37573980103904,2.24399581903675));
#4991=CARTESIAN_POINT('Origin',(1.71325795154512E-15,-4.12215344562517E-16,
2.24399581903675));
#4992=CARTESIAN_POINT('',(-0.386945754338854,-0.855228474983083,2.45078928932001));
#4993=CARTESIAN_POINT('Origin',(-0.134120316523749,-1.15206344774314E-15,
-0.439018688375171));
#4994=CARTESIAN_POINT('',(-0.396449585851714,-0.812336489053512,2.46190027228417));
#4995=CARTESIAN_POINT('Ctrl Pts',(-0.396449585851713,-0.812336489053512,
2.46190027228417));
#4996=CARTESIAN_POINT('Ctrl Pts',(-0.396415300059,-0.812415273614813,2.46188282550024));
#4997=CARTESIAN_POINT('Ctrl Pts',(-0.396381115019823,-0.812494105001743,
2.46186538633455));
#4998=CARTESIAN_POINT('Ctrl Pts',(-0.390363661737173,-0.826401166334582,
2.4587795111981));
#4999=CARTESIAN_POINT('Ctrl Pts',(-0.387302591213248,-0.841341222686893,
2.45486795345789));
#5000=CARTESIAN_POINT('Ctrl Pts',(-0.386945754338854,-0.855228474983083,
2.45078928932001));
#5001=CARTESIAN_POINT('',(-0.503918574752341,-0.562570697632468,2.5042734064387));
#5002=CARTESIAN_POINT('Origin',(-0.389087142752151,-0.161165171472937,-0.464130084580759));
#5003=CARTESIAN_POINT('',(-0.562570697632466,-0.503918574752343,2.5042734064387));
#5004=CARTESIAN_POINT('Ctrl Pts',(-0.562570697632466,-0.503918574752343,
2.5042734064387));
#5005=CARTESIAN_POINT('Ctrl Pts',(-0.54933557740425,-0.509549595300375,
2.50584530603387));
#5006=CARTESIAN_POINT('Ctrl Pts',(-0.537193732017696,-0.5179197447029,2.50662402846303));
#5007=CARTESIAN_POINT('Ctrl Pts',(-0.517919744702897,-0.537193732017699,
2.50662402846303));
#5008=CARTESIAN_POINT('Ctrl Pts',(-0.509549595300372,-0.549335577404253,
2.50584530603387));
#5009=CARTESIAN_POINT('Ctrl Pts',(-0.50391857475234,-0.562570697632468,
2.5042734064387));
#5010=CARTESIAN_POINT('',(-0.81233648905351,-0.396449585851717,2.46190027228417));
#5011=CARTESIAN_POINT('Origin',(-0.161165171472934,-0.389087142752152,-0.464130084580759));
#5012=CARTESIAN_POINT('',(-0.855228474983081,-0.386945754338858,2.45078928932001));
#5013=CARTESIAN_POINT('Ctrl Pts',(-0.855228474983081,-0.386945754338858,
2.45078928932001));
#5014=CARTESIAN_POINT('Ctrl Pts',(-0.841341222686891,-0.387302591213252,
2.45486795345789));
#5015=CARTESIAN_POINT('Ctrl Pts',(-0.826401166334579,-0.390363661737177,
2.4587795111981));
#5016=CARTESIAN_POINT('Ctrl Pts',(-0.812494105001741,-0.396381115019827,
2.46186538633455));
#5017=CARTESIAN_POINT('Ctrl Pts',(-0.812415273614811,-0.396415300059003,
2.46188282550025));
#5018=CARTESIAN_POINT('Ctrl Pts',(-0.812336489053511,-0.396449585851717,
2.46190027228417));
#5019=CARTESIAN_POINT('',(-1.37573980103903,-0.36885366999789,2.24399581903675));
#5020=CARTESIAN_POINT('Origin',(5.04861298441731E-16,-0.134120316523749,
-0.439018688375171));
#5021=CARTESIAN_POINT('',(-1.37573980103903,0.368853669997898,2.24399581903675));
#5022=CARTESIAN_POINT('Origin',(0.,-2.12547329610763E-15,2.24399581903675));
#5023=CARTESIAN_POINT('',(-0.855228474983078,0.386945754338863,2.45078928932001));
#5024=CARTESIAN_POINT('Origin',(1.72125874441389E-16,0.134120316523749,
-0.439018688375171));
#5025=CARTESIAN_POINT('',(-0.812336489053508,0.396449585851722,2.46190027228417));
#5026=CARTESIAN_POINT('Ctrl Pts',(-0.812336489053508,0.396449585851722,
2.46190027228417));
#5027=CARTESIAN_POINT('Ctrl Pts',(-0.812415273614809,0.396415300059008,
2.46188282550024));
#5028=CARTESIAN_POINT('Ctrl Pts',(-0.812494105001738,0.396381115019831,
2.46186538633455));
#5029=CARTESIAN_POINT('Ctrl Pts',(-0.826401166334577,0.390363661737181,
2.4587795111981));
#5030=CARTESIAN_POINT('Ctrl Pts',(-0.841341222686889,0.387302591213256,
2.45486795345789));
#5031=CARTESIAN_POINT('Ctrl Pts',(-0.855228474983079,0.386945754338863,
2.45078928932001));
#5032=CARTESIAN_POINT('',(-0.562570697632462,0.503918574752346,2.5042734064387));
#5033=CARTESIAN_POINT('Origin',(-0.161165171472934,0.389087142752153,-0.464130084580759));
#5034=CARTESIAN_POINT('',(-0.503918574752337,0.562570697632471,2.5042734064387));
#5035=CARTESIAN_POINT('Ctrl Pts',(-0.503918574752337,0.562570697632471,
2.5042734064387));
#5036=CARTESIAN_POINT('Ctrl Pts',(-0.509549595300368,0.549335577404255,
2.50584530603387));
#5037=CARTESIAN_POINT('Ctrl Pts',(-0.517919744702894,0.537193732017701,
2.50662402846303));
#5038=CARTESIAN_POINT('Ctrl Pts',(-0.537193732017693,0.517919744702902,
2.50662402846303));
#5039=CARTESIAN_POINT('Ctrl Pts',(-0.549335577404247,0.509549595300377,
2.50584530603387));
#5040=CARTESIAN_POINT('Ctrl Pts',(-0.562570697632462,0.503918574752346,
2.5042734064387));
#5041=CARTESIAN_POINT('',(-0.396449585851708,0.812336489053514,2.46190027228417));
#5042=CARTESIAN_POINT('Origin',(-0.38908714275215,0.161165171472939,-0.464130084580759));
#5043=CARTESIAN_POINT('',(-0.386945754338848,0.855228474983084,2.45078928932001));
#5044=CARTESIAN_POINT('Ctrl Pts',(-0.386945754338849,0.855228474983084,
2.45078928932001));
#5045=CARTESIAN_POINT('Ctrl Pts',(-0.387302591213243,0.841341222686894,
2.45486795345789));
#5046=CARTESIAN_POINT('Ctrl Pts',(-0.390363661737168,0.826401166334583,
2.4587795111981));
#5047=CARTESIAN_POINT('Ctrl Pts',(-0.396381115019817,0.812494105001744,
2.46186538633455));
#5048=CARTESIAN_POINT('Ctrl Pts',(-0.396415300058994,0.812415273614815,
2.46188282550025));
#5049=CARTESIAN_POINT('Ctrl Pts',(-0.396449585851708,0.812336489053514,
2.46190027228417));
#5050=CARTESIAN_POINT('Origin',(-0.134120316523749,9.80620873188157E-16,
-0.439018688375171));
#5051=CARTESIAN_POINT('Origin',(0.,-2.79290479632266E-16,2.6));
#5052=CARTESIAN_POINT('',(1.18735027419173,-0.285214873453992,1.288));
#5053=CARTESIAN_POINT('',(1.18735027419173,0.285214873453992,1.288));
#5054=CARTESIAN_POINT('Origin',(0.,-2.79290479632266E-16,1.288));
#5055=CARTESIAN_POINT('Ctrl Pts',(1.37573980103904,-0.368853669997889,2.24399581903675));
#5056=CARTESIAN_POINT('Ctrl Pts',(1.27485465904895,-0.32396050669162,1.7308646144097));
#5057=CARTESIAN_POINT('Ctrl Pts',(1.18735027419133,-0.285214873453816,1.28799999999799));
#5058=CARTESIAN_POINT('Ctrl Pts',(1.37573980103904,0.368853669997889,2.24399581903675));
#5059=CARTESIAN_POINT('Ctrl Pts',(1.27485465904909,0.323960506691679,1.73086461441037));
#5060=CARTESIAN_POINT('Ctrl Pts',(1.18735027419133,0.285214873453816,1.28799999999799));
#5061=CARTESIAN_POINT('Origin',(1.98321772035202E-16,-4.77612251667469E-16,
2.6));
#5062=CARTESIAN_POINT('',(-0.285214873453987,-1.18735027419174,1.288));
#5063=CARTESIAN_POINT('',(0.285214873453988,-1.18735027419174,1.288));
#5064=CARTESIAN_POINT('Origin',(-4.26887180369972E-17,-2.36601761595269E-16,
1.288));
#5065=CARTESIAN_POINT('Ctrl Pts',(-0.368853669997884,-1.37573980103904,
2.24399581903675));
#5066=CARTESIAN_POINT('Ctrl Pts',(-0.323960506691575,-1.27485465904886,
1.73086461440923));
#5067=CARTESIAN_POINT('Ctrl Pts',(-0.285214873453811,-1.18735027419133,
1.28799999999799));
#5068=CARTESIAN_POINT('Ctrl Pts',(0.368853669997885,-1.37573980103904,2.24399581903675));
#5069=CARTESIAN_POINT('Ctrl Pts',(0.323960506691395,-1.27485465904846,1.73086461440718));
#5070=CARTESIAN_POINT('Ctrl Pts',(0.285214873453811,-1.18735027419134,1.28799999999799));
#5071=CARTESIAN_POINT('Origin',(0.,-6.75934023702671E-16,2.6));
#5072=CARTESIAN_POINT('',(-1.18735027419173,0.285214873453999,1.288));
#5073=CARTESIAN_POINT('',(-1.18735027419173,-0.285214873453992,1.288));
#5074=CARTESIAN_POINT('Origin',(0.,-1.93913043558272E-16,1.288));
#5075=CARTESIAN_POINT('Ctrl Pts',(-1.37573980103903,0.368853669997898,2.24399581903675));
#5076=CARTESIAN_POINT('Ctrl Pts',(-1.27485465904812,0.323960506691263,1.73086461440552));
#5077=CARTESIAN_POINT('Ctrl Pts',(-1.18735027419134,0.285214873453823,1.28799999999799));
#5078=CARTESIAN_POINT('Ctrl Pts',(-1.37573980103904,-0.36885366999789,2.24399581903675));
#5079=CARTESIAN_POINT('Ctrl Pts',(-1.27485465904887,-0.323960506691586,
1.7308646144093));
#5080=CARTESIAN_POINT('Ctrl Pts',(-1.18735027419133,-0.285214873453816,
1.28799999999799));
#5081=CARTESIAN_POINT('Origin',(0.,-1.712,1.));
#5082=CARTESIAN_POINT('Ctrl Pts',(0.,1.00000000000001,1.));
#5083=CARTESIAN_POINT('Ctrl Pts',(-0.0507264107782435,0.994927358922185,
1.));
#5084=CARTESIAN_POINT('Ctrl Pts',(-0.14827574309161,0.981469542720869,1.));
#5085=CARTESIAN_POINT('Ctrl Pts',(-0.339045101945111,0.903270887176216,
1.));
#5086=CARTESIAN_POINT('Ctrl Pts',(-0.41072923813342,0.862183073377065,1.));
#5087=CARTESIAN_POINT('Ctrl Pts',(-0.570397396542525,0.740240882106047,
1.));
#5088=CARTESIAN_POINT('Ctrl Pts',(-0.650082994022941,0.650990777185058,
1.));
#5089=CARTESIAN_POINT('Ctrl Pts',(-0.738240485523458,0.503704555755102,
1.));
#5090=CARTESIAN_POINT('Ctrl Pts',(-0.762645109269012,0.454167547977581,
1.00000000000003));
#5091=CARTESIAN_POINT('Ctrl Pts',(-0.816481376348124,0.31150554448123,1.00000000000003));
#5092=CARTESIAN_POINT('Ctrl Pts',(-0.834483149462427,0.213649913960378,
1.));
#5093=CARTESIAN_POINT('Ctrl Pts',(-0.834867619799335,0.0110244522564854,
1.));
#5094=CARTESIAN_POINT('Ctrl Pts',(-0.81532054472672,-0.0919390840362536,
1.));
#5095=CARTESIAN_POINT('Ctrl Pts',(-0.749997792207799,-0.256693816593304,
1.));
#5096=CARTESIAN_POINT('Ctrl Pts',(-0.713953186854279,-0.320890972287144,
1.));
#5097=CARTESIAN_POINT('Ctrl Pts',(-0.645359180936598,-0.412029008084736,
1.));
#5098=CARTESIAN_POINT('Ctrl Pts',(-0.596767790313744,-0.471587106212002,
1.));
#5099=CARTESIAN_POINT('Ctrl Pts',(-0.518600445487665,-0.528146130980192,
1.));
#5100=CARTESIAN_POINT('',(0.741025403784482,-0.427831216351243,1.));
#5101=CARTESIAN_POINT('Ctrl Pts',(6.41651365943193E-31,-0.740192378864673,
1.));
#5102=CARTESIAN_POINT('Ctrl Pts',(0.0707492624316852,-0.749750605138253,
1.));
#5103=CARTESIAN_POINT('Ctrl Pts',(0.142437357137538,-0.749713023041837,
1.));
#5104=CARTESIAN_POINT('Ctrl Pts',(0.281851239165348,-0.730642858239912,
1.));
#5105=CARTESIAN_POINT('Ctrl Pts',(0.348982521154623,-0.712247312501742,
0.999999999999999));
#5106=CARTESIAN_POINT('Ctrl Pts',(0.474493408011132,-0.659344894747686,
0.999999999999999));
#5107=CARTESIAN_POINT('Ctrl Pts',(0.532567515064858,-0.625652080437264,
1.));
#5108=CARTESIAN_POINT('Ctrl Pts',(0.666291405602922,-0.523558187125349,
1.));
#5109=CARTESIAN_POINT('Ctrl Pts',(0.716483409593881,-0.460797834936008,
1.));
#5110=CARTESIAN_POINT('Ctrl Pts',(0.741025403784481,-0.427831216351243,
1.));
#5111=CARTESIAN_POINT('',(-2.598409334876E-16,3.33716252767625E-16,1.));
#5112=CARTESIAN_POINT('Origin',(0.,-2.79290479632266E-16,1.288));
#5113=CARTESIAN_POINT('',(0.855228474983081,-0.285214873453991,1.288));
#5114=CARTESIAN_POINT('',(-7.33034848050956E-16,-0.285214873453987,1.288));
#5115=CARTESIAN_POINT('',(0.855228474983081,0.28521487345399,1.288));
#5116=CARTESIAN_POINT('',(-1.07361774173399E-15,0.285214873453987,1.288));
#5117=CARTESIAN_POINT('',(0.773033765535484,0.301564417696295,1.288));
#5118=CARTESIAN_POINT('Origin',(0.855228474983081,0.500000000000003,1.288));
#5119=CARTESIAN_POINT('',(0.521849302004391,0.405608429148282,1.288));
#5120=CARTESIAN_POINT('',(0.219827296278392,0.530710040055113,1.288));
#5121=CARTESIAN_POINT('',(0.40560842914828,0.521849302004392,1.288));
#5122=CARTESIAN_POINT('Origin',(0.604044011451988,0.60404401145199,1.288));
#5123=CARTESIAN_POINT('',(0.301564417696292,0.773033765535485,1.288));
#5124=CARTESIAN_POINT('',(0.530710040055112,0.219827296278394,1.288));
#5125=CARTESIAN_POINT('',(0.285214873453987,0.855228474983082,1.288));
#5126=CARTESIAN_POINT('Origin',(0.5,0.855228474983082,1.288));
#5127=CARTESIAN_POINT('',(0.285214873453987,1.18735027419174,1.288));
#5128=CARTESIAN_POINT('',(0.285214873453987,2.61857985788778E-17,1.288));
#5129=CARTESIAN_POINT('',(-0.285214873453979,1.18735027419174,1.288));
#5130=CARTESIAN_POINT('Origin',(0.,-2.79290479632266E-16,1.288));
#5131=CARTESIAN_POINT('',(-0.285214873453982,0.855228474983084,1.288));
#5132=CARTESIAN_POINT('',(-0.285214873453987,1.67724772134605E-15,1.288));
#5133=CARTESIAN_POINT('',(-0.301564417696287,0.773033765535487,1.288));
#5134=CARTESIAN_POINT('Origin',(-0.499999999999994,0.855228474983086,1.288));
#5135=CARTESIAN_POINT('',(-0.405608429148276,0.521849302004395,1.288));
#5136=CARTESIAN_POINT('',(-0.530710040055111,0.219827296278397,1.288));
#5137=CARTESIAN_POINT('',(-0.521849302004388,0.405608429148285,1.288));
#5138=CARTESIAN_POINT('Origin',(-0.604044011451984,0.604044011451994,1.288));
#5139=CARTESIAN_POINT('',(-0.773033765535482,0.3015644176963,1.288));
#5140=CARTESIAN_POINT('',(-0.219827296278389,0.530710040055114,1.288));
#5141=CARTESIAN_POINT('',(-0.855228474983079,0.285214873453996,1.288));
#5142=CARTESIAN_POINT('Origin',(-0.855228474983077,0.500000000000009,1.288));
#5143=CARTESIAN_POINT('',(2.72467966450116E-15,0.285214873453987,1.288));
#5144=CARTESIAN_POINT('',(-0.855228474983081,-0.285214873453991,1.288));
#5145=CARTESIAN_POINT('',(1.07361774173399E-15,-0.285214873453987,1.288));
#5146=CARTESIAN_POINT('',(-0.773033765535484,-0.301564417696295,1.288));
#5147=CARTESIAN_POINT('Origin',(-0.855228474983081,-0.500000000000003,1.288));
#5148=CARTESIAN_POINT('',(-0.521849302004391,-0.405608429148282,1.288));
#5149=CARTESIAN_POINT('',(-0.219827296278392,-0.530710040055113,1.288));
#5150=CARTESIAN_POINT('',(-0.40560842914828,-0.521849302004392,1.288));
#5151=CARTESIAN_POINT('Origin',(-0.604044011451988,-0.60404401145199,1.288));
#5152=CARTESIAN_POINT('',(-0.301564417696292,-0.773033765535485,1.288));
#5153=CARTESIAN_POINT('',(-0.530710040055112,-0.219827296278395,1.288));
#5154=CARTESIAN_POINT('',(-0.285214873453987,-0.855228474983082,1.288));
#5155=CARTESIAN_POINT('Origin',(-0.5,-0.855228474983083,1.288));
#5156=CARTESIAN_POINT('',(-0.285214873453987,-4.99389321769415E-16,1.288));
#5157=CARTESIAN_POINT('',(0.285214873453987,-0.855228474983082,1.288));
#5158=CARTESIAN_POINT('',(0.285214873453987,-1.58806428086381E-16,1.288));
#5159=CARTESIAN_POINT('',(0.301564417696292,-0.773033765535485,1.288));
#5160=CARTESIAN_POINT('Origin',(0.5,-0.855228474983083,1.288));
#5161=CARTESIAN_POINT('',(0.40560842914828,-0.521849302004392,1.288));
#5162=CARTESIAN_POINT('',(0.530710040055112,-0.219827296278394,1.288));
#5163=CARTESIAN_POINT('',(0.521849302004391,-0.405608429148282,1.288));
#5164=CARTESIAN_POINT('Origin',(0.604044011451988,-0.60404401145199,1.288));
#5165=CARTESIAN_POINT('',(0.773033765535484,-0.301564417696295,1.288));
#5166=CARTESIAN_POINT('',(0.219827296278393,-0.530710040055113,1.288));
#5167=CARTESIAN_POINT('Origin',(0.855228474983081,-0.500000000000004,1.288));
#5168=CARTESIAN_POINT('Origin',(-1.50569671031857E-15,0.4,2.6));
#5169=CARTESIAN_POINT('',(0.855228474983081,0.400000000000003,2.6));
#5170=CARTESIAN_POINT('Origin',(0.855228474983081,0.500000000000003,2.6));
#5171=CARTESIAN_POINT('',(0.816960131746572,0.407612046748874,2.6));
#5172=CARTESIAN_POINT('Origin',(0.263753662489481,0.636757669107692,2.6));
#5173=CARTESIAN_POINT('',(0.565775668215479,0.511656058200861,2.6));
#5174=CARTESIAN_POINT('Origin',(0.604044011451988,0.60404401145199,2.6));
#5175=CARTESIAN_POINT('',(0.511656058200859,0.565775668215481,2.6));
#5176=CARTESIAN_POINT('Origin',(0.636757669107691,0.263753662489483,2.6));
#5177=CARTESIAN_POINT('',(0.407612046748871,0.816960131746574,2.6));
#5178=CARTESIAN_POINT('Origin',(0.5,0.855228474983082,2.6));
#5179=CARTESIAN_POINT('',(0.4,0.855228474983082,2.6));
#5180=CARTESIAN_POINT('Origin',(0.4,3.672431000777E-17,2.6));
#5181=CARTESIAN_POINT('Ctrl Pts',(0.368853669997884,1.37573980103904,2.24399581903675));
#5182=CARTESIAN_POINT('Ctrl Pts',(0.323960506691585,1.27485465904889,1.73086461440935));
#5183=CARTESIAN_POINT('Ctrl Pts',(0.285214873453811,1.18735027419133,1.28799999999799));
#5184=CARTESIAN_POINT('Origin',(0.,-2.79290479632266E-16,2.6));
#5185=CARTESIAN_POINT('Ctrl Pts',(-0.368853669997875,1.37573980103905,2.24399581903675));
#5186=CARTESIAN_POINT('Ctrl Pts',(-0.323960506691698,1.27485465904916,1.73086461441074));
#5187=CARTESIAN_POINT('Ctrl Pts',(-0.285214873453803,1.18735027419133,1.28799999999799));
#5188=CARTESIAN_POINT('Origin',(-0.4,2.20646864462572E-15,2.6));
#5189=CARTESIAN_POINT('',(-0.399999999999994,0.855228474983085,2.6));
#5190=CARTESIAN_POINT('Origin',(-0.499999999999994,0.855228474983085,2.6));
#5191=CARTESIAN_POINT('',(-0.407612046748866,0.816960131746576,2.6));
#5192=CARTESIAN_POINT('Origin',(-0.63675766910769,0.263753662489487,2.6));
#5193=CARTESIAN_POINT('',(-0.511656058200856,0.565775668215484,2.6));
#5194=CARTESIAN_POINT('Origin',(-0.604044011451984,0.604044011451994,2.6));
#5195=CARTESIAN_POINT('',(-0.565775668215476,0.511656058200865,2.6));
#5196=CARTESIAN_POINT('Origin',(-0.263753662489477,0.636757669107694,2.6));
#5197=CARTESIAN_POINT('',(-0.81696013174657,0.407612046748879,2.6));
#5198=CARTESIAN_POINT('Origin',(-0.855228474983077,0.500000000000009,2.6));
#5199=CARTESIAN_POINT('',(-0.855228474983078,0.400000000000009,2.6));
#5200=CARTESIAN_POINT('Origin',(3.67544104493652E-15,0.4,2.6));
#5201=CARTESIAN_POINT('Origin',(1.50569671031857E-15,-0.400000000000001,
2.6));
#5202=CARTESIAN_POINT('',(-0.855228474983081,-0.400000000000004,2.6));
#5203=CARTESIAN_POINT('Origin',(-0.855228474983081,-0.500000000000004,2.6));
#5204=CARTESIAN_POINT('',(-0.816960131746572,-0.407612046748875,2.6));
#5205=CARTESIAN_POINT('Origin',(-0.263753662489481,-0.636757669107693,2.6));
#5206=CARTESIAN_POINT('',(-0.565775668215479,-0.511656058200862,2.6));
#5207=CARTESIAN_POINT('Origin',(-0.604044011451988,-0.604044011451991,2.6));
#5208=CARTESIAN_POINT('',(-0.511656058200859,-0.565775668215482,2.6));
#5209=CARTESIAN_POINT('Origin',(-0.636757669107691,-0.263753662489484,2.6));
#5210=CARTESIAN_POINT('',(-0.407612046748871,-0.816960131746575,2.6));
#5211=CARTESIAN_POINT('Origin',(-0.5,-0.855228474983083,2.6));
#5212=CARTESIAN_POINT('',(-0.4,-0.855228474983083,2.6));
#5213=CARTESIAN_POINT('Origin',(-0.4,-9.91948813342707E-16,2.6));
#5214=CARTESIAN_POINT('Origin',(0.4,-3.68508076886151E-16,2.6));
#5215=CARTESIAN_POINT('',(0.4,-0.855228474983083,2.6));
#5216=CARTESIAN_POINT('Origin',(0.5,-0.855228474983083,2.6));
#5217=CARTESIAN_POINT('',(0.407612046748872,-0.816960131746574,2.6));
#5218=CARTESIAN_POINT('Origin',(0.636757669107692,-0.263753662489483,2.6));
#5219=CARTESIAN_POINT('',(0.51165605820086,-0.565775668215482,2.6));
#5220=CARTESIAN_POINT('Origin',(0.604044011451988,-0.60404401145199,2.6));
#5221=CARTESIAN_POINT('',(0.56577566821548,-0.511656058200862,2.6));
#5222=CARTESIAN_POINT('Origin',(0.263753662489482,-0.636757669107692,2.6));
#5223=CARTESIAN_POINT('',(0.816960131746573,-0.407612046748875,2.6));
#5224=CARTESIAN_POINT('Origin',(0.855228474983081,-0.500000000000004,2.6));
#5225=CARTESIAN_POINT('',(0.855228474983081,-0.400000000000004,2.6));
#5226=CARTESIAN_POINT('Origin',(-8.82255973862015E-16,-0.4,2.6));
#5227=CARTESIAN_POINT('Origin',(0.,1.77573785876366E-15,-1.));
#5228=CARTESIAN_POINT('',(-0.813360217110197,0.299259533404642,-1.));
#5229=CARTESIAN_POINT('Ctrl Pts',(-0.813360217110197,0.299259533404642,
-1.));
#5230=CARTESIAN_POINT('Ctrl Pts',(-0.831374732019623,0.221680062147663,
-1.));
#5231=CARTESIAN_POINT('Ctrl Pts',(-0.83803599027672,0.14191741740107,-1.));
#5232=CARTESIAN_POINT('Ctrl Pts',(-0.82841798720694,-0.0125890261993463,
-1.));
#5233=CARTESIAN_POINT('Ctrl Pts',(-0.813453097117647,-0.0865930280404017,
-1.));
#5234=CARTESIAN_POINT('Ctrl Pts',(-0.762643347030955,-0.231589214908895,
-1.));
#5235=CARTESIAN_POINT('Ctrl Pts',(-0.726188688442957,-0.301506553683595,
-1.));
#5236=CARTESIAN_POINT('Ctrl Pts',(-0.650462838782405,-0.406764030331872,
-1.));
#5237=CARTESIAN_POINT('Ctrl Pts',(-0.599219813368481,-0.469812912231184,
-1.));
#5238=CARTESIAN_POINT('Ctrl Pts',(-0.518600445487715,-0.528146130980143,
-1.));
#5239=CARTESIAN_POINT('',(0.792522703904129,-0.350740466595453,-1.));
#5240=CARTESIAN_POINT('Origin',(0.,1.77573785876366E-15,-1.));
#5241=CARTESIAN_POINT('Ctrl Pts',(-8.30248182253864E-16,-0.740192378864683,
-1.));
#5242=CARTESIAN_POINT('Ctrl Pts',(0.0783324264708092,-0.750775090698457,
-1.));
#5243=CARTESIAN_POINT('Ctrl Pts',(0.157769463260162,-0.749588476748323,
-1.));
#5244=CARTESIAN_POINT('Ctrl Pts',(0.311889805001803,-0.723948885796179,
-1.));
#5245=CARTESIAN_POINT('Ctrl Pts',(0.385751942888218,-0.700184028498887,
-1.));
#5246=CARTESIAN_POINT('Ctrl Pts',(0.521222554099965,-0.633482281764022,
-1.));
#5247=CARTESIAN_POINT('Ctrl Pts',(0.582533987544938,-0.591776810733841,
-1.));
#5248=CARTESIAN_POINT('Ctrl Pts',(0.667050093028532,-0.515147599801967,
-1.));
#5249=CARTESIAN_POINT('Ctrl Pts',(0.694788439897073,-0.485862252700596,
-1.00000000001003));
#5250=CARTESIAN_POINT('Ctrl Pts',(0.746773502278978,-0.421903602217127,
-1.00000000001003));
#5251=CARTESIAN_POINT('Ctrl Pts',(0.771315913496477,-0.386288613611737,
-1.));
#5252=CARTESIAN_POINT('Ctrl Pts',(0.792522703904129,-0.350740466595453,
-1.));
#5253=CARTESIAN_POINT('Origin',(0.,1.75124492278072E-15,-0.866666666666669));
#5254=CARTESIAN_POINT('Ctrl Pts',(-0.813360217110197,0.299259533404642,
-1.));
#5255=CARTESIAN_POINT('Ctrl Pts',(-0.84760116496637,0.23969605891415,-0.988432360924956));
#5256=CARTESIAN_POINT('Ctrl Pts',(-0.87495669179107,0.176482892303492,-0.976656953429634));
#5257=CARTESIAN_POINT('Ctrl Pts',(-0.91509513309927,0.0444087005062967,
-0.953047214019228));
#5258=CARTESIAN_POINT('Ctrl Pts',(-0.927595339378429,-0.0240694810084082,
-0.941289206523351));
#5259=CARTESIAN_POINT('Ctrl Pts',(-0.936543442647872,-0.159076197610453,
-0.918933499491129));
#5260=CARTESIAN_POINT('Ctrl Pts',(-0.933755311073665,-0.225135594800783,
-0.908369874315119));
#5261=CARTESIAN_POINT('Ctrl Pts',(-0.90886757556286,-0.389379986714553,
-0.882863886343326));
#5262=CARTESIAN_POINT('Ctrl Pts',(-0.88105851788845,-0.463201765153287,
-0.872046725377958));
#5263=CARTESIAN_POINT('Ctrl Pts',(-0.866025403784444,-0.499999999999984,
-0.866666666666669));
#5264=CARTESIAN_POINT('Ctrl Pts',(-0.968245836551826,0.250000000000104,
-0.866666666666669));
#5265=CARTESIAN_POINT('Ctrl Pts',(-0.947947781884441,0.317141820595913,
-0.869534718439506));
#5266=CARTESIAN_POINT('Ctrl Pts',(-0.920712467099299,0.381980107688867,
-0.872329565413688));
#5267=CARTESIAN_POINT('Ctrl Pts',(-0.852208753756524,0.50685603154183,-0.877755219053941));
#5268=CARTESIAN_POINT('Ctrl Pts',(-0.810776094401583,0.566251962457737,
-0.88040000583965));
#5269=CARTESIAN_POINT('Ctrl Pts',(-0.67782245816396,0.716828623945491,-0.888461431511224));
#5270=CARTESIAN_POINT('Ctrl Pts',(-0.574752689560776,0.795092269403082,
-0.893979184750446));
#5271=CARTESIAN_POINT('Ctrl Pts',(-0.350858359146262,0.903628281209625,
-0.904838352594259));
#5272=CARTESIAN_POINT('Ctrl Pts',(-0.233383331257252,0.935487223955212,
-0.910076274777655));
#5273=CARTESIAN_POINT('Ctrl Pts',(-0.00602745387172846,0.953324363119276,
-0.919379410267048));
#5274=CARTESIAN_POINT('Ctrl Pts',(0.120360468343006,0.945397631300984,-0.924068761553366));
#5275=CARTESIAN_POINT('Ctrl Pts',(0.365072105149179,0.864728564149831,-0.935328959053471));
#5276=CARTESIAN_POINT('Ctrl Pts',(0.468163230091878,0.807412642530537,-0.940679017262307));
#5277=CARTESIAN_POINT('Ctrl Pts',(0.674669344770909,0.634735283271258,-0.952923865960171));
#5278=CARTESIAN_POINT('Ctrl Pts',(0.744556453017987,0.527725503700331,-0.958326264299842));
#5279=CARTESIAN_POINT('Ctrl Pts',(0.834272692790802,0.355099236687994,-0.966207413106529));
#5280=CARTESIAN_POINT('Ctrl Pts',(0.865863009677074,0.252724184300512,-0.97094293569657));
#5281=CARTESIAN_POINT('Ctrl Pts',(0.888581716845737,0.0631473844471889,
-0.979868063175929));
#5282=CARTESIAN_POINT('Ctrl Pts',(0.886510387624905,-0.0219298545904272,
-0.983926854160897));
#5283=CARTESIAN_POINT('Ctrl Pts',(0.857902864950421,-0.190648596609341,
-0.992089211609319));
#5284=CARTESIAN_POINT('Ctrl Pts',(0.831006706527475,-0.273302478421869,
-0.996147527255511));
#5285=CARTESIAN_POINT('Ctrl Pts',(0.792522703904129,-0.350740466595454,
-1.));
#5286=CARTESIAN_POINT('Origin',(-1.59086285808743E-16,2.75545529808142E-16,
2.26666666666667));
#5287=CARTESIAN_POINT('',(0.641025403784477,-0.370096189432288,1.06666666666667));
#5288=CARTESIAN_POINT('Ctrl Pts',(0.,1.02165063509461,-0.987499999999999));
#5289=CARTESIAN_POINT('Ctrl Pts',(-0.589850269189626,1.02165063509461,-0.954166666666665));
#5290=CARTESIAN_POINT('Ctrl Pts',(-0.88477540378444,0.510825317547306,-0.920833333333332));
#5291=CARTESIAN_POINT('Ctrl Pts',(-1.17970053837925,2.55932844286031E-16,
-0.887499999999999));
#5292=CARTESIAN_POINT('Ctrl Pts',(-0.88477540378444,-0.510825317547306,
-0.854166666666666));
#5293=CARTESIAN_POINT('Ctrl Pts',(-0.589850269189627,-1.02165063509461,
-0.820833333333333));
#5294=CARTESIAN_POINT('Ctrl Pts',(-1.25116118011548E-16,-1.02165063509461,
-0.787499999999999));
#5295=CARTESIAN_POINT('Ctrl Pts',(0.589850269189626,-1.02165063509461,-0.754166666666666));
#5296=CARTESIAN_POINT('Ctrl Pts',(0.884775403784439,-0.510825317547306,
-0.720833333333333));
#5297=CARTESIAN_POINT('Ctrl Pts',(1.17970053837925,-3.3010453369681E-17,
-0.6875));
#5298=CARTESIAN_POINT('Ctrl Pts',(0.88477540378444,0.510825317547306,-0.654166666666666));
#5299=CARTESIAN_POINT('Ctrl Pts',(0.589850269189627,1.02165063509461,-0.620833333333333));
#5300=CARTESIAN_POINT('Ctrl Pts',(0.,1.02165063509461,-0.5875));
#5301=CARTESIAN_POINT('Ctrl Pts',(-0.589850269189626,1.02165063509461,-0.554166666666666));
#5302=CARTESIAN_POINT('Ctrl Pts',(-0.88477540378444,0.510825317547306,-0.520833333333333));
#5303=CARTESIAN_POINT('Ctrl Pts',(-1.17970053837925,2.55932844286031E-16,
-0.4875));
#5304=CARTESIAN_POINT('Ctrl Pts',(-0.88477540378444,-0.510825317547306,
-0.454166666666667));
#5305=CARTESIAN_POINT('Ctrl Pts',(-0.589850269189627,-1.02165063509461,
-0.420833333333333));
#5306=CARTESIAN_POINT('Ctrl Pts',(-1.25116118011548E-16,-1.02165063509461,
-0.3875));
#5307=CARTESIAN_POINT('Ctrl Pts',(0.589850269189626,-1.02165063509461,-0.354166666666667));
#5308=CARTESIAN_POINT('Ctrl Pts',(0.884775403784439,-0.510825317547306,
-0.320833333333334));
#5309=CARTESIAN_POINT('Ctrl Pts',(1.17970053837925,-3.3010453369681E-17,
-0.2875));
#5310=CARTESIAN_POINT('Ctrl Pts',(0.88477540378444,0.510825317547306,-0.254166666666667));
#5311=CARTESIAN_POINT('Ctrl Pts',(0.589850269189627,1.02165063509461,-0.220833333333334));
#5312=CARTESIAN_POINT('Ctrl Pts',(0.,1.02165063509461,-0.187500000000001));
#5313=CARTESIAN_POINT('Ctrl Pts',(-0.589850269189626,1.02165063509461,-0.154166666666667));
#5314=CARTESIAN_POINT('Ctrl Pts',(-0.88477540378444,0.510825317547306,-0.120833333333334));
#5315=CARTESIAN_POINT('Ctrl Pts',(-1.17970053837925,2.55932844286031E-16,
-0.0875000000000008));
#5316=CARTESIAN_POINT('Ctrl Pts',(-0.88477540378444,-0.510825317547306,
-0.0541666666666675));
#5317=CARTESIAN_POINT('Ctrl Pts',(-0.589850269189627,-1.02165063509461,
-0.0208333333333343));
#5318=CARTESIAN_POINT('Ctrl Pts',(-1.25116118011548E-16,-1.02165063509461,
0.0124999999999991));
#5319=CARTESIAN_POINT('Ctrl Pts',(0.589850269189626,-1.02165063509461,0.0458333333333322));
#5320=CARTESIAN_POINT('Ctrl Pts',(0.884775403784439,-0.510825317547306,
0.0791666666666656));
#5321=CARTESIAN_POINT('Ctrl Pts',(1.17970053837925,-3.3010453369681E-17,
0.112499999999999));
#5322=CARTESIAN_POINT('Ctrl Pts',(0.88477540378444,0.510825317547306,0.145833333333332));
#5323=CARTESIAN_POINT('Ctrl Pts',(0.589850269189627,1.02165063509461,0.179166666666665));
#5324=CARTESIAN_POINT('Ctrl Pts',(0.,1.02165063509461,0.212499999999999));
#5325=CARTESIAN_POINT('Ctrl Pts',(-0.589850269189626,1.02165063509461,0.245833333333332));
#5326=CARTESIAN_POINT('Ctrl Pts',(-0.88477540378444,0.510825317547306,0.279166666666665));
#5327=CARTESIAN_POINT('Ctrl Pts',(-1.17970053837925,2.55932844286031E-16,
0.312499999999998));
#5328=CARTESIAN_POINT('Ctrl Pts',(-0.88477540378444,-0.510825317547306,
0.345833333333332));
#5329=CARTESIAN_POINT('Ctrl Pts',(-0.589850269189627,-1.02165063509461,
0.379166666666665));
#5330=CARTESIAN_POINT('Ctrl Pts',(-1.25116118011548E-16,-1.02165063509461,
0.412499999999998));
#5331=CARTESIAN_POINT('Ctrl Pts',(0.589850269189626,-1.02165063509461,0.445833333333332));
#5332=CARTESIAN_POINT('Ctrl Pts',(0.884775403784439,-0.510825317547306,
0.479166666666665));
#5333=CARTESIAN_POINT('Ctrl Pts',(1.17970053837925,-3.3010453369681E-17,
0.512499999999998));
#5334=CARTESIAN_POINT('Ctrl Pts',(0.88477540378444,0.510825317547306,0.545833333333331));
#5335=CARTESIAN_POINT('Ctrl Pts',(0.589850269189627,1.02165063509461,0.579166666666664));
#5336=CARTESIAN_POINT('Ctrl Pts',(0.,1.02165063509461,0.612499999999998));
#5337=CARTESIAN_POINT('Ctrl Pts',(-0.589850269189626,1.02165063509461,0.645833333333331));
#5338=CARTESIAN_POINT('Ctrl Pts',(-0.88477540378444,0.510825317547306,0.679166666666664));
#5339=CARTESIAN_POINT('Ctrl Pts',(-1.17970053837925,2.55932844286031E-16,
0.712499999999997));
#5340=CARTESIAN_POINT('Ctrl Pts',(-0.88477540378444,-0.510825317547306,
0.745833333333331));
#5341=CARTESIAN_POINT('Ctrl Pts',(-0.589850269189627,-1.02165063509461,
0.779166666666664));
#5342=CARTESIAN_POINT('Ctrl Pts',(-1.25116118011548E-16,-1.02165063509461,
0.812499999999997));
#5343=CARTESIAN_POINT('Ctrl Pts',(0.589850269189626,-1.02165063509461,0.845833333333331));
#5344=CARTESIAN_POINT('Ctrl Pts',(0.884775403784439,-0.510825317547306,
0.879166666666664));
#5345=CARTESIAN_POINT('Ctrl Pts',(1.17970053837925,-3.3010453369681E-17,
0.912499999999997));
#5346=CARTESIAN_POINT('Ctrl Pts',(0.88477540378444,0.510825317547306,0.94583333333333));
#5347=CARTESIAN_POINT('Ctrl Pts',(0.589850269189627,1.02165063509461,0.979166666666664));
#5348=CARTESIAN_POINT('Ctrl Pts',(0.,1.02165063509461,1.0125));
#5349=CARTESIAN_POINT('Ctrl Pts',(-0.589850269189626,1.02165063509461,1.04583333333333));
#5350=CARTESIAN_POINT('Ctrl Pts',(-0.88477540378444,0.510825317547306,1.07916666666666));
#5351=CARTESIAN_POINT('Ctrl Pts',(-1.17970053837925,2.55932844286031E-16,
1.1125));
#5352=CARTESIAN_POINT('Ctrl Pts',(-0.88477540378444,-0.510825317547306,
1.14583333333333));
#5353=CARTESIAN_POINT('Ctrl Pts',(-0.589850269189627,-1.02165063509461,
1.17916666666666));
#5354=CARTESIAN_POINT('Ctrl Pts',(-1.25116118011548E-16,-1.02165063509461,
1.2125));
#5355=CARTESIAN_POINT('Ctrl Pts',(0.589850269189626,-1.02165063509461,1.24583333333333));
#5356=CARTESIAN_POINT('Ctrl Pts',(0.884775403784439,-0.510825317547306,
1.27916666666666));
#5357=CARTESIAN_POINT('Ctrl Pts',(1.17970053837925,-3.3010453369681E-17,
1.3125));
#5358=CARTESIAN_POINT('Ctrl Pts',(0.88477540378444,0.510825317547306,1.34583333333333));
#5359=CARTESIAN_POINT('Ctrl Pts',(0.589850269189627,1.02165063509461,1.37916666666666));
#5360=CARTESIAN_POINT('Ctrl Pts',(0.,1.02165063509461,1.4125));
#5361=CARTESIAN_POINT('Ctrl Pts',(0.,0.740192378864679,-1.15));
#5362=CARTESIAN_POINT('Ctrl Pts',(-0.427350269189631,0.740192378864678,
-1.11666666666666));
#5363=CARTESIAN_POINT('Ctrl Pts',(-0.641025403784447,0.370096189432339,
-1.08333333333333));
#5364=CARTESIAN_POINT('Ctrl Pts',(-0.854700538379263,2.36032333799887E-16,
-1.05));
#5365=CARTESIAN_POINT('Ctrl Pts',(-0.641025403784447,-0.370096189432339,
-1.01666666666666));
#5366=CARTESIAN_POINT('Ctrl Pts',(-0.427350269189632,-0.740192378864678,
-0.98333333333333));
#5367=CARTESIAN_POINT('Ctrl Pts',(-9.06474227529893E-17,-0.740192378864678,
-0.949999999999997));
#5368=CARTESIAN_POINT('Ctrl Pts',(0.427350269189631,-0.740192378864678,
-0.916666666666664));
#5369=CARTESIAN_POINT('Ctrl Pts',(0.641025403784447,-0.370096189432339,
-0.88333333333333));
#5370=CARTESIAN_POINT('Ctrl Pts',(0.854700538379263,2.66910780887506E-17,
-0.849999999999997));
#5371=CARTESIAN_POINT('Ctrl Pts',(0.641025403784448,0.370096189432339,-0.816666666666664));
#5372=CARTESIAN_POINT('Ctrl Pts',(0.427350269189632,0.740192378864678,-0.783333333333331));
#5373=CARTESIAN_POINT('Ctrl Pts',(0.,0.740192378864679,-0.749999999999997));
#5374=CARTESIAN_POINT('Ctrl Pts',(-0.427350269189631,0.740192378864678,
-0.716666666666664));
#5375=CARTESIAN_POINT('Ctrl Pts',(-0.641025403784447,0.370096189432339,
-0.683333333333331));
#5376=CARTESIAN_POINT('Ctrl Pts',(-0.854700538379263,2.36032333799887E-16,
-0.649999999999998));
#5377=CARTESIAN_POINT('Ctrl Pts',(-0.641025403784447,-0.370096189432339,
-0.616666666666664));
#5378=CARTESIAN_POINT('Ctrl Pts',(-0.427350269189632,-0.740192378864678,
-0.583333333333331));
#5379=CARTESIAN_POINT('Ctrl Pts',(-9.06474227529893E-17,-0.740192378864678,
-0.549999999999998));
#5380=CARTESIAN_POINT('Ctrl Pts',(0.427350269189631,-0.740192378864678,
-0.516666666666664));
#5381=CARTESIAN_POINT('Ctrl Pts',(0.641025403784447,-0.370096189432339,
-0.483333333333331));
#5382=CARTESIAN_POINT('Ctrl Pts',(0.854700538379263,2.66910780887506E-17,
-0.449999999999998));
#5383=CARTESIAN_POINT('Ctrl Pts',(0.641025403784448,0.370096189432339,-0.416666666666665));
#5384=CARTESIAN_POINT('Ctrl Pts',(0.427350269189632,0.740192378864678,-0.383333333333332));
#5385=CARTESIAN_POINT('Ctrl Pts',(0.,0.740192378864679,-0.349999999999998));
#5386=CARTESIAN_POINT('Ctrl Pts',(-0.427350269189631,0.740192378864678,
-0.316666666666665));
#5387=CARTESIAN_POINT('Ctrl Pts',(-0.641025403784447,0.370096189432339,
-0.283333333333332));
#5388=CARTESIAN_POINT('Ctrl Pts',(-0.854700538379263,2.36032333799887E-16,
-0.249999999999999));
#5389=CARTESIAN_POINT('Ctrl Pts',(-0.641025403784447,-0.370096189432339,
-0.216666666666665));
#5390=CARTESIAN_POINT('Ctrl Pts',(-0.427350269189632,-0.740192378864678,
-0.183333333333332));
#5391=CARTESIAN_POINT('Ctrl Pts',(-9.06474227529893E-17,-0.740192378864678,
-0.149999999999999));
#5392=CARTESIAN_POINT('Ctrl Pts',(0.427350269189631,-0.740192378864678,
-0.116666666666666));
#5393=CARTESIAN_POINT('Ctrl Pts',(0.641025403784447,-0.370096189432339,
-0.0833333333333322));
#5394=CARTESIAN_POINT('Ctrl Pts',(0.854700538379263,2.66910780887506E-17,
-0.0499999999999988));
#5395=CARTESIAN_POINT('Ctrl Pts',(0.641025403784448,0.370096189432339,-0.0166666666666657));
#5396=CARTESIAN_POINT('Ctrl Pts',(0.427350269189632,0.740192378864678,0.0166666666666677));
#5397=CARTESIAN_POINT('Ctrl Pts',(0.,0.740192378864679,0.0500000000000008));
#5398=CARTESIAN_POINT('Ctrl Pts',(-0.427350269189631,0.740192378864678,
0.0833333333333341));
#5399=CARTESIAN_POINT('Ctrl Pts',(-0.641025403784447,0.370096189432339,
0.116666666666667));
#5400=CARTESIAN_POINT('Ctrl Pts',(-0.854700538379263,2.36032333799887E-16,
0.150000000000001));
#5401=CARTESIAN_POINT('Ctrl Pts',(-0.641025403784447,-0.370096189432339,
0.183333333333334));
#5402=CARTESIAN_POINT('Ctrl Pts',(-0.427350269189632,-0.740192378864678,
0.216666666666667));
#5403=CARTESIAN_POINT('Ctrl Pts',(-9.06474227529893E-17,-0.740192378864678,
0.25));
#5404=CARTESIAN_POINT('Ctrl Pts',(0.427350269189631,-0.740192378864678,
0.283333333333334));
#5405=CARTESIAN_POINT('Ctrl Pts',(0.641025403784447,-0.370096189432339,
0.316666666666667));
#5406=CARTESIAN_POINT('Ctrl Pts',(0.854700538379263,2.66910780887506E-17,
0.35));
#5407=CARTESIAN_POINT('Ctrl Pts',(0.641025403784448,0.370096189432339,0.383333333333333));
#5408=CARTESIAN_POINT('Ctrl Pts',(0.427350269189632,0.740192378864678,0.416666666666667));
#5409=CARTESIAN_POINT('Ctrl Pts',(0.,0.740192378864679,0.45));
#5410=CARTESIAN_POINT('Ctrl Pts',(-0.427350269189631,0.740192378864678,
0.483333333333333));
#5411=CARTESIAN_POINT('Ctrl Pts',(-0.641025403784447,0.370096189432339,
0.516666666666667));
#5412=CARTESIAN_POINT('Ctrl Pts',(-0.854700538379263,2.36032333799887E-16,
0.55));
#5413=CARTESIAN_POINT('Ctrl Pts',(-0.641025403784447,-0.370096189432339,
0.583333333333333));
#5414=CARTESIAN_POINT('Ctrl Pts',(-0.427350269189632,-0.740192378864678,
0.616666666666666));
#5415=CARTESIAN_POINT('Ctrl Pts',(-9.06474227529893E-17,-0.740192378864678,
0.65));
#5416=CARTESIAN_POINT('Ctrl Pts',(0.427350269189631,-0.740192378864678,
0.683333333333333));
#5417=CARTESIAN_POINT('Ctrl Pts',(0.641025403784447,-0.370096189432339,
0.716666666666666));
#5418=CARTESIAN_POINT('Ctrl Pts',(0.854700538379263,2.66910780887506E-17,
0.749999999999999));
#5419=CARTESIAN_POINT('Ctrl Pts',(0.641025403784448,0.370096189432339,0.783333333333333));
#5420=CARTESIAN_POINT('Ctrl Pts',(0.427350269189632,0.740192378864678,0.816666666666666));
#5421=CARTESIAN_POINT('Ctrl Pts',(0.,0.740192378864679,0.849999999999999));
#5422=CARTESIAN_POINT('Ctrl Pts',(-0.427350269189631,0.740192378864678,
0.883333333333332));
#5423=CARTESIAN_POINT('Ctrl Pts',(-0.641025403784447,0.370096189432339,
0.916666666666666));
#5424=CARTESIAN_POINT('Ctrl Pts',(-0.854700538379263,2.36032333799887E-16,
0.949999999999999));
#5425=CARTESIAN_POINT('Ctrl Pts',(-0.641025403784447,-0.370096189432339,
0.983333333333332));
#5426=CARTESIAN_POINT('Ctrl Pts',(-0.427350269189632,-0.740192378864678,
1.01666666666667));
#5427=CARTESIAN_POINT('Ctrl Pts',(-9.06474227529893E-17,-0.740192378864678,
1.05));
#5428=CARTESIAN_POINT('Ctrl Pts',(0.427350269189631,-0.740192378864678,
1.08333333333333));
#5429=CARTESIAN_POINT('Ctrl Pts',(0.641025403784447,-0.370096189432339,
1.11666666666667));
#5430=CARTESIAN_POINT('Ctrl Pts',(0.854700538379263,2.66910780887506E-17,
1.15));
#5431=CARTESIAN_POINT('Ctrl Pts',(0.641025403784448,0.370096189432339,1.18333333333333));
#5432=CARTESIAN_POINT('Ctrl Pts',(0.427350269189632,0.740192378864678,1.21666666666666));
#5433=CARTESIAN_POINT('Ctrl Pts',(0.,0.740192378864679,1.25));
#5434=CARTESIAN_POINT('Ctrl Pts',(0.,0.740192378864679,-1.2));
#5435=CARTESIAN_POINT('Ctrl Pts',(-0.427350269189631,0.740192378864678,
-1.16666666666666));
#5436=CARTESIAN_POINT('Ctrl Pts',(-0.641025403784447,0.370096189432339,
-1.13333333333333));
#5437=CARTESIAN_POINT('Ctrl Pts',(-0.854700538379263,2.36032333799887E-16,
-1.1));
#5438=CARTESIAN_POINT('Ctrl Pts',(-0.641025403784447,-0.370096189432339,
-1.06666666666666));
#5439=CARTESIAN_POINT('Ctrl Pts',(-0.427350269189632,-0.740192378864678,
-1.03333333333333));
#5440=CARTESIAN_POINT('Ctrl Pts',(-9.06474227529893E-17,-0.740192378864678,
-0.999999999999998));
#5441=CARTESIAN_POINT('Ctrl Pts',(0.427350269189631,-0.740192378864678,
-0.966666666666665));
#5442=CARTESIAN_POINT('Ctrl Pts',(0.641025403784447,-0.370096189432339,
-0.933333333333332));
#5443=CARTESIAN_POINT('Ctrl Pts',(0.854700538379263,2.66910780887506E-17,
-0.899999999999999));
#5444=CARTESIAN_POINT('Ctrl Pts',(0.641025403784448,0.370096189432339,-0.866666666666665));
#5445=CARTESIAN_POINT('Ctrl Pts',(0.427350269189632,0.740192378864678,-0.833333333333332));
#5446=CARTESIAN_POINT('Ctrl Pts',(0.,0.740192378864679,-0.799999999999999));
#5447=CARTESIAN_POINT('Ctrl Pts',(-0.427350269189631,0.740192378864678,
-0.766666666666665));
#5448=CARTESIAN_POINT('Ctrl Pts',(-0.641025403784447,0.370096189432339,
-0.733333333333332));
#5449=CARTESIAN_POINT('Ctrl Pts',(-0.854700538379263,2.36032333799887E-16,
-0.699999999999999));
#5450=CARTESIAN_POINT('Ctrl Pts',(-0.641025403784447,-0.370096189432339,
-0.666666666666666));
#5451=CARTESIAN_POINT('Ctrl Pts',(-0.427350269189632,-0.740192378864678,
-0.633333333333333));
#5452=CARTESIAN_POINT('Ctrl Pts',(-9.06474227529893E-17,-0.740192378864678,
-0.599999999999999));
#5453=CARTESIAN_POINT('Ctrl Pts',(0.427350269189631,-0.740192378864678,
-0.566666666666666));
#5454=CARTESIAN_POINT('Ctrl Pts',(0.641025403784447,-0.370096189432339,
-0.533333333333333));
#5455=CARTESIAN_POINT('Ctrl Pts',(0.854700538379263,2.66910780887506E-17,
-0.5));
#5456=CARTESIAN_POINT('Ctrl Pts',(0.641025403784448,0.370096189432339,-0.466666666666666));
#5457=CARTESIAN_POINT('Ctrl Pts',(0.427350269189632,0.740192378864678,-0.433333333333333));
#5458=CARTESIAN_POINT('Ctrl Pts',(0.,0.740192378864679,-0.4));
#5459=CARTESIAN_POINT('Ctrl Pts',(-0.427350269189631,0.740192378864678,
-0.366666666666666));
#5460=CARTESIAN_POINT('Ctrl Pts',(-0.641025403784447,0.370096189432339,
-0.333333333333333));
#5461=CARTESIAN_POINT('Ctrl Pts',(-0.854700538379263,2.36032333799887E-16,
-0.3));
#5462=CARTESIAN_POINT('Ctrl Pts',(-0.641025403784447,-0.370096189432339,
-0.266666666666667));
#5463=CARTESIAN_POINT('Ctrl Pts',(-0.427350269189632,-0.740192378864678,
-0.233333333333333));
#5464=CARTESIAN_POINT('Ctrl Pts',(-9.06474227529893E-17,-0.740192378864678,
-0.2));
#5465=CARTESIAN_POINT('Ctrl Pts',(0.427350269189631,-0.740192378864678,
-0.166666666666667));
#5466=CARTESIAN_POINT('Ctrl Pts',(0.641025403784447,-0.370096189432339,
-0.133333333333334));
#5467=CARTESIAN_POINT('Ctrl Pts',(0.854700538379263,2.66910780887506E-17,
-0.1));
#5468=CARTESIAN_POINT('Ctrl Pts',(0.641025403784448,0.370096189432339,-0.0666666666666671));
#5469=CARTESIAN_POINT('Ctrl Pts',(0.427350269189632,0.740192378864678,-0.0333333333333338));
#5470=CARTESIAN_POINT('Ctrl Pts',(0.,0.740192378864679,-6.50521303491303E-16));
#5471=CARTESIAN_POINT('Ctrl Pts',(-0.427350269189631,0.740192378864678,
0.0333333333333327));
#5472=CARTESIAN_POINT('Ctrl Pts',(-0.641025403784447,0.370096189432339,
0.066666666666666));
#5473=CARTESIAN_POINT('Ctrl Pts',(-0.854700538379263,2.36032333799887E-16,
0.0999999999999992));
#5474=CARTESIAN_POINT('Ctrl Pts',(-0.641025403784447,-0.370096189432339,
0.133333333333333));
#5475=CARTESIAN_POINT('Ctrl Pts',(-0.427350269189632,-0.740192378864678,
0.166666666666666));
#5476=CARTESIAN_POINT('Ctrl Pts',(-9.06474227529893E-17,-0.740192378864678,
0.199999999999999));
#5477=CARTESIAN_POINT('Ctrl Pts',(0.427350269189631,-0.740192378864678,
0.233333333333332));
#5478=CARTESIAN_POINT('Ctrl Pts',(0.641025403784447,-0.370096189432339,
0.266666666666665));
#5479=CARTESIAN_POINT('Ctrl Pts',(0.854700538379263,2.66910780887506E-17,
0.299999999999999));
#5480=CARTESIAN_POINT('Ctrl Pts',(0.641025403784448,0.370096189432339,0.333333333333332));
#5481=CARTESIAN_POINT('Ctrl Pts',(0.427350269189632,0.740192378864678,0.366666666666665));
#5482=CARTESIAN_POINT('Ctrl Pts',(0.,0.740192378864679,0.399999999999998));
#5483=CARTESIAN_POINT('Ctrl Pts',(-0.427350269189631,0.740192378864678,
0.433333333333332));
#5484=CARTESIAN_POINT('Ctrl Pts',(-0.641025403784447,0.370096189432339,
0.466666666666665));
#5485=CARTESIAN_POINT('Ctrl Pts',(-0.854700538379263,2.36032333799887E-16,
0.499999999999998));
#5486=CARTESIAN_POINT('Ctrl Pts',(-0.641025403784447,-0.370096189432339,
0.533333333333332));
#5487=CARTESIAN_POINT('Ctrl Pts',(-0.427350269189632,-0.740192378864678,
0.566666666666665));
#5488=CARTESIAN_POINT('Ctrl Pts',(-9.06474227529893E-17,-0.740192378864678,
0.599999999999998));
#5489=CARTESIAN_POINT('Ctrl Pts',(0.427350269189631,-0.740192378864678,
0.633333333333331));
#5490=CARTESIAN_POINT('Ctrl Pts',(0.641025403784447,-0.370096189432339,
0.666666666666665));
#5491=CARTESIAN_POINT('Ctrl Pts',(0.854700538379263,2.66910780887506E-17,
0.699999999999998));
#5492=CARTESIAN_POINT('Ctrl Pts',(0.641025403784448,0.370096189432339,0.733333333333331));
#5493=CARTESIAN_POINT('Ctrl Pts',(0.427350269189632,0.740192378864678,0.766666666666665));
#5494=CARTESIAN_POINT('Ctrl Pts',(0.,0.740192378864679,0.799999999999998));
#5495=CARTESIAN_POINT('Ctrl Pts',(-0.427350269189631,0.740192378864678,
0.833333333333331));
#5496=CARTESIAN_POINT('Ctrl Pts',(-0.641025403784447,0.370096189432339,
0.866666666666664));
#5497=CARTESIAN_POINT('Ctrl Pts',(-0.854700538379263,2.36032333799887E-16,
0.899999999999998));
#5498=CARTESIAN_POINT('Ctrl Pts',(-0.641025403784447,-0.370096189432339,
0.933333333333331));
#5499=CARTESIAN_POINT('Ctrl Pts',(-0.427350269189632,-0.740192378864678,
0.966666666666664));
#5500=CARTESIAN_POINT('Ctrl Pts',(-9.06474227529893E-17,-0.740192378864678,
0.999999999999998));
#5501=CARTESIAN_POINT('Ctrl Pts',(0.427350269189631,-0.740192378864678,
1.03333333333333));
#5502=CARTESIAN_POINT('Ctrl Pts',(0.641025403784447,-0.370096189432339,
1.06666666666666));
#5503=CARTESIAN_POINT('Ctrl Pts',(0.854700538379263,2.66910780887506E-17,
1.1));
#5504=CARTESIAN_POINT('Ctrl Pts',(0.641025403784448,0.370096189432339,1.13333333333333));
#5505=CARTESIAN_POINT('Ctrl Pts',(0.427350269189632,0.740192378864678,1.16666666666666));
#5506=CARTESIAN_POINT('Ctrl Pts',(0.,0.740192378864679,1.2));
#5507=CARTESIAN_POINT('Ctrl Pts',(0.,1.02165063509461,-1.3625));
#5508=CARTESIAN_POINT('Ctrl Pts',(-0.589850269189626,1.02165063509461,-1.32916666666666));
#5509=CARTESIAN_POINT('Ctrl Pts',(-0.88477540378444,0.510825317547306,-1.29583333333333));
#5510=CARTESIAN_POINT('Ctrl Pts',(-1.17970053837925,2.55932844286031E-16,
-1.2625));
#5511=CARTESIAN_POINT('Ctrl Pts',(-0.88477540378444,-0.510825317547306,
-1.22916666666666));
#5512=CARTESIAN_POINT('Ctrl Pts',(-0.589850269189627,-1.02165063509461,
-1.19583333333333));
#5513=CARTESIAN_POINT('Ctrl Pts',(-1.25116118011548E-16,-1.02165063509461,
-1.1625));
#5514=CARTESIAN_POINT('Ctrl Pts',(0.589850269189626,-1.02165063509461,-1.12916666666666));
#5515=CARTESIAN_POINT('Ctrl Pts',(0.884775403784439,-0.510825317547306,
-1.09583333333333));
#5516=CARTESIAN_POINT('Ctrl Pts',(1.17970053837925,-3.3010453369681E-17,
-1.0625));
#5517=CARTESIAN_POINT('Ctrl Pts',(0.88477540378444,0.510825317547306,-1.02916666666666));
#5518=CARTESIAN_POINT('Ctrl Pts',(0.589850269189627,1.02165063509461,-0.99583333333333));
#5519=CARTESIAN_POINT('Ctrl Pts',(0.,1.02165063509461,-0.962499999999997));
#5520=CARTESIAN_POINT('Ctrl Pts',(-0.589850269189626,1.02165063509461,-0.929166666666663));
#5521=CARTESIAN_POINT('Ctrl Pts',(-0.88477540378444,0.510825317547306,-0.89583333333333));
#5522=CARTESIAN_POINT('Ctrl Pts',(-1.17970053837925,2.55932844286031E-16,
-0.862499999999997));
#5523=CARTESIAN_POINT('Ctrl Pts',(-0.88477540378444,-0.510825317547306,
-0.829166666666664));
#5524=CARTESIAN_POINT('Ctrl Pts',(-0.589850269189627,-1.02165063509461,
-0.79583333333333));
#5525=CARTESIAN_POINT('Ctrl Pts',(-1.25116118011548E-16,-1.02165063509461,
-0.762499999999997));
#5526=CARTESIAN_POINT('Ctrl Pts',(0.589850269189626,-1.02165063509461,-0.729166666666664));
#5527=CARTESIAN_POINT('Ctrl Pts',(0.884775403784439,-0.510825317547306,
-0.69583333333333));
#5528=CARTESIAN_POINT('Ctrl Pts',(1.17970053837925,-3.3010453369681E-17,
-0.662499999999997));
#5529=CARTESIAN_POINT('Ctrl Pts',(0.88477540378444,0.510825317547306,-0.629166666666664));
#5530=CARTESIAN_POINT('Ctrl Pts',(0.589850269189627,1.02165063509461,-0.595833333333331));
#5531=CARTESIAN_POINT('Ctrl Pts',(0.,1.02165063509461,-0.562499999999997));
#5532=CARTESIAN_POINT('Ctrl Pts',(-0.589850269189626,1.02165063509461,-0.529166666666664));
#5533=CARTESIAN_POINT('Ctrl Pts',(-0.88477540378444,0.510825317547306,-0.495833333333331));
#5534=CARTESIAN_POINT('Ctrl Pts',(-1.17970053837925,2.55932844286031E-16,
-0.462499999999998));
#5535=CARTESIAN_POINT('Ctrl Pts',(-0.88477540378444,-0.510825317547306,
-0.429166666666664));
#5536=CARTESIAN_POINT('Ctrl Pts',(-0.589850269189627,-1.02165063509461,
-0.395833333333331));
#5537=CARTESIAN_POINT('Ctrl Pts',(-1.25116118011548E-16,-1.02165063509461,
-0.362499999999998));
#5538=CARTESIAN_POINT('Ctrl Pts',(0.589850269189626,-1.02165063509461,-0.329166666666665));
#5539=CARTESIAN_POINT('Ctrl Pts',(0.884775403784439,-0.510825317547306,
-0.295833333333331));
#5540=CARTESIAN_POINT('Ctrl Pts',(1.17970053837925,-3.3010453369681E-17,
-0.262499999999998));
#5541=CARTESIAN_POINT('Ctrl Pts',(0.88477540378444,0.510825317547306,-0.229166666666665));
#5542=CARTESIAN_POINT('Ctrl Pts',(0.589850269189627,1.02165063509461,-0.195833333333332));
#5543=CARTESIAN_POINT('Ctrl Pts',(0.,1.02165063509461,-0.162499999999998));
#5544=CARTESIAN_POINT('Ctrl Pts',(-0.589850269189626,1.02165063509461,-0.129166666666665));
#5545=CARTESIAN_POINT('Ctrl Pts',(-0.88477540378444,0.510825317547306,-0.0958333333333317));
#5546=CARTESIAN_POINT('Ctrl Pts',(-1.17970053837925,2.55932844286031E-16,
-0.0624999999999985));
#5547=CARTESIAN_POINT('Ctrl Pts',(-0.88477540378444,-0.510825317547306,
-0.0291666666666652));
#5548=CARTESIAN_POINT('Ctrl Pts',(-0.589850269189627,-1.02165063509461,
0.00416666666666794));
#5549=CARTESIAN_POINT('Ctrl Pts',(-1.25116118011548E-16,-1.02165063509461,
0.0375000000000013));
#5550=CARTESIAN_POINT('Ctrl Pts',(0.589850269189626,-1.02165063509461,0.0708333333333346));
#5551=CARTESIAN_POINT('Ctrl Pts',(0.884775403784439,-0.510825317547306,
0.104166666666668));
#5552=CARTESIAN_POINT('Ctrl Pts',(1.17970053837925,-3.3010453369681E-17,
0.137500000000001));
#5553=CARTESIAN_POINT('Ctrl Pts',(0.88477540378444,0.510825317547306,0.170833333333334));
#5554=CARTESIAN_POINT('Ctrl Pts',(0.589850269189627,1.02165063509461,0.204166666666668));
#5555=CARTESIAN_POINT('Ctrl Pts',(0.,1.02165063509461,0.237500000000001));
#5556=CARTESIAN_POINT('Ctrl Pts',(-0.589850269189626,1.02165063509461,0.270833333333334));
#5557=CARTESIAN_POINT('Ctrl Pts',(-0.88477540378444,0.510825317547306,0.304166666666667));
#5558=CARTESIAN_POINT('Ctrl Pts',(-1.17970053837925,2.55932844286031E-16,
0.337500000000001));
#5559=CARTESIAN_POINT('Ctrl Pts',(-0.88477540378444,-0.510825317547306,
0.370833333333334));
#5560=CARTESIAN_POINT('Ctrl Pts',(-0.589850269189627,-1.02165063509461,
0.404166666666667));
#5561=CARTESIAN_POINT('Ctrl Pts',(-1.25116118011548E-16,-1.02165063509461,
0.4375));
#5562=CARTESIAN_POINT('Ctrl Pts',(0.589850269189626,-1.02165063509461,0.470833333333334));
#5563=CARTESIAN_POINT('Ctrl Pts',(0.884775403784439,-0.510825317547306,
0.504166666666667));
#5564=CARTESIAN_POINT('Ctrl Pts',(1.17970053837925,-3.3010453369681E-17,
0.5375));
#5565=CARTESIAN_POINT('Ctrl Pts',(0.88477540378444,0.510825317547306,0.570833333333333));
#5566=CARTESIAN_POINT('Ctrl Pts',(0.589850269189627,1.02165063509461,0.604166666666667));
#5567=CARTESIAN_POINT('Ctrl Pts',(0.,1.02165063509461,0.6375));
#5568=CARTESIAN_POINT('Ctrl Pts',(-0.589850269189626,1.02165063509461,0.670833333333333));
#5569=CARTESIAN_POINT('Ctrl Pts',(-0.88477540378444,0.510825317547306,0.704166666666666));
#5570=CARTESIAN_POINT('Ctrl Pts',(-1.17970053837925,2.55932844286031E-16,
0.7375));
#5571=CARTESIAN_POINT('Ctrl Pts',(-0.88477540378444,-0.510825317547306,
0.770833333333333));
#5572=CARTESIAN_POINT('Ctrl Pts',(-0.589850269189627,-1.02165063509461,
0.804166666666666));
#5573=CARTESIAN_POINT('Ctrl Pts',(-1.25116118011548E-16,-1.02165063509461,
0.8375));
#5574=CARTESIAN_POINT('Ctrl Pts',(0.589850269189626,-1.02165063509461,0.870833333333333));
#5575=CARTESIAN_POINT('Ctrl Pts',(0.884775403784439,-0.510825317547306,
0.904166666666666));
#5576=CARTESIAN_POINT('Ctrl Pts',(1.17970053837925,-3.3010453369681E-17,
0.937499999999999));
#5577=CARTESIAN_POINT('Ctrl Pts',(0.88477540378444,0.510825317547306,0.970833333333333));
#5578=CARTESIAN_POINT('Ctrl Pts',(0.589850269189627,1.02165063509461,1.00416666666667));
#5579=CARTESIAN_POINT('Ctrl Pts',(0.,1.02165063509461,1.0375));
#5580=CARTESIAN_POINT('Origin',(-3.93468155459024,-15.2483763932717,3.));
#5581=CARTESIAN_POINT('',(-14.5412832723788,-3.22756111309183,3.));
#5582=CARTESIAN_POINT('Origin',(-15.2483900535659,-3.93466789427781,3.));
#5583=CARTESIAN_POINT('',(-3.22757477340313,-14.5412696120857,3.));
#5584=CARTESIAN_POINT('',(-3.22757477340313,-14.5412696120857,3.));
#5585=CARTESIAN_POINT('Origin',(-3.93468155459024,-15.2483763932717,3.));
#5586=CARTESIAN_POINT('Origin',(-15.2483900535659,-3.93466789427781,3.));
#5587=CARTESIAN_POINT('Origin',(-3.93468155459024,-15.2483763932717,3.));
#5588=CARTESIAN_POINT('Origin',(-7.99999999999999,13.5643824162734,15.));
#5589=CARTESIAN_POINT('',(8.00000000000001,12.5643824162734,15.));
#5590=CARTESIAN_POINT('Origin',(8.00000000000001,13.5643824162734,15.));
#5591=CARTESIAN_POINT('',(-8.,12.5643824162734,15.));
#5592=CARTESIAN_POINT('',(-8.,12.5643824162734,15.));
#5593=CARTESIAN_POINT('Origin',(-7.99999999999999,13.5643824162734,15.));
#5594=CARTESIAN_POINT('Origin',(8.00000000000001,13.5643824162734,15.));
#5595=CARTESIAN_POINT('Origin',(-7.99999999999999,13.5643824162734,15.));
#5596=CARTESIAN_POINT('Origin',(-13.5643824162734,-8.,15.));
#5597=CARTESIAN_POINT('',(-12.5643824162734,8.,15.));
#5598=CARTESIAN_POINT('Origin',(-13.5643824162734,8.,15.));
#5599=CARTESIAN_POINT('',(-12.5643824162734,-8.,15.));
#5600=CARTESIAN_POINT('',(-12.5643824162734,-8.,15.));
#5601=CARTESIAN_POINT('Origin',(-13.5643824162734,-8.,15.));
#5602=CARTESIAN_POINT('Origin',(-13.5643824162734,8.,15.));
#5603=CARTESIAN_POINT('Origin',(-13.5643824162734,-8.,15.));
#5604=CARTESIAN_POINT('Origin',(13.5643824162734,8.,15.));
#5605=CARTESIAN_POINT('',(12.5643824162734,-8.,15.));
#5606=CARTESIAN_POINT('Origin',(13.5643824162734,-8.00000000000001,15.));
#5607=CARTESIAN_POINT('',(12.5643824162734,8.,15.));
#5608=CARTESIAN_POINT('',(12.5643824162734,8.,15.));
#5609=CARTESIAN_POINT('Origin',(13.5643824162734,8.,15.));
#5610=CARTESIAN_POINT('Origin',(13.5643824162734,-8.00000000000001,15.));
#5611=CARTESIAN_POINT('Origin',(13.5643824162734,8.,15.));
#5612=CARTESIAN_POINT('Origin',(15.2483763932717,-3.93468155459024,3.));
#5613=CARTESIAN_POINT('',(3.22756111309183,-14.5412832723788,3.));
#5614=CARTESIAN_POINT('Origin',(3.93466789427781,-15.2483900535659,3.));
#5615=CARTESIAN_POINT('',(14.5412696120857,-3.22757477340312,3.));
#5616=CARTESIAN_POINT('',(14.5412696120857,-3.22757477340312,3.));
#5617=CARTESIAN_POINT('Origin',(15.2483763932717,-3.93468155459024,3.));
#5618=CARTESIAN_POINT('Origin',(3.93466789427781,-15.2483900535659,3.));
#5619=CARTESIAN_POINT('Origin',(15.2483763932717,-3.93468155459024,3.));
#5620=CARTESIAN_POINT('Origin',(8.,-13.5643824162734,15.));
#5621=CARTESIAN_POINT('',(-8.,-12.5643824162734,15.));
#5622=CARTESIAN_POINT('Origin',(-8.00000000000001,-13.5643824162734,15.));
#5623=CARTESIAN_POINT('',(8.,-12.5643824162734,15.));
#5624=CARTESIAN_POINT('',(8.,-12.5643824162734,15.));
#5625=CARTESIAN_POINT('Origin',(8.,-13.5643824162734,15.));
#5626=CARTESIAN_POINT('Origin',(-8.00000000000001,-13.5643824162734,15.));
#5627=CARTESIAN_POINT('Origin',(8.,-13.5643824162734,15.));
#5628=CARTESIAN_POINT('Origin',(-15.2483763932717,3.93468155459024,3.));
#5629=CARTESIAN_POINT('',(-3.22756111309183,14.5412832723788,3.));
#5630=CARTESIAN_POINT('Origin',(-3.93466789427781,15.2483900535659,3.));
#5631=CARTESIAN_POINT('',(-14.5412696120857,3.22757477340313,3.));
#5632=CARTESIAN_POINT('',(-14.5412696120857,3.22757477340313,3.));
#5633=CARTESIAN_POINT('Origin',(-15.2483763932717,3.93468155459024,3.));
#5634=CARTESIAN_POINT('Origin',(-3.93466789427781,15.2483900535659,3.));
#5635=CARTESIAN_POINT('Origin',(-15.2483763932717,3.93468155459024,3.));
#5636=CARTESIAN_POINT('Origin',(3.93468155459024,15.2483763932717,3.));
#5637=CARTESIAN_POINT('',(14.5412832723788,3.22756111309183,3.));
#5638=CARTESIAN_POINT('Origin',(15.2483900535659,3.93466789427781,3.));
#5639=CARTESIAN_POINT('',(3.22757477340313,14.5412696120857,3.));
#5640=CARTESIAN_POINT('',(3.22757477340313,14.5412696120857,3.));
#5641=CARTESIAN_POINT('Origin',(3.93468155459024,15.2483763932717,3.));
#5642=CARTESIAN_POINT('Origin',(15.2483900535659,3.93466789427781,3.));
#5643=CARTESIAN_POINT('Origin',(3.93468155459024,15.2483763932717,3.));
#5644=CARTESIAN_POINT('Origin',(4.78219120813669,-8.20000000000002,17.8));
#5645=CARTESIAN_POINT('',(9.58453529752952,-8.20000000000002,18.));
#5646=CARTESIAN_POINT('',(15.459948253471,-8.20000000000002,18.));
#5647=CARTESIAN_POINT('',(4.78219120813669,-8.20000000000002,18.));
#5648=CARTESIAN_POINT('',(15.5643824162734,-8.00000000000002,17.8));
#5649=CARTESIAN_POINT('Ctrl Pts',(15.459948253471,-8.20000000000002,18.));
#5650=CARTESIAN_POINT('Ctrl Pts',(15.4733259220358,-8.1747782849068,18.));
#5651=CARTESIAN_POINT('Ctrl Pts',(15.4876325746415,-8.14763975607033,17.9949667432658));
#5652=CARTESIAN_POINT('Ctrl Pts',(15.5140804941277,-8.09716824817942,17.97370040044));
#5653=CARTESIAN_POINT('Ctrl Pts',(15.5262272457067,-8.07382835199918,17.9574905591161));
#5654=CARTESIAN_POINT('Ctrl Pts',(15.5442558345937,-8.03905742532169,17.9210356794139));
#5655=CARTESIAN_POINT('Ctrl Pts',(15.5517669817499,-8.02450290838306,17.8993823736158));
#5656=CARTESIAN_POINT('Ctrl Pts',(15.5618261392346,-8.00498010923467,17.8513398442269));
#5657=CARTESIAN_POINT('Ctrl Pts',(15.5643824162734,-8.00000000000002,17.8249571589162));
#5658=CARTESIAN_POINT('Ctrl Pts',(15.5643824162734,-8.00000000000002,17.8));
#5659=CARTESIAN_POINT('',(9.70275196609576,-8.00000000000002,17.8));
#5660=CARTESIAN_POINT('',(4.78219120813669,-8.00000000000002,17.8));
#5661=CARTESIAN_POINT('Ctrl Pts',(9.70261842658238,-8.0000745641524,17.7999952210257));
#5662=CARTESIAN_POINT('Ctrl Pts',(9.70254720117636,-8.00011391364886,17.8131279397403));
#5663=CARTESIAN_POINT('Ctrl Pts',(9.7017100543216,-8.00144534924642,17.8261368917101));
#5664=CARTESIAN_POINT('Ctrl Pts',(9.7001864929468,-8.00397806061278,17.8388468435597));
#5665=CARTESIAN_POINT('Ctrl Pts',(9.69909112067802,-8.00579896644659,17.847984728665));
#5666=CARTESIAN_POINT('Ctrl Pts',(9.69763988317472,-8.00824143773401,17.8569687002845));
#5667=CARTESIAN_POINT('Ctrl Pts',(9.6958482571215,-8.01128004588927,17.8657354569059));
#5668=CARTESIAN_POINT('Ctrl Pts',(9.69332993240379,-8.01555113918528,17.8780580840827));
#5669=CARTESIAN_POINT('Ctrl Pts',(9.69017845250203,-8.02093093688155,17.889761098264));
#5670=CARTESIAN_POINT('Ctrl Pts',(9.68646561319103,-8.02727148059966,17.9007109004747));
#5671=CARTESIAN_POINT('Ctrl Pts',(9.68340922795792,-8.032490975053,17.9097247066157));
#5672=CARTESIAN_POINT('Ctrl Pts',(9.67997137319415,-8.03836212475176,17.9182290161733));
#5673=CARTESIAN_POINT('Ctrl Pts',(9.6761695028952,-8.04481499406762,17.9261537405947));
#5674=CARTESIAN_POINT('Ctrl Pts',(9.67593912574925,-8.045206010462,17.926633945139));
#5675=CARTESIAN_POINT('Ctrl Pts',(9.67570749549564,-8.04559900363447,17.9271118287256));
#5676=CARTESIAN_POINT('Ctrl Pts',(9.67547461930548,-8.04599395609616,17.9275873794538));
#5677=CARTESIAN_POINT('Ctrl Pts',(9.67103997279121,-8.0535150107663,17.9366432618));
#5678=CARTESIAN_POINT('Ctrl Pts',(9.6661574013026,-8.06174449489185,17.9448540750477));
#5679=CARTESIAN_POINT('Ctrl Pts',(9.66095584105751,-8.0705176643253,17.9522314352502));
#5680=CARTESIAN_POINT('Ctrl Pts',(9.65538079530982,-8.07992077005493,17.9601385090296));
#5681=CARTESIAN_POINT('Ctrl Pts',(9.64943876897855,-8.08994876362932,17.9670887927518));
#5682=CARTESIAN_POINT('Ctrl Pts',(9.64323929547559,-8.10042469733685,17.9730785544045));
#5683=CARTESIAN_POINT('Ctrl Pts',(9.64271939340424,-8.1013032331724,17.973580869559));
#5684=CARTESIAN_POINT('Ctrl Pts',(9.64219765698272,-8.10218493160684,17.9740764161595));
#5685=CARTESIAN_POINT('Ctrl Pts',(9.64167413843924,-8.10306969465032,17.9745651844006));
#5686=CARTESIAN_POINT('Ctrl Pts',(9.63492586261852,-8.1144744961188,17.9808655207384));
#5687=CARTESIAN_POINT('Ctrl Pts',(9.62790713319417,-8.12635644492745,17.986023259515));
#5688=CARTESIAN_POINT('Ctrl Pts',(9.62073203320243,-8.13852550196626,17.9900161777004));
#5689=CARTESIAN_POINT('Ctrl Pts',(9.61865634530921,-8.14204589393243,17.9911712907923));
#5690=CARTESIAN_POINT('Ctrl Pts',(9.6165673271029,-8.14559043554939,17.9922287180164));
#5691=CARTESIAN_POINT('Ctrl Pts',(9.61446721594444,-8.14915478434452,17.9931873927888));
#5692=CARTESIAN_POINT('Ctrl Pts',(9.60687324707568,-8.16204341344333,17.996653945665));
#5693=CARTESIAN_POINT('Ctrl Pts',(9.59913925447008,-8.17518622023465,17.9988315269147));
#5694=CARTESIAN_POINT('Ctrl Pts',(9.59136585646325,-8.18839485703987,17.9996426639645));
#5695=CARTESIAN_POINT('Ctrl Pts',(9.5894114153945,-8.19171586314449,17.9998466056076));
#5696=CARTESIAN_POINT('Ctrl Pts',(9.58745439991701,-8.19504106546094,17.9999639268103));
#5697=CARTESIAN_POINT('Ctrl Pts',(9.58549628508019,-8.19836751611764,17.999992889474));
#5698=CARTESIAN_POINT('Ctrl Pts',(9.58517598203348,-8.19891164777941,17.999997627107));
#5699=CARTESIAN_POINT('Ctrl Pts',(9.58485565065462,-8.19945581333902,18.));
#5700=CARTESIAN_POINT('Ctrl Pts',(9.58453529752952,-8.20000000000002,18.));
#5701=CARTESIAN_POINT('Ctrl Pts',(9.75633092831541,-8.10465116279072,17.7626521689289));
#5702=CARTESIAN_POINT('Ctrl Pts',(8.58457544824341,-5.99178032040663,17.7668640914011));
#5703=CARTESIAN_POINT('Ctrl Pts',(6.94158408102519,-0.453605952671785,17.7690139956841));
#5704=CARTESIAN_POINT('Ctrl Pts',(8.19399028821936,5.28749003961193,17.7682680655585));
#5705=CARTESIAN_POINT('Ctrl Pts',(9.75633092831531,8.1046511627907,17.7626521689289));
#5706=CARTESIAN_POINT('Ctrl Pts',(9.76590243233481,-8.09933885202694,17.8202422662149));
#5707=CARTESIAN_POINT('Ctrl Pts',(8.59374940345372,-5.98864387785444,17.8239963549318));
#5708=CARTESIAN_POINT('Ctrl Pts',(6.95079336381278,-0.453556711981306,17.8258423158043));
#5709=CARTESIAN_POINT('Ctrl Pts',(8.20303172715997,5.2850788864636,17.8252477178375));
#5710=CARTESIAN_POINT('Ctrl Pts',(9.76590243233471,8.09933885202692,17.8202422662149));
#5711=CARTESIAN_POINT('Ctrl Pts',(9.73761408768418,-8.11503925579551,17.9449314928545));
#5712=CARTESIAN_POINT('Ctrl Pts',(8.56179506433425,-6.00076984587771,17.9463712998629));
#5713=CARTESIAN_POINT('Ctrl Pts',(6.91464518592608,-0.45456966704414,17.9470422613168));
#5714=CARTESIAN_POINT('Ctrl Pts',(8.16985538988423,5.2960133759051,17.9468512355324));
#5715=CARTESIAN_POINT('Ctrl Pts',(9.73761408768408,8.11503925579548,17.9449314928545));
#5716=CARTESIAN_POINT('Ctrl Pts',(9.63579130755689,-8.17155223952008,18.));
#5717=CARTESIAN_POINT('Ctrl Pts',(8.45288221278353,-6.04173137936255,17.999967110952));
#5718=CARTESIAN_POINT('Ctrl Pts',(6.79553366607054,-0.457499204291195,18.0000066430161));
#5719=CARTESIAN_POINT('Ctrl Pts',(8.05857918119236,5.33179109264337,17.999956147936));
#5720=CARTESIAN_POINT('Ctrl Pts',(9.63579130755679,8.17155223952006,18.));
#5721=CARTESIAN_POINT('Ctrl Pts',(9.58453529752953,-8.20000000000002,18.));
#5722=CARTESIAN_POINT('Ctrl Pts',(8.39806802768356,-6.06227185358788,18.));
#5723=CARTESIAN_POINT('Ctrl Pts',(6.73560019440052,-0.458942493291453,18.));
#5724=CARTESIAN_POINT('Ctrl Pts',(8.00257893773486,5.34969580478383,18.));
#5725=CARTESIAN_POINT('Ctrl Pts',(9.58453529752942,8.2,18.));
#5726=CARTESIAN_POINT('',(9.69878851311796,-7.99999999999999,17.7628571428571));
#5727=CARTESIAN_POINT('',(9.69878851311787,7.99999999999997,17.7628571428571));
#5728=CARTESIAN_POINT('Ctrl Pts',(9.6987910585345,-7.99999861362828,17.7628577006576));
#5729=CARTESIAN_POINT('Ctrl Pts',(8.56151563840243,-5.91355381019379,17.7668943103893));
#5730=CARTESIAN_POINT('Ctrl Pts',(6.96188606101494,-0.452184198235362,17.7689936905431));
#5731=CARTESIAN_POINT('Ctrl Pts',(8.17644628919385,5.20641565670629,17.768278456309));
#5732=CARTESIAN_POINT('Ctrl Pts',(9.69879643032765,7.99999568722011,17.7628580043604));
#5733=CARTESIAN_POINT('',(9.70275196609566,8.,17.8));
#5734=CARTESIAN_POINT('Ctrl Pts',(9.69879766975003,7.99999796161472,17.7628579999474));
#5735=CARTESIAN_POINT('Ctrl Pts',(9.70143269195024,7.99999914716379,17.7750971269843));
#5736=CARTESIAN_POINT('Ctrl Pts',(9.70269270279244,8.00003709101133,17.7875286657563));
#5737=CARTESIAN_POINT('Ctrl Pts',(9.70262511914537,8.00007451803937,17.7999954868401));
#5738=CARTESIAN_POINT('',(9.58453529752942,8.2,18.));
#5739=CARTESIAN_POINT('Ctrl Pts',(9.70262511914537,8.00007451803937,17.7999954868401));
#5740=CARTESIAN_POINT('Ctrl Pts',(9.70255388277956,8.00011387089644,17.8131286103639));
#5741=CARTESIAN_POINT('Ctrl Pts',(9.70171659035937,8.00144539191355,17.826137953829));
#5742=CARTESIAN_POINT('Ctrl Pts',(9.70019276593275,8.00397826217558,17.8388482700306));
#5743=CARTESIAN_POINT('Ctrl Pts',(9.69909728731646,8.00579914466141,17.8479857266575));
#5744=CARTESIAN_POINT('Ctrl Pts',(9.69764593644662,8.00824153681404,17.8569692791109));
#5745=CARTESIAN_POINT('Ctrl Pts',(9.69585419402071,8.01128001342873,17.8657356352378));
#5746=CARTESIAN_POINT('Ctrl Pts',(9.69333557942486,8.01555113601882,17.8780583174349));
#5747=CARTESIAN_POINT('Ctrl Pts',(9.69018374151572,8.02093097656298,17.8897613785348));
#5748=CARTESIAN_POINT('Ctrl Pts',(9.68647050361506,8.02727157387477,17.9007112194406));
#5749=CARTESIAN_POINT('Ctrl Pts',(9.68341383219213,8.03249104085365,17.9097249337992));
#5750=CARTESIAN_POINT('Ctrl Pts',(9.6799756742537,8.03836215252768,17.9182291599838));
#5751=CARTESIAN_POINT('Ctrl Pts',(9.67617349866348,8.04481497490268,17.9261538117037));
#5752=CARTESIAN_POINT('Ctrl Pts',(9.67594310128484,8.04520599139436,17.9266340154554));
#5753=CARTESIAN_POINT('Ctrl Pts',(9.67571145077938,8.04559898466346,17.9271118982566));
#5754=CARTESIAN_POINT('Ctrl Pts',(9.67547855432141,8.04599393722112,17.9275874482068));
#5755=CARTESIAN_POINT('Ctrl Pts',(9.67104356224738,8.05351492520906,17.936643233247));
#5756=CARTESIAN_POINT('Ctrl Pts',(9.66616064765635,8.06174432955448,17.9448539673061));
#5757=CARTESIAN_POINT('Ctrl Pts',(9.66095876438004,8.07051741067381,17.9522312661156));
#5758=CARTESIAN_POINT('Ctrl Pts',(9.65538342992944,8.07992032473481,17.9601381925152));
#5759=CARTESIAN_POINT('Ctrl Pts',(9.64944114565131,8.08994810396388,17.9670883689563));
#5760=CARTESIAN_POINT('Ctrl Pts',(9.6432414615038,8.10042381060251,17.9730780632454));
#5761=CARTESIAN_POINT('Ctrl Pts',(9.64272135853724,8.10130263700236,17.9735805497745));
#5762=CARTESIAN_POINT('Ctrl Pts',(9.64219942025916,8.10218462814008,17.9740762632599));
#5763=CARTESIAN_POINT('Ctrl Pts',(9.6416756989617,8.10306968592772,17.9745651938858));
#5764=CARTESIAN_POINT('Ctrl Pts',(9.63492722627376,8.1144742026737,17.9808653672636));
#5765=CARTESIAN_POINT('Ctrl Pts',(9.62790836294812,8.12635584282386,17.9860230028218));
#5766=CARTESIAN_POINT('Ctrl Pts',(9.62073320254997,8.13852458118883,17.9900158782109));
#5767=CARTESIAN_POINT('Ctrl Pts',(9.61865726487117,8.14204527495364,17.9911711081998));
#5768=CARTESIAN_POINT('Ctrl Pts',(9.61656800002499,8.14559012292292,17.9922286355386));
#5769=CARTESIAN_POINT('Ctrl Pts',(9.61446764629071,8.1491547814833,17.9931873933473));
#5770=CARTESIAN_POINT('Ctrl Pts',(9.60687352997211,8.16204329226215,17.996653913392));
#5771=CARTESIAN_POINT('Ctrl Pts',(9.59913947156636,8.17518597570296,17.9988314864071));
#5772=CARTESIAN_POINT('Ctrl Pts',(9.59136609537803,8.18839448904856,17.9996426413744));
#5773=CARTESIAN_POINT('Ctrl Pts',(9.58941156949727,8.19171561754599,17.9998465969452));
#5774=CARTESIAN_POINT('Ctrl Pts',(9.58745447446265,8.19504094263523,17.999963925741));
#5775=CARTESIAN_POINT('Ctrl Pts',(9.58549628552434,8.19836751611416,17.999992889474));
#5776=CARTESIAN_POINT('Ctrl Pts',(9.58517598218149,8.19891164777823,17.999997627107));
#5777=CARTESIAN_POINT('Ctrl Pts',(9.58485565065451,8.199455813339,18.));
#5778=CARTESIAN_POINT('Ctrl Pts',(9.58453529752942,8.2,18.));
#5779=CARTESIAN_POINT('Ctrl Pts',(9.58453529752942,8.2,18.));
#5780=CARTESIAN_POINT('Ctrl Pts',(8.00257893773486,5.34969580478383,18.));
#5781=CARTESIAN_POINT('Ctrl Pts',(6.73560019440052,-0.458942493291453,18.));
#5782=CARTESIAN_POINT('Ctrl Pts',(8.39806802768356,-6.06227185358788,18.));
#5783=CARTESIAN_POINT('Ctrl Pts',(9.58453529752953,-8.20000000000002,18.));
#5784=CARTESIAN_POINT('Ctrl Pts',(9.70261842658238,-8.0000745641524,17.7999952210257));
#5785=CARTESIAN_POINT('Ctrl Pts',(9.70268583456182,-8.00003716277282,17.78755393282));
#5786=CARTESIAN_POINT('Ctrl Pts',(9.70143128608054,-7.99999920023234,17.7751218074854));
#5787=CARTESIAN_POINT('Ctrl Pts',(9.69879073246059,-7.99999801541325,17.762857701815));
#5788=CARTESIAN_POINT('Origin',(7.78219120813669,8.2,17.8));
#5789=CARTESIAN_POINT('',(15.5643824162734,8.00000000000001,17.8));
#5790=CARTESIAN_POINT('',(7.78219120813669,8.,17.8));
#5791=CARTESIAN_POINT('',(15.459948253471,8.20000000000001,18.));
#5792=CARTESIAN_POINT('Ctrl Pts',(15.5643824162734,8.00000000000001,17.8));
#5793=CARTESIAN_POINT('Ctrl Pts',(15.5643824162734,8.00000000000001,17.8249571589162));
#5794=CARTESIAN_POINT('Ctrl Pts',(15.5618261392346,8.00498010923466,17.8513398442269));
#5795=CARTESIAN_POINT('Ctrl Pts',(15.5517669817499,8.02450290838305,17.8993823736158));
#5796=CARTESIAN_POINT('Ctrl Pts',(15.5442558345937,8.03905742532168,17.9210356794139));
#5797=CARTESIAN_POINT('Ctrl Pts',(15.5262272457067,8.07382835199917,17.9574905591161));
#5798=CARTESIAN_POINT('Ctrl Pts',(15.5140804941277,8.0971682481794,17.97370040044));
#5799=CARTESIAN_POINT('Ctrl Pts',(15.4876325746415,8.14763975607032,17.9949667432658));
#5800=CARTESIAN_POINT('Ctrl Pts',(15.4733259220358,8.17477828490679,18.));
#5801=CARTESIAN_POINT('Ctrl Pts',(15.459948253471,8.20000000000001,18.));
#5802=CARTESIAN_POINT('',(7.78219120813669,8.2,18.));
#5803=CARTESIAN_POINT('Origin',(0.,0.,18.));
#5804=CARTESIAN_POINT('',(13.5013590429409,11.1338809044105,18.));
#5805=CARTESIAN_POINT('Origin',(0.,0.,18.));
#5806=CARTESIAN_POINT('',(11.1338809044105,13.5013590429409,18.));
#5807=CARTESIAN_POINT('Origin',(11.1015764646288,11.1015764646288,18.));
#5808=CARTESIAN_POINT('',(8.20000000000002,15.459948253471,18.));
#5809=CARTESIAN_POINT('Origin',(0.,0.,18.));
#5810=CARTESIAN_POINT('',(8.20000000000002,9.58453529752953,18.));
#5811=CARTESIAN_POINT('',(8.20000000000002,4.78219120813668,18.));
#5812=CARTESIAN_POINT('',(-8.2,9.58453529752943,18.));
#5813=CARTESIAN_POINT('Ctrl Pts',(-8.2,9.58453529752943,18.));
#5814=CARTESIAN_POINT('Ctrl Pts',(-5.34969580478385,8.00257893773486,18.));
#5815=CARTESIAN_POINT('Ctrl Pts',(0.458942493291463,6.7356001944005,18.));
#5816=CARTESIAN_POINT('Ctrl Pts',(6.06227185358788,8.39806802768355,18.));
#5817=CARTESIAN_POINT('Ctrl Pts',(8.20000000000002,9.58453529752953,18.));
#5818=CARTESIAN_POINT('',(-8.2,15.459948253471,18.));
#5819=CARTESIAN_POINT('',(-8.2,7.78219120813669,18.));
#5820=CARTESIAN_POINT('',(-11.1338809044105,13.5013590429409,18.));
#5821=CARTESIAN_POINT('Origin',(0.,0.,18.));
#5822=CARTESIAN_POINT('',(-13.5013590429409,11.1338809044105,18.));
#5823=CARTESIAN_POINT('Origin',(-11.1015764646288,11.1015764646288,18.));
#5824=CARTESIAN_POINT('',(-15.459948253471,8.2,18.));
#5825=CARTESIAN_POINT('Origin',(0.,0.,18.));
#5826=CARTESIAN_POINT('',(-9.58453529752951,8.2,18.));
#5827=CARTESIAN_POINT('',(-4.78219120813668,8.2,18.));
#5828=CARTESIAN_POINT('',(-9.58453529752943,-8.2,18.));
#5829=CARTESIAN_POINT('Ctrl Pts',(-9.58453529752943,-8.2,18.));
#5830=CARTESIAN_POINT('Ctrl Pts',(-8.00257893773485,-5.34969580478384,18.));
#5831=CARTESIAN_POINT('Ctrl Pts',(-6.7356001944005,0.458942493291444,18.));
#5832=CARTESIAN_POINT('Ctrl Pts',(-8.39806802768354,6.06227185358787,18.));
#5833=CARTESIAN_POINT('Ctrl Pts',(-9.58453529752951,8.2,18.));
#5834=CARTESIAN_POINT('',(-15.459948253471,-8.2,18.));
#5835=CARTESIAN_POINT('',(-7.78219120813669,-8.2,18.));
#5836=CARTESIAN_POINT('',(-13.5013590429409,-11.1338809044105,18.));
#5837=CARTESIAN_POINT('Origin',(0.,0.,18.));
#5838=CARTESIAN_POINT('',(-11.1338809044105,-13.5013590429409,18.));
#5839=CARTESIAN_POINT('Origin',(-11.1015764646288,-11.1015764646288,18.));
#5840=CARTESIAN_POINT('',(-8.2,-15.459948253471,18.));
#5841=CARTESIAN_POINT('Origin',(0.,0.,18.));
#5842=CARTESIAN_POINT('',(-8.2,-9.58453529752959,18.));
#5843=CARTESIAN_POINT('',(-8.2,-4.78219120813675,18.));
#5844=CARTESIAN_POINT('',(8.2,-9.58453529752943,18.));
#5845=CARTESIAN_POINT('Ctrl Pts',(8.2,-9.58453529752943,18.));
#5846=CARTESIAN_POINT('Ctrl Pts',(5.34969580478384,-8.00257893773486,18.));
#5847=CARTESIAN_POINT('Ctrl Pts',(-0.458942493291458,-6.73560019440053,
18.));
#5848=CARTESIAN_POINT('Ctrl Pts',(-6.06227185358788,-8.39806802768361,18.));
#5849=CARTESIAN_POINT('Ctrl Pts',(-8.2,-9.58453529752959,18.));
#5850=CARTESIAN_POINT('',(8.2,-15.459948253471,18.));
#5851=CARTESIAN_POINT('',(8.2,-7.78219120813669,18.));
#5852=CARTESIAN_POINT('',(11.1338809044105,-13.5013590429409,18.));
#5853=CARTESIAN_POINT('Origin',(0.,0.,18.));
#5854=CARTESIAN_POINT('',(13.5013590429409,-11.1338809044105,18.));
#5855=CARTESIAN_POINT('Origin',(11.1015764646288,-11.1015764646288,18.));
#5856=CARTESIAN_POINT('Origin',(0.,0.,18.));
#5857=CARTESIAN_POINT('',(5.5,6.73555739531044E-16,18.));
#5858=CARTESIAN_POINT('Origin',(0.,0.,18.));
#5859=CARTESIAN_POINT('Origin',(15.5643824162734,8.00000000000001,16.5));
#5860=CARTESIAN_POINT('',(15.5643824162734,8.,10.5));
#5861=CARTESIAN_POINT('Origin',(15.5643824162734,8.,16.5));
#5862=CARTESIAN_POINT('',(15.5643824162734,8.00000000000001,0.));
#5863=CARTESIAN_POINT('Origin',(8.20000000000002,4.78219120813668,17.8));
#5864=CARTESIAN_POINT('',(8.00000000000002,15.5643824162734,17.8));
#5865=CARTESIAN_POINT('Ctrl Pts',(8.20000000000002,15.459948253471,18.));
#5866=CARTESIAN_POINT('Ctrl Pts',(8.1747782849068,15.4733259220358,18.));
#5867=CARTESIAN_POINT('Ctrl Pts',(8.14763975607033,15.4876325746415,17.9949667432658));
#5868=CARTESIAN_POINT('Ctrl Pts',(8.09716824817942,15.5140804941277,17.97370040044));
#5869=CARTESIAN_POINT('Ctrl Pts',(8.07382835199918,15.5262272457067,17.9574905591161));
#5870=CARTESIAN_POINT('Ctrl Pts',(8.03905742532169,15.5442558345937,17.9210356794139));
#5871=CARTESIAN_POINT('Ctrl Pts',(8.02450290838306,15.5517669817499,17.8993823736158));
#5872=CARTESIAN_POINT('Ctrl Pts',(8.00498010923467,15.5618261392346,17.8513398442269));
#5873=CARTESIAN_POINT('Ctrl Pts',(8.00000000000002,15.5643824162734,17.8249571589162));
#5874=CARTESIAN_POINT('Ctrl Pts',(8.00000000000002,15.5643824162734,17.8));
#5875=CARTESIAN_POINT('',(8.00000000000002,9.70275196609576,17.8));
#5876=CARTESIAN_POINT('',(8.00000000000002,4.78219120813668,17.8));
#5877=CARTESIAN_POINT('Ctrl Pts',(8.00007456415239,9.70261842658237,17.7999952210257));
#5878=CARTESIAN_POINT('Ctrl Pts',(8.00011391364885,9.70254720117635,17.8131279397406));
#5879=CARTESIAN_POINT('Ctrl Pts',(8.00144534924647,9.70171005432156,17.8261368917107));
#5880=CARTESIAN_POINT('Ctrl Pts',(8.00397806061295,9.7001864929467,17.8388468435606));
#5881=CARTESIAN_POINT('Ctrl Pts',(8.00579896644675,9.69909112067793,17.8479847286656));
#5882=CARTESIAN_POINT('Ctrl Pts',(8.00824143773411,9.69763988317466,17.8569687002848));
#5883=CARTESIAN_POINT('Ctrl Pts',(8.01128004588927,9.69584825712151,17.8657354569059));
#5884=CARTESIAN_POINT('Ctrl Pts',(8.01555113918527,9.6933299324038,17.8780580840827));
#5885=CARTESIAN_POINT('Ctrl Pts',(8.02093093688153,9.69017845250205,17.8897610982639));
#5886=CARTESIAN_POINT('Ctrl Pts',(8.02727148059961,9.68646561319106,17.9007109004746));
#5887=CARTESIAN_POINT('Ctrl Pts',(8.03249097505296,9.68340922795794,17.9097247066156));
#5888=CARTESIAN_POINT('Ctrl Pts',(8.03836212475173,9.67997137319416,17.9182290161733));
#5889=CARTESIAN_POINT('Ctrl Pts',(8.04481499406761,9.6761695028952,17.9261537405947));
#5890=CARTESIAN_POINT('Ctrl Pts',(8.045206010462,9.67593912574925,17.926633945139));
#5891=CARTESIAN_POINT('Ctrl Pts',(8.04559900363447,9.67570749549564,17.9271118287256));
#5892=CARTESIAN_POINT('Ctrl Pts',(8.04599395609616,9.67547461930548,17.9275873794538));
#5893=CARTESIAN_POINT('Ctrl Pts',(8.0535150107663,9.6710399727912,17.9366432618));
#5894=CARTESIAN_POINT('Ctrl Pts',(8.06174449489187,9.66615740130259,17.9448540750477));
#5895=CARTESIAN_POINT('Ctrl Pts',(8.07051766432532,9.6609558410575,17.9522314352502));
#5896=CARTESIAN_POINT('Ctrl Pts',(8.07992077005497,9.65538079530981,17.9601385090297));
#5897=CARTESIAN_POINT('Ctrl Pts',(8.08994876362935,9.64943876897853,17.9670887927518));
#5898=CARTESIAN_POINT('Ctrl Pts',(8.10042469733689,9.64323929547557,17.9730785544045));
#5899=CARTESIAN_POINT('Ctrl Pts',(8.10130323317242,9.64271939340423,17.973580869559));
#5900=CARTESIAN_POINT('Ctrl Pts',(8.10218493160685,9.64219765698271,17.9740764161595));
#5901=CARTESIAN_POINT('Ctrl Pts',(8.10306969465032,9.64167413843924,17.9745651844006));
#5902=CARTESIAN_POINT('Ctrl Pts',(8.11447449611858,9.63492586261866,17.9808655207383));
#5903=CARTESIAN_POINT('Ctrl Pts',(8.12635644492697,9.62790713319446,17.9860232595148));
#5904=CARTESIAN_POINT('Ctrl Pts',(8.13852550196554,9.62073203320287,17.9900161777002));
#5905=CARTESIAN_POINT('Ctrl Pts',(8.14204589393194,9.61865634530951,17.9911712907921));
#5906=CARTESIAN_POINT('Ctrl Pts',(8.14559043554915,9.61656732710305,17.9922287180163));
#5907=CARTESIAN_POINT('Ctrl Pts',(8.14915478434453,9.61446721594445,17.9931873927888));
#5908=CARTESIAN_POINT('Ctrl Pts',(8.16204341344693,9.60687324707357,17.996653945666));
#5909=CARTESIAN_POINT('Ctrl Pts',(8.17518622024199,9.59913925446572,17.9988315269159));
#5910=CARTESIAN_POINT('Ctrl Pts',(8.18839485705094,9.59136585645672,17.9996426639652));
#5911=CARTESIAN_POINT('Ctrl Pts',(8.19171586315187,9.58941141539014,17.9998466056079));
#5912=CARTESIAN_POINT('Ctrl Pts',(8.19504106546463,9.58745439991482,17.9999639268104));
#5913=CARTESIAN_POINT('Ctrl Pts',(8.19836751611764,9.5854962850802,17.999992889474));
#5914=CARTESIAN_POINT('Ctrl Pts',(8.19891164777954,9.5851759820334,17.999997627107));
#5915=CARTESIAN_POINT('Ctrl Pts',(8.19945581333889,9.58485565065471,18.));
#5916=CARTESIAN_POINT('Ctrl Pts',(8.20000000000002,9.58453529752953,18.));
#5917=CARTESIAN_POINT('Ctrl Pts',(8.10465116279072,9.75633092831542,17.7626521689289));
#5918=CARTESIAN_POINT('Ctrl Pts',(5.99178032040663,8.5845754482434,17.7668640914011));
#5919=CARTESIAN_POINT('Ctrl Pts',(0.453605952671795,6.94158408102516,17.7690139956841));
#5920=CARTESIAN_POINT('Ctrl Pts',(-5.28749003961195,8.19399028821936,17.7682680655585));
#5921=CARTESIAN_POINT('Ctrl Pts',(-8.1046511627907,9.75633092831532,17.7626521689289));
#5922=CARTESIAN_POINT('Ctrl Pts',(8.09933885202694,9.76590243233481,17.8202422662149));
#5923=CARTESIAN_POINT('Ctrl Pts',(5.98864387785444,8.5937494034537,17.8239963549318));
#5924=CARTESIAN_POINT('Ctrl Pts',(0.453556711981317,6.95079336381276,17.8258423158043));
#5925=CARTESIAN_POINT('Ctrl Pts',(-5.28507888646363,8.20303172715997,17.8252477178375));
#5926=CARTESIAN_POINT('Ctrl Pts',(-8.09933885202693,9.76590243233471,17.8202422662149));
#5927=CARTESIAN_POINT('Ctrl Pts',(8.11503925579551,9.73761408768418,17.9449314928545));
#5928=CARTESIAN_POINT('Ctrl Pts',(6.00076984587772,8.56179506433424,17.9463712998629));
#5929=CARTESIAN_POINT('Ctrl Pts',(0.454569667044144,6.91464518592606,17.9470422613168));
#5930=CARTESIAN_POINT('Ctrl Pts',(-5.29601337590512,8.16985538988423,17.9468512355324));
#5931=CARTESIAN_POINT('Ctrl Pts',(-8.11503925579549,9.73761408768409,17.9449314928545));
#5932=CARTESIAN_POINT('Ctrl Pts',(8.17155223952008,9.63579130755689,18.));
#5933=CARTESIAN_POINT('Ctrl Pts',(6.04173137936254,8.45288221278352,17.999967110952));
#5934=CARTESIAN_POINT('Ctrl Pts',(0.457499204291209,6.79553366607052,18.0000066430161));
#5935=CARTESIAN_POINT('Ctrl Pts',(-5.33179109264339,8.05857918119236,17.999956147936));
#5936=CARTESIAN_POINT('Ctrl Pts',(-8.17155223952006,9.6357913075568,18.));
#5937=CARTESIAN_POINT('Ctrl Pts',(8.20000000000002,9.58453529752953,18.));
#5938=CARTESIAN_POINT('Ctrl Pts',(6.06227185358788,8.39806802768355,18.));
#5939=CARTESIAN_POINT('Ctrl Pts',(0.458942493291463,6.7356001944005,18.));
#5940=CARTESIAN_POINT('Ctrl Pts',(-5.34969580478385,8.00257893773486,18.));
#5941=CARTESIAN_POINT('Ctrl Pts',(-8.2,9.58453529752943,18.));
#5942=CARTESIAN_POINT('',(7.99999999999999,9.69878851311796,17.7628571428571));
#5943=CARTESIAN_POINT('',(-7.99999999999997,9.69878851311787,17.7628571428571));
#5944=CARTESIAN_POINT('Ctrl Pts',(7.99999861362828,9.69879105853451,17.7628577006576));
#5945=CARTESIAN_POINT('Ctrl Pts',(5.91355381019379,8.56151563840242,17.7668943103893));
#5946=CARTESIAN_POINT('Ctrl Pts',(0.452184198235371,6.96188606101492,17.7689936905432));
#5947=CARTESIAN_POINT('Ctrl Pts',(-5.20641565670631,8.17644628919385,17.768278456309));
#5948=CARTESIAN_POINT('Ctrl Pts',(-7.99999568722011,9.69879643032766,17.7628580043604));
#5949=CARTESIAN_POINT('',(-8.,9.70275196609567,17.8));
#5950=CARTESIAN_POINT('Ctrl Pts',(-7.99999796161472,9.69879766975003,17.7628579999474));
#5951=CARTESIAN_POINT('Ctrl Pts',(-7.99999914716379,9.70143269195024,17.7750971269843));
#5952=CARTESIAN_POINT('Ctrl Pts',(-8.00003709101133,9.70269270279245,17.7875286657563));
#5953=CARTESIAN_POINT('Ctrl Pts',(-8.00007451803937,9.70262511914537,17.7999954868401));
#5954=CARTESIAN_POINT('Ctrl Pts',(-8.00007451803937,9.70262511914537,17.7999954868401));
#5955=CARTESIAN_POINT('Ctrl Pts',(-8.00011387089643,9.70255388277956,17.8131286103639));
#5956=CARTESIAN_POINT('Ctrl Pts',(-8.00144539191355,9.70171659035938,17.8261379538289));
#5957=CARTESIAN_POINT('Ctrl Pts',(-8.00397826217557,9.70019276593276,17.8388482700306));
#5958=CARTESIAN_POINT('Ctrl Pts',(-8.0057991446614,9.69909728731647,17.8479857266575));
#5959=CARTESIAN_POINT('Ctrl Pts',(-8.00824153681403,9.69764593644662,17.8569692791109));
#5960=CARTESIAN_POINT('Ctrl Pts',(-8.01128001342872,9.69585419402071,17.8657356352378));
#5961=CARTESIAN_POINT('Ctrl Pts',(-8.01555113601882,9.69333557942486,17.8780583174349));
#5962=CARTESIAN_POINT('Ctrl Pts',(-8.02093097656299,9.69018374151572,17.8897613785349));
#5963=CARTESIAN_POINT('Ctrl Pts',(-8.02727157387479,9.68647050361505,17.9007112194406));
#5964=CARTESIAN_POINT('Ctrl Pts',(-8.03249104085367,9.68341383219213,17.9097249337993));
#5965=CARTESIAN_POINT('Ctrl Pts',(-8.03836215252769,9.6799756742537,17.9182291599838));
#5966=CARTESIAN_POINT('Ctrl Pts',(-8.04481497490268,9.67617349866348,17.9261538117037));
#5967=CARTESIAN_POINT('Ctrl Pts',(-8.04520599139436,9.67594310128484,17.9266340154554));
#5968=CARTESIAN_POINT('Ctrl Pts',(-8.04559898466346,9.67571145077939,17.9271118982566));
#5969=CARTESIAN_POINT('Ctrl Pts',(-8.04599393722112,9.67547855432142,17.9275874482068));
#5970=CARTESIAN_POINT('Ctrl Pts',(-8.05351492520905,9.67104356224738,17.936643233247));
#5971=CARTESIAN_POINT('Ctrl Pts',(-8.06174432955445,9.66616064765635,17.9448539673061));
#5972=CARTESIAN_POINT('Ctrl Pts',(-8.07051741067379,9.66095876438004,17.9522312661156));
#5973=CARTESIAN_POINT('Ctrl Pts',(-8.07992032473479,9.65538342992945,17.9601381925152));
#5974=CARTESIAN_POINT('Ctrl Pts',(-8.08994810396387,9.64944114565131,17.9670883689563));
#5975=CARTESIAN_POINT('Ctrl Pts',(-8.10042381060251,9.6432414615038,17.9730780632454));
#5976=CARTESIAN_POINT('Ctrl Pts',(-8.10130263700236,9.64272135853724,17.9735805497745));
#5977=CARTESIAN_POINT('Ctrl Pts',(-8.10218462814007,9.64219942025916,17.9740762632599));
#5978=CARTESIAN_POINT('Ctrl Pts',(-8.10306968592771,9.6416756989617,17.9745651938858));
#5979=CARTESIAN_POINT('Ctrl Pts',(-8.11447420267389,9.63492722627364,17.9808653672637));
#5980=CARTESIAN_POINT('Ctrl Pts',(-8.12635584282427,9.62790836294787,17.986023002822));
#5981=CARTESIAN_POINT('Ctrl Pts',(-8.13852458118946,9.62073320254959,17.9900158782111));
#5982=CARTESIAN_POINT('Ctrl Pts',(-8.14204527495405,9.61865726487091,17.9911711081999));
#5983=CARTESIAN_POINT('Ctrl Pts',(-8.14559012292312,9.61656800002486,17.9922286355386));
#5984=CARTESIAN_POINT('Ctrl Pts',(-8.14915478148329,9.61446764629071,17.9931873933473));
#5985=CARTESIAN_POINT('Ctrl Pts',(-8.16204329206192,9.60687353009008,17.9966539133381));
#5986=CARTESIAN_POINT('Ctrl Pts',(-8.17518597529482,9.59913947180838,17.9988314863392));
#5987=CARTESIAN_POINT('Ctrl Pts',(-8.18839448843347,9.59136609574098,17.9996426413366));
#5988=CARTESIAN_POINT('Ctrl Pts',(-8.1917156171353,9.58941156973972,17.9998465969306));
#5989=CARTESIAN_POINT('Ctrl Pts',(-8.19504094242967,9.58745447458399,17.9999639257392));
#5990=CARTESIAN_POINT('Ctrl Pts',(-8.19836751611388,9.58549628552419,17.999992889474));
#5991=CARTESIAN_POINT('Ctrl Pts',(-8.19891164777816,9.58517598218111,17.999997627107));
#5992=CARTESIAN_POINT('Ctrl Pts',(-8.19945581333875,9.58485565065468,18.));
#5993=CARTESIAN_POINT('Ctrl Pts',(-8.2,9.58453529752943,18.));
#5994=CARTESIAN_POINT('Ctrl Pts',(8.00007456415239,9.70261842658237,17.7999952210257));
#5995=CARTESIAN_POINT('Ctrl Pts',(8.00003716277281,9.70268583456182,17.78755393282));
#5996=CARTESIAN_POINT('Ctrl Pts',(7.99999920023233,9.70143128608054,17.7751218074854));
#5997=CARTESIAN_POINT('Ctrl Pts',(7.99999801541325,9.69879073246059,17.762857701815));
#5998=CARTESIAN_POINT('Origin',(-8.2,7.78219120813669,17.8));
#5999=CARTESIAN_POINT('',(-8.,15.5643824162734,17.8));
#6000=CARTESIAN_POINT('',(-8.,7.78219120813669,17.8));
#6001=CARTESIAN_POINT('Ctrl Pts',(-8.,15.5643824162734,17.8));
#6002=CARTESIAN_POINT('Ctrl Pts',(-8.,15.5643824162734,17.8249571589162));
#6003=CARTESIAN_POINT('Ctrl Pts',(-8.00498010923465,15.5618261392346,17.8513398442269));
#6004=CARTESIAN_POINT('Ctrl Pts',(-8.02450290838304,15.5517669817499,17.8993823736158));
#6005=CARTESIAN_POINT('Ctrl Pts',(-8.03905742532167,15.5442558345937,17.9210356794139));
#6006=CARTESIAN_POINT('Ctrl Pts',(-8.07382835199916,15.5262272457067,17.9574905591161));
#6007=CARTESIAN_POINT('Ctrl Pts',(-8.09716824817939,15.5140804941277,17.97370040044));
#6008=CARTESIAN_POINT('Ctrl Pts',(-8.14763975607031,15.4876325746415,17.9949667432658));
#6009=CARTESIAN_POINT('Ctrl Pts',(-8.17477828490678,15.4733259220358,18.));
#6010=CARTESIAN_POINT('Ctrl Pts',(-8.2,15.459948253471,18.));
#6011=CARTESIAN_POINT('Origin',(-8.,15.5643824162734,16.5));
#6012=CARTESIAN_POINT('',(-8.,15.5643824162734,10.5));
#6013=CARTESIAN_POINT('Origin',(-8.,15.5643824162734,16.5));
#6014=CARTESIAN_POINT('',(-8.,15.5643824162734,0.));
#6015=CARTESIAN_POINT('Origin',(-8.2,-4.78219120813675,17.8));
#6016=CARTESIAN_POINT('',(-8.,-15.5643824162734,17.8));
#6017=CARTESIAN_POINT('Ctrl Pts',(-8.2,-15.459948253471,18.));
#6018=CARTESIAN_POINT('Ctrl Pts',(-8.17477828490678,-15.4733259220358,18.));
#6019=CARTESIAN_POINT('Ctrl Pts',(-8.14763975607031,-15.4876325746415,17.9949667432658));
#6020=CARTESIAN_POINT('Ctrl Pts',(-8.0971682481794,-15.5140804941277,17.97370040044));
#6021=CARTESIAN_POINT('Ctrl Pts',(-8.07382835199916,-15.5262272457067,17.9574905591161));
#6022=CARTESIAN_POINT('Ctrl Pts',(-8.03905742532167,-15.5442558345937,17.9210356794139));
#6023=CARTESIAN_POINT('Ctrl Pts',(-8.02450290838304,-15.5517669817499,17.8993823736158));
#6024=CARTESIAN_POINT('Ctrl Pts',(-8.00498010923465,-15.5618261392346,17.8513398442269));
#6025=CARTESIAN_POINT('Ctrl Pts',(-8.,-15.5643824162734,17.8249571589162));
#6026=CARTESIAN_POINT('Ctrl Pts',(-8.,-15.5643824162734,17.8));
#6027=CARTESIAN_POINT('',(-8.,-9.70275196609583,17.8));
#6028=CARTESIAN_POINT('',(-8.,-4.78219120813675,17.8));
#6029=CARTESIAN_POINT('Ctrl Pts',(-8.00007456415238,-9.70261842658244,17.7999952210257));
#6030=CARTESIAN_POINT('Ctrl Pts',(-8.00011391364884,-9.70254720117642,17.8131279397405));
#6031=CARTESIAN_POINT('Ctrl Pts',(-8.00144534924643,-9.70171005432164,17.8261368917104));
#6032=CARTESIAN_POINT('Ctrl Pts',(-8.00397806061286,-9.70018649294681,17.8388468435602));
#6033=CARTESIAN_POINT('Ctrl Pts',(-8.00579896644666,-9.69909112067803,17.8479847286653));
#6034=CARTESIAN_POINT('Ctrl Pts',(-8.00824143773405,-9.69763988317474,17.8569687002846));
#6035=CARTESIAN_POINT('Ctrl Pts',(-8.01128004588925,-9.69584825712156,17.8657354569059));
#6036=CARTESIAN_POINT('Ctrl Pts',(-8.01555113918525,-9.69332993240386,17.8780580840827));
#6037=CARTESIAN_POINT('Ctrl Pts',(-8.0209309368815,-9.69017845250211,17.8897610982639));
#6038=CARTESIAN_POINT('Ctrl Pts',(-8.02727148059958,-9.68646561319113,17.9007109004745));
#6039=CARTESIAN_POINT('Ctrl Pts',(-8.03249097505293,-9.68340922795801,17.9097247066156));
#6040=CARTESIAN_POINT('Ctrl Pts',(-8.03836212475171,-9.67997137319423,17.9182290161733));
#6041=CARTESIAN_POINT('Ctrl Pts',(-8.0448149940676,-9.67616950289526,17.9261537405947));
#6042=CARTESIAN_POINT('Ctrl Pts',(-8.04520601046198,-9.67593912574931,17.926633945139));
#6043=CARTESIAN_POINT('Ctrl Pts',(-8.04559900363446,-9.6757074954957,17.9271118287256));
#6044=CARTESIAN_POINT('Ctrl Pts',(-8.04599395609615,-9.67547461930554,17.9275873794538));
#6045=CARTESIAN_POINT('Ctrl Pts',(-8.05351501076624,-9.67103997279129,17.9366432618));
#6046=CARTESIAN_POINT('Ctrl Pts',(-8.06174449489176,-9.66615740130271,17.9448540750476));
#6047=CARTESIAN_POINT('Ctrl Pts',(-8.07051766432515,-9.66095584105765,17.9522314352501));
#6048=CARTESIAN_POINT('Ctrl Pts',(-8.07992077005474,-9.65538079530999,17.9601385090295));
#6049=CARTESIAN_POINT('Ctrl Pts',(-8.08994876362907,-9.64943876897875,17.9670887927516));
#6050=CARTESIAN_POINT('Ctrl Pts',(-8.10042469733654,-9.64323929547582,17.9730785544044));
#6051=CARTESIAN_POINT('Ctrl Pts',(-8.10130323317219,-9.64271939340442,17.9735808695589));
#6052=CARTESIAN_POINT('Ctrl Pts',(-8.10218493160672,-9.64219765698284,17.9740764161595));
#6053=CARTESIAN_POINT('Ctrl Pts',(-8.1030696946503,-9.6416741384393,17.9745651844006));
#6054=CARTESIAN_POINT('Ctrl Pts',(-8.11447449611883,-9.63492586261856,17.9808655207384));
#6055=CARTESIAN_POINT('Ctrl Pts',(-8.12635644492752,-9.62790713319418,17.9860232595151));
#6056=CARTESIAN_POINT('Ctrl Pts',(-8.13852550196638,-9.62073203320243,17.9900161777004));
#6057=CARTESIAN_POINT('Ctrl Pts',(-8.1420458939325,-9.61865634530923,17.9911712907923));
#6058=CARTESIAN_POINT('Ctrl Pts',(-8.14559043554943,-9.61656732710294,17.9922287180164));
#6059=CARTESIAN_POINT('Ctrl Pts',(-8.14915478434452,-9.61446721594451,17.9931873927888));
#6060=CARTESIAN_POINT('Ctrl Pts',(-8.16204341363942,-9.60687324696022,17.9966539457177));
#6061=CARTESIAN_POINT('Ctrl Pts',(-8.17518622063437,-9.59913925423311,17.9988315269812));
#6062=CARTESIAN_POINT('Ctrl Pts',(-8.18839485764228,-9.59136585610783,17.9996426640015));
#6063=CARTESIAN_POINT('Ctrl Pts',(-8.19171586354669,-9.58941141515712,17.9998466056219));
#6064=CARTESIAN_POINT('Ctrl Pts',(-8.19504106566224,-9.58745439979823,17.9999639268121));
#6065=CARTESIAN_POINT('Ctrl Pts',(-8.19836751611789,-9.58549628508041,17.999992889474));
#6066=CARTESIAN_POINT('Ctrl Pts',(-8.19891164777946,-9.58517598203391,17.999997627107));
#6067=CARTESIAN_POINT('Ctrl Pts',(-8.19945581333925,-9.58485565065454,18.));
#6068=CARTESIAN_POINT('Ctrl Pts',(-8.2,-9.58453529752959,18.));
#6069=CARTESIAN_POINT('Ctrl Pts',(-8.1046511627907,-9.75633092831548,17.7626521689289));
#6070=CARTESIAN_POINT('Ctrl Pts',(-5.99178032040663,-8.58457544824346,17.7668640914011));
#6071=CARTESIAN_POINT('Ctrl Pts',(-0.453605952671788,-6.94158408102519,
17.7690139956841));
#6072=CARTESIAN_POINT('Ctrl Pts',(5.28749003961193,-8.19399028821936,17.7682680655585));
#6073=CARTESIAN_POINT('Ctrl Pts',(8.1046511627907,-9.75633092831532,17.7626521689289));
#6074=CARTESIAN_POINT('Ctrl Pts',(-8.09933885202692,-9.76590243233487,17.8202422662149));
#6075=CARTESIAN_POINT('Ctrl Pts',(-5.98864387785444,-8.59374940345376,17.8239963549318));
#6076=CARTESIAN_POINT('Ctrl Pts',(-0.453556711981303,-6.95079336381279,
17.8258423158043));
#6077=CARTESIAN_POINT('Ctrl Pts',(5.28507888646361,-8.20303172715997,17.8252477178375));
#6078=CARTESIAN_POINT('Ctrl Pts',(8.09933885202693,-9.76590243233471,17.8202422662149));
#6079=CARTESIAN_POINT('Ctrl Pts',(-8.11503925579549,-9.73761408768424,17.9449314928545));
#6080=CARTESIAN_POINT('Ctrl Pts',(-6.00076984587771,-8.5617950643343,17.9463712998629));
#6081=CARTESIAN_POINT('Ctrl Pts',(-0.454569667044151,-6.91464518592609,
17.9470422613168));
#6082=CARTESIAN_POINT('Ctrl Pts',(5.29601337590512,-8.16985538988423,17.9468512355324));
#6083=CARTESIAN_POINT('Ctrl Pts',(8.11503925579549,-9.73761408768409,17.9449314928545));
#6084=CARTESIAN_POINT('Ctrl Pts',(-8.17155223952006,-9.63579130755696,18.));
#6085=CARTESIAN_POINT('Ctrl Pts',(-6.04173137936255,-8.45288221278358,17.999967110952));
#6086=CARTESIAN_POINT('Ctrl Pts',(-0.457499204291196,-6.79553366607055,
18.0000066430161));
#6087=CARTESIAN_POINT('Ctrl Pts',(5.33179109264337,-8.05857918119237,17.999956147936));
#6088=CARTESIAN_POINT('Ctrl Pts',(8.17155223952006,-9.63579130755679,18.));
#6089=CARTESIAN_POINT('Ctrl Pts',(-8.2,-9.58453529752959,18.));
#6090=CARTESIAN_POINT('Ctrl Pts',(-6.06227185358788,-8.39806802768361,18.));
#6091=CARTESIAN_POINT('Ctrl Pts',(-0.458942493291458,-6.73560019440053,
18.));
#6092=CARTESIAN_POINT('Ctrl Pts',(5.34969580478384,-8.00257893773486,18.));
#6093=CARTESIAN_POINT('Ctrl Pts',(8.2,-9.58453529752943,18.));
#6094=CARTESIAN_POINT('',(-7.9999999999999,-9.69878851311799,17.7628571428571));
#6095=CARTESIAN_POINT('Ctrl Pts',(-8.00007456415238,-9.70261842658244,17.7999952210257));
#6096=CARTESIAN_POINT('Ctrl Pts',(-8.0000371627728,-9.70268583456189,17.78755393282));
#6097=CARTESIAN_POINT('Ctrl Pts',(-7.99999920023227,-9.70143128608058,17.7751218074854));
#6098=CARTESIAN_POINT('Ctrl Pts',(-7.99999801541317,-9.69879073246062,17.762857701815));
#6099=CARTESIAN_POINT('',(7.99999999999997,-9.69878851311787,17.7628571428571));
#6100=CARTESIAN_POINT('Ctrl Pts',(-7.9999986136282,-9.69879105853453,17.7628577006576));
#6101=CARTESIAN_POINT('Ctrl Pts',(-5.91355381019374,-8.56151563840246,17.7668943103893));
#6102=CARTESIAN_POINT('Ctrl Pts',(-0.452184198235343,-6.96188606101495,
17.7689936905431));
#6103=CARTESIAN_POINT('Ctrl Pts',(5.20641565670629,-8.17644628919385,17.768278456309));
#6104=CARTESIAN_POINT('Ctrl Pts',(7.99999568722011,-9.69879643032765,17.7628580043604));
#6105=CARTESIAN_POINT('',(8.,-9.70275196609567,17.8));
#6106=CARTESIAN_POINT('Ctrl Pts',(7.99999796161471,-9.69879766975003,17.7628579999474));
#6107=CARTESIAN_POINT('Ctrl Pts',(7.99999914716378,-9.70143269195024,17.7750971269843));
#6108=CARTESIAN_POINT('Ctrl Pts',(8.00003709101133,-9.70269270279244,17.7875286657563));
#6109=CARTESIAN_POINT('Ctrl Pts',(8.00007451803937,-9.70262511914537,17.7999954868401));
#6110=CARTESIAN_POINT('Ctrl Pts',(8.00007451803937,-9.70262511914537,17.7999954868401));
#6111=CARTESIAN_POINT('Ctrl Pts',(8.00011387089643,-9.70255388277956,17.8131286103638));
#6112=CARTESIAN_POINT('Ctrl Pts',(8.00144539191353,-9.70171659035939,17.8261379538288));
#6113=CARTESIAN_POINT('Ctrl Pts',(8.00397826217553,-9.70019276593279,17.8388482700304));
#6114=CARTESIAN_POINT('Ctrl Pts',(8.00579914466136,-9.69909728731649,17.8479857266574));
#6115=CARTESIAN_POINT('Ctrl Pts',(8.008241536814,-9.69764593644664,17.8569692791109));
#6116=CARTESIAN_POINT('Ctrl Pts',(8.01128001342872,-9.69585419402071,17.8657356352378));
#6117=CARTESIAN_POINT('Ctrl Pts',(8.01555113601882,-9.69333557942486,17.8780583174349));
#6118=CARTESIAN_POINT('Ctrl Pts',(8.02093097656298,-9.69018374151572,17.8897613785348));
#6119=CARTESIAN_POINT('Ctrl Pts',(8.02727157387477,-9.68647050361506,17.9007112194406));
#6120=CARTESIAN_POINT('Ctrl Pts',(8.03249104085365,-9.68341383219214,17.9097249337992));
#6121=CARTESIAN_POINT('Ctrl Pts',(8.03836215252768,-9.67997567425371,17.9182291599838));
#6122=CARTESIAN_POINT('Ctrl Pts',(8.04481497490267,-9.67617349866348,17.9261538117037));
#6123=CARTESIAN_POINT('Ctrl Pts',(8.04520599139436,-9.67594310128484,17.9266340154554));
#6124=CARTESIAN_POINT('Ctrl Pts',(8.04559898466345,-9.67571145077939,17.9271118982566));
#6125=CARTESIAN_POINT('Ctrl Pts',(8.04599393722111,-9.67547855432142,17.9275874482068));
#6126=CARTESIAN_POINT('Ctrl Pts',(8.05351492520908,-9.67104356224737,17.936643233247));
#6127=CARTESIAN_POINT('Ctrl Pts',(8.06174432955451,-9.66616064765632,17.9448539673061));
#6128=CARTESIAN_POINT('Ctrl Pts',(8.07051741067387,-9.66095876438,17.9522312661157));
#6129=CARTESIAN_POINT('Ctrl Pts',(8.07992032473489,-9.6553834299294,17.9601381925152));
#6130=CARTESIAN_POINT('Ctrl Pts',(8.08994810396396,-9.64944114565126,17.9670883689563));
#6131=CARTESIAN_POINT('Ctrl Pts',(8.10042381060259,-9.64324146150375,17.9730780632455));
#6132=CARTESIAN_POINT('Ctrl Pts',(8.10130263700241,-9.64272135853721,17.9735805497745));
#6133=CARTESIAN_POINT('Ctrl Pts',(8.1021846281401,-9.64219942025914,17.9740762632599));
#6134=CARTESIAN_POINT('Ctrl Pts',(8.10306968592772,-9.6416756989617,17.9745651938858));
#6135=CARTESIAN_POINT('Ctrl Pts',(8.11447420267371,-9.63492722627375,17.9808653672636));
#6136=CARTESIAN_POINT('Ctrl Pts',(8.12635584282388,-9.6279083629481,17.9860230028218));
#6137=CARTESIAN_POINT('Ctrl Pts',(8.13852458118886,-9.62073320254994,17.9900158782109));
#6138=CARTESIAN_POINT('Ctrl Pts',(8.14204527495365,-9.61865726487115,17.9911711081998));
#6139=CARTESIAN_POINT('Ctrl Pts',(8.14559012292293,-9.61656800002498,17.9922286355386));
#6140=CARTESIAN_POINT('Ctrl Pts',(8.1491547814833,-9.61446764629071,17.9931873933473));
#6141=CARTESIAN_POINT('Ctrl Pts',(8.16204329225874,-9.60687352997412,17.9966539133911));
#6142=CARTESIAN_POINT('Ctrl Pts',(8.17518597569601,-9.59913947157049,17.998831486406));
#6143=CARTESIAN_POINT('Ctrl Pts',(8.18839448903808,-9.59136609538422,17.9996426413738));
#6144=CARTESIAN_POINT('Ctrl Pts',(8.19171561753899,-9.58941156950141,17.9998465969449));
#6145=CARTESIAN_POINT('Ctrl Pts',(8.19504094263173,-9.58745447446472,17.999963925741));
#6146=CARTESIAN_POINT('Ctrl Pts',(8.19836751611415,-9.58549628552434,17.999992889474));
#6147=CARTESIAN_POINT('Ctrl Pts',(8.19891164777823,-9.58517598218148,17.999997627107));
#6148=CARTESIAN_POINT('Ctrl Pts',(8.199455813339,-9.58485565065453,18.));
#6149=CARTESIAN_POINT('Ctrl Pts',(8.2,-9.58453529752943,18.));
#6150=CARTESIAN_POINT('Origin',(8.2,-7.78219120813669,17.8));
#6151=CARTESIAN_POINT('',(8.,-15.5643824162734,17.8));
#6152=CARTESIAN_POINT('',(8.,-7.78219120813669,17.8));
#6153=CARTESIAN_POINT('Ctrl Pts',(8.,-15.5643824162734,17.8));
#6154=CARTESIAN_POINT('Ctrl Pts',(8.,-15.5643824162734,17.8249571589162));
#6155=CARTESIAN_POINT('Ctrl Pts',(8.00498010923465,-15.5618261392346,17.8513398442269));
#6156=CARTESIAN_POINT('Ctrl Pts',(8.02450290838304,-15.5517669817499,17.8993823736158));
#6157=CARTESIAN_POINT('Ctrl Pts',(8.03905742532167,-15.5442558345937,17.9210356794139));
#6158=CARTESIAN_POINT('Ctrl Pts',(8.07382835199916,-15.5262272457067,17.9574905591161));
#6159=CARTESIAN_POINT('Ctrl Pts',(8.0971682481794,-15.5140804941277,17.97370040044));
#6160=CARTESIAN_POINT('Ctrl Pts',(8.14763975607031,-15.4876325746415,17.9949667432658));
#6161=CARTESIAN_POINT('Ctrl Pts',(8.17477828490678,-15.4733259220358,18.));
#6162=CARTESIAN_POINT('Ctrl Pts',(8.2,-15.459948253471,18.));
#6163=CARTESIAN_POINT('Ctrl Pts',(-7.99999999999994,-17.0629780363434,10.6901625524026));
#6164=CARTESIAN_POINT('Ctrl Pts',(-7.99999999999994,-13.8221573385111,9.85422183168373));
#6165=CARTESIAN_POINT('Ctrl Pts',(-7.99999999999994,-11.4082519210195,12.1725782148698));
#6166=CARTESIAN_POINT('Ctrl Pts',(-7.99999999999994,-8.99434650352801,14.4909345980558));
#6167=CARTESIAN_POINT('Ctrl Pts',(-7.99999999999994,-9.69878851311802,17.7628571428571));
#6168=CARTESIAN_POINT('Ctrl Pts',(1.11022302462516E-15,-18.1286460328377,
6.55872258966646));
#6169=CARTESIAN_POINT('Ctrl Pts',(1.11022302462516E-15,-12.5832417276578,
5.12833513421422));
#6170=CARTESIAN_POINT('Ctrl Pts',(1.11022302462516E-15,-8.45278134661671,
9.09530050099928));
#6171=CARTESIAN_POINT('Ctrl Pts',(1.11022302462516E-15,-4.32232096557559,
13.0622658677843));
#6172=CARTESIAN_POINT('Ctrl Pts',(1.11022302462516E-15,-5.52769951531852,
18.6608888888889));
#6173=CARTESIAN_POINT('Ctrl Pts',(8.,-17.0629780363434,10.6901625524024));
#6174=CARTESIAN_POINT('Ctrl Pts',(8.,-13.822157338511,9.8542218316836));
#6175=CARTESIAN_POINT('Ctrl Pts',(8.,-11.4082519210195,12.1725782148697));
#6176=CARTESIAN_POINT('Ctrl Pts',(8.,-8.99434650352788,14.4909345980558));
#6177=CARTESIAN_POINT('Ctrl Pts',(8.,-9.69878851311791,17.7628571428572));
#6178=CARTESIAN_POINT('',(-7.99999999999993,-15.5643824162734,10.5000000000001));
#6179=CARTESIAN_POINT('Origin',(-7.99999999999993,-15.5643824162734,16.5));
#6180=CARTESIAN_POINT('',(8.,-15.5643824162734,10.5));
#6181=CARTESIAN_POINT('Ctrl Pts',(8.,-15.5643824162734,10.5));
#6182=CARTESIAN_POINT('Ctrl Pts',(6.81377749757586,-16.1740937280098,9.86734799870712));
#6183=CARTESIAN_POINT('Ctrl Pts',(5.40767996682841,-16.722949373908,9.38878201875952));
#6184=CARTESIAN_POINT('Ctrl Pts',(2.14651190070738,-17.4522107313324,8.77036452977109));
#6185=CARTESIAN_POINT('Ctrl Pts',(0.39299162726795,-17.5820214491311,8.67067477538577));
#6186=CARTESIAN_POINT('Ctrl Pts',(-2.51970043110789,-17.3578129154309,8.85357864816381));
#6187=CARTESIAN_POINT('Ctrl Pts',(-3.67591708045177,-17.1481253799649,9.02367674845359));
#6188=CARTESIAN_POINT('Ctrl Pts',(-5.93176801458084,-16.507402743172,9.58207961066891));
#6189=CARTESIAN_POINT('Ctrl Pts',(-7.01716227101584,-16.0695551639985,9.97581987787526));
#6190=CARTESIAN_POINT('Ctrl Pts',(-7.99999999999993,-15.5643824162734,10.5000000000001));
#6191=CARTESIAN_POINT('Origin',(8.,-15.5643824162734,16.5));
#6192=CARTESIAN_POINT('Origin',(-8.,-9.5643824162735,16.5));
#6193=CARTESIAN_POINT('',(-8.,-15.5643824162734,0.));
#6194=CARTESIAN_POINT('Origin',(-4.78219120813668,8.2,17.8));
#6195=CARTESIAN_POINT('',(-15.5643824162734,8.,17.8));
#6196=CARTESIAN_POINT('Ctrl Pts',(-15.459948253471,8.2,18.));
#6197=CARTESIAN_POINT('Ctrl Pts',(-15.4733259220358,8.17477828490678,18.));
#6198=CARTESIAN_POINT('Ctrl Pts',(-15.4876325746415,8.14763975607031,17.9949667432658));
#6199=CARTESIAN_POINT('Ctrl Pts',(-15.5140804941277,8.09716824817939,17.97370040044));
#6200=CARTESIAN_POINT('Ctrl Pts',(-15.5262272457067,8.07382835199916,17.9574905591161));
#6201=CARTESIAN_POINT('Ctrl Pts',(-15.5442558345937,8.03905742532167,17.9210356794139));
#6202=CARTESIAN_POINT('Ctrl Pts',(-15.5517669817499,8.02450290838304,17.8993823736158));
#6203=CARTESIAN_POINT('Ctrl Pts',(-15.5618261392346,8.00498010923465,17.8513398442269));
#6204=CARTESIAN_POINT('Ctrl Pts',(-15.5643824162734,8.,17.8249571589162));
#6205=CARTESIAN_POINT('Ctrl Pts',(-15.5643824162734,8.,17.8));
#6206=CARTESIAN_POINT('',(-9.70275196609575,8.,17.8));
#6207=CARTESIAN_POINT('',(-4.78219120813668,8.,17.8));
#6208=CARTESIAN_POINT('Ctrl Pts',(-9.70261842658236,8.00007456415237,17.7999952210257));
#6209=CARTESIAN_POINT('Ctrl Pts',(-9.70254720117634,8.00011391364883,17.8131279397404));
#6210=CARTESIAN_POINT('Ctrl Pts',(-9.70171005432158,8.00144534924641,17.8261368917102));
#6211=CARTESIAN_POINT('Ctrl Pts',(-9.70018649294677,8.00397806061279,17.8388468435599));
#6212=CARTESIAN_POINT('Ctrl Pts',(-9.69909112067799,8.0057989664466,17.8479847286651));
#6213=CARTESIAN_POINT('Ctrl Pts',(-9.69763988317469,8.00824143773401,17.8569687002845));
#6214=CARTESIAN_POINT('Ctrl Pts',(-9.69584825712149,8.01128004588924,17.8657354569059));
#6215=CARTESIAN_POINT('Ctrl Pts',(-9.69332993240377,8.01555113918526,17.8780580840827));
#6216=CARTESIAN_POINT('Ctrl Pts',(-9.69017845250201,8.02093093688155,17.889761098264));
#6217=CARTESIAN_POINT('Ctrl Pts',(-9.686465613191,8.02727148059967,17.9007109004747));
#6218=CARTESIAN_POINT('Ctrl Pts',(-9.68340922795789,8.03249097505301,17.9097247066157));
#6219=CARTESIAN_POINT('Ctrl Pts',(-9.67997137319413,8.03836212475175,17.9182290161734));
#6220=CARTESIAN_POINT('Ctrl Pts',(-9.67616950289519,8.04481499406759,17.9261537405947));
#6221=CARTESIAN_POINT('Ctrl Pts',(-9.67593912574924,8.04520601046198,17.926633945139));
#6222=CARTESIAN_POINT('Ctrl Pts',(-9.67570749549563,8.04559900363445,17.9271118287256));
#6223=CARTESIAN_POINT('Ctrl Pts',(-9.67547461930547,8.04599395609614,17.9275873794538));
#6224=CARTESIAN_POINT('Ctrl Pts',(-9.6710399727912,8.05351501076628,17.9366432618));
#6225=CARTESIAN_POINT('Ctrl Pts',(-9.66615740130258,8.06174449489184,17.9448540750477));
#6226=CARTESIAN_POINT('Ctrl Pts',(-9.66095584105749,8.07051766432528,17.9522314352502));
#6227=CARTESIAN_POINT('Ctrl Pts',(-9.65538079530981,8.07992077005492,17.9601385090297));
#6228=CARTESIAN_POINT('Ctrl Pts',(-9.64943876897853,8.0899487636293,17.9670887927518));
#6229=CARTESIAN_POINT('Ctrl Pts',(-9.64323929547558,8.10042469733683,17.9730785544045));
#6230=CARTESIAN_POINT('Ctrl Pts',(-9.64271939340423,8.10130323317238,17.973580869559));
#6231=CARTESIAN_POINT('Ctrl Pts',(-9.6421976569827,8.10218493160682,17.9740764161595));
#6232=CARTESIAN_POINT('Ctrl Pts',(-9.64167413843923,8.1030696946503,17.9745651844006));
#6233=CARTESIAN_POINT('Ctrl Pts',(-9.63492586261841,8.11447449611895,17.9808655207385));
#6234=CARTESIAN_POINT('Ctrl Pts',(-9.62790713319395,8.12635644492778,17.9860232595152));
#6235=CARTESIAN_POINT('Ctrl Pts',(-9.62073203320211,8.13852550196678,17.9900161777006));
#6236=CARTESIAN_POINT('Ctrl Pts',(-9.618656345309,8.14204589393277,17.9911712907924));
#6237=CARTESIAN_POINT('Ctrl Pts',(-9.61656732710278,8.14559043554956,17.9922287180165));
#6238=CARTESIAN_POINT('Ctrl Pts',(-9.61446721594444,8.14915478434451,17.9931873927888));
#6239=CARTESIAN_POINT('Ctrl Pts',(-9.60687324696011,8.16204341363947,17.9966539457177));
#6240=CARTESIAN_POINT('Ctrl Pts',(-9.59913925423297,8.17518622063451,17.9988315269812));
#6241=CARTESIAN_POINT('Ctrl Pts',(-9.59136585610764,8.18839485764248,17.9996426640015));
#6242=CARTESIAN_POINT('Ctrl Pts',(-9.58941141515697,8.19171586354682,17.9998466056219));
#6243=CARTESIAN_POINT('Ctrl Pts',(-9.58745439979811,8.1950410656623,17.9999639268121));
#6244=CARTESIAN_POINT('Ctrl Pts',(-9.58549628508033,8.19836751611788,17.999992889474));
#6245=CARTESIAN_POINT('Ctrl Pts',(-9.58517598203391,8.19891164777932,17.999997627107));
#6246=CARTESIAN_POINT('Ctrl Pts',(-9.58485565065439,8.19945581333938,18.));
#6247=CARTESIAN_POINT('Ctrl Pts',(-9.58453529752951,8.2,18.));
#6248=CARTESIAN_POINT('Ctrl Pts',(-9.7563309283154,8.1046511627907,17.7626521689289));
#6249=CARTESIAN_POINT('Ctrl Pts',(-8.58457544824339,5.99178032040661,17.7668640914011));
#6250=CARTESIAN_POINT('Ctrl Pts',(-6.94158408102517,0.453605952671773,17.7690139956841));
#6251=CARTESIAN_POINT('Ctrl Pts',(-8.19399028821935,-5.28749003961193,17.7682680655585));
#6252=CARTESIAN_POINT('Ctrl Pts',(-9.75633092831531,-8.1046511627907,17.7626521689289));
#6253=CARTESIAN_POINT('Ctrl Pts',(-9.7659024323348,8.09933885202692,17.8202422662149));
#6254=CARTESIAN_POINT('Ctrl Pts',(-8.5937494034537,5.98864387785443,17.8239963549318));
#6255=CARTESIAN_POINT('Ctrl Pts',(-6.95079336381277,0.453556711981292,17.8258423158042));
#6256=CARTESIAN_POINT('Ctrl Pts',(-8.20303172715996,-5.28507888646361,17.8252477178375));
#6257=CARTESIAN_POINT('Ctrl Pts',(-9.76590243233471,-8.09933885202692,17.8202422662149));
#6258=CARTESIAN_POINT('Ctrl Pts',(-9.73761408768417,8.11503925579549,17.9449314928545));
#6259=CARTESIAN_POINT('Ctrl Pts',(-8.56179506433424,6.00076984587769,17.9463712998629));
#6260=CARTESIAN_POINT('Ctrl Pts',(-6.91464518592606,0.454569667044133,17.9470422613168));
#6261=CARTESIAN_POINT('Ctrl Pts',(-8.16985538988423,-5.29601337590512,17.9468512355324));
#6262=CARTESIAN_POINT('Ctrl Pts',(-9.73761408768409,-8.11503925579549,17.9449314928545));
#6263=CARTESIAN_POINT('Ctrl Pts',(-9.63579130755688,8.17155223952006,18.));
#6264=CARTESIAN_POINT('Ctrl Pts',(-8.45288221278352,6.04173137936253,17.999967110952));
#6265=CARTESIAN_POINT('Ctrl Pts',(-6.79553366607053,0.457499204291182,18.0000066430161));
#6266=CARTESIAN_POINT('Ctrl Pts',(-8.05857918119236,-5.33179109264337,17.999956147936));
#6267=CARTESIAN_POINT('Ctrl Pts',(-9.63579130755679,-8.17155223952006,18.));
#6268=CARTESIAN_POINT('Ctrl Pts',(-9.58453529752951,8.2,18.));
#6269=CARTESIAN_POINT('Ctrl Pts',(-8.39806802768354,6.06227185358787,18.));
#6270=CARTESIAN_POINT('Ctrl Pts',(-6.7356001944005,0.458942493291444,18.));
#6271=CARTESIAN_POINT('Ctrl Pts',(-8.00257893773485,-5.34969580478384,18.));
#6272=CARTESIAN_POINT('Ctrl Pts',(-9.58453529752943,-8.2,18.));
#6273=CARTESIAN_POINT('',(-9.69878851311795,7.99999999999997,17.7628571428571));
#6274=CARTESIAN_POINT('',(-9.69878851311787,-7.99999999999997,17.7628571428571));
#6275=CARTESIAN_POINT('Ctrl Pts',(-9.69879105853449,7.99999861362826,17.7628577006576));
#6276=CARTESIAN_POINT('Ctrl Pts',(-8.56151563840241,5.91355381019377,17.7668943103893));
#6277=CARTESIAN_POINT('Ctrl Pts',(-6.96188606101492,0.452184198235352,17.7689936905431));
#6278=CARTESIAN_POINT('Ctrl Pts',(-8.17644628919384,-5.20641565670629,17.768278456309));
#6279=CARTESIAN_POINT('Ctrl Pts',(-9.69879643032765,-7.99999568722011,17.7628580043604));
#6280=CARTESIAN_POINT('',(-9.70275196609566,-8.,17.8));
#6281=CARTESIAN_POINT('Ctrl Pts',(-9.69879766975003,-7.99999796161471,17.7628579999474));
#6282=CARTESIAN_POINT('Ctrl Pts',(-9.70143269195024,-7.99999914716378,17.7750971269843));
#6283=CARTESIAN_POINT('Ctrl Pts',(-9.70269270279244,-8.00003709101132,17.7875286657563));
#6284=CARTESIAN_POINT('Ctrl Pts',(-9.70262511914537,-8.00007451803936,17.7999954868401));
#6285=CARTESIAN_POINT('Ctrl Pts',(-9.70262511914537,-8.00007451803936,17.7999954868401));
#6286=CARTESIAN_POINT('Ctrl Pts',(-9.70255388277956,-8.00011387089643,17.813128610364));
#6287=CARTESIAN_POINT('Ctrl Pts',(-9.70171659035935,-8.00144539191358,17.8261379538292));
#6288=CARTESIAN_POINT('Ctrl Pts',(-9.7001927659327,-8.00397826217566,17.838848270031));
#6289=CARTESIAN_POINT('Ctrl Pts',(-9.69909728731642,-8.00579914466148,17.8479857266578));
#6290=CARTESIAN_POINT('Ctrl Pts',(-9.69764593644659,-8.00824153681408,17.8569692791111));
#6291=CARTESIAN_POINT('Ctrl Pts',(-9.69585419402071,-8.01128001342873,17.8657356352378));
#6292=CARTESIAN_POINT('Ctrl Pts',(-9.69333557942488,-8.01555113601879,17.8780583174348));
#6293=CARTESIAN_POINT('Ctrl Pts',(-9.69018374151578,-8.0209309765629,17.8897613785347));
#6294=CARTESIAN_POINT('Ctrl Pts',(-9.68647050361515,-8.02727157387463,17.9007112194403));
#6295=CARTESIAN_POINT('Ctrl Pts',(-9.68341383219221,-8.03249104085354,17.9097249337991));
#6296=CARTESIAN_POINT('Ctrl Pts',(-9.67997567425375,-8.03836215252761,17.9182291599837));
#6297=CARTESIAN_POINT('Ctrl Pts',(-9.67617349866348,-8.04481497490268,17.9261538117037));
#6298=CARTESIAN_POINT('Ctrl Pts',(-9.67594310128484,-8.04520599139436,17.9266340154554));
#6299=CARTESIAN_POINT('Ctrl Pts',(-9.67571145077939,-8.04559898466346,17.9271118982566));
#6300=CARTESIAN_POINT('Ctrl Pts',(-9.67547855432141,-8.04599393722112,17.9275874482068));
#6301=CARTESIAN_POINT('Ctrl Pts',(-9.67104356224738,-8.05351492520906,17.936643233247));
#6302=CARTESIAN_POINT('Ctrl Pts',(-9.66616064765634,-8.06174432955447,17.9448539673061));
#6303=CARTESIAN_POINT('Ctrl Pts',(-9.66095876438003,-8.07051741067382,17.9522312661156));
#6304=CARTESIAN_POINT('Ctrl Pts',(-9.65538342992945,-8.07992032473482,17.9601381925152));
#6305=CARTESIAN_POINT('Ctrl Pts',(-9.64944114565131,-8.08994810396388,17.9670883689563));
#6306=CARTESIAN_POINT('Ctrl Pts',(-9.6432414615038,-8.1004238106025,17.9730780632454));
#6307=CARTESIAN_POINT('Ctrl Pts',(-9.64272135853724,-8.10130263700235,17.9735805497745));
#6308=CARTESIAN_POINT('Ctrl Pts',(-9.64219942025916,-8.10218462814007,17.9740762632599));
#6309=CARTESIAN_POINT('Ctrl Pts',(-9.6416756989617,-8.10306968592771,17.9745651938858));
#6310=CARTESIAN_POINT('Ctrl Pts',(-9.63492722627384,-8.11447420267354,17.9808653672635));
#6311=CARTESIAN_POINT('Ctrl Pts',(-9.62790836294829,-8.12635584282354,17.9860230028217));
#6312=CARTESIAN_POINT('Ctrl Pts',(-9.62073320255023,-8.13852458118834,17.9900158782107));
#6313=CARTESIAN_POINT('Ctrl Pts',(-9.61865726487134,-8.1420452749533,17.9911711081997));
#6314=CARTESIAN_POINT('Ctrl Pts',(-9.61656800002507,-8.14559012292274,17.9922286355385));
#6315=CARTESIAN_POINT('Ctrl Pts',(-9.6144676462907,-8.14915478148328,17.9931873933473));
#6316=CARTESIAN_POINT('Ctrl Pts',(-9.606873529975,-8.16204329225721,17.9966539133907));
#6317=CARTESIAN_POINT('Ctrl Pts',(-9.5991394715723,-8.17518597569291,17.9988314864054));
#6318=CARTESIAN_POINT('Ctrl Pts',(-9.59136609538695,-8.18839448903343,17.9996426413735));
#6319=CARTESIAN_POINT('Ctrl Pts',(-9.58941156950323,-8.19171561753588,17.9998465969448));
#6320=CARTESIAN_POINT('Ctrl Pts',(-9.58745447446564,-8.19504094263018,17.9999639257409));
#6321=CARTESIAN_POINT('Ctrl Pts',(-9.58549628552434,-8.19836751611415,17.999992889474));
#6322=CARTESIAN_POINT('Ctrl Pts',(-9.58517598218148,-8.19891164777822,17.999997627107));
#6323=CARTESIAN_POINT('Ctrl Pts',(-9.58485565065453,-8.19945581333899,18.));
#6324=CARTESIAN_POINT('Ctrl Pts',(-9.58453529752943,-8.2,18.));
#6325=CARTESIAN_POINT('Ctrl Pts',(-9.70261842658236,8.00007456415237,17.7999952210257));
#6326=CARTESIAN_POINT('Ctrl Pts',(-9.70268583456181,8.00003716277279,17.78755393282));
#6327=CARTESIAN_POINT('Ctrl Pts',(-9.70143128608053,7.99999920023232,17.7751218074854));
#6328=CARTESIAN_POINT('Ctrl Pts',(-9.69879073246058,7.99999801541323,17.762857701815));
#6329=CARTESIAN_POINT('Origin',(-7.78219120813669,-8.2,17.8));
#6330=CARTESIAN_POINT('',(-15.5643824162734,-8.,17.8));
#6331=CARTESIAN_POINT('',(-7.78219120813669,-8.,17.8));
#6332=CARTESIAN_POINT('Ctrl Pts',(-15.5643824162734,-8.,17.8));
#6333=CARTESIAN_POINT('Ctrl Pts',(-15.5643824162734,-8.,17.8249571589162));
#6334=CARTESIAN_POINT('Ctrl Pts',(-15.5618261392346,-8.00498010923465,17.8513398442269));
#6335=CARTESIAN_POINT('Ctrl Pts',(-15.5517669817499,-8.02450290838304,17.8993823736158));
#6336=CARTESIAN_POINT('Ctrl Pts',(-15.5442558345937,-8.03905742532167,17.9210356794139));
#6337=CARTESIAN_POINT('Ctrl Pts',(-15.5262272457067,-8.07382835199915,17.9574905591161));
#6338=CARTESIAN_POINT('Ctrl Pts',(-15.5140804941277,-8.09716824817939,17.97370040044));
#6339=CARTESIAN_POINT('Ctrl Pts',(-15.4876325746415,-8.14763975607031,17.9949667432658));
#6340=CARTESIAN_POINT('Ctrl Pts',(-15.4733259220358,-8.17477828490678,18.));
#6341=CARTESIAN_POINT('Ctrl Pts',(-15.459948253471,-8.2,18.));
#6342=CARTESIAN_POINT('Origin',(0.,0.,0.));
#6343=CARTESIAN_POINT('',(13.007849070773,-11.7066588979089,17.6));
#6344=CARTESIAN_POINT('Ctrl Pts',(13.007849070773,-11.7066588979089,17.6));
#6345=CARTESIAN_POINT('Ctrl Pts',(13.007849070773,-11.7066588979089,17.6049575564321));
#6346=CARTESIAN_POINT('Ctrl Pts',(13.0079984557344,-11.706492915525,17.6099410716812));
#6347=CARTESIAN_POINT('Ctrl Pts',(13.0096586889072,-11.7046480046161,17.6373455762898));
#6348=CARTESIAN_POINT('Ctrl Pts',(13.0140119074447,-11.6998115529349,17.6588068221819));
#6349=CARTESIAN_POINT('Ctrl Pts',(13.029547418838,-11.6825114873412,17.7071089794405));
#6350=CARTESIAN_POINT('Ctrl Pts',(13.0425256217195,-11.6680328578025,17.732591184736));
#6351=CARTESIAN_POINT('Ctrl Pts',(13.0810816612053,-11.6248278607971,17.7929941672749));
#6352=CARTESIAN_POINT('Ctrl Pts',(13.1128845466117,-11.5890146191396,17.8282526043547));
#6353=CARTESIAN_POINT('Ctrl Pts',(13.2088141192984,-11.4797838298209,17.9109568866983));
#6354=CARTESIAN_POINT('Ctrl Pts',(13.2840022868924,-11.3930158547823,17.9543269970132));
#6355=CARTESIAN_POINT('Ctrl Pts',(13.4103296061984,-11.2435808664134,17.9926841663564));
#6356=CARTESIAN_POINT('Ctrl Pts',(13.4564473677879,-11.1883424759566,18.));
#6357=CARTESIAN_POINT('Ctrl Pts',(13.5013590429409,-11.1338809044105,18.));
#6358=CARTESIAN_POINT('',(13.007849070773,-11.7066588979089,16.4));
#6359=CARTESIAN_POINT('',(13.007849070773,-11.7066588979089,18.));
#6360=CARTESIAN_POINT('',(11.7066588979089,-13.007849070773,16.4));
#6361=CARTESIAN_POINT('Origin',(0.,0.,16.4));
#6362=CARTESIAN_POINT('',(11.7066588979089,-13.007849070773,17.6));
#6363=CARTESIAN_POINT('',(11.7066588979089,-13.007849070773,18.));
#6364=CARTESIAN_POINT('Ctrl Pts',(11.1338809044105,-13.5013590429409,18.));
#6365=CARTESIAN_POINT('Ctrl Pts',(11.1929982824701,-13.4526079620607,18.));
#6366=CARTESIAN_POINT('Ctrl Pts',(11.2522389620811,-13.4030854020362,17.9913730528379));
#6367=CARTESIAN_POINT('Ctrl Pts',(11.4147375518677,-13.2654768542907,17.9467771263391));
#6368=CARTESIAN_POINT('Ctrl Pts',(11.5105043965493,-13.1820746786089,17.8943388048996));
#6369=CARTESIAN_POINT('Ctrl Pts',(11.6124209299331,-13.0921141667538,17.8047811822766));
#6370=CARTESIAN_POINT('Ctrl Pts',(11.643861858069,-13.0641298518333,17.7707817098278));
#6371=CARTESIAN_POINT('Ctrl Pts',(11.6817283150392,-13.0302565936108,17.7077500123697));
#6372=CARTESIAN_POINT('Ctrl Pts',(11.6937385327504,-13.0194686384588,17.6811293365425));
#6373=CARTESIAN_POINT('Ctrl Pts',(11.7045537327629,-13.0097444462498,17.6349880691411));
#6374=CARTESIAN_POINT('Ctrl Pts',(11.7066588979089,-13.007849070773,17.6176587133592));
#6375=CARTESIAN_POINT('Ctrl Pts',(11.7066588979089,-13.007849070773,17.6));
#6376=CARTESIAN_POINT('',(8.,-15.5643824162734,0.));
#6377=CARTESIAN_POINT('',(-11.7066588979089,-13.007849070773,17.6));
#6378=CARTESIAN_POINT('Ctrl Pts',(-11.7066588979089,-13.007849070773,17.6));
#6379=CARTESIAN_POINT('Ctrl Pts',(-11.7066588979089,-13.007849070773,17.6049575564321));
#6380=CARTESIAN_POINT('Ctrl Pts',(-11.7064929155249,-13.0079984557344,17.6099410716812));
#6381=CARTESIAN_POINT('Ctrl Pts',(-11.7046480046161,-13.0096586889072,17.6373455762898));
#6382=CARTESIAN_POINT('Ctrl Pts',(-11.6998115529349,-13.0140119074447,17.6588068221819));
#6383=CARTESIAN_POINT('Ctrl Pts',(-11.6825114873412,-13.029547418838,17.7071089794405));
#6384=CARTESIAN_POINT('Ctrl Pts',(-11.6680328578024,-13.0425256217195,17.732591184736));
#6385=CARTESIAN_POINT('Ctrl Pts',(-11.6248278607973,-13.0810816612051,17.7929941672746));
#6386=CARTESIAN_POINT('Ctrl Pts',(-11.58901461914,-13.1128845466113,17.8282526043544));
#6387=CARTESIAN_POINT('Ctrl Pts',(-11.4797838298209,-13.2088141192984,17.9109568866983));
#6388=CARTESIAN_POINT('Ctrl Pts',(-11.3930158547822,-13.2840022868924,17.9543269970132));
#6389=CARTESIAN_POINT('Ctrl Pts',(-11.2435808664134,-13.4103296061984,17.9926841663565));
#6390=CARTESIAN_POINT('Ctrl Pts',(-11.1883424759566,-13.4564473677879,18.));
#6391=CARTESIAN_POINT('Ctrl Pts',(-11.1338809044105,-13.5013590429409,18.));
#6392=CARTESIAN_POINT('',(-11.7066588979089,-13.007849070773,16.4));
#6393=CARTESIAN_POINT('',(-11.7066588979089,-13.007849070773,18.));
#6394=CARTESIAN_POINT('',(-13.007849070773,-11.7066588979089,16.4));
#6395=CARTESIAN_POINT('Origin',(0.,0.,16.4));
#6396=CARTESIAN_POINT('',(-13.007849070773,-11.7066588979089,17.6));
#6397=CARTESIAN_POINT('',(-13.007849070773,-11.7066588979089,18.));
#6398=CARTESIAN_POINT('Ctrl Pts',(-13.5013590429409,-11.1338809044105,18.));
#6399=CARTESIAN_POINT('Ctrl Pts',(-13.4526079620606,-11.1929982824701,18.));
#6400=CARTESIAN_POINT('Ctrl Pts',(-13.4030854020362,-11.2522389620812,17.9913730528379));
#6401=CARTESIAN_POINT('Ctrl Pts',(-13.2654768542906,-11.4147375518679,17.9467771263391));
#6402=CARTESIAN_POINT('Ctrl Pts',(-13.1820746786088,-11.5105043965494,17.8943388048995));
#6403=CARTESIAN_POINT('Ctrl Pts',(-13.0921141667538,-11.6124209299331,17.8047811822766));
#6404=CARTESIAN_POINT('Ctrl Pts',(-13.0641298518333,-11.643861858069,17.7707817098277));
#6405=CARTESIAN_POINT('Ctrl Pts',(-13.0302565936108,-11.6817283150392,17.7077500123697));
#6406=CARTESIAN_POINT('Ctrl Pts',(-13.0194686384588,-11.6937385327504,17.6811293365425));
#6407=CARTESIAN_POINT('Ctrl Pts',(-13.0097444462498,-11.7045537327628,17.634988069141));
#6408=CARTESIAN_POINT('Ctrl Pts',(-13.007849070773,-11.7066588979089,17.6176587133592));
#6409=CARTESIAN_POINT('Ctrl Pts',(-13.007849070773,-11.7066588979089,17.6));
#6410=CARTESIAN_POINT('',(-15.5643824162734,-8.,10.5));
#6411=CARTESIAN_POINT('',(-15.5643824162734,-8.,0.));
#6412=CARTESIAN_POINT('',(-17.5,-2.04301109580095E-15,8.73769463564027));
#6413=CARTESIAN_POINT('Ctrl Pts',(-15.5643824162734,-8.,10.5));
#6414=CARTESIAN_POINT('Ctrl Pts',(-16.1740937280098,-6.81377749757579,9.86734799870709));
#6415=CARTESIAN_POINT('Ctrl Pts',(-16.7229493739081,-5.40767996682833,9.38878201875949));
#6416=CARTESIAN_POINT('Ctrl Pts',(-17.3558906188858,-2.57724372495418,8.8520444946724));
#6417=CARTESIAN_POINT('Ctrl Pts',(-17.5,-1.29080892564498,8.73769463564026));
#6418=CARTESIAN_POINT('Ctrl Pts',(-17.5,-2.22044604925031E-15,8.73769463564027));
#6419=CARTESIAN_POINT('',(-17.5,-2.14313189850787E-15,1.6));
#6420=CARTESIAN_POINT('',(-17.5,-2.14313189850787E-15,0.));
#6421=CARTESIAN_POINT('',(-17.4757961783439,-0.920080394845466,1.6));
#6422=CARTESIAN_POINT('Origin',(0.,0.,1.6));
#6423=CARTESIAN_POINT('',(-17.4757961783439,-0.920080394845466,0.4));
#6424=CARTESIAN_POINT('',(-17.4757961783439,-0.920080394845466,0.));
#6425=CARTESIAN_POINT('',(-17.4197452229299,-1.67405984606574,0.));
#6426=CARTESIAN_POINT('Ctrl Pts',(-17.4197452229299,-1.67405984606574,-6.03074985157098E-29));
#6427=CARTESIAN_POINT('Ctrl Pts',(-17.4270753019612,-1.59778532727323,-3.96884254346617E-16));
#6428=CARTESIAN_POINT('Ctrl Pts',(-17.4339470502213,-1.52087810298316,0.00862694716209463));
#6429=CARTESIAN_POINT('Ctrl Pts',(-17.4515469677326,-1.30867031095166,0.0532228736608734));
#6430=CARTESIAN_POINT('Ctrl Pts',(-17.4602901090294,-1.18197868167421,0.105661195100488));
#6431=CARTESIAN_POINT('Ctrl Pts',(-17.4687442929284,-1.04630112183182,0.195218817723363));
#6432=CARTESIAN_POINT('Ctrl Pts',(-17.4711884875729,-1.00428112949296,0.229218290172267));
#6433=CARTESIAN_POINT('Ctrl Pts',(-17.4740121054861,-0.953553490399784,
0.292249987630293));
#6434=CARTESIAN_POINT('Ctrl Pts',(-17.4748763756301,-0.937432747769549,
0.318870663457478));
#6435=CARTESIAN_POINT('Ctrl Pts',(-17.4756478346462,-0.922909204248285,
0.365011930858979));
#6436=CARTESIAN_POINT('Ctrl Pts',(-17.4757961783439,-0.920080394845469,
0.382341286640831));
#6437=CARTESIAN_POINT('Ctrl Pts',(-17.4757961783439,-0.920080394845469,
0.4));
#6438=CARTESIAN_POINT('',(-16.7301592541645,-5.1333976399749,0.));
#6439=CARTESIAN_POINT('Origin',(0.,0.,0.));
#6440=CARTESIAN_POINT('',(-16.6625855648926,-5.34866733800429,0.199977185016425));
#6441=CARTESIAN_POINT('Ctrl Pts',(-16.6625855648926,-5.34866733800429,0.199977185016425));
#6442=CARTESIAN_POINT('Ctrl Pts',(-16.6625860769838,-5.3486657426977,0.186914232000947));
#6443=CARTESIAN_POINT('Ctrl Pts',(-16.6630734437276,-5.34724823983485,0.173974731028337));
#6444=CARTESIAN_POINT('Ctrl Pts',(-16.6639709654962,-5.34453353048926,0.161321346540622));
#6445=CARTESIAN_POINT('Ctrl Pts',(-16.6646754402425,-5.34240272514911,0.151389565342304));
#6446=CARTESIAN_POINT('Ctrl Pts',(-16.6656335363542,-5.33947179912993,0.141633391665939));
#6447=CARTESIAN_POINT('Ctrl Pts',(-16.6668239007581,-5.33578241764425,0.132130662320972));
#6448=CARTESIAN_POINT('Ctrl Pts',(-16.6683603510887,-5.33102038730725,0.119865114396261));
#6449=CARTESIAN_POINT('Ctrl Pts',(-16.6702614973415,-5.32506546126407,0.108197741189608));
#6450=CARTESIAN_POINT('Ctrl Pts',(-16.6724739541334,-5.31807355500227,0.0972590466202935));
#6451=CARTESIAN_POINT('Ctrl Pts',(-16.6743787898872,-5.31205380669198,0.087841273314276));
#6452=CARTESIAN_POINT('Ctrl Pts',(-16.6765152929619,-5.3052644875085,0.0789627822511764));
#6453=CARTESIAN_POINT('Ctrl Pts',(-16.6788711106072,-5.29778338414677,0.0707061873374232));
#6454=CARTESIAN_POINT('Ctrl Pts',(-16.6800748340365,-5.29396085594267,0.0664874156667685));
#6455=CARTESIAN_POINT('Ctrl Pts',(-16.6813315548432,-5.28997270702665,0.0624477659647033));
#6456=CARTESIAN_POINT('Ctrl Pts',(-16.6826386798473,-5.28583116879874,0.0585954220359997));
#6457=CARTESIAN_POINT('Ctrl Pts',(-16.6856119820337,-5.27641045950952,0.0498325396871447));
#6458=CARTESIAN_POINT('Ctrl Pts',(-16.6888434195237,-5.26619874865824,0.0420369926221873));
#6459=CARTESIAN_POINT('Ctrl Pts',(-16.692249215493,-5.25539325095671,0.0352015561713426));
#6460=CARTESIAN_POINT('Ctrl Pts',(-16.6944405093435,-5.24844097874828,0.030803626878092));
#6461=CARTESIAN_POINT('Ctrl Pts',(-16.696704828336,-5.24124205256049,0.0268035526186283));
#6462=CARTESIAN_POINT('Ctrl Pts',(-16.6990267764028,-5.23384208181449,0.0232048232057056));
#6463=CARTESIAN_POINT('Ctrl Pts',(-16.702937293482,-5.22137939481466,0.0171440102903902));
#6464=CARTESIAN_POINT('Ctrl Pts',(-16.706990511038,-5.20840095383705,0.0122465686238112));
#6465=CARTESIAN_POINT('Ctrl Pts',(-16.7111185711351,-5.19511039093051,0.00853192620167678));
#6466=CARTESIAN_POINT('Ctrl Pts',(-16.712140969056,-5.1918187131052,0.00761191956419604));
#6467=CARTESIAN_POINT('Ctrl Pts',(-16.7131680897281,-5.1885077576592,0.00676463746503726));
#6468=CARTESIAN_POINT('Ctrl Pts',(-16.7141991308776,-5.18518038955172,0.00599072867629018));
#6469=CARTESIAN_POINT('Ctrl Pts',(-16.7185300436016,-5.17120370115239,0.00273990651282097));
#6470=CARTESIAN_POINT('Ctrl Pts',(-16.7229219816756,-5.15695908866909,0.000784858368232689));
#6471=CARTESIAN_POINT('Ctrl Pts',(-16.7273185759369,-5.14264934794898,0.000191989091984569));
#6472=CARTESIAN_POINT('Ctrl Pts',(-16.7282653368406,-5.13956789393006,6.4320851887266E-5));
#6473=CARTESIAN_POINT('Ctrl Pts',(-16.7292123573632,-5.13648337612085,3.80662190437456E-13));
#6474=CARTESIAN_POINT('Ctrl Pts',(-16.730159126659,-5.13339776749591,3.53883589099269E-16));
#6475=CARTESIAN_POINT('',(-16.6625346010287,-5.34882610200795,1.5));
#6476=CARTESIAN_POINT('Ctrl Pts',(-16.6625855648926,-5.34866733800429,0.199977185016425));
#6477=CARTESIAN_POINT('Ctrl Pts',(-16.6625681911674,-5.34872146198771,0.643164127583167));
#6478=CARTESIAN_POINT('Ctrl Pts',(-16.6625511572033,-5.34877452661063,1.07767845107059));
#6479=CARTESIAN_POINT('Ctrl Pts',(-16.6625346010287,-5.34882610200795,1.5));
#6480=CARTESIAN_POINT('',(-16.6627698041936,-5.34809334739526,7.49999995064619));
#6481=CARTESIAN_POINT('Ctrl Pts',(-16.6625346010287,-5.34882610200795,1.5));
#6482=CARTESIAN_POINT('Ctrl Pts',(-16.6626076522375,-5.34859853463687,3.36341956868388));
#6483=CARTESIAN_POINT('Ctrl Pts',(-16.6626900049311,-5.34834197371031,5.46421544164871));
#6484=CARTESIAN_POINT('Ctrl Pts',(-16.6627698041936,-5.34809334739526,7.49999995064618));
#6485=CARTESIAN_POINT('',(-5.34955882976916,-16.6622993709403,7.49999995064807));
#6486=CARTESIAN_POINT('Ctrl Pts',(-16.6627698041936,-5.34809334739526,7.49999995064618));
#6487=CARTESIAN_POINT('Ctrl Pts',(-16.6389794402864,-5.42221571804101,7.53692724217561));
#6488=CARTESIAN_POINT('Ctrl Pts',(-16.6144815762373,-5.49684269747045,7.5733792595793));
#6489=CARTESIAN_POINT('Ctrl Pts',(-16.1482469481508,-6.88495337316143,8.23814260751116));
#6490=CARTESIAN_POINT('Ctrl Pts',(-15.4956790612851,-8.30336073760221,8.70302276454956));
#6491=CARTESIAN_POINT('Ctrl Pts',(-13.6079959867067,-11.1383167473618,9.26600336894294));
#6492=CARTESIAN_POINT('Ctrl Pts',(-12.4210627474468,-12.4507798346696,9.33390734304328));
#6493=CARTESIAN_POINT('Ctrl Pts',(-9.62256018785083,-14.7354741703385,9.03625866603785));
#6494=CARTESIAN_POINT('Ctrl Pts',(-8.07879256583243,-15.6062461909604,8.65051712039522));
#6495=CARTESIAN_POINT('Ctrl Pts',(-6.1667873226926,-16.3839165297121,7.88583120919097));
#6496=CARTESIAN_POINT('Ctrl Pts',(-5.75095562302737,-16.5334278561625,7.69996535471338));
#6497=CARTESIAN_POINT('Ctrl Pts',(-5.34955882976916,-16.6622993709403,7.49999995064807));
#6498=CARTESIAN_POINT('',(-5.34882610203475,-16.6625346010201,1.5));
#6499=CARTESIAN_POINT('Ctrl Pts',(-5.34955882976916,-16.6622993709403,7.49999995064807));
#6500=CARTESIAN_POINT('Ctrl Pts',(-5.34931022170303,-16.6623791884641,5.46421544222791));
#6501=CARTESIAN_POINT('Ctrl Pts',(-5.34905366941441,-16.6624615498085,3.36341956856786));
#6502=CARTESIAN_POINT('Ctrl Pts',(-5.34882610203475,-16.6625346010201,1.5));
#6503=CARTESIAN_POINT('',(-5.34898485920882,-16.66248363768,0.200022814984438));
#6504=CARTESIAN_POINT('Ctrl Pts',(-5.34882610203475,-16.6625346010201,1.5));
#6505=CARTESIAN_POINT('Ctrl Pts',(-5.34887767566397,-16.6625180454131,1.07769294501137));
#6506=CARTESIAN_POINT('Ctrl Pts',(-5.34893073801474,-16.6625010116474,0.643193952311449));
#6507=CARTESIAN_POINT('Ctrl Pts',(-5.34898485920882,-16.66248363768,0.200022814984438));
#6508=CARTESIAN_POINT('',(-5.13371963651439,-16.7300604509919,0.));
#6509=CARTESIAN_POINT('Ctrl Pts',(-5.13371950902656,-16.7300605784746,-1.27675647831893E-15));
#6510=CARTESIAN_POINT('Ctrl Pts',(-5.14788995655739,-16.725712276372,-2.0312412159728E-12));
#6511=CARTESIAN_POINT('Ctrl Pts',(-5.16202580738253,-16.7213631777969,0.0013524874756811));
#6512=CARTESIAN_POINT('Ctrl Pts',(-5.17593563902543,-16.7170625702331,0.003976600867634));
#6513=CARTESIAN_POINT('Ctrl Pts',(-5.1896061907565,-16.7128359426445,0.00655557369734331));
#6514=CARTESIAN_POINT('Ctrl Pts',(-5.20305948398414,-16.7086551006291,0.0103635211627257));
#6515=CARTESIAN_POINT('Ctrl Pts',(-5.21609878861621,-16.7045818520449,0.0153675094584548));
#6516=CARTESIAN_POINT('Ctrl Pts',(-5.21936318901294,-16.7035621109874,0.0166202619509177));
#6517=CARTESIAN_POINT('Ctrl Pts',(-5.22260152421146,-16.702549231665,0.0179481656588231));
#6518=CARTESIAN_POINT('Ctrl Pts',(-5.22581043560013,-16.7015444556715,0.0193510649441489));
#6519=CARTESIAN_POINT('Ctrl Pts',(-5.23758338006269,-16.697858105213,0.0244980613464272));
#6520=CARTESIAN_POINT('Ctrl Pts',(-5.24891099951127,-16.694296258572,0.030629462194617));
#6521=CARTESIAN_POINT('Ctrl Pts',(-5.25962029989188,-16.6909176496464,0.0377326915922712));
#6522=CARTESIAN_POINT('Ctrl Pts',(-5.2689875279845,-16.6879624425539,0.0439457557138632));
#6523=CARTESIAN_POINT('Ctrl Pts',(-5.27788179503336,-16.6851473297621,0.0509029797099354));
#6524=CARTESIAN_POINT('Ctrl Pts',(-5.28616687488325,-16.6825320766394,0.0586115649471068));
#6525=CARTESIAN_POINT('Ctrl Pts',(-5.28944044866662,-16.6814987463379,0.0616573560555258));
#6526=CARTESIAN_POINT('Ctrl Pts',(-5.29261864884913,-16.6804968865625,0.0648206116331115));
#6527=CARTESIAN_POINT('Ctrl Pts',(-5.29569545261488,-16.6795278037255,0.0680973603974849));
#6528=CARTESIAN_POINT('Ctrl Pts',(-5.30456283288448,-16.6767348969683,0.0775409842207286));
#6529=CARTESIAN_POINT('Ctrl Pts',(-5.31251002276869,-16.6742353941736,0.0878422894201231));
#6530=CARTESIAN_POINT('Ctrl Pts',(-5.31941242283377,-16.6720494827056,0.0988730487739305));
#6531=CARTESIAN_POINT('Ctrl Pts',(-5.32548206138008,-16.6701272973237,0.1085729678655));
#6532=CARTESIAN_POINT('Ctrl Pts',(-5.33074361733358,-16.6684477881961,0.118837819188601));
#6533=CARTESIAN_POINT('Ctrl Pts',(-5.3350887237755,-16.6670483249046,0.129579241852097));
#6534=CARTESIAN_POINT('Ctrl Pts',(-5.33960942544863,-16.6655923062483,0.140754748840418));
#6535=CARTESIAN_POINT('Ctrl Pts',(-5.34309549505299,-16.6644511714716,0.152343869490737));
#6536=CARTESIAN_POINT('Ctrl Pts',(-5.34544920719743,-16.6636706887987,0.164222713272947));
#6537=CARTESIAN_POINT('Ctrl Pts',(-5.3477841290771,-16.6628964369116,0.176006725314464));
#6538=CARTESIAN_POINT('Ctrl Pts',(-5.34898632942236,-16.6624831657126,0.18798397847846));
#6539=CARTESIAN_POINT('Ctrl Pts',(-5.34898485920882,-16.66248363768,0.200022814984438));
#6540=CARTESIAN_POINT('',(-1.67405984606574,-17.4197452229299,0.));
#6541=CARTESIAN_POINT('Origin',(0.,0.,0.));
#6542=CARTESIAN_POINT('',(-0.920080394845462,-17.4757961783439,0.4));
#6543=CARTESIAN_POINT('Ctrl Pts',(-0.920080394845462,-17.4757961783439,
0.4));
#6544=CARTESIAN_POINT('Ctrl Pts',(-0.920080394845462,-17.4757961783439,
0.395042443567913));
#6545=CARTESIAN_POINT('Ctrl Pts',(-0.920303393233911,-17.4757844421939,
0.390058928318766));
#6546=CARTESIAN_POINT('Ctrl Pts',(-0.92278190438311,-17.4756538553144,0.362654423710234));
#6547=CARTESIAN_POINT('Ctrl Pts',(-0.929279982511607,-17.4753121578816,
0.341193177818154));
#6548=CARTESIAN_POINT('Ctrl Pts',(-0.952498241663266,-17.4740644296407,
0.292891020559517));
#6549=CARTESIAN_POINT('Ctrl Pts',(-0.971913154057494,-17.4730034677767,
0.267408815264022));
#6550=CARTESIAN_POINT('Ctrl Pts',(-1.02972693739752,-17.4697161583891,0.207005832724874));
#6551=CARTESIAN_POINT('Ctrl Pts',(-1.07753875936215,-17.466880408289,0.171747395645052));
#6552=CARTESIAN_POINT('Ctrl Pts',(-1.22260904256636,-17.4574750278106,0.0890431133017709));
#6553=CARTESIAN_POINT('Ctrl Pts',(-1.33712932927672,-17.4492868674416,0.0456730029867958));
#6554=CARTESIAN_POINT('Ctrl Pts',(-1.53212272702934,-17.4329472779498,0.00731583364355993));
#6555=CARTESIAN_POINT('Ctrl Pts',(-1.6037923494562,-17.4264980194291,-3.65627518051515E-16));
#6556=CARTESIAN_POINT('Ctrl Pts',(-1.67405984606574,-17.4197452229299,-5.72358700616466E-29));
#6557=CARTESIAN_POINT('',(-0.920080394845462,-17.4757961783439,1.6));
#6558=CARTESIAN_POINT('',(-0.920080394845462,-17.4757961783439,0.));
#6559=CARTESIAN_POINT('',(0.920080394845465,-17.4757961783439,1.6));
#6560=CARTESIAN_POINT('Origin',(0.,0.,1.6));
#6561=CARTESIAN_POINT('',(0.920080394845465,-17.4757961783439,0.4));
#6562=CARTESIAN_POINT('',(0.920080394845465,-17.4757961783439,0.));
#6563=CARTESIAN_POINT('',(1.67405984606574,-17.4197452229299,0.));
#6564=CARTESIAN_POINT('Ctrl Pts',(1.67405984606574,-17.4197452229299,-5.72358700616461E-29));
#6565=CARTESIAN_POINT('Ctrl Pts',(1.59778532727325,-17.4270753019612,-3.96884254346499E-16));
#6566=CARTESIAN_POINT('Ctrl Pts',(1.52087810298318,-17.4339470502213,0.00862694716208936));
#6567=CARTESIAN_POINT('Ctrl Pts',(1.30867031095169,-17.4515469677326,0.0532228736608661));
#6568=CARTESIAN_POINT('Ctrl Pts',(1.18197868167423,-17.4602901090294,0.105661195100473));
#6569=CARTESIAN_POINT('Ctrl Pts',(1.04630112183185,-17.4687442929284,0.195218817723338));
#6570=CARTESIAN_POINT('Ctrl Pts',(1.00428112949297,-17.4711884875729,0.229218290172244));
#6571=CARTESIAN_POINT('Ctrl Pts',(0.953553490399762,-17.4740121054861,0.292249987630314));
#6572=CARTESIAN_POINT('Ctrl Pts',(0.937432747769552,-17.4748763756301,0.318870663457476));
#6573=CARTESIAN_POINT('Ctrl Pts',(0.922909204248299,-17.4756478346462,0.365011930858941));
#6574=CARTESIAN_POINT('Ctrl Pts',(0.920080394845471,-17.4757961783439,0.382341286640804));
#6575=CARTESIAN_POINT('Ctrl Pts',(0.920080394845471,-17.4757961783439,0.4));
#6576=CARTESIAN_POINT('',(5.1333976399749,-16.7301592541646,0.));
#6577=CARTESIAN_POINT('Origin',(0.,0.,0.));
#6578=CARTESIAN_POINT('',(5.34866733800429,-16.6625855648926,0.199977185016425));
#6579=CARTESIAN_POINT('Ctrl Pts',(5.34866733800429,-16.6625855648926,0.199977185016425));
#6580=CARTESIAN_POINT('Ctrl Pts',(5.3486657426977,-16.6625860769838,0.186914232001176));
#6581=CARTESIAN_POINT('Ctrl Pts',(5.3472482398349,-16.6630734437276,0.173974731028791));
#6582=CARTESIAN_POINT('Ctrl Pts',(5.34453353048941,-16.6639709654962,0.161321346541283));
#6583=CARTESIAN_POINT('Ctrl Pts',(5.34240272514925,-16.6646754402425,0.151389565342741));
#6584=CARTESIAN_POINT('Ctrl Pts',(5.33947179913001,-16.6656335363542,0.141633391666155));
#6585=CARTESIAN_POINT('Ctrl Pts',(5.33578241764426,-16.6668239007581,0.132130662320972));
#6586=CARTESIAN_POINT('Ctrl Pts',(5.33102038730724,-16.6683603510887,0.119865114396219));
#6587=CARTESIAN_POINT('Ctrl Pts',(5.32506546126404,-16.6702614973416,0.108197741189528));
#6588=CARTESIAN_POINT('Ctrl Pts',(5.31807355500221,-16.6724739541335,0.0972590466201827));
#6589=CARTESIAN_POINT('Ctrl Pts',(5.31205380669193,-16.6743787898872,0.0878412733142051));
#6590=CARTESIAN_POINT('Ctrl Pts',(5.30526448750847,-16.6765152929619,0.0789627822511426));
#6591=CARTESIAN_POINT('Ctrl Pts',(5.29778338414677,-16.6788711106073,0.070706187337423));
#6592=CARTESIAN_POINT('Ctrl Pts',(5.29396085594267,-16.6800748340365,0.0664874156667684));
#6593=CARTESIAN_POINT('Ctrl Pts',(5.28997270702665,-16.6813315548431,0.0624477659647032));
#6594=CARTESIAN_POINT('Ctrl Pts',(5.28583116879874,-16.6826386798473,0.0585954220359997));
#6595=CARTESIAN_POINT('Ctrl Pts',(5.27641045950949,-16.6856119820338,0.0498325396871187));
#6596=CARTESIAN_POINT('Ctrl Pts',(5.26619874865818,-16.6888434195238,0.0420369926221414));
#6597=CARTESIAN_POINT('Ctrl Pts',(5.25539325095663,-16.6922492154931,0.0352015561712832));
#6598=CARTESIAN_POINT('Ctrl Pts',(5.24844097874823,-16.6944405093436,0.0308036268780555));
#6599=CARTESIAN_POINT('Ctrl Pts',(5.24124205256046,-16.696704828336,0.0268035526186117));
#6600=CARTESIAN_POINT('Ctrl Pts',(5.23384208181449,-16.6990267764028,0.0232048232057056));
#6601=CARTESIAN_POINT('Ctrl Pts',(5.22137939481486,-16.7029372934819,0.0171440102904889));
#6602=CARTESIAN_POINT('Ctrl Pts',(5.20840095383747,-16.7069905110379,0.0122465686239712));
#6603=CARTESIAN_POINT('Ctrl Pts',(5.19511039093116,-16.7111185711349,0.00853192620185807));
#6604=CARTESIAN_POINT('Ctrl Pts',(5.19181871310564,-16.7121409690559,0.00761191956430742));
#6605=CARTESIAN_POINT('Ctrl Pts',(5.18850775765943,-16.713168089728,0.00676463746508818));
#6606=CARTESIAN_POINT('Ctrl Pts',(5.18518038955173,-16.7141991308776,0.0059907286762902));
#6607=CARTESIAN_POINT('Ctrl Pts',(5.1712037011524,-16.7185300436016,0.00273990651282293));
#6608=CARTESIAN_POINT('Ctrl Pts',(5.1569590886691,-16.7229219816756,0.000784858368235042));
#6609=CARTESIAN_POINT('Ctrl Pts',(5.142649347949,-16.7273185759369,0.000191989091985652));
#6610=CARTESIAN_POINT('Ctrl Pts',(5.13956789393007,-16.7282653368406,6.43208518876494E-5));
#6611=CARTESIAN_POINT('Ctrl Pts',(5.13648337612085,-16.7292123573632,3.80696795073231E-13));
#6612=CARTESIAN_POINT('Ctrl Pts',(5.1333977674959,-16.730159126659,3.88578058618805E-16));
#6613=CARTESIAN_POINT('',(5.34882610200795,-16.6625346010287,1.5));
#6614=CARTESIAN_POINT('Ctrl Pts',(5.34866733800429,-16.6625855648926,0.199977185016425));
#6615=CARTESIAN_POINT('Ctrl Pts',(5.34872146198771,-16.6625681911674,0.643164127583188));
#6616=CARTESIAN_POINT('Ctrl Pts',(5.34877452661062,-16.6625511572032,1.07767845107061));
#6617=CARTESIAN_POINT('Ctrl Pts',(5.34882610200795,-16.6625346010287,1.5));
#6618=CARTESIAN_POINT('',(5.34809334739526,-16.6627698041936,7.49999995064618));
#6619=CARTESIAN_POINT('Ctrl Pts',(5.34882610200795,-16.6625346010287,1.5));
#6620=CARTESIAN_POINT('Ctrl Pts',(5.34859853463687,-16.6626076522375,3.36341956868379));
#6621=CARTESIAN_POINT('Ctrl Pts',(5.34834197371031,-16.6626900049311,5.46421544164918));
#6622=CARTESIAN_POINT('Ctrl Pts',(5.34809334739526,-16.6627698041936,7.49999995064618));
#6623=CARTESIAN_POINT('',(16.6622993709403,-5.34955882976917,7.49999995064807));
#6624=CARTESIAN_POINT('Ctrl Pts',(5.34809334739526,-16.6627698041936,7.49999995064618));
#6625=CARTESIAN_POINT('Ctrl Pts',(5.42221571804101,-16.6389794402864,7.53692724217561));
#6626=CARTESIAN_POINT('Ctrl Pts',(5.49684269747044,-16.6144815762373,7.5733792595793));
#6627=CARTESIAN_POINT('Ctrl Pts',(6.8849533731615,-16.1482469481507,8.23814260751119));
#6628=CARTESIAN_POINT('Ctrl Pts',(8.30336073760227,-15.495679061285,8.70302276454957));
#6629=CARTESIAN_POINT('Ctrl Pts',(11.1383167473618,-13.6079959867067,9.26600336894294));
#6630=CARTESIAN_POINT('Ctrl Pts',(12.4507798346696,-12.4210627474468,9.33390734304327));
#6631=CARTESIAN_POINT('Ctrl Pts',(14.7354741703384,-9.62256018785093,9.03625866603786));
#6632=CARTESIAN_POINT('Ctrl Pts',(15.6062461909603,-8.07879256583254,8.65051712039526));
#6633=CARTESIAN_POINT('Ctrl Pts',(16.3839165297121,-6.1667873226926,7.88583120919097));
#6634=CARTESIAN_POINT('Ctrl Pts',(16.5334278561625,-5.75095562302737,7.69996535471338));
#6635=CARTESIAN_POINT('Ctrl Pts',(16.6622993709403,-5.34955882976917,7.49999995064807));
#6636=CARTESIAN_POINT('',(16.6625346010201,-5.34882610203475,1.5));
#6637=CARTESIAN_POINT('Ctrl Pts',(16.6622993709403,-5.34955882976916,7.49999995064807));
#6638=CARTESIAN_POINT('Ctrl Pts',(16.6623791884641,-5.34931022170303,5.4642154422278));
#6639=CARTESIAN_POINT('Ctrl Pts',(16.6624615498085,-5.34905366941441,3.36341956856788));
#6640=CARTESIAN_POINT('Ctrl Pts',(16.6625346010201,-5.34882610203475,1.5));
#6641=CARTESIAN_POINT('',(16.66248363768,-5.34898485920882,0.200022814984438));
#6642=CARTESIAN_POINT('Ctrl Pts',(16.6625346010201,-5.34882610203475,1.5));
#6643=CARTESIAN_POINT('Ctrl Pts',(16.6625180454131,-5.34887767566397,1.07769294501136));
#6644=CARTESIAN_POINT('Ctrl Pts',(16.6625010116474,-5.34893073801474,0.643193952311444));
#6645=CARTESIAN_POINT('Ctrl Pts',(16.66248363768,-5.34898485920882,0.200022814984438));
#6646=CARTESIAN_POINT('',(16.7300604509919,-5.13371963651439,0.));
#6647=CARTESIAN_POINT('Ctrl Pts',(16.7300605784746,-5.13371950902656,1.08246744900953E-15));
#6648=CARTESIAN_POINT('Ctrl Pts',(16.725712276372,-5.14788995655744,-2.02888187561508E-12));
#6649=CARTESIAN_POINT('Ctrl Pts',(16.7213631777969,-5.16202580738264,0.00135248747569349));
#6650=CARTESIAN_POINT('Ctrl Pts',(16.7170625702331,-5.17593563902559,0.00397660086766631));
#6651=CARTESIAN_POINT('Ctrl Pts',(16.7128359426444,-5.1896061907567,0.00655557369739245));
#6652=CARTESIAN_POINT('Ctrl Pts',(16.708655100629,-5.20305948398437,0.0103635211627986));
#6653=CARTESIAN_POINT('Ctrl Pts',(16.7045818520448,-5.21609878861647,0.0153675094585582));
#6654=CARTESIAN_POINT('Ctrl Pts',(16.7035621109873,-5.21936318901311,0.0166202619509914));
#6655=CARTESIAN_POINT('Ctrl Pts',(16.702549231665,-5.22260152421155,0.017948165658863));
#6656=CARTESIAN_POINT('Ctrl Pts',(16.7015444556715,-5.22581043560013,0.0193510649441509));
#6657=CARTESIAN_POINT('Ctrl Pts',(16.697858105213,-5.2375833800627,0.0244980613464334));
#6658=CARTESIAN_POINT('Ctrl Pts',(16.694296258572,-5.2489109995113,0.0306294621946296));
#6659=CARTESIAN_POINT('Ctrl Pts',(16.6909176496464,-5.25962029989191,0.0377326915922929));
#6660=CARTESIAN_POINT('Ctrl Pts',(16.6879624425539,-5.26898752798452,0.0439457557138794));
#6661=CARTESIAN_POINT('Ctrl Pts',(16.6851473297621,-5.27788179503337,0.0509029797099449));
#6662=CARTESIAN_POINT('Ctrl Pts',(16.6825320766394,-5.28616687488325,0.0586115649471084));
#6663=CARTESIAN_POINT('Ctrl Pts',(16.6814987463379,-5.28944044866662,0.0616573560555274));
#6664=CARTESIAN_POINT('Ctrl Pts',(16.6804968865625,-5.29261864884914,0.0648206116331132));
#6665=CARTESIAN_POINT('Ctrl Pts',(16.6795278037255,-5.29569545261488,0.0680973603974867));
#6666=CARTESIAN_POINT('Ctrl Pts',(16.6767348969683,-5.30456283288442,0.0775409842206652));
#6667=CARTESIAN_POINT('Ctrl Pts',(16.6742353941736,-5.31251002276858,0.0878422894199781));
#6668=CARTESIAN_POINT('Ctrl Pts',(16.6720494827056,-5.31941242283362,0.0988730487736909));
#6669=CARTESIAN_POINT('Ctrl Pts',(16.6701272973237,-5.32548206137999,0.108572967865333));
#6670=CARTESIAN_POINT('Ctrl Pts',(16.6684477881961,-5.33074361733354,0.118837819188514));
#6671=CARTESIAN_POINT('Ctrl Pts',(16.6670483249046,-5.3350887237755,0.129579241852098));
#6672=CARTESIAN_POINT('Ctrl Pts',(16.6655923062483,-5.33960942544863,0.140754748840433));
#6673=CARTESIAN_POINT('Ctrl Pts',(16.6644511714716,-5.34309549505299,0.152343869490744));
#6674=CARTESIAN_POINT('Ctrl Pts',(16.6636706887987,-5.34544920719742,0.164222713272947));
#6675=CARTESIAN_POINT('Ctrl Pts',(16.6628964369116,-5.34778412907708,0.176006725314387));
#6676=CARTESIAN_POINT('Ctrl Pts',(16.6624831657126,-5.34898632942237,0.187983978478421));
#6677=CARTESIAN_POINT('Ctrl Pts',(16.66248363768,-5.34898485920882,0.200022814984438));
#6678=CARTESIAN_POINT('',(17.4197452229299,-1.67405984606574,0.));
#6679=CARTESIAN_POINT('Origin',(0.,0.,0.));
#6680=CARTESIAN_POINT('',(17.4757961783439,-0.920080394845463,0.4));
#6681=CARTESIAN_POINT('Ctrl Pts',(17.4757961783439,-0.920080394845463,0.4));
#6682=CARTESIAN_POINT('Ctrl Pts',(17.4757961783439,-0.920080394845463,0.395042443567913));
#6683=CARTESIAN_POINT('Ctrl Pts',(17.4757844421939,-0.920303393233911,0.390058928318767));
#6684=CARTESIAN_POINT('Ctrl Pts',(17.4756538553144,-0.92278190438311,0.362654423710227));
#6685=CARTESIAN_POINT('Ctrl Pts',(17.4753121578816,-0.929279982511621,0.341193177818134));
#6686=CARTESIAN_POINT('Ctrl Pts',(17.4740644296407,-0.952498241663264,0.292891020559529));
#6687=CARTESIAN_POINT('Ctrl Pts',(17.4730034677767,-0.97191315405747,0.267408815264046));
#6688=CARTESIAN_POINT('Ctrl Pts',(17.4697161583891,-1.02972693739766,0.207005832724724));
#6689=CARTESIAN_POINT('Ctrl Pts',(17.466880408289,-1.0775387593624,0.171747395644906));
#6690=CARTESIAN_POINT('Ctrl Pts',(17.4574750278106,-1.22260904256626,0.0890431133018308));
#6691=CARTESIAN_POINT('Ctrl Pts',(17.4492868674416,-1.33712932927659,0.0456730029868219));
#6692=CARTESIAN_POINT('Ctrl Pts',(17.4329472779498,-1.53212272702934,0.00731583364355986));
#6693=CARTESIAN_POINT('Ctrl Pts',(17.4264980194291,-1.60379234945619,-3.65627518051532E-16));
#6694=CARTESIAN_POINT('Ctrl Pts',(17.4197452229299,-1.67405984606574,-5.72358700616464E-29));
#6695=CARTESIAN_POINT('',(17.4757961783439,-0.920080394845463,1.6));
#6696=CARTESIAN_POINT('',(17.4757961783439,-0.920080394845463,0.));
#6697=CARTESIAN_POINT('',(17.4757961783439,0.920080394845464,1.6));
#6698=CARTESIAN_POINT('Origin',(0.,0.,1.6));
#6699=CARTESIAN_POINT('',(17.4757961783439,0.920080394845464,0.4));
#6700=CARTESIAN_POINT('',(17.4757961783439,0.920080394845464,0.));
#6701=CARTESIAN_POINT('',(17.4197452229299,1.67405984606574,0.));
#6702=CARTESIAN_POINT('Ctrl Pts',(17.4197452229299,1.67405984606574,-5.72358700616469E-29));
#6703=CARTESIAN_POINT('Ctrl Pts',(17.4270753019612,1.59778532727321,-3.96884254346671E-16));
#6704=CARTESIAN_POINT('Ctrl Pts',(17.4339470502213,1.52087810298315,0.00862694716209676));
#6705=CARTESIAN_POINT('Ctrl Pts',(17.4515469677326,1.30867031095162,0.0532228736608813));
#6706=CARTESIAN_POINT('Ctrl Pts',(17.4602901090294,1.18197868167418,0.105661195100505));
#6707=CARTESIAN_POINT('Ctrl Pts',(17.4687442929284,1.04630112183181,0.195218817723367));
#6708=CARTESIAN_POINT('Ctrl Pts',(17.4711884875729,1.00428112949295,0.229218290172276));
#6709=CARTESIAN_POINT('Ctrl Pts',(17.4740121054861,0.953553490399759,0.292249987630321));
#6710=CARTESIAN_POINT('Ctrl Pts',(17.4748763756301,0.937432747769547,0.318870663457493));
#6711=CARTESIAN_POINT('Ctrl Pts',(17.4756478346462,0.922909204248292,0.365011930858966));
#6712=CARTESIAN_POINT('Ctrl Pts',(17.4757961783439,0.920080394845468,0.382341286640824));
#6713=CARTESIAN_POINT('Ctrl Pts',(17.4757961783439,0.920080394845468,0.4));
#6714=CARTESIAN_POINT('',(16.7301592541645,5.1333976399749,0.));
#6715=CARTESIAN_POINT('Origin',(0.,0.,0.));
#6716=CARTESIAN_POINT('',(16.6625855648926,5.34866733800429,0.199977185016425));
#6717=CARTESIAN_POINT('Ctrl Pts',(16.6625855648926,5.34866733800429,0.199977185016425));
#6718=CARTESIAN_POINT('Ctrl Pts',(16.6625860769838,5.3486657426977,0.18691423200081));
#6719=CARTESIAN_POINT('Ctrl Pts',(16.6630734437277,5.34724823983482,0.173974731028066));
#6720=CARTESIAN_POINT('Ctrl Pts',(16.6639709654963,5.34453353048918,0.161321346540228));
#6721=CARTESIAN_POINT('Ctrl Pts',(16.6646754402425,5.34240272514904,0.151389565342043));
#6722=CARTESIAN_POINT('Ctrl Pts',(16.6656335363542,5.33947179912988,0.14163339166581));
#6723=CARTESIAN_POINT('Ctrl Pts',(16.6668239007581,5.33578241764426,0.132130662320972));
#6724=CARTESIAN_POINT('Ctrl Pts',(16.6683603510887,5.33102038730726,0.119865114396255));
#6725=CARTESIAN_POINT('Ctrl Pts',(16.6702614973416,5.32506546126407,0.108197741189595));
#6726=CARTESIAN_POINT('Ctrl Pts',(16.6724739541334,5.31807355500227,0.0972590466202749));
#6727=CARTESIAN_POINT('Ctrl Pts',(16.6743787898872,5.31205380669197,0.0878412733142645));
#6728=CARTESIAN_POINT('Ctrl Pts',(16.6765152929619,5.3052644875085,0.0789627822511709));
#6729=CARTESIAN_POINT('Ctrl Pts',(16.6788711106073,5.29778338414678,0.0707061873374227));
#6730=CARTESIAN_POINT('Ctrl Pts',(16.6800748340365,5.29396085594267,0.0664874156667681));
#6731=CARTESIAN_POINT('Ctrl Pts',(16.6813315548431,5.28997270702665,0.0624477659647029));
#6732=CARTESIAN_POINT('Ctrl Pts',(16.6826386798473,5.28583116879875,0.0585954220359992));
#6733=CARTESIAN_POINT('Ctrl Pts',(16.6856119820337,5.27641045950962,0.0498325396872302));
#6734=CARTESIAN_POINT('Ctrl Pts',(16.6888434195237,5.26619874865844,0.0420369926223387));
#6735=CARTESIAN_POINT('Ctrl Pts',(16.6922492154929,5.25539325095703,0.0352015561715387));
#6736=CARTESIAN_POINT('Ctrl Pts',(16.6944405093435,5.24844097874851,0.0308036268782121));
#6737=CARTESIAN_POINT('Ctrl Pts',(16.6967048283359,5.24124205256062,0.0268035526186827));
#6738=CARTESIAN_POINT('Ctrl Pts',(16.6990267764028,5.2338420818145,0.0232048232057049));
#6739=CARTESIAN_POINT('Ctrl Pts',(16.7029372934823,5.22137939481356,0.0171440102898546));
#6740=CARTESIAN_POINT('Ctrl Pts',(16.7069905110387,5.20840095383477,0.0122465686229473));
#6741=CARTESIAN_POINT('Ctrl Pts',(16.7111185711362,5.19511039092703,0.00853192620070119));
#6742=CARTESIAN_POINT('Ctrl Pts',(16.7121409690567,5.19181871310287,0.00761191956359618));
#6743=CARTESIAN_POINT('Ctrl Pts',(16.7131680897284,5.18850775765803,0.00676463746476263));
#6744=CARTESIAN_POINT('Ctrl Pts',(16.7141991308776,5.18518038955173,0.00599072867628941));
#6745=CARTESIAN_POINT('Ctrl Pts',(16.7185300436014,5.17120370115301,0.00273990651296262));
#6746=CARTESIAN_POINT('Ctrl Pts',(16.7229219816752,5.15695908867035,0.000784858368402786));
#6747=CARTESIAN_POINT('Ctrl Pts',(16.7273185759363,5.14264934795085,0.000191989092061196));
#6748=CARTESIAN_POINT('Ctrl Pts',(16.7282653368402,5.13956789393132,6.4320851912502E-5));
#6749=CARTESIAN_POINT('Ctrl Pts',(16.7292123573631,5.13648337612148,3.79884709090317E-13));
#6750=CARTESIAN_POINT('Ctrl Pts',(16.730159126659,5.13339776749591,-4.23272528138341E-16));
#6751=CARTESIAN_POINT('',(16.6625346010287,5.34882610200795,1.5));
#6752=CARTESIAN_POINT('Ctrl Pts',(16.6625855648926,5.34866733800429,0.199977185016425));
#6753=CARTESIAN_POINT('Ctrl Pts',(16.6625681911674,5.34872146198771,0.643164127583186));
#6754=CARTESIAN_POINT('Ctrl Pts',(16.6625511572032,5.34877452661063,1.07767845107061));
#6755=CARTESIAN_POINT('Ctrl Pts',(16.6625346010287,5.34882610200795,1.5));
#6756=CARTESIAN_POINT('',(16.6627698041936,5.34809334739526,7.49999995064618));
#6757=CARTESIAN_POINT('Ctrl Pts',(16.6625346010287,5.34882610200795,1.5));
#6758=CARTESIAN_POINT('Ctrl Pts',(16.6626076522375,5.34859853463688,3.3634195686838));
#6759=CARTESIAN_POINT('Ctrl Pts',(16.6626900049311,5.34834197371031,5.46421544164915));
#6760=CARTESIAN_POINT('Ctrl Pts',(16.6627698041936,5.34809334739526,7.49999995064618));
#6761=CARTESIAN_POINT('',(5.34955882976917,16.6622993709403,7.49999995064808));
#6762=CARTESIAN_POINT('Ctrl Pts',(16.6627698041936,5.34809334739526,7.49999995064618));
#6763=CARTESIAN_POINT('Ctrl Pts',(16.6389794402864,5.42221571804101,7.53692724217561));
#6764=CARTESIAN_POINT('Ctrl Pts',(16.6144815762373,5.49684269747044,7.5733792595793));
#6765=CARTESIAN_POINT('Ctrl Pts',(16.1482469481507,6.8849533731615,8.23814260751119));
#6766=CARTESIAN_POINT('Ctrl Pts',(15.495679061285,8.30336073760227,8.70302276454957));
#6767=CARTESIAN_POINT('Ctrl Pts',(13.6079959867067,11.1383167473618,9.26600336894293));
#6768=CARTESIAN_POINT('Ctrl Pts',(12.4210627474469,12.4507798346696,9.33390734304327));
#6769=CARTESIAN_POINT('Ctrl Pts',(9.6225601878508,14.7354741703385,9.03625866603785));
#6770=CARTESIAN_POINT('Ctrl Pts',(8.07879256583239,15.6062461909604,8.65051712039521));
#6771=CARTESIAN_POINT('Ctrl Pts',(6.1667873226926,16.3839165297121,7.88583120919097));
#6772=CARTESIAN_POINT('Ctrl Pts',(5.75095562302737,16.5334278561625,7.69996535471338));
#6773=CARTESIAN_POINT('Ctrl Pts',(5.34955882976917,16.6622993709403,7.49999995064807));
#6774=CARTESIAN_POINT('',(5.34882610203475,16.6625346010201,1.5));
#6775=CARTESIAN_POINT('Ctrl Pts',(5.34955882976917,16.6622993709403,7.49999995064808));
#6776=CARTESIAN_POINT('Ctrl Pts',(5.34931022170303,16.6623791884641,5.464215442228));
#6777=CARTESIAN_POINT('Ctrl Pts',(5.34905366941441,16.6624615498085,3.36341956856784));
#6778=CARTESIAN_POINT('Ctrl Pts',(5.34882610203475,16.6625346010201,1.5));
#6779=CARTESIAN_POINT('',(5.34898485920882,16.66248363768,0.200022814984439));
#6780=CARTESIAN_POINT('Ctrl Pts',(5.34882610203475,16.6625346010201,1.5));
#6781=CARTESIAN_POINT('Ctrl Pts',(5.34887767566397,16.6625180454131,1.07769294501137));
#6782=CARTESIAN_POINT('Ctrl Pts',(5.34893073801474,16.6625010116474,0.643193952311453));
#6783=CARTESIAN_POINT('Ctrl Pts',(5.34898485920882,16.66248363768,0.200022814984438));
#6784=CARTESIAN_POINT('',(5.13371963651439,16.7300604509919,0.));
#6785=CARTESIAN_POINT('Ctrl Pts',(5.13371950902656,16.7300605784746,1.0547118733939E-15));
#6786=CARTESIAN_POINT('Ctrl Pts',(5.14788995655741,16.725712276372,-2.02891028266105E-12));
#6787=CARTESIAN_POINT('Ctrl Pts',(5.16202580738257,16.7213631777969,0.0013524874756877));
#6788=CARTESIAN_POINT('Ctrl Pts',(5.1759356390255,16.7170625702331,0.00397660086764895));
#6789=CARTESIAN_POINT('Ctrl Pts',(5.18960619075658,16.7128359426444,0.00655557369736545));
#6790=CARTESIAN_POINT('Ctrl Pts',(5.20305948398424,16.7086551006291,0.010363521162758));
#6791=CARTESIAN_POINT('Ctrl Pts',(5.21609878861632,16.7045818520448,0.0153675094585));
#6792=CARTESIAN_POINT('Ctrl Pts',(5.21936318901301,16.7035621109873,0.0166202619509503));
#6793=CARTESIAN_POINT('Ctrl Pts',(5.2226015242115,16.702549231665,0.0179481656588413));
#6794=CARTESIAN_POINT('Ctrl Pts',(5.22581043560013,16.7015444556715,0.019351064944151));
#6795=CARTESIAN_POINT('Ctrl Pts',(5.23758338006272,16.697858105213,0.0244980613464432));
#6796=CARTESIAN_POINT('Ctrl Pts',(5.24891099951134,16.6942962585719,0.0306294621946544));
#6797=CARTESIAN_POINT('Ctrl Pts',(5.25962029989197,16.6909176496464,0.0377326915923386));
#6798=CARTESIAN_POINT('Ctrl Pts',(5.26898752798456,16.6879624425539,0.0439457557139128));
#6799=CARTESIAN_POINT('Ctrl Pts',(5.27788179503339,16.6851473297621,0.0509029797099632));
#6800=CARTESIAN_POINT('Ctrl Pts',(5.28616687488325,16.6825320766394,0.0586115649471086));
#6801=CARTESIAN_POINT('Ctrl Pts',(5.28944044866662,16.6814987463379,0.0616573560555275));
#6802=CARTESIAN_POINT('Ctrl Pts',(5.29261864884913,16.6804968865625,0.0648206116331132));
#6803=CARTESIAN_POINT('Ctrl Pts',(5.29569545261488,16.6795278037255,0.0680973603974866));
#6804=CARTESIAN_POINT('Ctrl Pts',(5.30456283288436,16.6767348969684,0.0775409842205962));
#6805=CARTESIAN_POINT('Ctrl Pts',(5.31251002276846,16.6742353941737,0.0878422894198229));
#6806=CARTESIAN_POINT('Ctrl Pts',(5.31941242283346,16.6720494827057,0.0988730487734363));
#6807=CARTESIAN_POINT('Ctrl Pts',(5.3254820613799,16.6701272973237,0.108572967865154));
#6808=CARTESIAN_POINT('Ctrl Pts',(5.3307436173335,16.6684477881961,0.118837819188421));
#6809=CARTESIAN_POINT('Ctrl Pts',(5.33508872377549,16.6670483249046,0.129579241852099));
#6810=CARTESIAN_POINT('Ctrl Pts',(5.33960942544861,16.6655923062483,0.140754748840393));
#6811=CARTESIAN_POINT('Ctrl Pts',(5.34309549505299,16.6644511714716,0.152343869490724));
#6812=CARTESIAN_POINT('Ctrl Pts',(5.34544920719743,16.6636706887987,0.164222713272948));
#6813=CARTESIAN_POINT('Ctrl Pts',(5.34778412907709,16.6628964369116,0.176006725314438));
#6814=CARTESIAN_POINT('Ctrl Pts',(5.34898632942236,16.6624831657126,0.187983978478447));
#6815=CARTESIAN_POINT('Ctrl Pts',(5.34898485920882,16.66248363768,0.200022814984439));
#6816=CARTESIAN_POINT('',(1.67405984606574,17.4197452229299,0.));
#6817=CARTESIAN_POINT('Origin',(0.,0.,0.));
#6818=CARTESIAN_POINT('',(0.92008039484546,17.4757961783439,0.4));
#6819=CARTESIAN_POINT('Ctrl Pts',(0.92008039484546,17.4757961783439,0.4));
#6820=CARTESIAN_POINT('Ctrl Pts',(0.92008039484546,17.4757961783439,0.395042443567913));
#6821=CARTESIAN_POINT('Ctrl Pts',(0.920303393233906,17.4757844421939,0.390058928318766));
#6822=CARTESIAN_POINT('Ctrl Pts',(0.922781904383106,17.4756538553144,0.362654423710229));
#6823=CARTESIAN_POINT('Ctrl Pts',(0.929279982511602,17.4753121578816,0.341193177818153));
#6824=CARTESIAN_POINT('Ctrl Pts',(0.952498241663268,17.4740644296407,0.292891020559501));
#6825=CARTESIAN_POINT('Ctrl Pts',(0.971913154057516,17.4730034677767,0.267408815263997));
#6826=CARTESIAN_POINT('Ctrl Pts',(1.02972693739738,17.4697161583891,0.207005832725016));
#6827=CARTESIAN_POINT('Ctrl Pts',(1.0775387593619,17.466880408289,0.171747395645191));
#6828=CARTESIAN_POINT('Ctrl Pts',(1.22260904256637,17.4574750278106,0.0890431133017623));
#6829=CARTESIAN_POINT('Ctrl Pts',(1.33712932927674,17.4492868674416,0.0456730029867922));
#6830=CARTESIAN_POINT('Ctrl Pts',(1.53212272702935,17.4329472779498,0.00731583364355683));
#6831=CARTESIAN_POINT('Ctrl Pts',(1.60379234945621,17.4264980194291,-3.36201360697114E-16));
#6832=CARTESIAN_POINT('Ctrl Pts',(1.67405984606574,17.4197452229299,-5.7235870061646E-29));
#6833=CARTESIAN_POINT('',(0.92008039484546,17.4757961783439,1.6));
#6834=CARTESIAN_POINT('',(0.92008039484546,17.4757961783439,0.));
#6835=CARTESIAN_POINT('',(-0.920080394845467,17.4757961783439,1.6));
#6836=CARTESIAN_POINT('Origin',(0.,0.,1.6));
#6837=CARTESIAN_POINT('',(-0.920080394845467,17.4757961783439,0.4));
#6838=CARTESIAN_POINT('',(-0.920080394845467,17.4757961783439,0.));
#6839=CARTESIAN_POINT('',(-1.67405984606574,17.4197452229299,0.));
#6840=CARTESIAN_POINT('Ctrl Pts',(-1.67405984606574,17.4197452229299,-6.03074985157094E-29));
#6841=CARTESIAN_POINT('Ctrl Pts',(-1.59778532727324,17.4270753019612,-3.9688425434653E-16));
#6842=CARTESIAN_POINT('Ctrl Pts',(-1.52087810298318,17.4339470502213,0.00862694716209127));
#6843=CARTESIAN_POINT('Ctrl Pts',(-1.30867031095174,17.4515469677326,0.0532228736608563));
#6844=CARTESIAN_POINT('Ctrl Pts',(-1.18197868167427,17.4602901090294,0.105661195100449));
#6845=CARTESIAN_POINT('Ctrl Pts',(-1.04630112183184,17.4687442929284,0.19521881772335));
#6846=CARTESIAN_POINT('Ctrl Pts',(-1.00428112949297,17.4711884875729,0.229218290172251));
#6847=CARTESIAN_POINT('Ctrl Pts',(-0.953553490399779,17.4740121054861,0.2922499876303));
#6848=CARTESIAN_POINT('Ctrl Pts',(-0.937432747769555,17.4748763756301,0.318870663457473));
#6849=CARTESIAN_POINT('Ctrl Pts',(-0.922909204248297,17.4756478346462,0.365011930858953));
#6850=CARTESIAN_POINT('Ctrl Pts',(-0.920080394845469,17.4757961783439,0.382341286640812));
#6851=CARTESIAN_POINT('Ctrl Pts',(-0.920080394845469,17.4757961783439,0.399999999999999));
#6852=CARTESIAN_POINT('',(-5.1333976399749,16.7301592541646,0.));
#6853=CARTESIAN_POINT('Origin',(0.,0.,0.));
#6854=CARTESIAN_POINT('',(-5.34866733800429,16.6625855648926,0.199977185016425));
#6855=CARTESIAN_POINT('Ctrl Pts',(-5.34866733800429,16.6625855648926,0.199977185016425));
#6856=CARTESIAN_POINT('Ctrl Pts',(-5.3486657426977,16.6625860769838,0.186914232000898));
#6857=CARTESIAN_POINT('Ctrl Pts',(-5.34724823983485,16.6630734437277,0.173974731028239));
#6858=CARTESIAN_POINT('Ctrl Pts',(-5.34453353048924,16.6639709654963,0.16132134654048));
#6859=CARTESIAN_POINT('Ctrl Pts',(-5.34240272514909,16.6646754402425,0.15138956534221));
#6860=CARTESIAN_POINT('Ctrl Pts',(-5.33947179912992,16.6656335363542,0.141633391665893));
#6861=CARTESIAN_POINT('Ctrl Pts',(-5.33578241764426,16.6668239007581,0.132130662320972));
#6862=CARTESIAN_POINT('Ctrl Pts',(-5.33102038730728,16.6683603510887,0.119865114396317));
#6863=CARTESIAN_POINT('Ctrl Pts',(-5.32506546126413,16.6702614973415,0.108197741189713));
#6864=CARTESIAN_POINT('Ctrl Pts',(-5.31807355500238,16.6724739541334,0.0972590466204393));
#6865=CARTESIAN_POINT('Ctrl Pts',(-5.31205380669206,16.6743787898872,0.0878412733143691));
#6866=CARTESIAN_POINT('Ctrl Pts',(-5.30526448750855,16.6765152929619,0.0789627822512209));
#6867=CARTESIAN_POINT('Ctrl Pts',(-5.29778338414678,16.6788711106072,0.0707061873374238));
#6868=CARTESIAN_POINT('Ctrl Pts',(-5.29396085594267,16.6800748340365,0.0664874156667691));
#6869=CARTESIAN_POINT('Ctrl Pts',(-5.28997270702665,16.6813315548431,0.0624477659647039));
#6870=CARTESIAN_POINT('Ctrl Pts',(-5.28583116879874,16.6826386798473,0.0585954220360003));
#6871=CARTESIAN_POINT('Ctrl Pts',(-5.27641045950951,16.6856119820337,0.0498325396871295));
#6872=CARTESIAN_POINT('Ctrl Pts',(-5.26619874865821,16.6888434195237,0.0420369926221601));
#6873=CARTESIAN_POINT('Ctrl Pts',(-5.25539325095667,16.6922492154931,0.0352015561713071));
#6874=CARTESIAN_POINT('Ctrl Pts',(-5.24844097874826,16.6944405093436,0.0308036268780705));
#6875=CARTESIAN_POINT('Ctrl Pts',(-5.24124205256048,16.696704828336,0.0268035526186189));
#6876=CARTESIAN_POINT('Ctrl Pts',(-5.2338420818145,16.6990267764029,0.0232048232057063));
#6877=CARTESIAN_POINT('Ctrl Pts',(-5.22137939481466,16.702937293482,0.0171440102903883));
#6878=CARTESIAN_POINT('Ctrl Pts',(-5.20840095383705,16.706990511038,0.0122465686238076));
#6879=CARTESIAN_POINT('Ctrl Pts',(-5.1951103909305,16.7111185711351,0.00853192620167267));
#6880=CARTESIAN_POINT('Ctrl Pts',(-5.1918187131052,16.712140969056,0.00761191956419381));
#6881=CARTESIAN_POINT('Ctrl Pts',(-5.18850775765921,16.7131680897281,0.00676463746503667));
#6882=CARTESIAN_POINT('Ctrl Pts',(-5.18518038955173,16.7141991308776,0.00599072867629095));
#6883=CARTESIAN_POINT('Ctrl Pts',(-5.17120370115266,16.7185300436015,0.00273990651288399));
#6884=CARTESIAN_POINT('Ctrl Pts',(-5.15695908866964,16.7229219816754,0.000784858368308536));
#6885=CARTESIAN_POINT('Ctrl Pts',(-5.1426493479498,16.7273185759366,0.000191989092019396));
#6886=CARTESIAN_POINT('Ctrl Pts',(-5.13956789393061,16.7282653368404,6.43208518994963E-5));
#6887=CARTESIAN_POINT('Ctrl Pts',(-5.13648337612112,16.7292123573632,3.81446214475505E-13));
#6888=CARTESIAN_POINT('Ctrl Pts',(-5.13339776749591,16.730159126659,1.13797860024079E-15));
#6889=CARTESIAN_POINT('',(-5.34882610200795,16.6625346010287,1.5));
#6890=CARTESIAN_POINT('Ctrl Pts',(-5.34866733800429,16.6625855648926,0.199977185016425));
#6891=CARTESIAN_POINT('Ctrl Pts',(-5.34872146198771,16.6625681911674,0.643164127583187));
#6892=CARTESIAN_POINT('Ctrl Pts',(-5.34877452661063,16.6625511572033,1.07767845107061));
#6893=CARTESIAN_POINT('Ctrl Pts',(-5.34882610200795,16.6625346010287,1.5));
#6894=CARTESIAN_POINT('',(-5.34809334739527,16.6627698041936,7.49999995064619));
#6895=CARTESIAN_POINT('Ctrl Pts',(-5.34882610200795,16.6625346010287,1.5));
#6896=CARTESIAN_POINT('Ctrl Pts',(-5.34859853463688,16.6626076522375,3.36341956868379));
#6897=CARTESIAN_POINT('Ctrl Pts',(-5.34834197371031,16.6626900049311,5.46421544164918));
#6898=CARTESIAN_POINT('Ctrl Pts',(-5.34809334739527,16.6627698041936,7.49999995064619));
#6899=CARTESIAN_POINT('',(-16.6622993709403,5.34955882976916,7.49999995064807));
#6900=CARTESIAN_POINT('Ctrl Pts',(-5.34809334739527,16.6627698041936,7.49999995064619));
#6901=CARTESIAN_POINT('Ctrl Pts',(-5.42221571804102,16.6389794402864,7.53692724217562));
#6902=CARTESIAN_POINT('Ctrl Pts',(-5.49684269747046,16.6144815762373,7.57337925957931));
#6903=CARTESIAN_POINT('Ctrl Pts',(-6.88495337316148,16.1482469481507,8.23814260751118));
#6904=CARTESIAN_POINT('Ctrl Pts',(-8.30336073760226,15.495679061285,8.70302276454957));
#6905=CARTESIAN_POINT('Ctrl Pts',(-11.1383167473618,13.6079959867067,9.26600336894295));
#6906=CARTESIAN_POINT('Ctrl Pts',(-12.4507798346696,12.4210627474468,9.33390734304328));
#6907=CARTESIAN_POINT('Ctrl Pts',(-14.7354741703385,9.62256018785081,9.03625866603785));
#6908=CARTESIAN_POINT('Ctrl Pts',(-15.6062461909604,8.0787925658324,8.65051712039521));
#6909=CARTESIAN_POINT('Ctrl Pts',(-16.3839165297122,6.16678732269258,7.88583120919096));
#6910=CARTESIAN_POINT('Ctrl Pts',(-16.5334278561625,5.75095562302735,7.69996535471338));
#6911=CARTESIAN_POINT('Ctrl Pts',(-16.6622993709403,5.34955882976916,7.49999995064807));
#6912=CARTESIAN_POINT('',(-16.6625346010201,5.34882610203475,1.5));
#6913=CARTESIAN_POINT('Ctrl Pts',(-16.6622993709403,5.34955882976916,7.49999995064807));
#6914=CARTESIAN_POINT('Ctrl Pts',(-16.6623791884641,5.34931022170303,5.46421544222741));
#6915=CARTESIAN_POINT('Ctrl Pts',(-16.6624615498085,5.3490536694144,3.36341956856796));
#6916=CARTESIAN_POINT('Ctrl Pts',(-16.6625346010201,5.34882610203474,1.5));
#6917=CARTESIAN_POINT('',(-16.66248363768,5.34898485920882,0.200022814984438));
#6918=CARTESIAN_POINT('Ctrl Pts',(-16.6625346010201,5.34882610203474,1.5));
#6919=CARTESIAN_POINT('Ctrl Pts',(-16.6625180454131,5.34887767566397,1.07769294501134));
#6920=CARTESIAN_POINT('Ctrl Pts',(-16.6625010116474,5.34893073801474,0.643193952311428));
#6921=CARTESIAN_POINT('Ctrl Pts',(-16.66248363768,5.34898485920882,0.200022814984438));
#6922=CARTESIAN_POINT('',(-16.7300604509919,5.13371963651439,0.));
#6923=CARTESIAN_POINT('Ctrl Pts',(-16.7300605784746,5.13371950902655,2.77555756156289E-16));
#6924=CARTESIAN_POINT('Ctrl Pts',(-16.725712276372,5.14788995655738,-2.02968610174719E-12));
#6925=CARTESIAN_POINT('Ctrl Pts',(-16.7213631777969,5.16202580738252,0.00135248747568239));
#6926=CARTESIAN_POINT('Ctrl Pts',(-16.7170625702331,5.17593563902542,0.00397660086763442));
#6927=CARTESIAN_POINT('Ctrl Pts',(-16.7128359426445,5.18960619075649,0.00655557369734319));
#6928=CARTESIAN_POINT('Ctrl Pts',(-16.7086551006291,5.20305948398413,0.0103635211627247));
#6929=CARTESIAN_POINT('Ctrl Pts',(-16.7045818520449,5.21609878861619,0.0153675094584524));
#6930=CARTESIAN_POINT('Ctrl Pts',(-16.7035621109874,5.21936318901293,0.0166202619509164));
#6931=CARTESIAN_POINT('Ctrl Pts',(-16.702549231665,5.22260152421145,0.0179481656588231));
#6932=CARTESIAN_POINT('Ctrl Pts',(-16.7015444556715,5.22581043560013,0.0193510649441502));
#6933=CARTESIAN_POINT('Ctrl Pts',(-16.697858105213,5.23758338006273,0.0244980613464493));
#6934=CARTESIAN_POINT('Ctrl Pts',(-16.6942962585719,5.24891099951137,0.0306294621946705));
#6935=CARTESIAN_POINT('Ctrl Pts',(-16.6909176496464,5.25962029989202,0.037732691592368));
#6936=CARTESIAN_POINT('Ctrl Pts',(-16.6879624425538,5.26898752798459,0.0439457557139344));
#6937=CARTESIAN_POINT('Ctrl Pts',(-16.6851473297621,5.27788179503341,0.0509029797099748));
#6938=CARTESIAN_POINT('Ctrl Pts',(-16.6825320766394,5.28616687488325,0.058611564947108));
#6939=CARTESIAN_POINT('Ctrl Pts',(-16.6814987463379,5.28944044866663,0.0616573560555268));
#6940=CARTESIAN_POINT('Ctrl Pts',(-16.6804968865625,5.29261864884914,0.0648206116331125));
#6941=CARTESIAN_POINT('Ctrl Pts',(-16.6795278037255,5.29569545261488,0.0680973603974858));
#6942=CARTESIAN_POINT('Ctrl Pts',(-16.6767348969684,5.30456283288441,0.0775409842206547));
#6943=CARTESIAN_POINT('Ctrl Pts',(-16.6742353941736,5.31251002276857,0.0878422894199554));
#6944=CARTESIAN_POINT('Ctrl Pts',(-16.6720494827056,5.3194124228336,0.0988730487736542));
#6945=CARTESIAN_POINT('Ctrl Pts',(-16.6701272973237,5.32548206137998,0.108572967865307));
#6946=CARTESIAN_POINT('Ctrl Pts',(-16.6684477881961,5.33074361733354,0.118837819188501));
#6947=CARTESIAN_POINT('Ctrl Pts',(-16.6670483249046,5.3350887237755,0.129579241852098));
#6948=CARTESIAN_POINT('Ctrl Pts',(-16.6655923062483,5.33960942544862,0.140754748840406));
#6949=CARTESIAN_POINT('Ctrl Pts',(-16.6644511714716,5.34309549505299,0.152343869490731));
#6950=CARTESIAN_POINT('Ctrl Pts',(-16.6636706887987,5.34544920719742,0.164222713272947));
#6951=CARTESIAN_POINT('Ctrl Pts',(-16.6628964369116,5.3477841290771,0.176006725314463));
#6952=CARTESIAN_POINT('Ctrl Pts',(-16.6624831657126,5.34898632942236,0.187983978478459));
#6953=CARTESIAN_POINT('Ctrl Pts',(-16.66248363768,5.34898485920882,0.200022814984438));
#6954=CARTESIAN_POINT('',(-17.4197452229299,1.67405984606574,0.));
#6955=CARTESIAN_POINT('Origin',(0.,0.,0.));
#6956=CARTESIAN_POINT('',(-17.4757961783439,0.920080394845461,0.4));
#6957=CARTESIAN_POINT('Ctrl Pts',(-17.4757961783439,0.920080394845461,0.4));
#6958=CARTESIAN_POINT('Ctrl Pts',(-17.4757961783439,0.920080394845461,0.395042443567912));
#6959=CARTESIAN_POINT('Ctrl Pts',(-17.4757844421939,0.920303393233912,0.390058928318766));
#6960=CARTESIAN_POINT('Ctrl Pts',(-17.4756538553144,0.922781904383112,0.362654423710224));
#6961=CARTESIAN_POINT('Ctrl Pts',(-17.4753121578816,0.92927998251161,0.341193177818148));
#6962=CARTESIAN_POINT('Ctrl Pts',(-17.4740644296407,0.952498241663274,0.2928910205595));
#6963=CARTESIAN_POINT('Ctrl Pts',(-17.4730034677767,0.971913154057508,0.267408815264007));
#6964=CARTESIAN_POINT('Ctrl Pts',(-17.4697161583891,1.02972693739723,0.207005832725173));
#6965=CARTESIAN_POINT('Ctrl Pts',(-17.466880408289,1.07753875936163,0.171747395645343));
#6966=CARTESIAN_POINT('Ctrl Pts',(-17.4574750278106,1.22260904256642,0.0890431133017373));
#6967=CARTESIAN_POINT('Ctrl Pts',(-17.4492868674416,1.33712932927679,0.045673002986781));
#6968=CARTESIAN_POINT('Ctrl Pts',(-17.4329472779498,1.53212272702936,0.00731583364355594));
#6969=CARTESIAN_POINT('Ctrl Pts',(-17.4264980194291,1.60379234945621,-3.3620136069709E-16));
#6970=CARTESIAN_POINT('Ctrl Pts',(-17.4197452229299,1.67405984606574,-5.72358700616463E-29));
#6971=CARTESIAN_POINT('',(-17.4757961783439,0.920080394845461,1.6));
#6972=CARTESIAN_POINT('',(-17.4757961783439,0.920080394845461,0.));
#6973=CARTESIAN_POINT('Origin',(0.,0.,1.6));
#6974=CARTESIAN_POINT('',(-15.5643824162734,8.,10.5));
#6975=CARTESIAN_POINT('Ctrl Pts',(-17.5,-2.35922392732846E-15,8.73769463564027));
#6976=CARTESIAN_POINT('Ctrl Pts',(-17.5,0.447738719994444,8.73769463564027));
#6977=CARTESIAN_POINT('Ctrl Pts',(-17.4827992232187,0.896003865721253,8.75161785585427));
#6978=CARTESIAN_POINT('Ctrl Pts',(-17.3578129154309,2.51970043110787,8.85357864816378));
#6979=CARTESIAN_POINT('Ctrl Pts',(-17.1481253799649,3.67591708045178,9.02367674845355));
#6980=CARTESIAN_POINT('Ctrl Pts',(-16.507402743172,5.93176801458091,9.58207961066887));
#6981=CARTESIAN_POINT('Ctrl Pts',(-16.0695551639985,7.01716227101591,9.97581987787522));
#6982=CARTESIAN_POINT('Ctrl Pts',(-15.5643824162734,8.,10.5000000000001));
#6983=CARTESIAN_POINT('',(-15.5643824162734,8.,0.));
#6984=CARTESIAN_POINT('',(-13.007849070773,11.7066588979089,17.6));
#6985=CARTESIAN_POINT('Ctrl Pts',(-13.007849070773,11.7066588979089,17.6));
#6986=CARTESIAN_POINT('Ctrl Pts',(-13.007849070773,11.7066588979089,17.6049575564321));
#6987=CARTESIAN_POINT('Ctrl Pts',(-13.0079984557344,11.706492915525,17.6099410716812));
#6988=CARTESIAN_POINT('Ctrl Pts',(-13.0096586889072,11.7046480046161,17.6373455762898));
#6989=CARTESIAN_POINT('Ctrl Pts',(-13.0140119074447,11.6998115529349,17.6588068221819));
#6990=CARTESIAN_POINT('Ctrl Pts',(-13.029547418838,11.6825114873412,17.7071089794405));
#6991=CARTESIAN_POINT('Ctrl Pts',(-13.0425256217195,11.6680328578025,17.732591184736));
#6992=CARTESIAN_POINT('Ctrl Pts',(-13.0810816612052,11.6248278607971,17.7929941672748));
#6993=CARTESIAN_POINT('Ctrl Pts',(-13.1128845466115,11.5890146191397,17.8282526043546));
#6994=CARTESIAN_POINT('Ctrl Pts',(-13.2088141192984,11.4797838298209,17.9109568866983));
#6995=CARTESIAN_POINT('Ctrl Pts',(-13.2840022868924,11.3930158547822,17.9543269970132));
#6996=CARTESIAN_POINT('Ctrl Pts',(-13.4103296061984,11.2435808664134,17.9926841663564));
#6997=CARTESIAN_POINT('Ctrl Pts',(-13.4564473677879,11.1883424759566,18.));
#6998=CARTESIAN_POINT('Ctrl Pts',(-13.5013590429409,11.1338809044105,18.));
#6999=CARTESIAN_POINT('',(-13.007849070773,11.7066588979089,16.4));
#7000=CARTESIAN_POINT('',(-13.007849070773,11.7066588979089,18.));
#7001=CARTESIAN_POINT('',(-11.7066588979089,13.007849070773,16.4));
#7002=CARTESIAN_POINT('Origin',(0.,0.,16.4));
#7003=CARTESIAN_POINT('',(-11.7066588979089,13.007849070773,17.6));
#7004=CARTESIAN_POINT('',(-11.7066588979089,13.007849070773,18.));
#7005=CARTESIAN_POINT('Ctrl Pts',(-11.1338809044105,13.5013590429409,18.));
#7006=CARTESIAN_POINT('Ctrl Pts',(-11.1929982824701,13.4526079620606,18.));
#7007=CARTESIAN_POINT('Ctrl Pts',(-11.2522389620811,13.4030854020362,17.9913730528379));
#7008=CARTESIAN_POINT('Ctrl Pts',(-11.4147375518678,13.2654768542907,17.9467771263391));
#7009=CARTESIAN_POINT('Ctrl Pts',(-11.5105043965493,13.1820746786089,17.8943388048995));
#7010=CARTESIAN_POINT('Ctrl Pts',(-11.6124209299331,13.0921141667538,17.8047811822766));
#7011=CARTESIAN_POINT('Ctrl Pts',(-11.643861858069,13.0641298518333,17.7707817098277));
#7012=CARTESIAN_POINT('Ctrl Pts',(-11.6817283150392,13.0302565936108,17.7077500123697));
#7013=CARTESIAN_POINT('Ctrl Pts',(-11.6937385327504,13.0194686384588,17.6811293365425));
#7014=CARTESIAN_POINT('Ctrl Pts',(-11.7045537327629,13.0097444462498,17.634988069141));
#7015=CARTESIAN_POINT('Ctrl Pts',(-11.7066588979089,13.007849070773,17.6176587133592));
#7016=CARTESIAN_POINT('Ctrl Pts',(-11.7066588979089,13.007849070773,17.6));
#7017=CARTESIAN_POINT('',(8.00000000000002,15.5643824162734,10.5));
#7018=CARTESIAN_POINT('Ctrl Pts',(-8.,15.5643824162734,10.5));
#7019=CARTESIAN_POINT('Ctrl Pts',(-6.81377749757567,16.1740937280099,9.86734799870702));
#7020=CARTESIAN_POINT('Ctrl Pts',(-5.40767996682817,16.7229493739081,9.38878201875946));
#7021=CARTESIAN_POINT('Ctrl Pts',(-2.14651190070737,17.4522107313324,8.77036452977107));
#7022=CARTESIAN_POINT('Ctrl Pts',(-0.392991627267932,17.5820214491311,8.67067477538574));
#7023=CARTESIAN_POINT('Ctrl Pts',(2.51970043110792,17.3578129154309,8.85357864816378));
#7024=CARTESIAN_POINT('Ctrl Pts',(3.67591708045181,17.1481253799649,9.02367674845355));
#7025=CARTESIAN_POINT('Ctrl Pts',(5.93176801458088,16.507402743172,9.58207961066887));
#7026=CARTESIAN_POINT('Ctrl Pts',(7.01716227101591,16.0695551639985,9.97581987787522));
#7027=CARTESIAN_POINT('Ctrl Pts',(8.00000000000002,15.5643824162734,10.5000000000001));
#7028=CARTESIAN_POINT('',(8.00000000000002,15.5643824162734,0.));
#7029=CARTESIAN_POINT('',(11.7066588979089,13.007849070773,17.6));
#7030=CARTESIAN_POINT('Ctrl Pts',(11.7066588979089,13.007849070773,17.6));
#7031=CARTESIAN_POINT('Ctrl Pts',(11.7066588979089,13.007849070773,17.6044959846985));
#7032=CARTESIAN_POINT('Ctrl Pts',(11.7065223823457,13.0079719345583,17.6090134718657));
#7033=CARTESIAN_POINT('Ctrl Pts',(11.7048801534008,13.0094497949665,17.6359244230797));
#7034=CARTESIAN_POINT('Ctrl Pts',(11.7001889235765,13.0136724924687,17.6573590319874));
#7035=CARTESIAN_POINT('Ctrl Pts',(11.6832728634548,13.0288643856382,17.705488071859));
#7036=CARTESIAN_POINT('Ctrl Pts',(11.6690859581053,13.0415827775261,17.7308144292525));
#7037=CARTESIAN_POINT('Ctrl Pts',(11.6267351922619,13.0793843697238,17.7908060725009));
#7038=CARTESIAN_POINT('Ctrl Pts',(11.5916503988799,13.1105500419996,17.8257819749791));
#7039=CARTESIAN_POINT('Ctrl Pts',(11.4955899482451,13.1949580161346,17.8995992255737));
#7040=CARTESIAN_POINT('Ctrl Pts',(11.427610436393,13.2540343293498,17.9365783602178));
#7041=CARTESIAN_POINT('Ctrl Pts',(11.2822106966099,13.3779776094375,17.9865221548215));
#7042=CARTESIAN_POINT('Ctrl Pts',(11.2077491863684,13.4404436453638,18.));
#7043=CARTESIAN_POINT('Ctrl Pts',(11.1338809044105,13.5013590429409,18.));
#7044=CARTESIAN_POINT('',(11.7066588979089,13.007849070773,16.4));
#7045=CARTESIAN_POINT('',(11.7066588979089,13.007849070773,18.));
#7046=CARTESIAN_POINT('',(13.007849070773,11.7066588979089,16.4));
#7047=CARTESIAN_POINT('Origin',(0.,0.,16.4));
#7048=CARTESIAN_POINT('',(13.007849070773,11.7066588979089,17.6));
#7049=CARTESIAN_POINT('',(13.007849070773,11.7066588979089,18.));
#7050=CARTESIAN_POINT('Ctrl Pts',(13.5013590429409,11.1338809044105,18.));
#7051=CARTESIAN_POINT('Ctrl Pts',(13.4128586296322,11.2411998047822,18.));
#7052=CARTESIAN_POINT('Ctrl Pts',(13.3225834689248,11.3478415939647,17.9715312750292));
#7053=CARTESIAN_POINT('Ctrl Pts',(13.1841652261651,11.5080818950415,17.8920676180781));
#7054=CARTESIAN_POINT('Ctrl Pts',(13.1302713722427,11.5693483855336,17.8481700689944));
#7055=CARTESIAN_POINT('Ctrl Pts',(13.0671224752738,11.6405071214798,17.7725883882809));
#7056=CARTESIAN_POINT('Ctrl Pts',(13.0455888629371,11.6646108765638,17.7409934610241));
#7057=CARTESIAN_POINT('Ctrl Pts',(13.0205228001748,11.6925700137539,17.6822387930775));
#7058=CARTESIAN_POINT('Ctrl Pts',(13.0130951828265,11.7008281161355,17.6574924595924));
#7059=CARTESIAN_POINT('Ctrl Pts',(13.0084901314068,11.70594669882,17.6205116286105));
#7060=CARTESIAN_POINT('Ctrl Pts',(13.007849070773,11.7066588979089,17.6102694528444));
#7061=CARTESIAN_POINT('Ctrl Pts',(13.007849070773,11.7066588979089,17.6));
#7062=CARTESIAN_POINT('',(15.5643824162734,-8.00000000000002,10.5));
#7063=CARTESIAN_POINT('Ctrl Pts',(15.5643824162734,8.00000000000001,10.5));
#7064=CARTESIAN_POINT('Ctrl Pts',(16.1740937280099,6.81377749757569,9.86734799870703));
#7065=CARTESIAN_POINT('Ctrl Pts',(16.7229493739081,5.4076799668282,9.38878201875947));
#7066=CARTESIAN_POINT('Ctrl Pts',(17.4522107313324,2.14651190070736,8.77036452977107));
#7067=CARTESIAN_POINT('Ctrl Pts',(17.5820214491311,0.392991627267909,8.67067477538575));
#7068=CARTESIAN_POINT('Ctrl Pts',(17.3578129154309,-2.51970043110792,8.85357864816379));
#7069=CARTESIAN_POINT('Ctrl Pts',(17.1481253799649,-3.67591708045182,9.02367674845356));
#7070=CARTESIAN_POINT('Ctrl Pts',(16.507402743172,-5.93176801458087,9.58207961066887));
#7071=CARTESIAN_POINT('Ctrl Pts',(16.0695551639985,-7.0171622710159,9.97581987787521));
#7072=CARTESIAN_POINT('Ctrl Pts',(15.5643824162734,-8.00000000000002,10.5000000000001));
#7073=CARTESIAN_POINT('',(15.5643824162734,-8.00000000000002,0.));
#7074=CARTESIAN_POINT('Ctrl Pts',(5.34898535833187,16.6624841368031,0.200022814984438));
#7075=CARTESIAN_POINT('Ctrl Pts',(3.93952669053943,15.2530254880424,0.200022817054571));
#7076=CARTESIAN_POINT('Ctrl Pts',(2.53026574775582,13.8433012426848,0.200006389367326));
#7077=CARTESIAN_POINT('Ctrl Pts',(1.12093971460701,12.4336609759396,0.200004846691529));
#7078=CARTESIAN_POINT('Ctrl Pts',(5.34898958215128,16.6624799129836,0.1476591352679));
#7079=CARTESIAN_POINT('Ctrl Pts',(3.9395309671748,15.2530213162551,0.147659136994332));
#7080=CARTESIAN_POINT('Ctrl Pts',(2.5302669366177,13.8433000530943,0.147645447875196));
#7081=CARTESIAN_POINT('Ctrl Pts',(1.12094061194099,12.4336600788056,0.147644161365153));
#7082=CARTESIAN_POINT('Ctrl Pts',(5.31831410980113,16.693155385748,0.0433935631274242));
#7083=CARTESIAN_POINT('Ctrl Pts',(3.90885005863972,15.2836913521839,0.0433935637327912));
#7084=CARTESIAN_POINT('Ctrl Pts',(2.49958541169664,13.8739748428011,0.0433887867885273));
#7085=CARTESIAN_POINT('Ctrl Pts',(1.09025879245985,12.464335058771,0.0433883356964629));
#7086=CARTESIAN_POINT('Ctrl Pts',(5.24459071697589,16.7668787795687,1.042509548955E-15));
#7087=CARTESIAN_POINT('Ctrl Pts',(3.83511380004057,15.3574018811727,-1.12672760221755E-11));
#7088=CARTESIAN_POINT('Ctrl Pts',(2.425857709057,13.9476863568765,-8.39574590110548E-9));
#7089=CARTESIAN_POINT('Ctrl Pts',(1.01653131750093,12.5380460985824,1.97565354393274E-15));
#7090=CARTESIAN_POINT('Ctrl Pts',(5.20756400396951,16.803905493075,1.04083408558608E-15));
#7091=CARTESIAN_POINT('Ctrl Pts',(3.79808059976045,15.3944221078977,1.06891806566241E-15));
#7092=CARTESIAN_POINT('Ctrl Pts',(2.38882886517527,13.9847070707386,2.13383996267616E-15));
#7093=CARTESIAN_POINT('Ctrl Pts',(0.979502594882317,12.5750665668492,1.97758476261356E-15));
#7094=CARTESIAN_POINT('',(0.979502594882316,12.5750665668492,0.));
#7095=CARTESIAN_POINT('Ctrl Pts',(0.979502594882317,12.5750665668492,1.97758476261356E-15));
#7096=CARTESIAN_POINT('Ctrl Pts',(2.36421670756776,13.9600894254261,2.13111115693969E-15));
#7097=CARTESIAN_POINT('Ctrl Pts',(3.74885886516302,15.3451842367395,1.10574074074645E-15));
#7098=CARTESIAN_POINT('Ctrl Pts',(5.13371950902799,16.730060578476,1.04324207123254E-15));
#7099=CARTESIAN_POINT('',(1.20744984766789,12.5201903888457,0.200004943227872));
#7100=CARTESIAN_POINT('Ctrl Pts',(5.34898485920882,16.66248363768,0.200022814984439));
#7101=CARTESIAN_POINT('Ctrl Pts',(3.96836577739281,15.2818645743992,0.200022817008415));
#7102=CARTESIAN_POINT('Ctrl Pts',(2.5879364118519,13.9009906723531,0.200007054753623));
#7103=CARTESIAN_POINT('Ctrl Pts',(1.20744975212452,12.5201904843674,0.200004959814508));
#7104=CARTESIAN_POINT('',(1.20451161766901,12.51725150433,0.200004939887615));
#7105=CARTESIAN_POINT('Ctrl Pts',(1.20744975212481,12.5201904843671,0.200004943224532));
#7106=CARTESIAN_POINT('Ctrl Pts',(1.20647034425391,12.5192108540587,0.200004941738245));
#7107=CARTESIAN_POINT('Ctrl Pts',(1.20549093635417,12.5182312237874,0.200004940258837));
#7108=CARTESIAN_POINT('Ctrl Pts',(1.20451152842551,12.5172515935533,0.200004938786319));
#7109=CARTESIAN_POINT('Ctrl Pts',(1.20451153957652,12.5172516047074,0.200004955376311));
#7110=CARTESIAN_POINT('Ctrl Pts',(1.20451189926473,12.5172515123906,0.187109462671232));
#7111=CARTESIAN_POINT('Ctrl Pts',(1.20306206344215,12.5176553232067,0.174348154351062));
#7112=CARTESIAN_POINT('Ctrl Pts',(1.20028947789444,12.518391740088,0.161874908470559));
#7113=CARTESIAN_POINT('Ctrl Pts',(1.19820736349208,12.5189447633108,0.152507938743152));
#7114=CARTESIAN_POINT('Ctrl Pts',(1.19537836331226,12.5196862823056,0.143302807078935));
#7115=CARTESIAN_POINT('Ctrl Pts',(1.19184300820745,12.5205995425195,0.134322958052906));
#7116=CARTESIAN_POINT('Ctrl Pts',(1.18707988108498,12.5218299633305,0.122224551758871));
#7117=CARTESIAN_POINT('Ctrl Pts',(1.18110989246963,12.5233537127274,0.11071869733563));
#7118=CARTESIAN_POINT('Ctrl Pts',(1.17410848734154,12.525125861343,0.0999220939775135));
#7119=CARTESIAN_POINT('Ctrl Pts',(1.16812289956381,12.5266408930973,0.0906919443262613));
#7120=CARTESIAN_POINT('Ctrl Pts',(1.16138257730286,12.5283383712591,0.0819792982065563));
#7121=CARTESIAN_POINT('Ctrl Pts',(1.15397619220772,12.5302111701136,0.0738527870513933));
#7122=CARTESIAN_POINT('Ctrl Pts',(1.14908471051124,12.5314480435951,0.0684857044515637));
#7123=CARTESIAN_POINT('Ctrl Pts',(1.14392468709986,12.5327567555793,0.0633983273422589));
#7124=CARTESIAN_POINT('Ctrl Pts',(1.13852364203961,12.5341335469666,0.0586052340686885));
#7125=CARTESIAN_POINT('Ctrl Pts',(1.12881964932816,12.5366072114962,0.0499935410216722));
#7126=CARTESIAN_POINT('Ctrl Pts',(1.11833998988554,12.5392982705561,0.042330109819789));
#7127=CARTESIAN_POINT('Ctrl Pts',(1.10729159274776,12.5421376160456,0.0355992719403376));
#7128=CARTESIAN_POINT('Ctrl Pts',(1.10118468931751,12.5437070390573,0.031878861058848));
#7129=CARTESIAN_POINT('Ctrl Pts',(1.09490332582118,12.5453224645526,0.0284437042315299));
#7130=CARTESIAN_POINT('Ctrl Pts',(1.08847817758193,12.5469764907591,0.0252939718731884));
#7131=CARTESIAN_POINT('Ctrl Pts',(1.07569669941224,12.5502668272718,0.0190282432270234));
#7132=CARTESIAN_POINT('Ctrl Pts',(1.06238325195939,12.5536952906325,0.0139088183274098));
#7133=CARTESIAN_POINT('Ctrl Pts',(1.04875325388387,12.5572042535662,0.00994639180014089));
#7134=CARTESIAN_POINT('Ctrl Pts',(1.04474311043227,12.5582366414398,0.00878058834934511));
#7135=CARTESIAN_POINT('Ctrl Pts',(1.0407053692082,12.5592761939463,0.00771515208112716));
#7136=CARTESIAN_POINT('Ctrl Pts',(1.03664508661342,12.5603218731955,0.00675092266955842));
#7137=CARTESIAN_POINT('Ctrl Pts',(1.02213763944742,12.5640580999497,0.00330571733773381));
#7138=CARTESIAN_POINT('Ctrl Pts',(1.00734854386155,12.5678691695172,0.00115028538558609));
#7139=CARTESIAN_POINT('Ctrl Pts',(0.992490870485031,12.5717078637305,0.000350471525668097));
#7140=CARTESIAN_POINT('Ctrl Pts',(0.988775991719181,12.5726676562404,0.000150493275403253));
#7141=CARTESIAN_POINT('Ctrl Pts',(0.985056764570818,12.573629236913,3.55010615099612E-5));
#7142=CARTESIAN_POINT('Ctrl Pts',(0.981336432641454,12.5745919545362,7.02229071392058E-6));
#7143=CARTESIAN_POINT('Ctrl Pts',(0.980725178416662,12.5747501299962,2.34320043474472E-6));
#7144=CARTESIAN_POINT('Ctrl Pts',(0.980113894380692,12.5749083351098,1.984501225328E-15));
#7145=CARTESIAN_POINT('Ctrl Pts',(0.979502594882316,12.5750665668492,1.98452365651747E-15));
#7146=CARTESIAN_POINT('Ctrl Pts',(1.16840221396673,12.6291227914011,0.237347804446177));
#7147=CARTESIAN_POINT('Ctrl Pts',(1.83393461487798,10.3063283643326,0.23313551177903));
#7148=CARTESIAN_POINT('Ctrl Pts',(4.58774097752762,5.22819785754351,0.231053344991585));
#7149=CARTESIAN_POINT('Ctrl Pts',(9.53305948521651,2.05479650451165,0.231731422471823));
#7150=CARTESIAN_POINT('Ctrl Pts',(12.6301203765663,1.16742576727877,0.237347858174398));
#7151=CARTESIAN_POINT('Ctrl Pts',(1.1789266491938,12.6321345033182,0.179757710114316));
#7152=CARTESIAN_POINT('Ctrl Pts',(1.84263920708443,10.3105976519834,0.176003291641052));
#7153=CARTESIAN_POINT('Ctrl Pts',(4.59429709967399,5.23465549939772,0.174225070492273));
#7154=CARTESIAN_POINT('Ctrl Pts',(9.53774795404118,2.06289449171653,0.174751825512866));
#7155=CARTESIAN_POINT('Ctrl Pts',(12.6331320735555,1.17795022492827,0.179757757881273));
#7156=CARTESIAN_POINT('Ctrl Pts',(1.14790257950063,12.6232565390005,0.0549990340787377));
#7157=CARTESIAN_POINT('Ctrl Pts',(1.81155040074488,10.2965994607358,0.0535591006976362));
#7158=CARTESIAN_POINT('Ctrl Pts',(4.56809645383886,5.20990944631063,0.0529238747990772));
#7159=CARTESIAN_POINT('Ctrl Pts',(9.52204308133545,2.03178407892483,0.0530791251075158));
#7160=CARTESIAN_POINT('Ctrl Pts',(12.6242541727609,1.14692615734655,0.0549990523002573));
#7161=CARTESIAN_POINT('Ctrl Pts',(1.03586165203777,12.5911944863437,-1.11530760915077E-15));
#7162=CARTESIAN_POINT('Ctrl Pts',(1.70549313041497,10.2485259703728,3.2891930095698E-5));
#7163=CARTESIAN_POINT('Ctrl Pts',(4.48173194152557,5.12768425941535,-2.81096365937566E-5));
#7164=CARTESIAN_POINT('Ctrl Pts',(9.46863263020144,1.92772126051782,4.38562849601039E-5));
#7165=CARTESIAN_POINT('Ctrl Pts',(12.5921923252815,1.03488515283318,-9.38021823356531E-16));
#7166=CARTESIAN_POINT('Ctrl Pts',(0.979502594882317,12.5750665668492,-1.11022302462516E-15));
#7167=CARTESIAN_POINT('Ctrl Pts',(1.65220964622009,10.2242900039956,-1.19027519816204E-15));
#7168=CARTESIAN_POINT('Ctrl Pts',(4.43832699278289,5.08633004736162,-6.09904653852717E-16));
#7169=CARTESIAN_POINT('Ctrl Pts',(9.4416940744399,1.87546291699526,-1.27875295631271E-15));
#7170=CARTESIAN_POINT('Ctrl Pts',(12.5760645089277,0.978526056681789,-9.36750677027476E-16));
#7171=CARTESIAN_POINT('',(1.20170888453253,12.5144494257103,0.237142857377624));
#7172=CARTESIAN_POINT('',(12.5154173835079,1.20074092671627,0.237142857377622));
#7173=CARTESIAN_POINT('Ctrl Pts',(1.20171140028348,12.5144501673643,0.237142322704049));
#7174=CARTESIAN_POINT('Ctrl Pts',(1.87292768290226,10.2347199367628,0.233106249097966));
#7175=CARTESIAN_POINT('Ctrl Pts',(4.60309827343364,5.24156054560531,0.231072698937085));
#7176=CARTESIAN_POINT('Ctrl Pts',(9.46332078827461,2.09971281997207,0.231721982922137));
#7177=CARTESIAN_POINT('Ctrl Pts',(12.5154198661446,1.20074935050198,0.237142012827024));
#7178=CARTESIAN_POINT('',(12.5182204740221,1.20354336244805,0.199995060076381));
#7179=CARTESIAN_POINT('Ctrl Pts',(12.5154226973151,1.20074851661098,0.237142017854722));
#7180=CARTESIAN_POINT('Ctrl Pts',(12.517287018492,1.20261117161552,0.224901276779653));
#7181=CARTESIAN_POINT('Ctrl Pts',(12.5182054961075,1.20347705972118,0.212466503403573));
#7182=CARTESIAN_POINT('Ctrl Pts',(12.5181850810801,1.20340532263296,0.199995548391302));
#7183=CARTESIAN_POINT('',(12.5760645089277,0.978526056681789,0.));
#7184=CARTESIAN_POINT('Ctrl Pts',(12.5181850810801,1.20340532263297,0.199995548391302));
#7185=CARTESIAN_POINT('Ctrl Pts',(12.5181634900075,1.20332976300262,0.186855911336468));
#7186=CARTESIAN_POINT('Ctrl Pts',(12.5185145528838,1.20179907382486,0.173839210470367));
#7187=CARTESIAN_POINT('Ctrl Pts',(12.5192300048872,1.19893291905943,0.161121619278259));
#7188=CARTESIAN_POINT('Ctrl Pts',(12.5197439405194,1.19687405409819,0.151986103215877));
#7189=CARTESIAN_POINT('Ctrl Pts',(12.5204456007264,1.19412488511471,0.143004289101362));
#7190=CARTESIAN_POINT('Ctrl Pts',(12.52132786961,1.19071398432537,0.134239643781385));
#7191=CARTESIAN_POINT('Ctrl Pts',(12.5225690562136,1.18591548758091,0.121909434070905));
#7192=CARTESIAN_POINT('Ctrl Pts',(12.5241466212686,1.17988403023782,0.110199675694901));
#7193=CARTESIAN_POINT('Ctrl Pts',(12.5260064386461,1.1727744150716,0.099244740920431));
#7194=CARTESIAN_POINT('Ctrl Pts',(12.5275362848552,1.16692619688555,0.0902334446298344));
#7195=CARTESIAN_POINT('Ctrl Pts',(12.5292567900917,1.16034727698075,0.0817319698507031));
#7196=CARTESIAN_POINT('Ctrl Pts',(12.5311307812757,1.15309899947073,0.0738106396854569));
#7197=CARTESIAN_POINT('Ctrl Pts',(12.531244320961,1.15265984737955,0.0733307092878983));
#7198=CARTESIAN_POINT('Ctrl Pts',(12.5313583705936,1.15221840962677,0.0728531010435555));
#7199=CARTESIAN_POINT('Ctrl Pts',(12.5314729228701,1.1517747035494,0.0723778268948249));
#7200=CARTESIAN_POINT('Ctrl Pts',(12.5336537312049,1.14332757407008,0.0633297149187607));
#7201=CARTESIAN_POINT('Ctrl Pts',(12.5360179999702,1.1340625480688,0.0551266450012689));
#7202=CARTESIAN_POINT('Ctrl Pts',(12.5385406947191,1.12418753573739,0.0477563852927728));
#7203=CARTESIAN_POINT('Ctrl Pts',(12.5412447243642,1.1136026934369,0.0398563408057495));
#7204=CARTESIAN_POINT('Ctrl Pts',(12.5441306223312,1.10231641068505,0.0329124935376057));
#7205=CARTESIAN_POINT('Ctrl Pts',(12.5471510652197,1.09053161750512,0.0269278771710535));
#7206=CARTESIAN_POINT('Ctrl Pts',(12.5474094481977,1.08952349052831,0.0264159247665595));
#7207=CARTESIAN_POINT('Ctrl Pts',(12.5476688073278,1.08851168898646,0.025911005774614));
#7208=CARTESIAN_POINT('Ctrl Pts',(12.5479291084749,1.08749632582506,0.0254131301796631));
#7209=CARTESIAN_POINT('Ctrl Pts',(12.5512192795157,1.07466227377789,0.0191200504801783));
#7210=CARTESIAN_POINT('Ctrl Pts',(12.5546554407626,1.06129996707066,0.013968543917803));
#7211=CARTESIAN_POINT('Ctrl Pts',(12.5581842121107,1.04762496450375,0.00998006241727269));
#7212=CARTESIAN_POINT('Ctrl Pts',(12.5592075118829,1.04365938395739,0.00882345242245859));
#7213=CARTESIAN_POINT('Ctrl Pts',(12.5602385128404,1.03966724811192,0.00776484855920236));
#7214=CARTESIAN_POINT('Ctrl Pts',(12.5612757235549,1.03565325546057,0.00680530630638711));
#7215=CARTESIAN_POINT('Ctrl Pts',(12.5650197183174,1.02116404198301,0.00334166953637793));
#7216=CARTESIAN_POINT('Ctrl Pts',(12.5688447804304,1.00639697425424,0.0011665259597619));
#7217=CARTESIAN_POINT('Ctrl Pts',(12.5726891028622,0.991557354250242,0.000356603189945195));
#7218=CARTESIAN_POINT('Ctrl Pts',(12.5736550931563,0.987828497176797,0.000153088123632121));
#7219=CARTESIAN_POINT('Ctrl Pts',(12.5746222651675,0.984094975727878,3.60131657969149E-5));
#7220=CARTESIAN_POINT('Ctrl Pts',(12.5755895829226,0.980359927464939,7.10133851536399E-6));
#7221=CARTESIAN_POINT('Ctrl Pts',(12.5757478880244,0.979748673104434,2.36981183835331E-6));
#7222=CARTESIAN_POINT('Ctrl Pts',(12.5759061981507,0.979137378253667,-9.43680042196643E-16));
#7223=CARTESIAN_POINT('Ctrl Pts',(12.5760645089277,0.978526056681788,-9.43689570931383E-16));
#7224=CARTESIAN_POINT('Ctrl Pts',(12.5760645089277,0.978526056681789,-9.36750677027476E-16));
#7225=CARTESIAN_POINT('Ctrl Pts',(9.4416940744399,1.87546291699526,-1.27875295631271E-15));
#7226=CARTESIAN_POINT('Ctrl Pts',(4.43832699278289,5.08633004736162,-6.09904653852717E-16));
#7227=CARTESIAN_POINT('Ctrl Pts',(1.65220964622009,10.2242900039956,-1.19027519816204E-15));
#7228=CARTESIAN_POINT('Ctrl Pts',(0.979502594882317,12.5750665668492,-1.11022302462516E-15));
#7229=CARTESIAN_POINT('Ctrl Pts',(1.20436883483969,12.5172114113979,0.200005699914242));
#7230=CARTESIAN_POINT('Ctrl Pts',(1.2044397216233,12.5172318938674,0.212447801157683));
#7231=CARTESIAN_POINT('Ctrl Pts',(1.20357756920218,12.5163175977274,0.224879831173919));
#7232=CARTESIAN_POINT('Ctrl Pts',(1.20171149092705,12.514449859501,0.237142322159002));
#7233=CARTESIAN_POINT('Ctrl Pts',(12.4346273892054,1.11993164759378,0.199995153296941));
#7234=CARTESIAN_POINT('Ctrl Pts',(13.8439142350608,2.52953271815466,0.199993610657337));
#7235=CARTESIAN_POINT('Ctrl Pts',(15.2531171099276,3.93919886418684,0.199977187067554));
#7236=CARTESIAN_POINT('Ctrl Pts',(16.6625855648926,5.34866733800429,0.199977185016425));
#7237=CARTESIAN_POINT('Ctrl Pts',(12.4346282865138,1.11993075048537,0.147636083536329));
#7238=CARTESIAN_POINT('Ctrl Pts',(13.8439154248626,2.52953152960558,0.147634797076567));
#7239=CARTESIAN_POINT('Ctrl Pts',(15.2531212818333,3.93919459045717,0.147621112004979));
#7240=CARTESIAN_POINT('Ctrl Pts',(16.6625897880984,5.34866311479849,0.147621110294523));
#7241=CARTESIAN_POINT('Ctrl Pts',(12.4653116844517,1.08925419241414,0.0433855148864135));
#7242=CARTESIAN_POINT('Ctrl Pts',(13.8745990130844,2.49885467705411,0.043385063821689));
#7243=CARTESIAN_POINT('Ctrl Pts',(15.283809623744,3.90851712417912,0.0433802886130746));
#7244=CARTESIAN_POINT('Ctrl Pts',(16.6932726927202,5.3179802105871,0.0433802880133701));
#7245=CARTESIAN_POINT('Ctrl Pts',(12.5390369288146,1.01554538269904,1.21684102752205E-15));
#7246=CARTESIAN_POINT('Ctrl Pts',(13.9483237831454,2.42514609491368,8.39474775768368E-9));
#7247=CARTESIAN_POINT('Ctrl Pts',(15.3575353798098,3.83481709534852,-1.116041239796E-11));
#7248=CARTESIAN_POINT('Ctrl Pts',(16.7669855851949,5.24426731909842,-4.20272784983789E-16));
#7249=CARTESIAN_POINT('Ctrl Pts',(12.5760645089277,0.978526056681788,1.21430643318376E-15));
#7250=CARTESIAN_POINT('Ctrl Pts',(13.985351117644,2.3881268901035,1.05750211495506E-15));
#7251=CARTESIAN_POINT('Ctrl Pts',(15.3945632019101,3.79780224553505,-5.4465275323587E-16));
#7252=CARTESIAN_POINT('Ctrl Pts',(16.8040069211555,5.20724598363296,-4.16333634234434E-16));
#7253=CARTESIAN_POINT('',(12.5211598981736,1.20648344138195,0.199995056734722));
#7254=CARTESIAN_POINT('Ctrl Pts',(12.5211598025875,1.20648353694636,0.199995040143539));
#7255=CARTESIAN_POINT('Ctrl Pts',(13.9015992529523,2.58723650572443,0.199992945246258));
#7256=CARTESIAN_POINT('Ctrl Pts',(15.2819649989307,3.9680467535758,0.199977187025573));
#7257=CARTESIAN_POINT('Ctrl Pts',(16.6625855648926,5.34866733800429,0.199977185016425));
#7258=CARTESIAN_POINT('Ctrl Pts',(16.7301591266536,5.13339776749054,-4.21490322973014E-16));
#7259=CARTESIAN_POINT('Ctrl Pts',(15.3453392669857,3.74856217396811,-4.89130203466181E-16));
#7260=CARTESIAN_POINT('Ctrl Pts',(13.9607378599747,2.36350814448483,1.06024070983302E-15));
#7261=CARTESIAN_POINT('Ctrl Pts',(12.5760645089277,0.978526056681788,1.21430643318376E-15));
#7262=CARTESIAN_POINT('Ctrl Pts',(12.5211598025875,1.20648353694637,0.199995040143539));
#7263=CARTESIAN_POINT('Ctrl Pts',(12.5201799966753,1.20550350850557,0.199995041630452));
#7264=CARTESIAN_POINT('Ctrl Pts',(12.5192001907259,1.20452348009362,0.199995043110481));
#7265=CARTESIAN_POINT('Ctrl Pts',(12.5182203847393,1.20354345171062,0.199995044583616));
#7266=CARTESIAN_POINT('Origin',(0.,0.,0.));
#7267=CARTESIAN_POINT('Origin',(15.7,5.55111512312578E-16,0.));
#7268=CARTESIAN_POINT('',(12.5750665668492,-0.979502594882317,0.));
#7269=CARTESIAN_POINT('Ctrl Pts',(12.5750665668492,-0.979502594882316,1.49186218934005E-15));
#7270=CARTESIAN_POINT('Ctrl Pts',(13.9600894254261,-2.36421670756776,1.64533266233449E-15));
#7271=CARTESIAN_POINT('Ctrl Pts',(15.3451842367395,-3.74885886516303,1.12241507797718E-15));
#7272=CARTESIAN_POINT('Ctrl Pts',(16.730060578476,-5.13371950902799,1.07746587722003E-15));
#7273=CARTESIAN_POINT('',(0.978526056681784,-12.5760645089277,0.));
#7274=CARTESIAN_POINT('Ctrl Pts',(0.978526056681784,-12.5760645089277,-4.16333634234434E-16));
#7275=CARTESIAN_POINT('Ctrl Pts',(1.87546291699526,-9.44169407443991,-8.57687724528863E-17));
#7276=CARTESIAN_POINT('Ctrl Pts',(5.08633004736161,-4.43832699278289,-2.96895771635886E-15));
#7277=CARTESIAN_POINT('Ctrl Pts',(10.2242900039956,-1.65220964622008,-4.40813038267888E-16));
#7278=CARTESIAN_POINT('Ctrl Pts',(12.5750665668492,-0.979502594882315,0.));
#7279=CARTESIAN_POINT('Ctrl Pts',(5.13339776749054,-16.7301591266536,3.89763598653112E-16));
#7280=CARTESIAN_POINT('Ctrl Pts',(3.74856217396811,-15.3453392669857,5.13527128122353E-16));
#7281=CARTESIAN_POINT('Ctrl Pts',(2.36350814448483,-13.9607378599747,-9.52041571026181E-16));
#7282=CARTESIAN_POINT('Ctrl Pts',(0.978526056681787,-12.5760645089277,-7.97972798949331E-16));
#7283=CARTESIAN_POINT('Origin',(1.53482895163046E-15,-15.7,0.));
#7284=CARTESIAN_POINT('',(-0.979502594882312,-12.5750665668492,0.));
#7285=CARTESIAN_POINT('Ctrl Pts',(-0.979502594882312,-12.5750665668492,
5.20417042793042E-16));
#7286=CARTESIAN_POINT('Ctrl Pts',(-2.36421670756776,-13.9600894254261,3.66412403626679E-16));
#7287=CARTESIAN_POINT('Ctrl Pts',(-3.74885886516302,-15.3451842367395,-1.19936279988868E-15));
#7288=CARTESIAN_POINT('Ctrl Pts',(-5.13371950902799,-16.730060578476,-1.28077723460446E-15));
#7289=CARTESIAN_POINT('',(-12.5760645089277,-0.978526056681784,0.));
#7290=CARTESIAN_POINT('Ctrl Pts',(-12.5760645089277,-0.978526056681784,
-2.77555756156289E-16));
#7291=CARTESIAN_POINT('Ctrl Pts',(-10.2252866830619,-1.65122870191689,-5.84318860657096E-16));
#7292=CARTESIAN_POINT('Ctrl Pts',(-5.0873215922292,-4.4373366214128,6.08018593988771E-16));
#7293=CARTESIAN_POINT('Ctrl Pts',(-1.87644532999933,-9.44069781637781,-1.5846748418909E-15));
#7294=CARTESIAN_POINT('Ctrl Pts',(-0.979502594882314,-12.5750665668492,
-1.35308431126191E-15));
#7295=CARTESIAN_POINT('Ctrl Pts',(-16.7301591266536,-5.13339776749053,3.47953928077514E-16));
#7296=CARTESIAN_POINT('Ctrl Pts',(-15.3453392669857,-3.7485621739681,3.58370719576019E-16));
#7297=CARTESIAN_POINT('Ctrl Pts',(-13.9607378599747,-2.36350814448482,-1.04344619376062E-16));
#7298=CARTESIAN_POINT('Ctrl Pts',(-12.5760645089277,-0.978526056681785,
-1.04083408558608E-16));
#7299=CARTESIAN_POINT('Origin',(-15.7,-2.51454639094834E-15,0.));
#7300=CARTESIAN_POINT('',(-12.5750665668492,0.979502594882313,0.));
#7301=CARTESIAN_POINT('Ctrl Pts',(-12.5750665668492,0.979502594882313,-4.5102810375397E-16));
#7302=CARTESIAN_POINT('Ctrl Pts',(-13.9600894254261,2.36421670756776,-1.4372889256553E-16));
#7303=CARTESIAN_POINT('Ctrl Pts',(-15.3451842367395,3.74885886516301,2.90041494271193E-16));
#7304=CARTESIAN_POINT('Ctrl Pts',(-16.730060578476,5.13371950902798,2.7859147452609E-16));
#7305=CARTESIAN_POINT('',(-0.978526056681786,12.5760645089277,0.));
#7306=CARTESIAN_POINT('Ctrl Pts',(-0.978526056681786,12.5760645089277,2.08166817117217E-16));
#7307=CARTESIAN_POINT('Ctrl Pts',(-1.87546291699526,9.44169407443989,3.59374477807849E-17));
#7308=CARTESIAN_POINT('Ctrl Pts',(-5.08633004736161,4.4383269927829,-1.1129276211995E-15));
#7309=CARTESIAN_POINT('Ctrl Pts',(-10.2242900039956,1.65220964622008,-1.98032081852933E-15));
#7310=CARTESIAN_POINT('Ctrl Pts',(-12.5750665668492,0.979502594882314,-1.87350135405495E-15));
#7311=CARTESIAN_POINT('Ctrl Pts',(-5.13339776749054,16.7301591266536,1.14392678342443E-15));
#7312=CARTESIAN_POINT('Ctrl Pts',(-3.7485621739681,15.3453392669857,1.07989325241459E-15));
#7313=CARTESIAN_POINT('Ctrl Pts',(-2.36350814448483,13.9607378599747,-1.51190498144112E-15));
#7314=CARTESIAN_POINT('Ctrl Pts',(-0.978526056681787,12.5760645089277,-1.66533453693773E-15));
#7315=CARTESIAN_POINT('Origin',(-3.49426383026622E-15,15.7,0.));
#7316=CARTESIAN_POINT('',(-5.50000000000001,1.22866725184362E-15,0.));
#7317=CARTESIAN_POINT('Origin',(-1.11022302462516E-14,5.55111512312578E-16,
0.));
#7318=CARTESIAN_POINT('Origin',(16.6627765904731,5.34858411256355,1.5));
#7319=CARTESIAN_POINT('Origin',(16.6630185799175,5.34834212311915,1.5));
#7320=CARTESIAN_POINT('Ctrl Pts',(16.6624841368031,-5.34898535833188,0.200022814984437));
#7321=CARTESIAN_POINT('Ctrl Pts',(15.2530254880424,-3.93952669053945,0.200022817054571));
#7322=CARTESIAN_POINT('Ctrl Pts',(13.8433012426848,-2.53026574775582,0.200006389367324));
#7323=CARTESIAN_POINT('Ctrl Pts',(12.4336609759396,-1.12093971460701,0.200004846691528));
#7324=CARTESIAN_POINT('Ctrl Pts',(16.6624799129836,-5.34898958215128,0.1476591352679));
#7325=CARTESIAN_POINT('Ctrl Pts',(15.2530213162551,-3.93953096717481,0.147659136994332));
#7326=CARTESIAN_POINT('Ctrl Pts',(13.8433000530943,-2.53026693661769,0.147645447875195));
#7327=CARTESIAN_POINT('Ctrl Pts',(12.4336600788056,-1.12094061194099,0.147644161365152));
#7328=CARTESIAN_POINT('Ctrl Pts',(16.693155385748,-5.31831410980114,0.0433935631274241));
#7329=CARTESIAN_POINT('Ctrl Pts',(15.2836913521839,-3.90885005863974,0.0433935637327911));
#7330=CARTESIAN_POINT('Ctrl Pts',(13.8739748428011,-2.49958541169664,0.0433887867885266));
#7331=CARTESIAN_POINT('Ctrl Pts',(12.464335058771,-1.09025879245985,0.0433883356964622));
#7332=CARTESIAN_POINT('Ctrl Pts',(16.7668787795687,-5.24459071697589,1.07139145793194E-15));
#7333=CARTESIAN_POINT('Ctrl Pts',(15.3574018811727,-3.83511380004058,-1.12672471407865E-11));
#7334=CARTESIAN_POINT('Ctrl Pts',(13.9476863568765,-2.425857709057,-8.39574638949678E-9));
#7335=CARTESIAN_POINT('Ctrl Pts',(12.5380460985824,-1.01653131750093,1.48702125306305E-15));
#7336=CARTESIAN_POINT('Ctrl Pts',(16.803905493075,-5.20756400396951,1.07552855510562E-15));
#7337=CARTESIAN_POINT('Ctrl Pts',(15.3944221078977,-3.79808059976047,1.10361253014186E-15));
#7338=CARTESIAN_POINT('Ctrl Pts',(13.9847070707386,-2.38882886517527,1.64806047411515E-15));
#7339=CARTESIAN_POINT('Ctrl Pts',(12.5750665668492,-0.979502594882316,1.49186218934005E-15));
#7340=CARTESIAN_POINT('',(12.5201903888457,-1.20744984766789,0.200004943227871));
#7341=CARTESIAN_POINT('Ctrl Pts',(16.66248363768,-5.34898485920882,0.200022814984438));
#7342=CARTESIAN_POINT('Ctrl Pts',(15.2818645743992,-3.96836577739282,0.200022817008414));
#7343=CARTESIAN_POINT('Ctrl Pts',(13.9009906723531,-2.5879364118519,0.200007054753621));
#7344=CARTESIAN_POINT('Ctrl Pts',(12.5201904843674,-1.20744975212452,0.200004959814506));
#7345=CARTESIAN_POINT('',(12.51725150433,-1.204511617669,0.200004939887614));
#7346=CARTESIAN_POINT('Ctrl Pts',(12.5201904843671,-1.20744975212481,0.200004943224531));
#7347=CARTESIAN_POINT('Ctrl Pts',(12.5192108540587,-1.20647034425391,0.200004941738244));
#7348=CARTESIAN_POINT('Ctrl Pts',(12.5182312237874,-1.20549093635417,0.200004940258836));
#7349=CARTESIAN_POINT('Ctrl Pts',(12.5172515935533,-1.2045115284255,0.200004938786318));
#7350=CARTESIAN_POINT('Ctrl Pts',(12.5172516047074,-1.20451153957652,0.200004955376309));
#7351=CARTESIAN_POINT('Ctrl Pts',(12.5172515123906,-1.20451189926472,0.187109462671263));
#7352=CARTESIAN_POINT('Ctrl Pts',(12.5176553232067,-1.20306206344216,0.174348154351124));
#7353=CARTESIAN_POINT('Ctrl Pts',(12.518391740088,-1.20028947789446,0.161874908470649));
#7354=CARTESIAN_POINT('Ctrl Pts',(12.5189447633108,-1.19820736349209,0.152507938743211));
#7355=CARTESIAN_POINT('Ctrl Pts',(12.5196862823056,-1.19537836331227,0.143302807078964));
#7356=CARTESIAN_POINT('Ctrl Pts',(12.5205995425196,-1.19184300820745,0.134322958052905));
#7357=CARTESIAN_POINT('Ctrl Pts',(12.5218299633305,-1.187079881085,0.122224551758939));
#7358=CARTESIAN_POINT('Ctrl Pts',(12.5233537127274,-1.18110989246969,0.11071869733576));
#7359=CARTESIAN_POINT('Ctrl Pts',(12.525125861343,-1.17410848734165,0.0999220939776953));
#7360=CARTESIAN_POINT('Ctrl Pts',(12.5266408930973,-1.1681228995639,0.0906919443263789));
#7361=CARTESIAN_POINT('Ctrl Pts',(12.5283383712591,-1.16138257730291,0.0819792982066145));
#7362=CARTESIAN_POINT('Ctrl Pts',(12.5302111701136,-1.15397619220772,0.0738527870513976));
#7363=CARTESIAN_POINT('Ctrl Pts',(12.5314480435951,-1.14908471051124,0.0684857044515662));
#7364=CARTESIAN_POINT('Ctrl Pts',(12.5327567555793,-1.14392468709985,0.0633983273422597));
#7365=CARTESIAN_POINT('Ctrl Pts',(12.5341335469666,-1.1385236420396,0.0586052340686877));
#7366=CARTESIAN_POINT('Ctrl Pts',(12.5366072114962,-1.12881964932811,0.0499935410216241));
#7367=CARTESIAN_POINT('Ctrl Pts',(12.5392982705561,-1.11833998988543,0.0423301098197044));
#7368=CARTESIAN_POINT('Ctrl Pts',(12.5421376160457,-1.10729159274758,0.0355992719402279));
#7369=CARTESIAN_POINT('Ctrl Pts',(12.5437070390573,-1.10118468931739,0.0318788610587811));
#7370=CARTESIAN_POINT('Ctrl Pts',(12.5453224645526,-1.09490332582112,0.0284437042315005));
#7371=CARTESIAN_POINT('Ctrl Pts',(12.5469764907591,-1.08847817758194,0.0252939718731912));
#7372=CARTESIAN_POINT('Ctrl Pts',(12.5502668272717,-1.07569669941262,0.0190282432272093));
#7373=CARTESIAN_POINT('Ctrl Pts',(12.5536952906323,-1.06238325196017,0.0139088183277126));
#7374=CARTESIAN_POINT('Ctrl Pts',(12.5572042535659,-1.04875325388506,0.0099463918004904));
#7375=CARTESIAN_POINT('Ctrl Pts',(12.5582366414396,-1.04474311043307,0.0087805883495592));
#7376=CARTESIAN_POINT('Ctrl Pts',(12.5592761939462,-1.04070536920861,0.00771515208122542));
#7377=CARTESIAN_POINT('Ctrl Pts',(12.5603218731955,-1.03664508661343,0.00675092266956073));
#7378=CARTESIAN_POINT('Ctrl Pts',(12.5640580999501,-1.02213763944568,0.0033057173373217));
#7379=CARTESIAN_POINT('Ctrl Pts',(12.5678691695186,-1.00734854385838,0.00115028538505341));
#7380=CARTESIAN_POINT('Ctrl Pts',(12.5717078637321,-0.992490870479735,0.000350471525370391));
#7381=CARTESIAN_POINT('Ctrl Pts',(12.5726676562415,-0.988775991715704,0.000150493275290854));
#7382=CARTESIAN_POINT('Ctrl Pts',(12.5736292369136,-0.985056764569123,3.55010614975675E-5));
#7383=CARTESIAN_POINT('Ctrl Pts',(12.574591954536,-0.981336432641481,7.0222907142467E-6));
#7384=CARTESIAN_POINT('Ctrl Pts',(12.5747501299961,-0.980725178416568,2.34320043408308E-6));
#7385=CARTESIAN_POINT('Ctrl Pts',(12.5749083351098,-0.980113894380804,1.4988261711103E-15));
#7386=CARTESIAN_POINT('Ctrl Pts',(12.5750665668492,-0.979502594882316,1.49880108324396E-15));
#7387=CARTESIAN_POINT('Ctrl Pts',(12.6291227914011,-1.16840221396673,0.237347804446177));
#7388=CARTESIAN_POINT('Ctrl Pts',(10.3063283643326,-1.83393461487797,0.23313551177903));
#7389=CARTESIAN_POINT('Ctrl Pts',(5.22819785754351,-4.58774097752762,0.231053344991586));
#7390=CARTESIAN_POINT('Ctrl Pts',(2.05479650451164,-9.53305948521652,0.231731422471823));
#7391=CARTESIAN_POINT('Ctrl Pts',(1.16742576727877,-12.6301203765663,0.237347858174399));
#7392=CARTESIAN_POINT('Ctrl Pts',(12.6321345033182,-1.1789266491938,0.179757710114316));
#7393=CARTESIAN_POINT('Ctrl Pts',(10.3105976519834,-1.84263920708442,0.176003291641053));
#7394=CARTESIAN_POINT('Ctrl Pts',(5.23465549939772,-4.59429709967398,0.174225070492273));
#7395=CARTESIAN_POINT('Ctrl Pts',(2.06289449171652,-9.5377479540412,0.174751825512867));
#7396=CARTESIAN_POINT('Ctrl Pts',(1.17795022492827,-12.6331320735555,0.179757757881274));
#7397=CARTESIAN_POINT('Ctrl Pts',(12.6232565390005,-1.14790257950063,0.0549990340787385));
#7398=CARTESIAN_POINT('Ctrl Pts',(10.2965994607358,-1.81155040074488,0.0535591006976367));
#7399=CARTESIAN_POINT('Ctrl Pts',(5.20990944631061,-4.56809645383886,0.0529238747990755));
#7400=CARTESIAN_POINT('Ctrl Pts',(2.03178407892483,-9.52204308133545,0.0530791251075168));
#7401=CARTESIAN_POINT('Ctrl Pts',(1.14692615734654,-12.6242541727609,0.0549990523002578));
#7402=CARTESIAN_POINT('Ctrl Pts',(12.5911944863437,-1.03586165203777,3.8134383942133E-18));
#7403=CARTESIAN_POINT('Ctrl Pts',(10.2485259703728,-1.70549313041497,3.28919300964433E-5));
#7404=CARTESIAN_POINT('Ctrl Pts',(5.12768425941535,-4.48173194152556,-2.81096365961104E-5));
#7405=CARTESIAN_POINT('Ctrl Pts',(1.92772126051781,-9.46863263020145,4.38562849612979E-5));
#7406=CARTESIAN_POINT('Ctrl Pts',(1.03488515283318,-12.5921923252815,-4.16333634234434E-16));
#7407=CARTESIAN_POINT('Ctrl Pts',(12.5750665668492,-0.979502594882315,0.));
#7408=CARTESIAN_POINT('Ctrl Pts',(10.2242900039956,-1.65220964622008,-4.40813038267888E-16));
#7409=CARTESIAN_POINT('Ctrl Pts',(5.08633004736161,-4.43832699278289,-2.96895771635886E-15));
#7410=CARTESIAN_POINT('Ctrl Pts',(1.87546291699526,-9.44169407443991,-8.57687724528863E-17));
#7411=CARTESIAN_POINT('Ctrl Pts',(0.978526056681784,-12.5760645089277,-4.16333634234434E-16));
#7412=CARTESIAN_POINT('',(12.5144494257103,-1.20170888453253,0.237142857377624));
#7413=CARTESIAN_POINT('',(1.20074092671626,-12.5154173835079,0.237142857377623));
#7414=CARTESIAN_POINT('Ctrl Pts',(12.5144501673643,-1.20171140028348,0.237142322704048));
#7415=CARTESIAN_POINT('Ctrl Pts',(10.2347199367628,-1.87292768290225,0.233106249097966));
#7416=CARTESIAN_POINT('Ctrl Pts',(5.2415605456053,-4.60309827343363,0.231072698937085));
#7417=CARTESIAN_POINT('Ctrl Pts',(2.09971281997207,-9.46332078827461,0.231721982922138));
#7418=CARTESIAN_POINT('Ctrl Pts',(1.20074935050198,-12.5154198661446,0.237142012827024));
#7419=CARTESIAN_POINT('',(1.20354336244805,-12.5182204740221,0.199995060076381));
#7420=CARTESIAN_POINT('Ctrl Pts',(1.20074851661097,-12.5154226973151,0.237142017854722));
#7421=CARTESIAN_POINT('Ctrl Pts',(1.20261117161551,-12.517287018492,0.224901276779653));
#7422=CARTESIAN_POINT('Ctrl Pts',(1.20347705972118,-12.5182054961075,0.212466503403572));
#7423=CARTESIAN_POINT('Ctrl Pts',(1.20340532263296,-12.5181850810801,0.199995548391302));
#7424=CARTESIAN_POINT('Ctrl Pts',(1.20340532263296,-12.5181850810801,0.199995548391302));
#7425=CARTESIAN_POINT('Ctrl Pts',(1.20332976300261,-12.5181634900075,0.186855911336466));
#7426=CARTESIAN_POINT('Ctrl Pts',(1.20179907382485,-12.5185145528838,0.173839210470363));
#7427=CARTESIAN_POINT('Ctrl Pts',(1.19893291905943,-12.5192300048872,0.161121619278253));
#7428=CARTESIAN_POINT('Ctrl Pts',(1.19687405409818,-12.5197439405194,0.151986103215872));
#7429=CARTESIAN_POINT('Ctrl Pts',(1.1941248851147,-12.5204456007264,0.143004289101359));
#7430=CARTESIAN_POINT('Ctrl Pts',(1.19071398432536,-12.52132786961,0.134239643781383));
#7431=CARTESIAN_POINT('Ctrl Pts',(1.18591548758088,-12.5225690562136,0.121909434070851));
#7432=CARTESIAN_POINT('Ctrl Pts',(1.17988403023777,-12.5241466212687,0.1101996756948));
#7433=CARTESIAN_POINT('Ctrl Pts',(1.1727744150715,-12.5260064386462,0.0992447409202927));
#7434=CARTESIAN_POINT('Ctrl Pts',(1.16692619688547,-12.5275362848552,0.0902334446297467));
#7435=CARTESIAN_POINT('Ctrl Pts',(1.1603472769807,-12.5292567900917,0.0817319698506625));
#7436=CARTESIAN_POINT('Ctrl Pts',(1.15309899947073,-12.5311307812757,0.073810639685459));
#7437=CARTESIAN_POINT('Ctrl Pts',(1.15265984737955,-12.531244320961,0.0733307092878998));
#7438=CARTESIAN_POINT('Ctrl Pts',(1.15221840962677,-12.5313583705936,0.0728531010435564));
#7439=CARTESIAN_POINT('Ctrl Pts',(1.1517747035494,-12.5314729228701,0.0723778268948253));
#7440=CARTESIAN_POINT('Ctrl Pts',(1.14332757407009,-12.5336537312049,0.0633297149187831));
#7441=CARTESIAN_POINT('Ctrl Pts',(1.13406254806885,-12.5360179999702,0.055126645001309));
#7442=CARTESIAN_POINT('Ctrl Pts',(1.12418753573746,-12.5385406947191,0.0477563852928257));
#7443=CARTESIAN_POINT('Ctrl Pts',(1.113602693437,-12.5412447243642,0.0398563408058187));
#7444=CARTESIAN_POINT('Ctrl Pts',(1.10231641068518,-12.5441306223311,0.0329124935376851));
#7445=CARTESIAN_POINT('Ctrl Pts',(1.09053161750528,-12.5471510652196,0.0269278771711372));
#7446=CARTESIAN_POINT('Ctrl Pts',(1.08952349052842,-12.5474094481977,0.0264159247666148));
#7447=CARTESIAN_POINT('Ctrl Pts',(1.08851168898651,-12.5476688073278,0.0259110057746418));
#7448=CARTESIAN_POINT('Ctrl Pts',(1.08749632582505,-12.5479291084749,0.025413130179664));
#7449=CARTESIAN_POINT('Ctrl Pts',(1.07466227377783,-12.5512192795157,0.0191200504801467));
#7450=CARTESIAN_POINT('Ctrl Pts',(1.06129996707051,-12.5546554407626,0.0139685439177494));
#7451=CARTESIAN_POINT('Ctrl Pts',(1.04762496450353,-12.5581842121108,0.0099800624172096));
#7452=CARTESIAN_POINT('Ctrl Pts',(1.04365938395724,-12.5592075118829,0.00882345242242035));
#7453=CARTESIAN_POINT('Ctrl Pts',(1.03966724811185,-12.5602385128404,0.00776484855918543));
#7454=CARTESIAN_POINT('Ctrl Pts',(1.03565325546057,-12.5612757235548,0.00680530630638776));
#7455=CARTESIAN_POINT('Ctrl Pts',(1.02116404211694,-12.5650197182828,0.00334166956839479));
#7456=CARTESIAN_POINT('Ctrl Pts',(1.00639697452789,-12.5688447803605,0.00116652600011894));
#7457=CARTESIAN_POINT('Ctrl Pts',(0.991557354661844,-12.572689102756,0.000356603212418996));
#7458=CARTESIAN_POINT('Ctrl Pts',(0.987828497451648,-12.5736550930855,0.000153088132256695));
#7459=CARTESIAN_POINT('Ctrl Pts',(0.984094975865438,-12.574622265132,3.60131668627203E-5));
#7460=CARTESIAN_POINT('Ctrl Pts',(0.980359927464986,-12.5755895829224,7.10133851590522E-6));
#7461=CARTESIAN_POINT('Ctrl Pts',(0.979748673104305,-12.5757478880242,2.36981183739259E-6));
#7462=CARTESIAN_POINT('Ctrl Pts',(0.979137378253825,-12.5759061981507,-4.02465716114318E-16));
#7463=CARTESIAN_POINT('Ctrl Pts',(0.978526056681784,-12.5760645089277,-4.02455846426619E-16));
#7464=CARTESIAN_POINT('Ctrl Pts',(12.5172114113979,-1.20436883483969,0.200005699914241));
#7465=CARTESIAN_POINT('Ctrl Pts',(12.5172318938674,-1.2044397216233,0.212447801157682));
#7466=CARTESIAN_POINT('Ctrl Pts',(12.5163175977274,-1.20357756920217,0.224879831173918));
#7467=CARTESIAN_POINT('Ctrl Pts',(12.514449859501,-1.20171149092704,0.237142322159002));
#7468=CARTESIAN_POINT('Ctrl Pts',(1.11993164759378,-12.4346273892054,0.19999515329694));
#7469=CARTESIAN_POINT('Ctrl Pts',(2.52953271815466,-13.8439142350608,0.199993610657336));
#7470=CARTESIAN_POINT('Ctrl Pts',(3.93919886418683,-15.2531171099276,0.199977187067553));
#7471=CARTESIAN_POINT('Ctrl Pts',(5.34866733800429,-16.6625855648926,0.199977185016425));
#7472=CARTESIAN_POINT('Ctrl Pts',(1.11993075048537,-12.4346282865138,0.147636083536328));
#7473=CARTESIAN_POINT('Ctrl Pts',(2.52953152960557,-13.8439154248626,0.147634797076566));
#7474=CARTESIAN_POINT('Ctrl Pts',(3.93919459045715,-15.2531212818333,0.147621112004979));
#7475=CARTESIAN_POINT('Ctrl Pts',(5.34866311479849,-16.6625897880984,0.147621110294523));
#7476=CARTESIAN_POINT('Ctrl Pts',(1.08925419241414,-12.4653116844517,0.0433855148864117));
#7477=CARTESIAN_POINT('Ctrl Pts',(2.49885467705411,-13.8745990130844,0.0433850638216872));
#7478=CARTESIAN_POINT('Ctrl Pts',(3.90851712417911,-15.283809623744,0.0433802886130754));
#7479=CARTESIAN_POINT('Ctrl Pts',(5.3179802105871,-16.6932726927202,0.0433802880133707));
#7480=CARTESIAN_POINT('Ctrl Pts',(1.01554538269904,-12.5390369288146,-7.92518875261656E-16));
#7481=CARTESIAN_POINT('Ctrl Pts',(2.42514609491368,-13.9483237831454,8.39474574802649E-9));
#7482=CARTESIAN_POINT('Ctrl Pts',(3.83481709534851,-15.3575353798098,-1.11592922547167E-11));
#7483=CARTESIAN_POINT('Ctrl Pts',(5.24426731909841,-16.7669855851949,3.86395414845698E-16));
#7484=CARTESIAN_POINT('Ctrl Pts',(0.978526056681787,-12.5760645089277,-7.97972798949331E-16));
#7485=CARTESIAN_POINT('Ctrl Pts',(2.38812689010349,-13.985351117644,-9.54780220096767E-16));
#7486=CARTESIAN_POINT('Ctrl Pts',(3.79780224553505,-15.3945632019101,5.66141307690261E-16));
#7487=CARTESIAN_POINT('Ctrl Pts',(5.20724598363296,-16.8040069211555,3.81639164714898E-16));
#7488=CARTESIAN_POINT('',(1.20648344138195,-12.5211598981736,0.19999505673472));
#7489=CARTESIAN_POINT('Ctrl Pts',(1.20648353694636,-12.5211598025875,0.199995040143538));
#7490=CARTESIAN_POINT('Ctrl Pts',(2.58723650572442,-13.9015992529523,0.199992945246257));
#7491=CARTESIAN_POINT('Ctrl Pts',(3.96804675357579,-15.2819649989307,0.199977187025573));
#7492=CARTESIAN_POINT('Ctrl Pts',(5.34866733800429,-16.6625855648926,0.199977185016425));
#7493=CARTESIAN_POINT('Ctrl Pts',(1.20648353694637,-12.5211598025875,0.199995040143538));
#7494=CARTESIAN_POINT('Ctrl Pts',(1.20550350850557,-12.5201799966753,0.199995041630451));
#7495=CARTESIAN_POINT('Ctrl Pts',(1.20452348009362,-12.5192001907259,0.19999504311048));
#7496=CARTESIAN_POINT('Ctrl Pts',(1.20354345171062,-12.5182203847393,0.199995044583615));
#7497=CARTESIAN_POINT('Origin',(5.34858411256354,-16.6627765904731,1.5));
#7498=CARTESIAN_POINT('Origin',(5.34834212311914,-16.6630185799175,1.5));
#7499=CARTESIAN_POINT('Ctrl Pts',(-5.34898535833187,-16.6624841368031,0.200022814984437));
#7500=CARTESIAN_POINT('Ctrl Pts',(-3.93952669053944,-15.2530254880424,0.200022817054571));
#7501=CARTESIAN_POINT('Ctrl Pts',(-2.53026574775582,-13.8433012426848,0.200006389367325));
#7502=CARTESIAN_POINT('Ctrl Pts',(-1.12093971460701,-12.4336609759396,0.200004846691529));
#7503=CARTESIAN_POINT('Ctrl Pts',(-5.34898958215128,-16.6624799129836,0.147659135267899));
#7504=CARTESIAN_POINT('Ctrl Pts',(-3.9395309671748,-15.2530213162551,0.147659136994331));
#7505=CARTESIAN_POINT('Ctrl Pts',(-2.53026693661769,-13.8433000530943,0.147645447875196));
#7506=CARTESIAN_POINT('Ctrl Pts',(-1.12094061194099,-12.4336600788056,0.147644161365152));
#7507=CARTESIAN_POINT('Ctrl Pts',(-5.31831410980113,-16.693155385748,0.0433935631274222));
#7508=CARTESIAN_POINT('Ctrl Pts',(-3.90885005863973,-15.2836913521839,0.0433935637327893));
#7509=CARTESIAN_POINT('Ctrl Pts',(-2.49958541169664,-13.873974842801,0.0433887867885258));
#7510=CARTESIAN_POINT('Ctrl Pts',(-1.09025879245985,-12.464335058771,0.0433883356964617));
#7511=CARTESIAN_POINT('Ctrl Pts',(-5.24459071697589,-16.7668787795687,-1.28790232657206E-15));
#7512=CARTESIAN_POINT('Ctrl Pts',(-3.83511380004057,-15.3574018811727,-1.12696062913382E-11));
#7513=CARTESIAN_POINT('Ctrl Pts',(-2.42585770905699,-13.9476863568765,-8.39574767454516E-9));
#7514=CARTESIAN_POINT('Ctrl Pts',(-1.01653131750093,-12.5380460985824,5.15570008222519E-16));
#7515=CARTESIAN_POINT('Ctrl Pts',(-5.20756400396951,-16.803905493075,-1.28369537222284E-15));
#7516=CARTESIAN_POINT('Ctrl Pts',(-3.79808059976045,-15.3944221078977,-1.25546954849775E-15));
#7517=CARTESIAN_POINT('Ctrl Pts',(-2.38882886517526,-13.9847070707386,3.63675097480431E-16));
#7518=CARTESIAN_POINT('Ctrl Pts',(-0.979502594882312,-12.5750665668492,
5.20417042793042E-16));
#7519=CARTESIAN_POINT('',(-1.20744984766789,-12.5201903888457,0.200004943227872));
#7520=CARTESIAN_POINT('Ctrl Pts',(-5.34898485920882,-16.66248363768,0.200022814984438));
#7521=CARTESIAN_POINT('Ctrl Pts',(-3.96836577739281,-15.2818645743992,0.200022817008414));
#7522=CARTESIAN_POINT('Ctrl Pts',(-2.5879364118519,-13.9009906723531,0.200007054753622));
#7523=CARTESIAN_POINT('Ctrl Pts',(-1.20744975212452,-12.5201904843674,0.200004959814507));
#7524=CARTESIAN_POINT('',(-1.20451161766901,-12.51725150433,0.200004939887616));
#7525=CARTESIAN_POINT('Ctrl Pts',(-1.20744975212481,-12.5201904843671,0.200004943224533));
#7526=CARTESIAN_POINT('Ctrl Pts',(-1.20647034425391,-12.5192108540587,0.200004941738245));
#7527=CARTESIAN_POINT('Ctrl Pts',(-1.20549093635417,-12.5182312237874,0.200004940258837));
#7528=CARTESIAN_POINT('Ctrl Pts',(-1.2045115284255,-12.5172515935533,0.200004938786319));
#7529=CARTESIAN_POINT('Ctrl Pts',(-1.20451153957653,-12.5172516047074,0.200004955376311));
#7530=CARTESIAN_POINT('Ctrl Pts',(-1.20451189926473,-12.5172515123906,0.187109462671283));
#7531=CARTESIAN_POINT('Ctrl Pts',(-1.20306206344217,-12.5176553232067,0.174348154351163));
#7532=CARTESIAN_POINT('Ctrl Pts',(-1.20028947789448,-12.518391740088,0.161874908470706));
#7533=CARTESIAN_POINT('Ctrl Pts',(-1.19820736349211,-12.5189447633108,0.152507938743249));
#7534=CARTESIAN_POINT('Ctrl Pts',(-1.19537836331228,-12.5196862823056,0.143302807078984));
#7535=CARTESIAN_POINT('Ctrl Pts',(-1.19184300820745,-12.5205995425196,0.134322958052906));
#7536=CARTESIAN_POINT('Ctrl Pts',(-1.18707988108499,-12.5218299633305,0.12222455175891));
#7537=CARTESIAN_POINT('Ctrl Pts',(-1.18110989246967,-12.5233537127274,0.110718697335704));
#7538=CARTESIAN_POINT('Ctrl Pts',(-1.1741084873416,-12.525125861343,0.0999220939776176));
#7539=CARTESIAN_POINT('Ctrl Pts',(-1.16812289956386,-12.5266408930973,0.0906919443263285));
#7540=CARTESIAN_POINT('Ctrl Pts',(-1.16138257730289,-12.5283383712591,0.0819792982065894));
#7541=CARTESIAN_POINT('Ctrl Pts',(-1.15397619220772,-12.5302111701136,0.0738527870513956));
#7542=CARTESIAN_POINT('Ctrl Pts',(-1.14908471051124,-12.5314480435951,0.0684857044515648));
#7543=CARTESIAN_POINT('Ctrl Pts',(-1.14392468709986,-12.5327567555793,0.0633983273422589));
#7544=CARTESIAN_POINT('Ctrl Pts',(-1.1385236420396,-12.5341335469666,0.0586052340686874));
#7545=CARTESIAN_POINT('Ctrl Pts',(-1.12881964932815,-12.5366072114962,0.0499935410216608));
#7546=CARTESIAN_POINT('Ctrl Pts',(-1.11833998988552,-12.5392982705561,0.0423301098197694));
#7547=CARTESIAN_POINT('Ctrl Pts',(-1.10729159274771,-12.5421376160456,0.0355992719403123));
#7548=CARTESIAN_POINT('Ctrl Pts',(-1.10118468931748,-12.5437070390573,0.0318788610588325));
#7549=CARTESIAN_POINT('Ctrl Pts',(-1.09490332582116,-12.5453224645526,0.0284437042315229));
#7550=CARTESIAN_POINT('Ctrl Pts',(-1.08847817758193,-12.5469764907591,0.0252939718731886));
#7551=CARTESIAN_POINT('Ctrl Pts',(-1.07569669941223,-12.5502668272718,0.019028243227017));
#7552=CARTESIAN_POINT('Ctrl Pts',(-1.06238325195936,-12.5536952906325,0.0139088183273999));
#7553=CARTESIAN_POINT('Ctrl Pts',(-1.04875325388383,-12.5572042535662,0.00994639180013019));
#7554=CARTESIAN_POINT('Ctrl Pts',(-1.04474311043224,-12.5582366414398,0.00878058834933763));
#7555=CARTESIAN_POINT('Ctrl Pts',(-1.04070536920819,-12.5592761939463,0.00771515208112251));
#7556=CARTESIAN_POINT('Ctrl Pts',(-1.03664508661342,-12.5603218731955,0.00675092266955617));
#7557=CARTESIAN_POINT('Ctrl Pts',(-1.02213763944785,-12.5640580999496,0.0033057173378353));
#7558=CARTESIAN_POINT('Ctrl Pts',(-1.00734854386312,-12.5678691695178,0.00115028538568949));
#7559=CARTESIAN_POINT('Ctrl Pts',(-0.992490870486455,-12.5717078637306,
0.000350471525721749));
#7560=CARTESIAN_POINT('Ctrl Pts',(-0.988775991720236,-12.5726676562405,
0.00015049327542665));
#7561=CARTESIAN_POINT('Ctrl Pts',(-0.985056764571426,-12.5736292369131,
3.550106151504E-5));
#7562=CARTESIAN_POINT('Ctrl Pts',(-0.981336432641502,-12.574591954536,7.02229071389976E-6));
#7563=CARTESIAN_POINT('Ctrl Pts',(-0.98072517841653,-12.574750129996,2.3432004332212E-6));
#7564=CARTESIAN_POINT('Ctrl Pts',(-0.980113894380855,-12.5749083351098,
5.06561686390208E-16));
#7565=CARTESIAN_POINT('Ctrl Pts',(-0.979502594882314,-12.5750665668492,
5.06539254985228E-16));
#7566=CARTESIAN_POINT('Ctrl Pts',(-1.16840221396673,-12.6291227914011,0.237347804446177));
#7567=CARTESIAN_POINT('Ctrl Pts',(-2.05577874851505,-9.53206355530977,0.231731414223314));
#7568=CARTESIAN_POINT('Ctrl Pts',(-5.22918912890572,-4.58675086754273,0.231053342443783));
#7569=CARTESIAN_POINT('Ctrl Pts',(-10.307324708054,-1.83295382020342,0.233135531397467));
#7570=CARTESIAN_POINT('Ctrl Pts',(-12.6301203765663,-1.16742576727877,0.237347858174398));
#7571=CARTESIAN_POINT('Ctrl Pts',(-1.1789266491938,-12.6321345033182,0.179757710114316));
#7572=CARTESIAN_POINT('Ctrl Pts',(-2.06387672638129,-9.53675203487185,0.174751818816631));
#7573=CARTESIAN_POINT('Ctrl Pts',(-5.23564675750518,-4.59330700207169,0.174225068122393));
#7574=CARTESIAN_POINT('Ctrl Pts',(-10.3115939839198,-1.84165842501946,0.176003308604968));
#7575=CARTESIAN_POINT('Ctrl Pts',(-12.6331320735555,-1.17795022492827,0.179757757881273));
#7576=CARTESIAN_POINT('Ctrl Pts',(-1.14790257950063,-12.6232565390005,0.0549990340787374));
#7577=CARTESIAN_POINT('Ctrl Pts',(-2.03276634115963,-9.52104710131422,0.0530791229039353));
#7578=CARTESIAN_POINT('Ctrl Pts',(-5.21090075149906,-4.56710631086473,0.052923873836906));
#7579=CARTESIAN_POINT('Ctrl Pts',(-10.2975958541918,-1.81056959853026,0.0535591069057016));
#7580=CARTESIAN_POINT('Ctrl Pts',(-12.6242541727609,-1.14692615734654,0.0549990523002578));
#7581=CARTESIAN_POINT('Ctrl Pts',(-1.03586165203777,-12.5911944863437,-1.35689774965612E-15));
#7582=CARTESIAN_POINT('Ctrl Pts',(-1.92870362320736,-9.46763646504917,4.38559067942765E-5));
#7583=CARTESIAN_POINT('Ctrl Pts',(-5.12867572399857,-4.48074164665748,-2.81095804497377E-5));
#7584=CARTESIAN_POINT('Ctrl Pts',(-10.2495225539715,-1.70451223359665,3.28922137204441E-5));
#7585=CARTESIAN_POINT('Ctrl Pts',(-12.5921923252815,-1.03488515283318,-2.82640341472511E-16));
#7586=CARTESIAN_POINT('Ctrl Pts',(-0.979502594882314,-12.5750665668492,
-1.35308431126191E-15));
#7587=CARTESIAN_POINT('Ctrl Pts',(-1.87644532999933,-9.44069781637781,-1.5846748418909E-15));
#7588=CARTESIAN_POINT('Ctrl Pts',(-5.0873215922292,-4.4373366214128,6.08018593988771E-16));
#7589=CARTESIAN_POINT('Ctrl Pts',(-10.2252866830619,-1.65122870191689,-5.84318860657096E-16));
#7590=CARTESIAN_POINT('Ctrl Pts',(-12.5760645089277,-0.978526056681784,
-2.77555756156289E-16));
#7591=CARTESIAN_POINT('',(-1.20170888453253,-12.5144494257103,0.237142857377624));
#7592=CARTESIAN_POINT('Ctrl Pts',(-1.20437363113919,-12.5172161246829,0.200005428705513));
#7593=CARTESIAN_POINT('Ctrl Pts',(-1.20444452600807,-12.5172366108322,0.212447520169311));
#7594=CARTESIAN_POINT('Ctrl Pts',(-1.20358243364307,-12.5163223685889,0.224879539309831));
#7595=CARTESIAN_POINT('Ctrl Pts',(-1.20171647057748,-12.5144547368388,0.237142018291444));
#7596=CARTESIAN_POINT('',(-12.5154173835079,-1.20074092671626,0.237142857377622));
#7597=CARTESIAN_POINT('Ctrl Pts',(-1.20171730405001,-12.5144519070887,0.237142013266279));
#7598=CARTESIAN_POINT('Ctrl Pts',(-2.10068357686779,-9.46234290738755,0.231721977155145));
#7599=CARTESIAN_POINT('Ctrl Pts',(-5.24253675331295,-4.60212221706838,0.231072693946056));
#7600=CARTESIAN_POINT('Ctrl Pts',(-10.2356977515701,-1.87195684884688,0.2331062608872));
#7601=CARTESIAN_POINT('Ctrl Pts',(-12.5154181255279,-1.20074344370859,0.237142322424074));
#7602=CARTESIAN_POINT('',(-12.5182204740221,-1.20354336244805,0.199995060076383));
#7603=CARTESIAN_POINT('Ctrl Pts',(-12.5154178174835,-1.20074353440548,0.237142321878707));
#7604=CARTESIAN_POINT('Ctrl Pts',(-12.5172822449755,-1.20260630444734,0.224901568816924));
#7605=CARTESIAN_POINT('Ctrl Pts',(-12.5182007767455,-1.2034722528807,0.212466784551232));
#7606=CARTESIAN_POINT('Ctrl Pts',(-12.5181803654323,-1.2034005239249,0.19999581972931));
#7607=CARTESIAN_POINT('Ctrl Pts',(-12.5181803654323,-1.2034005239249,0.19999581972931));
#7608=CARTESIAN_POINT('Ctrl Pts',(-12.5181587789482,-1.20332497524246,0.186856587361789));
#7609=CARTESIAN_POINT('Ctrl Pts',(-12.5185098843482,-1.2017944502006,0.173840277791276));
#7610=CARTESIAN_POINT('Ctrl Pts',(-12.5192254105275,-1.19892859474545,0.16112305064109));
#7611=CARTESIAN_POINT('Ctrl Pts',(-12.519739438279,-1.19686978924188,0.151987105839722));
#7612=CARTESIAN_POINT('Ctrl Pts',(-12.520441235242,-1.1941206453241,0.143004872233313));
#7613=CARTESIAN_POINT('Ctrl Pts',(-12.5213236801605,-1.19070973476277,0.134239826073181));
#7614=CARTESIAN_POINT('Ctrl Pts',(-12.5225650517315,-1.18591146654988,0.121909675042099));
#7615=CARTESIAN_POINT('Ctrl Pts',(-12.5241428403794,-1.17988029652,0.110199966785637));
#7616=CARTESIAN_POINT('Ctrl Pts',(-12.5260029022317,-1.17277100587351,0.0992450733668334));
#7617=CARTESIAN_POINT('Ctrl Pts',(-12.5275329716521,-1.16692297011859,0.0902336808679118));
#7618=CARTESIAN_POINT('Ctrl Pts',(-12.5292537196767,-1.16034423669925,0.0817321186921919));
#7619=CARTESIAN_POINT('Ctrl Pts',(-12.531127961448,-1.15309614041695,0.0738107123183354));
#7620=CARTESIAN_POINT('Ctrl Pts',(-12.5312415154153,-1.1526570027878,0.0733307811089502));
#7621=CARTESIAN_POINT('Ctrl Pts',(-12.5313555793434,-1.15221557951045,0.0728531720602354));
#7622=CARTESIAN_POINT('Ctrl Pts',(-12.5314701459268,-1.15177188791965,0.0723778971146543));
#7623=CARTESIAN_POINT('Ctrl Pts',(-12.533651246829,-1.14332495600903,0.0633296861786441));
#7624=CARTESIAN_POINT('Ctrl Pts',(-12.5360158155718,-1.13406011643266,0.0551265357268791));
#7625=CARTESIAN_POINT('Ctrl Pts',(-12.5385388021294,-1.12418527012422,0.0477562135876863));
#7626=CARTESIAN_POINT('Ctrl Pts',(-12.5412431725693,-1.11360049614933,0.0398560203564481));
#7627=CARTESIAN_POINT('Ctrl Pts',(-12.5441294056084,-1.10231424367603,0.0329120648645057));
#7628=CARTESIAN_POINT('Ctrl Pts',(-12.5471501591474,-1.09052943808374,0.0269273805615193));
#7629=CARTESIAN_POINT('Ctrl Pts',(-12.5474084782731,-1.08952166282557,0.0264156014981105));
#7630=CARTESIAN_POINT('Ctrl Pts',(-12.5476677726907,-1.08851021526153,0.025910851221172));
#7631=CARTESIAN_POINT('Ctrl Pts',(-12.5479280082903,-1.08749520821625,0.0254131397048156));
#7632=CARTESIAN_POINT('Ctrl Pts',(-12.5512185206281,-1.07466109477985,0.0191198966290359));
#7633=CARTESIAN_POINT('Ctrl Pts',(-12.5546549955339,-1.06129866495283,0.0139682866396514));
#7634=CARTESIAN_POINT('Ctrl Pts',(-12.5581840356091,-1.04762347994976,0.00997976223872871));
#7635=CARTESIAN_POINT('Ctrl Pts',(-12.5592072986203,-1.04365829092199,0.00882326942433706));
#7636=CARTESIAN_POINT('Ctrl Pts',(-12.5602382573387,-1.03966654756602,0.00776476589172889));
#7637=CARTESIAN_POINT('Ctrl Pts',(-12.5612754204921,-1.03565294690346,0.006805306825312));
#7638=CARTESIAN_POINT('Ctrl Pts',(-12.5650196025154,-1.02116375935317,0.00334163828204868));
#7639=CARTESIAN_POINT('Ctrl Pts',(-12.5688447974986,-1.00639665603155,0.00116648677058197));
#7640=CARTESIAN_POINT('Ctrl Pts',(-12.5726891907597,-0.991556937957153,
0.000356581345382342));
#7641=CARTESIAN_POINT('Ctrl Pts',(-12.5736551556097,-0.987828223158635,
0.000153079747225195));
#7642=CARTESIAN_POINT('Ctrl Pts',(-12.574622298188,-0.984094840490123,3.60121313869731E-5));
#7643=CARTESIAN_POINT('Ctrl Pts',(-12.5755895826101,-0.980359927145988,
7.10133850106986E-6));
#7644=CARTESIAN_POINT('Ctrl Pts',(-12.5757478879202,-0.979748672998003,
2.36981183772642E-6));
#7645=CARTESIAN_POINT('Ctrl Pts',(-12.5759061981507,-0.979137378253766,
-2.63761370223724E-16));
#7646=CARTESIAN_POINT('Ctrl Pts',(-12.5760645089277,-0.978526056681784,
-2.63677968348475E-16));
#7647=CARTESIAN_POINT('Ctrl Pts',(-12.4346273892054,-1.11993164759378,0.199995153296942));
#7648=CARTESIAN_POINT('Ctrl Pts',(-13.8439142350608,-2.52953271815466,0.199993610657338));
#7649=CARTESIAN_POINT('Ctrl Pts',(-15.2531171099276,-3.93919886418683,0.199977187067553));
#7650=CARTESIAN_POINT('Ctrl Pts',(-16.6625855648926,-5.34866733800429,0.199977185016425));
#7651=CARTESIAN_POINT('Ctrl Pts',(-12.4346282865138,-1.11993075048537,0.147636083536329));
#7652=CARTESIAN_POINT('Ctrl Pts',(-13.8439154248626,-2.52953152960557,0.147634797076568));
#7653=CARTESIAN_POINT('Ctrl Pts',(-15.2531212818333,-3.93919459045716,0.147621112004979));
#7654=CARTESIAN_POINT('Ctrl Pts',(-16.6625897880984,-5.34866311479849,0.147621110294523));
#7655=CARTESIAN_POINT('Ctrl Pts',(-12.4653116844517,-1.08925419241414,0.0433855148864128));
#7656=CARTESIAN_POINT('Ctrl Pts',(-13.8745990130844,-2.49885467705412,0.0433850638216885));
#7657=CARTESIAN_POINT('Ctrl Pts',(-15.283809623744,-3.90851712417911,0.0433802886130753));
#7658=CARTESIAN_POINT('Ctrl Pts',(-16.6932726927202,-5.3179802105871,0.0433802880133706));
#7659=CARTESIAN_POINT('Ctrl Pts',(-12.5390369288146,-1.01554538269903,-1.015404986221E-16));
#7660=CARTESIAN_POINT('Ctrl Pts',(-13.9483237831454,-2.42514609491368,8.39474659617288E-9));
#7661=CARTESIAN_POINT('Ctrl Pts',(-15.3575353798098,-3.83481709534852,-1.11594837554296E-11));
#7662=CARTESIAN_POINT('Ctrl Pts',(-16.7669855851949,-5.24426731909841,3.51702054009176E-16));
#7663=CARTESIAN_POINT('Ctrl Pts',(-12.5760645089277,-0.978526056681785,
-1.04083408558608E-16));
#7664=CARTESIAN_POINT('Ctrl Pts',(-13.985351117644,-2.38812689010349,-1.04349262528291E-16));
#7665=CARTESIAN_POINT('Ctrl Pts',(-15.3945632019101,-3.79780224553504,3.74966996182141E-16));
#7666=CARTESIAN_POINT('Ctrl Pts',(-16.8040069211555,-5.20724598363296,3.46944695195361E-16));
#7667=CARTESIAN_POINT('',(-12.5211598981736,-1.20648344138195,0.199995056734721));
#7668=CARTESIAN_POINT('Ctrl Pts',(-12.5211598025875,-1.20648353694636,0.19999504014354));
#7669=CARTESIAN_POINT('Ctrl Pts',(-13.9015992529523,-2.58723650572443,0.199992945246259));
#7670=CARTESIAN_POINT('Ctrl Pts',(-15.2819649989307,-3.96804675357579,0.199977187025573));
#7671=CARTESIAN_POINT('Ctrl Pts',(-16.6625855648926,-5.34866733800429,0.199977185016425));
#7672=CARTESIAN_POINT('Ctrl Pts',(-12.5211598025875,-1.20648353694637,0.19999504014354));
#7673=CARTESIAN_POINT('Ctrl Pts',(-12.5201799966753,-1.20550350850557,0.199995041630453));
#7674=CARTESIAN_POINT('Ctrl Pts',(-12.5192001907259,-1.20452348009362,0.199995043110482));
#7675=CARTESIAN_POINT('Ctrl Pts',(-12.5182203847393,-1.20354345171062,0.199995044583617));
#7676=CARTESIAN_POINT('Ctrl Pts',(-6.41155318829463,-17.7242937294641,7.30889651253105));
#7677=CARTESIAN_POINT('Ctrl Pts',(-4.11947364453504,-15.4322141857082,8.14717816950557));
#7678=CARTESIAN_POINT('Ctrl Pts',(-2.41144161820671,-13.7241821593826,5.82872467626312));
#7679=CARTESIAN_POINT('Ctrl Pts',(-0.703409591878369,-12.016150133057,3.51027118302067));
#7680=CARTESIAN_POINT('Ctrl Pts',(-1.20170888453253,-12.5144494257104,0.237142857377627));
#7681=CARTESIAN_POINT('Ctrl Pts',(-12.8237803190371,-12.8228123612207,11.4396673927637));
#7682=CARTESIAN_POINT('Ctrl Pts',(-8.90177753355432,-8.90080957574424,12.8740604541321));
#7683=CARTESIAN_POINT('Ctrl Pts',(-5.97914494726737,-5.97817698946199,8.90692891052328));
#7684=CARTESIAN_POINT('Ctrl Pts',(-3.05651236098042,-3.05554440317974,4.93979736691448));
#7685=CARTESIAN_POINT('Ctrl Pts',(-3.90915781960534,-3.90818986180329,-0.660888894330296));
#7686=CARTESIAN_POINT('Ctrl Pts',(-17.7252616872704,-6.41058523047029,7.30889651253138));
#7687=CARTESIAN_POINT('Ctrl Pts',(-15.4331821435106,-4.11850568671426,8.14717816950595));
#7688=CARTESIAN_POINT('Ctrl Pts',(-13.7251501171822,-2.41047366038858,5.82872467626337));
#7689=CARTESIAN_POINT('Ctrl Pts',(-12.0171180908538,-0.702441634062889,
3.51027118302079));
#7690=CARTESIAN_POINT('Ctrl Pts',(-12.515417383508,-1.20074092671627,0.237142857377555));
#7691=CARTESIAN_POINT('Origin',(-5.34931008094183,-16.662050622113,1.5));
#7692=CARTESIAN_POINT('Origin',(-16.6630185799175,-5.34834212311915,1.5));
#7693=CARTESIAN_POINT('Origin',(-5.34906809148829,-16.6622926115666,1.5));
#7694=CARTESIAN_POINT('Ctrl Pts',(-16.6624841368031,5.34898535833187,0.200022814984438));
#7695=CARTESIAN_POINT('Ctrl Pts',(-15.2530254880424,3.93952669053944,0.200022817054571));
#7696=CARTESIAN_POINT('Ctrl Pts',(-13.8433012426848,2.53026574775582,0.200006389367325));
#7697=CARTESIAN_POINT('Ctrl Pts',(-12.4336609759396,1.12093971460701,0.200004846691529));
#7698=CARTESIAN_POINT('Ctrl Pts',(-16.6624799129836,5.34898958215128,0.1476591352679));
#7699=CARTESIAN_POINT('Ctrl Pts',(-15.2530213162551,3.9395309671748,0.147659136994332));
#7700=CARTESIAN_POINT('Ctrl Pts',(-13.8433000530943,2.53026693661769,0.147645447875195));
#7701=CARTESIAN_POINT('Ctrl Pts',(-12.4336600788056,1.12094061194099,0.147644161365152));
#7702=CARTESIAN_POINT('Ctrl Pts',(-16.693155385748,5.31831410980113,0.0433935631274235));
#7703=CARTESIAN_POINT('Ctrl Pts',(-15.2836913521839,3.90885005863972,0.0433935637327906));
#7704=CARTESIAN_POINT('Ctrl Pts',(-13.8739748428011,2.49958541169664,0.0433887867885254));
#7705=CARTESIAN_POINT('Ctrl Pts',(-12.464335058771,1.09025879245985,0.0433883356964609));
#7706=CARTESIAN_POINT('Ctrl Pts',(-16.7668787795687,5.24459071697589,2.76301653528728E-16));
#7707=CARTESIAN_POINT('Ctrl Pts',(-15.3574018811727,3.83511380004057,-1.12680423695614E-11));
#7708=CARTESIAN_POINT('Ctrl Pts',(-13.9476863568765,2.42585770905699,-8.39574816679727E-9));
#7709=CARTESIAN_POINT('Ctrl Pts',(-12.5380460985824,1.01653131750093,-4.47161508464926E-16));
#7710=CARTESIAN_POINT('Ctrl Pts',(-16.803905493075,5.20756400396951,2.77555756156289E-16));
#7711=CARTESIAN_POINT('Ctrl Pts',(-15.3944221078977,3.79808059976045,3.05501274923847E-16));
#7712=CARTESIAN_POINT('Ctrl Pts',(-13.9847070707386,2.38882886517527,-1.38266901134125E-16));
#7713=CARTESIAN_POINT('Ctrl Pts',(-12.5750665668492,0.979502594882313,-4.5102810375397E-16));
#7714=CARTESIAN_POINT('',(-12.5201903888457,1.20744984766789,0.200004943227873));
#7715=CARTESIAN_POINT('Ctrl Pts',(-16.66248363768,5.34898485920882,0.200022814984438));
#7716=CARTESIAN_POINT('Ctrl Pts',(-15.2818645743992,3.96836577739281,0.200022817008414));
#7717=CARTESIAN_POINT('Ctrl Pts',(-13.9009906723531,2.5879364118519,0.200007054753622));
#7718=CARTESIAN_POINT('Ctrl Pts',(-12.5201904843674,1.20744975212451,0.200004959814507));
#7719=CARTESIAN_POINT('',(-12.51725150433,1.20451161766901,0.200004939887615));
#7720=CARTESIAN_POINT('Ctrl Pts',(-12.5201904843671,1.20744975212481,0.200004943224533));
#7721=CARTESIAN_POINT('Ctrl Pts',(-12.5192108540587,1.20647034425391,0.200004941738245));
#7722=CARTESIAN_POINT('Ctrl Pts',(-12.5182312237874,1.20549093635417,0.200004940258837));
#7723=CARTESIAN_POINT('Ctrl Pts',(-12.5172515935533,1.2045115284255,0.200004938786319));
#7724=CARTESIAN_POINT('Ctrl Pts',(-12.5172516047074,1.20451153957652,0.20000495537631));
#7725=CARTESIAN_POINT('Ctrl Pts',(-12.5172515123906,1.20451189926473,0.187109462671195));
#7726=CARTESIAN_POINT('Ctrl Pts',(-12.5176553232067,1.20306206344215,0.174348154350989));
#7727=CARTESIAN_POINT('Ctrl Pts',(-12.518391740088,1.20028947789442,0.161874908470452));
#7728=CARTESIAN_POINT('Ctrl Pts',(-12.5189447633108,1.19820736349206,0.152507938743081));
#7729=CARTESIAN_POINT('Ctrl Pts',(-12.5196862823056,1.19537836331225,0.1433028070789));
#7730=CARTESIAN_POINT('Ctrl Pts',(-12.5205995425196,1.19184300820745,0.134322958052905));
#7731=CARTESIAN_POINT('Ctrl Pts',(-12.5218299633305,1.18707988108503,0.12222455175899));
#7732=CARTESIAN_POINT('Ctrl Pts',(-12.5233537127274,1.18110989246975,0.110718697335859));
#7733=CARTESIAN_POINT('Ctrl Pts',(-12.525125861343,1.17410848734174,0.099922093977835));
#7734=CARTESIAN_POINT('Ctrl Pts',(-12.5266408930973,1.16812289956397,0.0906919443264679));
#7735=CARTESIAN_POINT('Ctrl Pts',(-12.5283383712591,1.16138257730295,0.081979298206657));
#7736=CARTESIAN_POINT('Ctrl Pts',(-12.5302111701136,1.15397619220772,0.0738527870513984));
#7737=CARTESIAN_POINT('Ctrl Pts',(-12.5314480435951,1.14908471051124,0.0684857044515664));
#7738=CARTESIAN_POINT('Ctrl Pts',(-12.5327567555793,1.14392468709986,0.0633983273422592));
#7739=CARTESIAN_POINT('Ctrl Pts',(-12.5341335469666,1.1385236420396,0.0586052340686866));
#7740=CARTESIAN_POINT('Ctrl Pts',(-12.5366072114962,1.12881964932813,0.0499935410216428));
#7741=CARTESIAN_POINT('Ctrl Pts',(-12.5392982705561,1.11833998988547,0.0423301098197379));
#7742=CARTESIAN_POINT('Ctrl Pts',(-12.5421376160457,1.10729159274765,0.0355992719402712));
#7743=CARTESIAN_POINT('Ctrl Pts',(-12.5437070390573,1.10118468931744,0.0318788610588062));
#7744=CARTESIAN_POINT('Ctrl Pts',(-12.5453224645526,1.09490332582114,0.0284437042315094));
#7745=CARTESIAN_POINT('Ctrl Pts',(-12.5469764907591,1.08847817758193,0.0252939718731862));
#7746=CARTESIAN_POINT('Ctrl Pts',(-12.5502668272717,1.07569669941235,0.0190282432270732));
#7747=CARTESIAN_POINT('Ctrl Pts',(-12.5536952906325,1.06238325195961,0.0139088183274937));
#7748=CARTESIAN_POINT('Ctrl Pts',(-12.5572042535661,1.04875325388422,0.00994639180023903));
#7749=CARTESIAN_POINT('Ctrl Pts',(-12.5582366414397,1.0447431104325,0.00878058834940339));
#7750=CARTESIAN_POINT('Ctrl Pts',(-12.5592761939463,1.04070536920832,0.00771515208115143));
#7751=CARTESIAN_POINT('Ctrl Pts',(-12.5603218731955,1.03664508661342,0.00675092266955458));
#7752=CARTESIAN_POINT('Ctrl Pts',(-12.5640580999504,1.0221376394448,0.00330571733710833));
#7753=CARTESIAN_POINT('Ctrl Pts',(-12.5678691695189,1.00734854385646,0.00115028538479339));
#7754=CARTESIAN_POINT('Ctrl Pts',(-12.5717078637328,0.992490870477019,0.000350471525226118));
#7755=CARTESIAN_POINT('Ctrl Pts',(-12.5726676562419,0.98877599171387,0.000150493275233639));
#7756=CARTESIAN_POINT('Ctrl Pts',(-12.5736292369138,0.985056764568189,3.55010614881433E-5));
#7757=CARTESIAN_POINT('Ctrl Pts',(-12.5745919545361,0.981336432641469,7.0222907120332E-6));
#7758=CARTESIAN_POINT('Ctrl Pts',(-12.5747501299961,0.980725178416584,2.34320043211727E-6));
#7759=CARTESIAN_POINT('Ctrl Pts',(-12.5749083351098,0.980113894380776,-4.5782066900149E-16));
#7760=CARTESIAN_POINT('Ctrl Pts',(-12.5750665668492,0.979502594882314,-4.57966997657877E-16));
#7761=CARTESIAN_POINT('Ctrl Pts',(-12.6291227914011,1.16840221396673,0.237347804446178));
#7762=CARTESIAN_POINT('Ctrl Pts',(-10.3063283643326,1.83393461487797,0.23313551177903));
#7763=CARTESIAN_POINT('Ctrl Pts',(-5.22819785754351,4.58774097752762,0.231053344991585));
#7764=CARTESIAN_POINT('Ctrl Pts',(-2.05479650451165,9.53305948521651,0.231731422471823));
#7765=CARTESIAN_POINT('Ctrl Pts',(-1.16742576727877,12.6301203765663,0.237347858174398));
#7766=CARTESIAN_POINT('Ctrl Pts',(-12.6321345033182,1.1789266491938,0.179757710114316));
#7767=CARTESIAN_POINT('Ctrl Pts',(-10.3105976519834,1.84263920708443,0.176003291641053));
#7768=CARTESIAN_POINT('Ctrl Pts',(-5.23465549939772,4.59429709967399,0.174225070492273));
#7769=CARTESIAN_POINT('Ctrl Pts',(-2.06289449171653,9.53774795404118,0.174751825512867));
#7770=CARTESIAN_POINT('Ctrl Pts',(-1.17795022492827,12.6331320735555,0.179757757881274));
#7771=CARTESIAN_POINT('Ctrl Pts',(-12.6232565390005,1.14790257950063,0.0549990340787371));
#7772=CARTESIAN_POINT('Ctrl Pts',(-10.2965994607358,1.81155040074488,0.0535591006976356));
#7773=CARTESIAN_POINT('Ctrl Pts',(-5.20990944631062,4.56809645383887,0.0529238747990767));
#7774=CARTESIAN_POINT('Ctrl Pts',(-2.03178407892484,9.52204308133544,0.0530791251075168));
#7775=CARTESIAN_POINT('Ctrl Pts',(-1.14692615734654,12.6242541727609,0.0549990523002581));
#7776=CARTESIAN_POINT('Ctrl Pts',(-12.5911944863437,1.03586165203777,-1.87477250018636E-15));
#7777=CARTESIAN_POINT('Ctrl Pts',(-10.2485259703728,1.70549313041497,3.28919300949241E-5));
#7778=CARTESIAN_POINT('Ctrl Pts',(-5.12768425941534,4.48173194152556,-2.81096365942584E-5));
#7779=CARTESIAN_POINT('Ctrl Pts',(-1.92772126051782,9.46863263020144,4.38562849614022E-5));
#7780=CARTESIAN_POINT('Ctrl Pts',(-1.03488515283318,12.5921923252815,2.09437963446272E-16));
#7781=CARTESIAN_POINT('Ctrl Pts',(-12.5750665668492,0.979502594882314,-1.87350135405495E-15));
#7782=CARTESIAN_POINT('Ctrl Pts',(-10.2242900039956,1.65220964622008,-1.98032081852933E-15));
#7783=CARTESIAN_POINT('Ctrl Pts',(-5.08633004736161,4.4383269927829,-1.1129276211995E-15));
#7784=CARTESIAN_POINT('Ctrl Pts',(-1.87546291699526,9.44169407443989,3.59374477807849E-17));
#7785=CARTESIAN_POINT('Ctrl Pts',(-0.978526056681786,12.5760645089277,2.08166817117217E-16));
#7786=CARTESIAN_POINT('',(-12.5144494257103,1.20170888453253,0.237142857377624));
#7787=CARTESIAN_POINT('',(-1.20074092671626,12.5154173835079,0.237142857377622));
#7788=CARTESIAN_POINT('Ctrl Pts',(-12.5144501673643,1.20171140028348,0.237142322704049));
#7789=CARTESIAN_POINT('Ctrl Pts',(-10.2347199367628,1.87292768290225,0.233106249097966));
#7790=CARTESIAN_POINT('Ctrl Pts',(-5.2415605456053,4.60309827343364,0.231072698937084));
#7791=CARTESIAN_POINT('Ctrl Pts',(-2.09971281997207,9.4633207882746,0.231721982922138));
#7792=CARTESIAN_POINT('Ctrl Pts',(-1.20074935050198,12.5154198661446,0.237142012827024));
#7793=CARTESIAN_POINT('',(-1.20354336244805,12.5182204740221,0.199995060076382));
#7794=CARTESIAN_POINT('Ctrl Pts',(-1.20074851661097,12.5154226973151,0.237142017854722));
#7795=CARTESIAN_POINT('Ctrl Pts',(-1.20261117161552,12.517287018492,0.224901276779645));
#7796=CARTESIAN_POINT('Ctrl Pts',(-1.20347705972118,12.5182054961075,0.212466503403567));
#7797=CARTESIAN_POINT('Ctrl Pts',(-1.20340532263296,12.5181850810801,0.199995548391303));
#7798=CARTESIAN_POINT('Ctrl Pts',(-1.20340532263296,12.5181850810801,0.199995548391303));
#7799=CARTESIAN_POINT('Ctrl Pts',(-1.20332976300261,12.5181634900075,0.186855911336462));
#7800=CARTESIAN_POINT('Ctrl Pts',(-1.20179907382485,12.5185145528838,0.173839210470353));
#7801=CARTESIAN_POINT('Ctrl Pts',(-1.19893291905942,12.5192300048872,0.161121619278239));
#7802=CARTESIAN_POINT('Ctrl Pts',(-1.19687405409818,12.5197439405194,0.151986103215863));
#7803=CARTESIAN_POINT('Ctrl Pts',(-1.1941248851147,12.5204456007264,0.143004289101355));
#7804=CARTESIAN_POINT('Ctrl Pts',(-1.19071398432536,12.52132786961,0.134239643781384));
#7805=CARTESIAN_POINT('Ctrl Pts',(-1.18591548758092,12.5225690562136,0.121909434070937));
#7806=CARTESIAN_POINT('Ctrl Pts',(-1.17988403023785,12.5241466212686,0.110199675694962));
#7807=CARTESIAN_POINT('Ctrl Pts',(-1.17277441507165,12.5260064386461,0.0992447409205157));
#7808=CARTESIAN_POINT('Ctrl Pts',(-1.16692619688559,12.5275362848552,0.0902334446298895));
#7809=CARTESIAN_POINT('Ctrl Pts',(-1.16034727698077,12.5292567900917,0.0817319698507304));
#7810=CARTESIAN_POINT('Ctrl Pts',(-1.15309899947073,12.5311307812757,0.0738106396854587));
#7811=CARTESIAN_POINT('Ctrl Pts',(-1.15265984737955,12.531244320961,0.0733307092878997));
#7812=CARTESIAN_POINT('Ctrl Pts',(-1.15221840962677,12.5313583705936,0.0728531010435565));
#7813=CARTESIAN_POINT('Ctrl Pts',(-1.1517747035494,12.5314729228701,0.0723778268948256));
#7814=CARTESIAN_POINT('Ctrl Pts',(-1.14332757407008,12.5336537312049,0.0633297149187606));
#7815=CARTESIAN_POINT('Ctrl Pts',(-1.1340625480688,12.5360179999702,0.0551266450012681));
#7816=CARTESIAN_POINT('Ctrl Pts',(-1.12418753573739,12.5385406947191,0.0477563852927714));
#7817=CARTESIAN_POINT('Ctrl Pts',(-1.1136026934369,12.5412447243642,0.0398563408057539));
#7818=CARTESIAN_POINT('Ctrl Pts',(-1.10231641068507,12.5441306223312,0.0329124935376146));
#7819=CARTESIAN_POINT('Ctrl Pts',(-1.09053161750514,12.5471510652197,0.0269278771710655));
#7820=CARTESIAN_POINT('Ctrl Pts',(-1.08952349052833,12.5474094481977,0.0264159247665686));
#7821=CARTESIAN_POINT('Ctrl Pts',(-1.08851168898647,12.5476688073278,0.0259110057746203));
#7822=CARTESIAN_POINT('Ctrl Pts',(-1.08749632582506,12.5479291084749,0.0254131301796665));
#7823=CARTESIAN_POINT('Ctrl Pts',(-1.07466227377779,12.5512192795157,0.0191200504801273));
#7824=CARTESIAN_POINT('Ctrl Pts',(-1.06129996707043,12.5546554407626,0.0139685439177169));
#7825=CARTESIAN_POINT('Ctrl Pts',(-1.0476249645034,12.5581842121108,0.00998006241717252));
#7826=CARTESIAN_POINT('Ctrl Pts',(-1.04365938395716,12.5592075118829,0.00882345242239809));
#7827=CARTESIAN_POINT('Ctrl Pts',(-1.03966724811181,12.5602385128404,0.0077648485591759));
#7828=CARTESIAN_POINT('Ctrl Pts',(-1.03565325546057,12.5612757235548,0.0068053063063889));
#7829=CARTESIAN_POINT('Ctrl Pts',(-1.02116404215888,12.565019718272,0.00334166957842008));
#7830=CARTESIAN_POINT('Ctrl Pts',(-1.00639697461357,12.5688447803386,0.00116652601275545));
#7831=CARTESIAN_POINT('Ctrl Pts',(-0.991557354790719,12.5726891027228,0.000356603219456145));
#7832=CARTESIAN_POINT('Ctrl Pts',(-0.987828497537706,12.5736550930633,0.000153088134957599));
#7833=CARTESIAN_POINT('Ctrl Pts',(-0.984094975908512,12.5746222651209,3.60131671968966E-5));
#7834=CARTESIAN_POINT('Ctrl Pts',(-0.980359927465005,12.5755895829223,7.1013385165436E-6));
#7835=CARTESIAN_POINT('Ctrl Pts',(-0.979748673104277,12.5757478880242,2.36981183762533E-6));
#7836=CARTESIAN_POINT('Ctrl Pts',(-0.979137378253869,12.5759061981507,2.08150451375317E-16));
#7837=CARTESIAN_POINT('Ctrl Pts',(-0.978526056681786,12.5760645089277,2.08166817117217E-16));
#7838=CARTESIAN_POINT('Ctrl Pts',(-12.5172114113979,1.20436883483969,0.200005699914242));
#7839=CARTESIAN_POINT('Ctrl Pts',(-12.5172318938674,1.2044397216233,0.212447801157681));
#7840=CARTESIAN_POINT('Ctrl Pts',(-12.5163175977274,1.20357756920217,0.224879831173917));
#7841=CARTESIAN_POINT('Ctrl Pts',(-12.514449859501,1.20171149092704,0.237142322159002));
#7842=CARTESIAN_POINT('Ctrl Pts',(-1.11993164759378,12.4346273892054,0.199995153296941));
#7843=CARTESIAN_POINT('Ctrl Pts',(-2.52953271815466,13.8439142350608,0.199993610657337));
#7844=CARTESIAN_POINT('Ctrl Pts',(-3.93919886418682,15.2531171099276,0.199977187067554));
#7845=CARTESIAN_POINT('Ctrl Pts',(-5.3486673380043,16.6625855648926,0.199977185016425));
#7846=CARTESIAN_POINT('Ctrl Pts',(-1.11993075048538,12.4346282865138,0.147636083536328));
#7847=CARTESIAN_POINT('Ctrl Pts',(-2.52953152960557,13.8439154248626,0.147634797076567));
#7848=CARTESIAN_POINT('Ctrl Pts',(-3.93919459045715,15.2531212818333,0.14762111200498));
#7849=CARTESIAN_POINT('Ctrl Pts',(-5.3486631147985,16.6625897880984,0.147621110294523));
#7850=CARTESIAN_POINT('Ctrl Pts',(-1.08925419241414,12.4653116844517,0.0433855148864112));
#7851=CARTESIAN_POINT('Ctrl Pts',(-2.49885467705412,13.8745990130844,0.0433850638216871));
#7852=CARTESIAN_POINT('Ctrl Pts',(-3.90851712417911,15.283809623744,0.043380288613076));
#7853=CARTESIAN_POINT('Ctrl Pts',(-5.31798021058711,16.6932726927202,0.0433802880133714));
#7854=CARTESIAN_POINT('Ctrl Pts',(-1.01554538269903,12.5390369288146,-1.66278164828336E-15));
#7855=CARTESIAN_POINT('Ctrl Pts',(-2.42514609491368,13.9483237831454,8.39474519138537E-9));
#7856=CARTESIAN_POINT('Ctrl Pts',(-3.83481709534851,15.3575353798098,-1.11586946601883E-11));
#7857=CARTESIAN_POINT('Ctrl Pts',(-5.24426731909842,16.7669855851949,1.14093177870874E-15));
#7858=CARTESIAN_POINT('Ctrl Pts',(-0.978526056681787,12.5760645089277,-1.66533453693773E-15));
#7859=CARTESIAN_POINT('Ctrl Pts',(-2.3881268901035,13.985351117644,-1.50917769476325E-15));
#7860=CARTESIAN_POINT('Ctrl Pts',(-3.79780224553504,15.3945632019101,1.17280470562275E-15));
#7861=CARTESIAN_POINT('Ctrl Pts',(-5.20724598363297,16.8040069211555,1.14491749414469E-15));
#7862=CARTESIAN_POINT('',(-1.20648344138195,12.5211598981736,0.199995056734722));
#7863=CARTESIAN_POINT('Ctrl Pts',(-1.20648353694636,12.5211598025875,0.199995040143539));
#7864=CARTESIAN_POINT('Ctrl Pts',(-2.58723650572443,13.9015992529523,0.199992945246258));
#7865=CARTESIAN_POINT('Ctrl Pts',(-3.96804675357579,15.2819649989307,0.199977187025573));
#7866=CARTESIAN_POINT('Ctrl Pts',(-5.3486673380043,16.6625855648926,0.199977185016425));
#7867=CARTESIAN_POINT('Ctrl Pts',(-1.20648353694637,12.5211598025875,0.199995040143539));
#7868=CARTESIAN_POINT('Ctrl Pts',(-1.20550350850557,12.5201799966753,0.199995041630452));
#7869=CARTESIAN_POINT('Ctrl Pts',(-1.20452348009362,12.5192001907259,0.199995043110481));
#7870=CARTESIAN_POINT('Ctrl Pts',(-1.20354345171062,12.5182203847393,0.199995044583616));
#7871=CARTESIAN_POINT('Origin',(-3.49426383026622E-15,15.7,0.4));
#7872=CARTESIAN_POINT('Origin',(-3.49426383026622E-15,15.7,0.4));
#7873=CARTESIAN_POINT('Origin',(15.7,5.55111512312578E-16,0.4));
#7874=CARTESIAN_POINT('Origin',(15.7,5.55111512312578E-16,0.4));
#7875=CARTESIAN_POINT('Origin',(-15.7,-2.51454639094834E-15,0.4));
#7876=CARTESIAN_POINT('Origin',(-15.7,-2.51454639094834E-15,0.4));
#7877=CARTESIAN_POINT('Origin',(1.53482895163046E-15,-15.7,0.4));
#7878=CARTESIAN_POINT('Origin',(1.53482895163046E-15,-15.7,0.4));
#7879=CARTESIAN_POINT('Origin',(11.1015764646288,-11.1015764646288,17.6));
#7880=CARTESIAN_POINT('Origin',(11.1015764646288,-11.1015764646288,17.6));
#7881=CARTESIAN_POINT('Origin',(11.1015764646288,-11.1015764646288,18.));
#7882=CARTESIAN_POINT('Origin',(11.1015764646288,-11.1015764646288,16.4));
#7883=CARTESIAN_POINT('Origin',(-11.1015764646288,-11.1015764646288,17.6));
#7884=CARTESIAN_POINT('Origin',(-11.1015764646288,-11.1015764646288,17.6));
#7885=CARTESIAN_POINT('Origin',(-11.1015764646288,11.1015764646288,17.6));
#7886=CARTESIAN_POINT('Origin',(-11.1015764646288,11.1015764646288,17.6));
#7887=CARTESIAN_POINT('Origin',(11.1015764646288,11.1015764646288,17.6));
#7888=CARTESIAN_POINT('Origin',(11.1015764646288,11.1015764646288,17.6));
#7889=CARTESIAN_POINT('Origin',(11.1015764646288,11.1015764646288,18.));
#7890=CARTESIAN_POINT('Origin',(11.1015764646288,11.1015764646288,16.4));
#7891=CARTESIAN_POINT('Origin',(11.1015764646288,11.1015764646288,16.4));
#7892=CARTESIAN_POINT('Origin',(-11.1015764646288,-11.1015764646288,18.));
#7893=CARTESIAN_POINT('Origin',(-11.1015764646288,-11.1015764646288,16.4));
#7894=CARTESIAN_POINT('Origin',(-11.1015764646288,-11.1015764646288,16.4));
#7895=CARTESIAN_POINT('Origin',(-11.1015764646288,11.1015764646288,18.));
#7896=CARTESIAN_POINT('Origin',(-11.1015764646288,11.1015764646288,16.4));
#7897=CARTESIAN_POINT('Origin',(-11.1015764646288,11.1015764646288,16.4));
#7898=CARTESIAN_POINT('Origin',(11.1015764646288,-11.1015764646288,16.4));
#7899=CARTESIAN_POINT('Origin',(1.66533453693773E-15,-15.7,1.6));
#7900=CARTESIAN_POINT('Origin',(1.53482895163046E-15,-15.7,1.6));
#7901=CARTESIAN_POINT('Origin',(1.53482895163046E-15,-15.7,0.));
#7902=CARTESIAN_POINT('Origin',(-15.7,-2.4980018054066E-15,1.6));
#7903=CARTESIAN_POINT('Origin',(-15.7,-2.51454639094834E-15,1.6));
#7904=CARTESIAN_POINT('Origin',(-15.7,-2.51454639094834E-15,0.));
#7905=CARTESIAN_POINT('Origin',(15.7,5.55111512312578E-16,1.6));
#7906=CARTESIAN_POINT('Origin',(15.7,5.55111512312578E-16,1.6));
#7907=CARTESIAN_POINT('Origin',(15.7,5.55111512312578E-16,0.));
#7908=CARTESIAN_POINT('Origin',(-3.60822483003176E-15,15.7,1.6));
#7909=CARTESIAN_POINT('Origin',(-3.49426383026622E-15,15.7,1.6));
#7910=CARTESIAN_POINT('Origin',(-3.49426383026622E-15,15.7,0.));
#7911=CARTESIAN_POINT('Origin',(0.,0.,8.));
#7912=CARTESIAN_POINT('',(-1.16573417585641E-14,-4.618802153517,8.));
#7913=CARTESIAN_POINT('',(3.99999999999999,-2.3094010767585,8.));
#7914=CARTESIAN_POINT('',(0.999999999999992,-4.04145188432738,8.));
#7915=CARTESIAN_POINT('',(-4.00000000000001,-2.3094010767585,8.));
#7916=CARTESIAN_POINT('',(-3.00000000000001,-2.88675134594813,8.));
#7917=CARTESIAN_POINT('',(-4.00000000000001,2.3094010767585,8.));
#7918=CARTESIAN_POINT('',(-4.00000000000001,1.15470053837925,8.));
#7919=CARTESIAN_POINT('',(-1.27675647831893E-14,4.61880215351701,8.));
#7920=CARTESIAN_POINT('',(-1.00000000000001,4.04145188432738,8.));
#7921=CARTESIAN_POINT('',(3.99999999999999,2.30940107675851,8.));
#7922=CARTESIAN_POINT('',(2.99999999999999,2.88675134594813,8.));
#7923=CARTESIAN_POINT('',(3.99999999999999,-1.15470053837925,8.));
#7924=CARTESIAN_POINT('',(2.7,3.30654635769786E-16,8.));
#7925=CARTESIAN_POINT('Origin',(0.,0.,8.));
#7926=CARTESIAN_POINT('Origin',(-1.11022302462516E-14,5.55111512312578E-16,
-1.8));
#7927=CARTESIAN_POINT('',(5.09999999999999,-6.94583552525718E-17,-2.2));
#7928=CARTESIAN_POINT('Origin',(-1.11022302462516E-14,5.55111512312578E-16,
-2.2));
#7929=CARTESIAN_POINT('',(5.49999999999999,-1.18444227218466E-16,-1.8));
#7930=CARTESIAN_POINT('Origin',(5.09999999999999,-6.94583552525718E-17,
-1.8));
#7931=CARTESIAN_POINT('',(-5.50000000000001,1.22866725184362E-15,-1.8));
#7932=CARTESIAN_POINT('Origin',(-1.11022302462516E-14,5.55111512312578E-16,
-1.8));
#7933=CARTESIAN_POINT('Origin',(-1.11022302462516E-14,5.55111512312578E-16,
-1.8));
#7934=CARTESIAN_POINT('Origin',(-1.11022302462516E-14,5.55111512312578E-16,
0.));
#7935=CARTESIAN_POINT('',(-5.50000000000001,1.22866725184362E-15,0.));
#7936=CARTESIAN_POINT('Origin',(-1.11022302462516E-14,0.,-2.2));
#7937=CARTESIAN_POINT('',(3.99999999999999,-2.3094010767585,-2.2));
#7938=CARTESIAN_POINT('',(3.99999999999999,2.30940107675851,-2.2));
#7939=CARTESIAN_POINT('',(3.99999999999999,2.30940107675851,-2.2));
#7940=CARTESIAN_POINT('',(-1.27675647831893E-14,4.61880215351701,-2.2));
#7941=CARTESIAN_POINT('',(-1.25593979660721E-14,4.61880215351701,-2.2));
#7942=CARTESIAN_POINT('',(-4.00000000000001,2.3094010767585,-2.2));
#7943=CARTESIAN_POINT('',(-4.00000000000001,2.3094010767585,-2.2));
#7944=CARTESIAN_POINT('',(-4.00000000000001,-2.3094010767585,-2.2));
#7945=CARTESIAN_POINT('',(-4.00000000000001,-2.3094010767585,-2.2));
#7946=CARTESIAN_POINT('',(-1.16573417585641E-14,-4.618802153517,-2.2));
#7947=CARTESIAN_POINT('',(-1.14491749414469E-14,-4.618802153517,-2.2));
#7948=CARTESIAN_POINT('',(3.99999999999999,-2.3094010767585,-2.2));
#7949=CARTESIAN_POINT('Origin',(-1.16573417585641E-14,-4.618802153517,0.));
#7950=CARTESIAN_POINT('',(3.99999999999999,-2.3094010767585,0.));
#7951=CARTESIAN_POINT('',(-1.14491749414469E-14,-4.618802153517,0.));
#7952=CARTESIAN_POINT('Origin',(-4.00000000000001,-2.3094010767585,0.));
#7953=CARTESIAN_POINT('',(-4.00000000000001,-2.3094010767585,0.));
#7954=CARTESIAN_POINT('Origin',(-4.00000000000001,2.3094010767585,0.));
#7955=CARTESIAN_POINT('',(-4.00000000000001,2.3094010767585,0.));
#7956=CARTESIAN_POINT('Origin',(-1.27675647831893E-14,4.61880215351701,
0.));
#7957=CARTESIAN_POINT('',(-1.25593979660721E-14,4.61880215351701,0.));
#7958=CARTESIAN_POINT('Origin',(3.99999999999999,2.30940107675851,0.));
#7959=CARTESIAN_POINT('',(3.99999999999999,2.30940107675851,0.));
#7960=CARTESIAN_POINT('Origin',(3.99999999999999,-2.3094010767585,0.));
#7961=CARTESIAN_POINT('Origin',(0.,0.,20.1));
#7962=CARTESIAN_POINT('',(-5.1,-6.2456986756515E-16,20.5));
#7963=CARTESIAN_POINT('Origin',(0.,0.,20.5));
#7964=CARTESIAN_POINT('',(-5.5,-6.73555739531044E-16,20.1));
#7965=CARTESIAN_POINT('Origin',(-5.1,-6.2456986756515E-16,20.1));
#7966=CARTESIAN_POINT('',(5.5,6.73555739531044E-16,20.1));
#7967=CARTESIAN_POINT('Origin',(0.,0.,20.1));
#7968=CARTESIAN_POINT('Origin',(0.,0.,20.1));
#7969=CARTESIAN_POINT('Origin',(0.,0.,18.));
#7970=CARTESIAN_POINT('',(5.5,6.73555739531044E-16,18.));
#7971=CARTESIAN_POINT('Origin',(0.,0.,20.5));
#7972=CARTESIAN_POINT('',(2.7,3.30654635769786E-16,20.5));
#7973=CARTESIAN_POINT('Origin',(0.,0.,20.5));
#7974=CARTESIAN_POINT('Origin',(0.,0.,18.));
#7975=CARTESIAN_POINT('',(2.7,3.30654635769786E-16,18.));
#7976=CARTESIAN_POINT('Origin',(-16.6627765904731,-5.34858411256355,1.5));
#7977=CARTESIAN_POINT('Origin',(-16.6622926115666,5.34906809148829,1.5));
#7978=CARTESIAN_POINT('Origin',(-16.662050622113,5.34931008094183,1.5));
#7979=CARTESIAN_POINT('Ctrl Pts',(-17.7242937294641,6.41155318829462,7.30889651253105));
#7980=CARTESIAN_POINT('Ctrl Pts',(-15.4322141857082,4.11947364453504,8.14717816950557));
#7981=CARTESIAN_POINT('Ctrl Pts',(-13.7241821593826,2.4114416182067,5.82872467626312));
#7982=CARTESIAN_POINT('Ctrl Pts',(-12.016150133057,0.703409591878369,3.51027118302067));
#7983=CARTESIAN_POINT('Ctrl Pts',(-12.5144494257104,1.20170888453252,0.237142857377627));
#7984=CARTESIAN_POINT('Ctrl Pts',(-12.8228123612207,12.823780319037,11.4396673927637));
#7985=CARTESIAN_POINT('Ctrl Pts',(-8.90080957574424,8.90177753355431,12.8740604541321));
#7986=CARTESIAN_POINT('Ctrl Pts',(-5.978176989462,5.97914494726736,8.90692891052328));
#7987=CARTESIAN_POINT('Ctrl Pts',(-3.05554440317976,3.05651236098042,4.93979736691448));
#7988=CARTESIAN_POINT('Ctrl Pts',(-3.9081898618033,3.90915781960534,-0.660888894330293));
#7989=CARTESIAN_POINT('Ctrl Pts',(-6.41058523047029,17.7252616872704,7.30889651253139));
#7990=CARTESIAN_POINT('Ctrl Pts',(-4.11850568671427,15.4331821435106,8.14717816950596));
#7991=CARTESIAN_POINT('Ctrl Pts',(-2.41047366038858,13.7251501171822,5.82872467626337));
#7992=CARTESIAN_POINT('Ctrl Pts',(-0.702441634062893,12.0171180908538,3.51027118302079));
#7993=CARTESIAN_POINT('Ctrl Pts',(-1.20074092671627,12.515417383508,0.237142857377556));
#7994=CARTESIAN_POINT('Origin',(-5.34834212311915,16.6630185799175,1.5));
#7995=CARTESIAN_POINT('Origin',(-5.34858411256355,16.6627765904731,1.5));
#7996=CARTESIAN_POINT('Origin',(5.34906809148829,16.6622926115666,1.5));
#7997=CARTESIAN_POINT('Origin',(5.34931008094184,16.662050622113,1.5));
#7998=CARTESIAN_POINT('Ctrl Pts',(6.41155318829463,17.7242937294641,7.30889651253105));
#7999=CARTESIAN_POINT('Ctrl Pts',(4.11947364453505,15.4322141857082,8.14717816950558));
#8000=CARTESIAN_POINT('Ctrl Pts',(2.41144161820671,13.7241821593826,5.82872467626312));
#8001=CARTESIAN_POINT('Ctrl Pts',(0.703409591878374,12.016150133057,3.51027118302068));
#8002=CARTESIAN_POINT('Ctrl Pts',(1.20170888453253,12.5144494257104,0.237142857377631));
#8003=CARTESIAN_POINT('Ctrl Pts',(12.8237803190371,12.8228123612207,11.4396673927637));
#8004=CARTESIAN_POINT('Ctrl Pts',(8.90177753355432,8.90080957574425,12.8740604541321));
#8005=CARTESIAN_POINT('Ctrl Pts',(5.97914494726737,5.978176989462,8.90692891052328));
#8006=CARTESIAN_POINT('Ctrl Pts',(3.05651236098042,3.05554440317975,4.93979736691449));
#8007=CARTESIAN_POINT('Ctrl Pts',(3.90915781960534,3.9081898618033,-0.660888894330289));
#8008=CARTESIAN_POINT('Ctrl Pts',(17.7252616872704,6.41058523047029,7.30889651253138));
#8009=CARTESIAN_POINT('Ctrl Pts',(15.4331821435106,4.11850568671427,8.14717816950595));
#8010=CARTESIAN_POINT('Ctrl Pts',(13.7251501171822,2.41047366038858,5.82872467626337));
#8011=CARTESIAN_POINT('Ctrl Pts',(12.0171180908538,0.702441634062896,3.51027118302079));
#8012=CARTESIAN_POINT('Ctrl Pts',(12.515417383508,1.20074092671628,0.237142857377558));
#8013=CARTESIAN_POINT('Origin',(16.6622926115666,-5.34906809148829,1.5));
#8014=CARTESIAN_POINT('Origin',(16.662050622113,-5.34931008094184,1.5));
#8015=CARTESIAN_POINT('Ctrl Pts',(17.7242937294641,-6.41155318829463,7.30889651253105));
#8016=CARTESIAN_POINT('Ctrl Pts',(15.4322141857082,-4.11947364453505,8.14717816950558));
#8017=CARTESIAN_POINT('Ctrl Pts',(13.7241821593826,-2.41144161820671,5.82872467626312));
#8018=CARTESIAN_POINT('Ctrl Pts',(12.016150133057,-0.703409591878369,3.51027118302067));
#8019=CARTESIAN_POINT('Ctrl Pts',(12.5144494257104,-1.20170888453253,0.237142857377627));
#8020=CARTESIAN_POINT('Ctrl Pts',(12.8228123612207,-12.8237803190371,11.4396673927637));
#8021=CARTESIAN_POINT('Ctrl Pts',(8.90080957574424,-8.90177753355432,12.8740604541321));
#8022=CARTESIAN_POINT('Ctrl Pts',(5.978176989462,-5.97914494726737,8.90692891052328));
#8023=CARTESIAN_POINT('Ctrl Pts',(3.05554440317976,-3.05651236098042,4.93979736691449));
#8024=CARTESIAN_POINT('Ctrl Pts',(3.9081898618033,-3.90915781960534,-0.660888894330292));
#8025=CARTESIAN_POINT('Ctrl Pts',(6.41058523047028,-17.7252616872704,7.30889651253138));
#8026=CARTESIAN_POINT('Ctrl Pts',(4.11850568671426,-15.4331821435106,8.14717816950595));
#8027=CARTESIAN_POINT('Ctrl Pts',(2.41047366038858,-13.7251501171822,5.82872467626337));
#8028=CARTESIAN_POINT('Ctrl Pts',(0.702441634062891,-12.0171180908538,3.51027118302079));
#8029=CARTESIAN_POINT('Ctrl Pts',(1.20074092671627,-12.515417383508,0.237142857377557));
#8030=CARTESIAN_POINT('Origin',(-15.5643824162734,-8.,16.5));
#8031=CARTESIAN_POINT('Origin',(-15.5643824162734,-8.,16.5));
#8032=CARTESIAN_POINT('Origin',(-9.56438241627336,8.,16.5));
#8033=CARTESIAN_POINT('Origin',(-15.5643824162734,8.,16.5));
#8034=CARTESIAN_POINT('Ctrl Pts',(-17.0160956040683,8.,10.6782709767302));
#8035=CARTESIAN_POINT('Ctrl Pts',(-13.7840075469761,8.,9.87231370220906));
#8036=CARTESIAN_POINT('Ctrl Pts',(-11.3908436266277,8.,12.1893650152997));
#8037=CARTESIAN_POINT('Ctrl Pts',(-8.99767970627939,8.,14.5064163283903));
#8038=CARTESIAN_POINT('Ctrl Pts',(-9.69878851311798,8.,17.7628571428571));
#8039=CARTESIAN_POINT('Ctrl Pts',(-18.0484249820559,1.97736330872753E-14,
6.53837478240499));
#8040=CARTESIAN_POINT('Ctrl Pts',(-12.5179631954757,1.90061273357415E-14,
5.15929233489094));
#8041=CARTESIAN_POINT('Ctrl Pts',(-8.42299382065742,1.84378361751092E-14,
9.12402458173494));
#8042=CARTESIAN_POINT('Ctrl Pts',(-4.32802444583911,1.78695450144769E-14,
13.0887568285789));
#8043=CARTESIAN_POINT('Ctrl Pts',(-5.52769951531848,1.80360333750025E-14,
18.6608888888889));
#8044=CARTESIAN_POINT('Ctrl Pts',(-17.0160956040684,-8.,10.6782709767302));
#8045=CARTESIAN_POINT('Ctrl Pts',(-13.7840075469761,-8.,9.87231370220898));
#8046=CARTESIAN_POINT('Ctrl Pts',(-11.3908436266277,-8.,12.1893650152996));
#8047=CARTESIAN_POINT('Ctrl Pts',(-8.99767970627931,-8.,14.5064163283903));
#8048=CARTESIAN_POINT('Ctrl Pts',(-9.6987885131179,-8.,17.7628571428572));
#8049=CARTESIAN_POINT('Origin',(8.00000000000002,9.56438241627335,16.5));
#8050=CARTESIAN_POINT('Origin',(8.00000000000002,15.5643824162734,16.5));
#8051=CARTESIAN_POINT('Ctrl Pts',(8.00000000000002,17.0629780363434,10.6901625524025));
#8052=CARTESIAN_POINT('Ctrl Pts',(8.00000000000002,13.8221573385111,9.8542218316837));
#8053=CARTESIAN_POINT('Ctrl Pts',(8.00000000000002,11.4082519210195,12.1725782148698));
#8054=CARTESIAN_POINT('Ctrl Pts',(8.00000000000002,8.99434650352798,14.4909345980558));
#8055=CARTESIAN_POINT('Ctrl Pts',(8.00000000000002,9.69878851311799,17.7628571428571));
#8056=CARTESIAN_POINT('Ctrl Pts',(3.52045982207923E-14,18.1286460328377,
6.55872258966641));
#8057=CARTESIAN_POINT('Ctrl Pts',(3.4435018778234E-14,12.5832417276578,
5.12833513421417));
#8058=CARTESIAN_POINT('Ctrl Pts',(3.38618022510673E-14,8.45278134661667,
9.09530050099925));
#8059=CARTESIAN_POINT('Ctrl Pts',(3.32885857239005E-14,4.32232096557554,
13.0622658677843));
#8060=CARTESIAN_POINT('Ctrl Pts',(3.34558656013148E-14,5.52769951531847,
18.6608888888889));
#8061=CARTESIAN_POINT('Ctrl Pts',(-8.,17.0629780363434,10.6901625524024));
#8062=CARTESIAN_POINT('Ctrl Pts',(-8.,13.822157338511,9.8542218316836));
#8063=CARTESIAN_POINT('Ctrl Pts',(-8.,11.4082519210195,12.1725782148697));
#8064=CARTESIAN_POINT('Ctrl Pts',(-8.,8.99434650352788,14.4909345980558));
#8065=CARTESIAN_POINT('Ctrl Pts',(-8.,9.6987885131179,17.7628571428572));
#8066=CARTESIAN_POINT('Origin',(9.56438241627338,-8.00000000000002,16.5));
#8067=CARTESIAN_POINT('Origin',(15.5643824162734,-8.00000000000002,16.5));
#8068=CARTESIAN_POINT('Ctrl Pts',(17.0629780363434,-8.00000000000002,10.6901625524025));
#8069=CARTESIAN_POINT('Ctrl Pts',(13.8221573385111,-8.00000000000002,9.8542218316837));
#8070=CARTESIAN_POINT('Ctrl Pts',(11.4082519210195,-8.00000000000002,12.1725782148697));
#8071=CARTESIAN_POINT('Ctrl Pts',(8.99434650352799,-8.00000000000002,14.4909345980558));
#8072=CARTESIAN_POINT('Ctrl Pts',(9.698788513118,-8.00000000000002,17.7628571428571));
#8073=CARTESIAN_POINT('Ctrl Pts',(18.1286460328377,-2.65027452680168E-14,
6.55872258966644));
#8074=CARTESIAN_POINT('Ctrl Pts',(12.5832417276578,-2.88114835956916E-14,
5.12833513421421));
#8075=CARTESIAN_POINT('Ctrl Pts',(8.45278134661671,-3.05311331771918E-14,
9.09530050099927));
#8076=CARTESIAN_POINT('Ctrl Pts',(4.32232096557558,-3.2250782758692E-14,
13.0622658677843));
#8077=CARTESIAN_POINT('Ctrl Pts',(5.5276995153185,-3.17489431264493E-14,
18.6608888888889));
#8078=CARTESIAN_POINT('Ctrl Pts',(17.0629780363434,8.00000000000001,10.6901625524024));
#8079=CARTESIAN_POINT('Ctrl Pts',(13.822157338511,8.00000000000001,9.8542218316836));
#8080=CARTESIAN_POINT('Ctrl Pts',(11.4082519210195,8.00000000000001,12.1725782148697));
#8081=CARTESIAN_POINT('Ctrl Pts',(8.99434650352789,8.00000000000001,14.4909345980558));
#8082=CARTESIAN_POINT('Ctrl Pts',(9.69878851311791,8.00000000000001,17.7628571428572));
#8083=CARTESIAN_POINT('Origin',(8.,-15.5643824162734,16.5));
#8084=CARTESIAN_POINT('',(-7.25,13.5643824162734,15.));
#8085=CARTESIAN_POINT('',(-13.5643824162734,-7.24999999999999,15.));
#8086=CARTESIAN_POINT('',(7.24999999999999,-13.5643824162734,15.));
#8087=CARTESIAN_POINT('',(13.5643824162734,7.24999999999999,15.));
#8088=CARTESIAN_POINT('',(-14.7180463073813,4.46501164047973,3.));
#8089=CARTESIAN_POINT('',(-4.46501164047973,-14.7180463073813,3.));
#8090=CARTESIAN_POINT('',(14.7180463073813,-4.46501164047973,3.));
#8091=CARTESIAN_POINT('',(4.46501164047973,14.7180463073813,3.));
#8092=CARTESIAN_POINT('',(11.1015764646288,-11.1015764646288,15.4));
#8093=CARTESIAN_POINT('',(11.1015764646288,11.1015764646288,15.4));
#8094=CARTESIAN_POINT('',(-11.1015764646288,11.1015764646288,15.4));
#8095=CARTESIAN_POINT('',(-11.1015764646288,-11.1015764646288,15.4));
#8096=CARTESIAN_POINT('',(15.7,2.22044604925031E-15,2.6));
#8097=CARTESIAN_POINT('',(-1.25909831191964E-15,15.7,2.6));
#8098=CARTESIAN_POINT('',(-15.7,-2.9775057458897E-16,2.6));
#8099=CARTESIAN_POINT('',(-6.63597162741702E-16,-15.7,2.6));
#8100=CARTESIAN_POINT('Origin',(0.,0.,0.));
#8101=UNCERTAINTY_MEASURE_WITH_UNIT(LENGTH_MEASURE(0.01),#8109,
'DISTANCE_ACCURACY_VALUE',
'Maximum model space distance between geometric entities at asserted c
onnectivities');
#8102=UNCERTAINTY_MEASURE_WITH_UNIT(LENGTH_MEASURE(0.01),#8109,
'DISTANCE_ACCURACY_VALUE',
'Maximum model space distance between geometric entities at asserted c
onnectivities');
#8103=UNCERTAINTY_MEASURE_WITH_UNIT(LENGTH_MEASURE(0.01),#8109,
'DISTANCE_ACCURACY_VALUE',
'Maximum model space distance between geometric entities at asserted c
onnectivities');
#8104=UNCERTAINTY_MEASURE_WITH_UNIT(LENGTH_MEASURE(0.01),#8109,
'DISTANCE_ACCURACY_VALUE',
'Maximum model space distance between geometric entities at asserted c
onnectivities');
#8105=(
GEOMETRIC_REPRESENTATION_CONTEXT(3)
GLOBAL_UNCERTAINTY_ASSIGNED_CONTEXT((#8101))
GLOBAL_UNIT_ASSIGNED_CONTEXT((#8109,#8111,#8112))
REPRESENTATION_CONTEXT('','3D')
);
#8106=(
GEOMETRIC_REPRESENTATION_CONTEXT(3)
GLOBAL_UNCERTAINTY_ASSIGNED_CONTEXT((#8102))
GLOBAL_UNIT_ASSIGNED_CONTEXT((#8109,#8111,#8112))
REPRESENTATION_CONTEXT('','3D')
);
#8107=(
GEOMETRIC_REPRESENTATION_CONTEXT(3)
GLOBAL_UNCERTAINTY_ASSIGNED_CONTEXT((#8103))
GLOBAL_UNIT_ASSIGNED_CONTEXT((#8109,#8111,#8112))
REPRESENTATION_CONTEXT('','3D')
);
#8108=(
GEOMETRIC_REPRESENTATION_CONTEXT(3)
GLOBAL_UNCERTAINTY_ASSIGNED_CONTEXT((#8104))
GLOBAL_UNIT_ASSIGNED_CONTEXT((#8109,#8111,#8112))
REPRESENTATION_CONTEXT('','3D')
);
#8109=(
LENGTH_UNIT()
NAMED_UNIT(*)
SI_UNIT(.MILLI.,.METRE.)
);
#8110=(
LENGTH_UNIT()
NAMED_UNIT(*)
SI_UNIT($,.METRE.)
);
#8111=(
NAMED_UNIT(*)
PLANE_ANGLE_UNIT()
SI_UNIT($,.RADIAN.)
);
#8112=(
NAMED_UNIT(*)
SI_UNIT($,.STERADIAN.)
SOLID_ANGLE_UNIT()
);
#8113=SHAPE_DEFINITION_REPRESENTATION(#8116,#8135);
#8114=SHAPE_DEFINITION_REPRESENTATION(#8117,#8136);
#8115=SHAPE_DEFINITION_REPRESENTATION(#8118,#8137);
#8116=PRODUCT_DEFINITION_SHAPE('',$,#8139);
#8117=PRODUCT_DEFINITION_SHAPE('',$,#8140);
#8118=PRODUCT_DEFINITION_SHAPE('',$,#8141);
#8119=PRODUCT_DEFINITION_SHAPE($,$,#69);
#8120=PRODUCT_DEFINITION_SHAPE($,$,#70);
#8121=PRODUCT_DEFINITION_SHAPE($,$,#71);
#8122=PRODUCT_DEFINITION_SHAPE($,$,#72);
#8123=PRODUCT_DEFINITION_SHAPE($,$,#73);
#8124=PRODUCT_DEFINITION_SHAPE($,$,#74);
#8125=PRODUCT_DEFINITION_SHAPE($,$,#75);
#8126=PRODUCT_DEFINITION_SHAPE($,$,#76);
#8127=PRODUCT_DEFINITION_SHAPE($,$,#77);
#8128=PRODUCT_DEFINITION_SHAPE($,$,#78);
#8129=PRODUCT_DEFINITION_SHAPE($,$,#79);
#8130=PRODUCT_DEFINITION_SHAPE($,$,#80);
#8131=PRODUCT_DEFINITION_SHAPE($,$,#81);
#8132=PRODUCT_DEFINITION_SHAPE($,$,#82);
#8133=PRODUCT_DEFINITION_SHAPE($,$,#83);
#8134=PRODUCT_DEFINITION_SHAPE($,$,#84);
#8135=SHAPE_REPRESENTATION('',(#3060,#3352,#3353,#3354,#3355,#3356,#3357,
#3358,#3359,#3360,#3361,#3362,#3363,#3364,#3365,#3366,#3367),#8105);
#8136=SHAPE_REPRESENTATION('',(#3061),#8106);
#8137=SHAPE_REPRESENTATION('',(#3070),#8107);
#8138=PRODUCT_DEFINITION_CONTEXT('part definition',#8149,'design');
#8139=PRODUCT_DEFINITION('\X2\043A043E043B04350441043E\X0\',
'\X2\043A043E043B04350441043E\X0\ v10',#8142,#8138);
#8140=PRODUCT_DEFINITION('\X2\0440043E043B0438043A\X0\','\X2\0440043E043B0438043A\X0\ 
v3',#8143,#8138);
#8141=PRODUCT_DEFINITION('92005A010_Steel Pan Head Phillips Screw',
'92005A010_Steel Pan Head Phillips Screw',#8144,#8138);
#8142=PRODUCT_DEFINITION_FORMATION('',$,#8151);
#8143=PRODUCT_DEFINITION_FORMATION('',$,#8152);
#8144=PRODUCT_DEFINITION_FORMATION('',$,#8153);
#8145=PRODUCT_RELATED_PRODUCT_CATEGORY('\X2\043A043E043B04350441043E\X0\ 
v10','\X2\043A043E043B04350441043E\X0\ v10',(#8151));
#8146=PRODUCT_RELATED_PRODUCT_CATEGORY('\X2\0440043E043B0438043A\X0\ v
3','\X2\0440043E043B0438043A\X0\ v3',(#8152));
#8147=PRODUCT_RELATED_PRODUCT_CATEGORY(
'92005A010_Steel Pan Head Phillips Screw',
'92005A010_Steel Pan Head Phillips Screw',(#8153));
#8148=APPLICATION_PROTOCOL_DEFINITION('international standard',
'automotive_design',2009,#8149);
#8149=APPLICATION_CONTEXT(
'Core Data for Automotive Mechanical Design Process');
#8150=PRODUCT_CONTEXT('part definition',#8149,'mechanical');
#8151=PRODUCT('\X2\043A043E043B04350441043E\X0\','\X2\043A043E043B04350441043E\X0\ 
v10',$,(#8150));
#8152=PRODUCT('\X2\0440043E043B0438043A\X0\','\X2\0440043E043B0438043A\X0\ 
v3',$,(#8150));
#8153=PRODUCT('92005A010_Steel Pan Head Phillips Screw',
'92005A010_Steel Pan Head Phillips Screw',$,(#8150));
#8154=PRESENTATION_STYLE_ASSIGNMENT((#8159));
#8155=PRESENTATION_STYLE_ASSIGNMENT((#8160));
#8156=PRESENTATION_STYLE_ASSIGNMENT((#8161));
#8157=PRESENTATION_STYLE_ASSIGNMENT((#8162));
#8158=PRESENTATION_STYLE_ASSIGNMENT((NULL_STYLE(.NULL.)));
#8159=SURFACE_STYLE_USAGE(.BOTH.,#8163);
#8160=SURFACE_STYLE_USAGE(.BOTH.,#8164);
#8161=SURFACE_STYLE_USAGE(.BOTH.,#8165);
#8162=SURFACE_STYLE_USAGE(.BOTH.,#8166);
#8163=SURFACE_SIDE_STYLE('',(#8167));
#8164=SURFACE_SIDE_STYLE('',(#8168));
#8165=SURFACE_SIDE_STYLE('',(#8169));
#8166=SURFACE_SIDE_STYLE('',(#8170));
#8167=SURFACE_STYLE_FILL_AREA(#8171);
#8168=SURFACE_STYLE_FILL_AREA(#8172);
#8169=SURFACE_STYLE_FILL_AREA(#8173);
#8170=SURFACE_STYLE_FILL_AREA(#8174);
#8171=FILL_AREA_STYLE('Steel - Satin',(#8175));
#8172=FILL_AREA_STYLE('ABS (White)',(#8176));
#8173=FILL_AREA_STYLE('Aluminum - Polished',(#8177));
#8174=FILL_AREA_STYLE('ABS (White)',(#8178));
#8175=FILL_AREA_STYLE_COLOUR('Steel - Satin',#8179);
#8176=FILL_AREA_STYLE_COLOUR('ABS (White)',#8180);
#8177=FILL_AREA_STYLE_COLOUR('Aluminum - Polished',#8181);
#8178=FILL_AREA_STYLE_COLOUR('ABS (White)',#8182);
#8179=COLOUR_RGB('Steel - Satin',0.627450980392157,0.627450980392157,0.627450980392157);
#8180=COLOUR_RGB('ABS (White)',0.941176470588235,0.0352941176470588,0.0352941176470588);
#8181=COLOUR_RGB('Aluminum - Polished',0.96078431372549,0.96078431372549,
0.964705882352941);
#8182=COLOUR_RGB('ABS (White)',0.0274509803921569,0.0274509803921569,0.);
ENDSEC;
END-ISO-10303-21;
