Tiempo_s,Phi_rel_deg,Phi_raw_deg,AX_g,AY_g,AZ_g,A0_V,A2_V,Theta0_raw,Theta0_filtrado,DXL_Corriente_mA,DXL_Corriente_abs_mA,DXL_Posicion_pulsos,DXL_Posicion_deg,DXL_Goal_Position_deg,Pulsos_Objetivo,Edad_dato_Arduino_s,Tau_calculado_Nmm,Corriente_calculada_mA,Test_ID,Motivo_detencion
0.000142116,3.17165291102728,10.377,0.4646,-0.012,1.0271,2.678,2.258,1.48604499845895,1.48604499845895,-139,139,1891,166.201171875,127.44140625,0,0,9.82710586343877,128.545309446469,Giro_Off_intento4_180deg_2000_pulsos_Mu_1.00,TIEMPO_MAXIMO
0.055760852,3.99265291102728,11.198,0.5815,-0.0212,1.0254,2.674,2.263,1.49741447210711,1.48888736687099,-130,130,1891,166.201171875,127.44140625,255,0,12.3672122446618,130.754097604054,Giro_Off_intento4_180deg_2000_pulsos_Mu_1.00,TIEMPO_MAXIMO
0.103741667,4.89765291102728,12.103,0.4856,-0.0093,1.022,2.678,2.268,1.48604499845895,1.48817677476798,-131,131,1891,166.201171875,127.44140625,255,0,15.1642448704303,133.186299887331,Giro_Off_intento4_180deg_2000_pulsos_Mu_1.00,TIEMPO_MAXIMO
0.151702763,5.53465291102728,12.74,0.4963,-0.0066,1.0093,2.674,2.273,1.49741447210711,1.49048619910276,-133,133,1891,166.201171875,127.44140625,255,0,17.1307576182795,134.896310972417,Giro_Off_intento4_180deg_2000_pulsos_Mu_1.00,TIEMPO_MAXIMO
0.19988016,5.95965291102728,13.165,0.5015,-0.0068,1.0369,2.669,2.278,1.51162631416732,1.4957712278689,-136,136,1891,166.201171875,127.44140625,255,0,18.4416325186507,136.036202190131,Giro_Off_intento4_180deg_2000_pulsos_Mu_1.00,TIEMPO_MAXIMO
0.247933505,6.20665291102728,13.412,0.5005,0.0007,1.0186,2.674,2.283,1.49741447210711,1.49618203892846,-137,137,1891,166.201171875,127.44140625,255,0,19.2030205736966,136.698278759736,Giro_Off_intento4_180deg_2000_pulsos_Mu_1.00,TIEMPO_MAXIMO
0.295741725,6.31765291102728,13.523,0.5186,-0.009,0.9922,2.669,2.292,1.51162631416732,1.50004310773817,-137,137,1891,166.201171875,127.44140625,255,0,19.545067437579,136.995710815286,Giro_Off_intento4_180deg_2000_pulsos_Mu_1.00,TIEMPO_MAXIMO
0.34371407,6.21165291102728,13.417,0.5579,-0.0066,0.9973,2.664,2.297,1.52583815622752,1.50649186986051,-138,138,1891,166.201171875,127.44140625,255,0,19.2184296498438,136.711677956386,Giro_Off_intento4_180deg_2000_pulsos_Mu_1.00,TIEMPO_MAXIMO
0.391619069,6.03765291102728,13.243,0.5806,-0.0088,0.9905,2.669,2.307,1.51162631416732,1.50777548093721,-137,137,1891,166.201171875,127.44140625,255,0,18.6821085482428,136.245311781081,Giro_Off_intento4_180deg_2000_pulsos_Mu_1.00,TIEMPO_MAXIMO
0.439661913,5.99865291102728,13.204,0.6094,-0.0159,0.959,2.674,2.302,1.49741447210711,1.50518522872969,-136,136,1891,166.201171875,127.44140625,255,0,18.5618748335192,136.140760724799,Giro_Off_intento4_180deg_2000_pulsos_Mu_1.00,TIEMPO_MAXIMO
0.487627743,6.22965291102728,13.435,0.6575,-0.009,0.9382,2.669,2.312,1.51162631416732,1.50679550008909,-137,137,1891,166.201171875,127.44140625,255,0,19.2739011112981,136.759914009824,Giro_Off_intento4_180deg_2000_pulsos_Mu_1.00,TIEMPO_MAXIMO
0.535773629,6.63265291102728,13.838,0.6692,0.0059,0.925,2.669,2.322,1.51162631416732,1.50800320360865,-137,137,1891,166.201171875,127.44140625,255,0,20.5153372207061,137.839423670179,Giro_Off_intento4_180deg_2000_pulsos_Mu_1.00,TIEMPO_MAXIMO
0.583805827,7.46265291102728,14.668,0.6736,-0.0137,0.9131,2.669,2.326,1.51162631416732,1.50890898124832,-138,138,1891,166.201171875,127.44140625,255,0,23.0688750956004,140.059891387479,Giro_Off_intento4_180deg_2000_pulsos_Mu_1.00,TIEMPO_MAXIMO
0.631812413,8.42865291102728,15.634,0.6975,0.009,0.8735,2.669,2.322,1.51162631416732,1.50958831447807,-140,140,1891,166.201171875,127.44140625,255,0,26.0346914479745,142.638862128673,Giro_Off_intento4_180deg_2000_pulsos_Mu_1.00,TIEMPO_MAXIMO
0.679773634,9.22365291102728,16.429,0.6533,-0.0115,0.8757,2.674,2.326,1.49741447210711,1.50654485388533,-144,144,1891,166.201171875,127.44140625,255,0,28.4699890102764,144.756512182849,Giro_Off_intento4_180deg_2000_pulsos_Mu_1.00,TIEMPO_MAXIMO
0.727688741,10.0896529110273,17.295,0.7249,-0.0024,0.856,2.674,2.322,1.49741447210711,1.50426225844077,-146,146,1891,166.201171875,127.44140625,255,0,31.1165254584851,147.05784822477,Giro_Off_intento4_180deg_2000_pulsos_Mu_1.00,TIEMPO_MAXIMO
0.775751113,11.2006529110273,18.406,0.7307,-0.009,0.8579,2.669,2.322,1.51162631416732,1.50610327237241,-147,147,1891,166.201171875,127.44140625,255,0,34.5013005779513,150.001130937349,Giro_Off_intento4_180deg_2000_pulsos_Mu_1.00,TIEMPO_MAXIMO
0.823742306,12.3206529110273,19.526,0.7656,-0.0315,0.8833,2.674,2.322,1.49741447210711,1.50393107230609,-150,150,1891,166.201171875,127.44140625,255,0,37.9003616655313,152.956836230897,Giro_Off_intento4_180deg_2000_pulsos_Mu_1.00,TIEMPO_MAXIMO
0.871629066,13.3236529110273,20.529,0.7253,-0.0186,0.8167,2.669,2.326,1.51162631416732,1.50585488277139,-155,155,1891,166.201171875,127.44140625,255,0,40.9320890252987,155.593120891564,Giro_Off_intento4_180deg_2000_pulsos_Mu_1.00,TIEMPO_MAXIMO
0.919662497,14.3636529110273,21.569,0.7468,-0.0093,0.8394,2.674,2.326,1.49741447210711,1.50374478010532,-158,158,1891,166.201171875,127.44140625,255,0,44.0623969230377,158.315127759163,Giro_Off_intento4_180deg_2000_pulsos_Mu_1.00,TIEMPO_MAXIMO
0.967575494,15.3806529110273,22.586,0.7627,-0.0085,0.8137,2.674,2.326,1.49741447210711,1.50216220310577,-159,159,1891,166.201171875,127.44140625,255,0,47.1094451848825,160.964734943376,Giro_Off_intento4_180deg_2000_pulsos_Mu_1.00,TIEMPO_MAXIMO
1.015810024,16.5806529110273,23.786,0.7903,-0.022,0.814,2.669,2.326,1.51162631416732,1.50452823087116,-162,162,1891,166.201171875,127.44140625,255,0,50.6856202521792,164.074452393199,Giro_Off_intento4_180deg_2000_pulsos_Mu_1.00,TIEMPO_MAXIMO
1.063581015,17.7466529110273,24.952,0.8022,-0.0103,0.8218,2.674,2.326,1.49741447210711,1.50274979118015,-164,164,1891,166.201171875,127.44140625,255,0,54.1391880502299,167.077554826287,Giro_Off_intento4_180deg_2000_pulsos_Mu_1.00,TIEMPO_MAXIMO
1.111783617,18.7956529110273,26.001,0.8059,-0.0068,0.7952,2.669,2.336,1.51162631416732,1.50496892192694,-172,172,1890,166.11328125,127.44140625,255,0,57.2270960936499,169.762692255348,Giro_Off_intento4_180deg_2000_pulsos_Mu_1.00,TIEMPO_MAXIMO
1.159830885,19.9646529110273,27.17,0.7883,-0.0156,0.7935,2.669,2.331,1.51162631416732,1.50663326998703,-173,173,1890,166.11328125,127.44140625,255,0,60.645598997376,172.735303475979,Giro_Off_intento4_180deg_2000_pulsos_Mu_1.00,TIEMPO_MAXIMO
1.207550372,20.9016529110273,28.107,0.8157,-0.0078,0.7715,2.669,2.326,1.51162631416732,1.5078815310321,-174,174,1889,166.025390625,127.44140625,255,0,63.3675060215159,175.102179149144,Giro_Off_intento4_180deg_2000_pulsos_Mu_1.00,TIEMPO_MAXIMO
1.255655496,21.7816529110273,28.987,0.8132,-0.0203,0.7639,2.669,2.331,1.51162631416732,1.50881772681591,-185,185,1889,166.025390625,127.44140625,255,0,65.9084142739129,177.311664586011,Giro_Off_intento4_180deg_2000_pulsos_Mu_1.00,TIEMPO_MAXIMO
1.303660985,22.4576529110273,29.663,0.824,-0.0068,0.7476,2.669,2.326,1.51162631416732,1.50951987365376,-178,178,1887,165.849609375,127.44140625,255,0,67.8497663474173,178.999796823841,Giro_Off_intento4_180deg_2000_pulsos_Mu_1.00,TIEMPO_MAXIMO
1.351619695,23.3716529110273,30.577,0.8333,-0.0054,0.762,2.678,2.326,1.48604499845895,1.50365115485506,-180,180,1887,165.849609375,127.44140625,255,0,70.4595439995485,181.26916869526,Giro_Off_intento4_180deg_2000_pulsos_Mu_1.00,TIEMPO_MAXIMO
1.399620406,24.1616529110273,31.367,0.8416,-0.0251,0.7124,2.674,2.331,1.49741447210711,1.50209198416807,-182,182,1887,165.849609375,127.44140625,255,0,72.7008378454129,183.218119865576,Giro_Off_intento4_180deg_2000_pulsos_Mu_1.00,TIEMPO_MAXIMO
1.447692524,24.8206529110273,32.026,0.8337,-0.0068,0.7178,2.674,2.326,1.49741447210711,1.50092260615283,-184,184,1887,165.849609375,127.44140625,255,0,74.5599187308033,184.834711939829,Giro_Off_intento4_180deg_2000_pulsos_Mu_1.00,TIEMPO_MAXIMO
1.495642378,25.1446529110273,32.35,0.9116,-0.0149,0.678,2.669,2.331,1.51162631416732,1.50359853315645,-185,185,1886,165.76171875,127.44140625,255,0,75.4703417598092,185.626384138965,Giro_Off_intento4_180deg_2000_pulsos_Mu_1.00,TIEMPO_MAXIMO
1.543666673,25.7466529110273,32.952,0.8613,-0.0159,0.6809,2.678,2.326,1.48604499845895,1.49921014948208,-187,187,1886,165.76171875,127.44140625,255,0,77.1555003988,187.091739477217,Giro_Off_intento4_180deg_2000_pulsos_Mu_1.00,TIEMPO_MAXIMO
1.622778064,27.2576529110273,34.463,0.8633,-0.0042,0.6765,2.678,2.326,1.48604499845895,1.4959188617263,-190,190,1886,165.76171875,127.44140625,255,0,81.3472634730437,190.736750846125,Giro_Off_intento4_180deg_2000_pulsos_Mu_1.00,TIEMPO_MAXIMO
1.671571594,28.1156529110273,35.321,0.9021,-0.0066,0.6687,2.669,2.322,1.51162631416732,1.49984572483655,-193,193,1886,165.76171875,127.44140625,255,0,83.7024999698828,192.784782582507,Giro_Off_intento4_180deg_2000_pulsos_Mu_1.00,TIEMPO_MAXIMO
1.719716738,29.2556529110273,36.461,0.9021,-0.0046,0.6208,2.674,2.331,1.49741447210711,1.49923791165419,-194,194,1884,165.5859375,127.44140625,255,0,86.802709009045,195.480616529604,Giro_Off_intento4_180deg_2000_pulsos_Mu_1.00,TIEMPO_MAXIMO
1.767630326,30.3306529110273,37.536,0.8979,-0.0049,0.6367,2.674,2.331,1.49741447210711,1.49878205176742,-195,195,1884,165.5859375,127.44140625,255,0,89.6946935793251,197.995385721152,Giro_Off_intento4_180deg_2000_pulsos_Mu_1.00,TIEMPO_MAXIMO
1.815609445,31.1136529110273,38.319,0.9119,-0.002,0.6116,2.669,2.326,1.51162631416732,1.5019931173674,-200,200,1884,165.5859375,127.44140625,255,0,91.7813179811725,199.809841722759,Giro_Off_intento4_180deg_2000_pulsos_Mu_1.00,TIEMPO_MAXIMO
1.86377628,32.0056529110273,39.211,0.9185,0.001,0.635,2.669,2.326,1.51162631416732,1.50440141656738,-202,202,1884,165.5859375,127.44140625,255,0,94.1375098235817,201.858704194419,Giro_Off_intento4_180deg_2000_pulsos_Mu_1.00,TIEMPO_MAXIMO
1.91162788,32.7486529110273,39.954,0.885,0.0164,0.606,2.664,2.322,1.52583815622752,1.50976060148241,-203,203,1884,165.5859375,127.44140625,255,0,96.0827291664638,203.550199275186,Giro_Off_intento4_180deg_2000_pulsos_Mu_1.00,TIEMPO_MAXIMO
1.959768623,32.9926529110273,40.198,0.8811,0.002,0.5947,2.669,2.322,1.51162631416732,1.51022702965364,-204,204,1884,165.5859375,127.44140625,255,0,96.7180276686925,204.102632755385,Giro_Off_intento4_180deg_2000_pulsos_Mu_1.00,TIEMPO_MAXIMO
2.007567173,32.8116529110273,40.017,0.9517,-0.0173,0.5842,2.669,2.331,1.51162631416732,1.51057685078206,-204,204,1884,165.5859375,127.44140625,255,0,96.2469284940466,203.692981299171,Giro_Off_intento4_180deg_2000_pulsos_Mu_1.00,TIEMPO_MAXIMO
2.055822782,33.1146529110273,40.32,0.9724,0.0288,0.5496,2.669,2.326,1.51162631416732,1.51083921662837,-204,204,1884,165.5859375,127.44140625,255,0,97.0350198711353,204.378278148813,Giro_Off_intento4_180deg_2000_pulsos_Mu_1.00,TIEMPO_MAXIMO
2.103732892,33.4896529110273,40.695,0.978,0.0117,0.5266,2.669,2.326,1.51162631416732,1.51103599101311,-205,205,1884,165.5859375,127.44140625,255,0,98.006620452927,205.223148219936,Giro_Off_intento4_180deg_2000_pulsos_Mu_1.00,TIEMPO_MAXIMO
2.151504646,34.0596529110273,41.265,1.0186,-0.0183,0.4634,2.674,2.331,1.49741447210711,1.50763061128661,-206,206,1884,165.5859375,127.44140625,255,0,99.4753990322528,206.500346984568,Giro_Off_intento4_180deg_2000_pulsos_Mu_1.00,TIEMPO_MAXIMO
2.199621293,34.9846529110273,42.19,0.9683,0.009,0.4502,2.669,2.331,1.51162631416732,1.50862953700679,-207,207,1884,165.5859375,127.44140625,255,0,101.837927659736,208.554719704118,Giro_Off_intento4_180deg_2000_pulsos_Mu_1.00,TIEMPO_MAXIMO
2.247577189,36.0706529110273,43.276,0.9871,0.0098,0.4309,2.669,2.326,1.51162631416732,1.50937873129692,-209,209,1884,165.5859375,127.44140625,255,0,104.577744763416,210.937169359492,Giro_Off_intento4_180deg_2000_pulsos_Mu_1.00,TIEMPO_MAXIMO
2.295769508,36.9426529110273,44.148,0.9687,0.0146,0.4214,2.669,2.331,1.51162631416732,1.50994062701452,-213,213,1884,165.5859375,127.44140625,255,0,106.750523479302,212.826542155915,Giro_Off_intento4_180deg_2000_pulsos_Mu_1.00,TIEMPO_MAXIMO
2.343632847,38.0986529110273,45.304,1.0129,0.0247,0.3745,2.669,2.326,1.51162631416732,1.51036204880272,-215,215,1884,165.5859375,127.44140625,255,0,109.592750454847,215.29804387378,Giro_Off_intento4_180deg_2000_pulsos_Mu_1.00,TIEMPO_MAXIMO
2.391508155,39.3556529110273,46.561,1.0266,0.0234,0.3853,2.674,2.331,1.49741447210711,1.50712515462882,-215,215,1884,165.5859375,127.44140625,255,0,112.632638450873,217.94142473989,Giro_Off_intento4_180deg_2000_pulsos_Mu_1.00,TIEMPO_MAXIMO
2.439557859,40.8196529110273,48.025,1.0415,0.0181,0.3591,2.674,2.336,1.49741447210711,1.50469748399839,-218,218,1884,165.5859375,127.44140625,255,0,116.104694025316,220.960603500275,Giro_Off_intento4_180deg_2000_pulsos_Mu_1.00,TIEMPO_MAXIMO
2.487578804,42.2316529110273,49.437,1.0254,0.0225,0.3611,2.674,2.331,1.49741447210711,1.50287673102557,-223,223,1884,165.5859375,127.44140625,255,0,119.381641966498,223.810123449129,Giro_Off_intento4_180deg_2000_pulsos_Mu_1.00,TIEMPO_MAXIMO
2.535501699,43.9926529110273,51.198,1.0115,0.0264,0.3564,2.669,2.336,1.51162631416732,1.50506412681101,-226,226,1884,165.5859375,127.44140625,255,0,123.366723713843,227.275411925081,Giro_Off_intento4_180deg_2000_pulsos_Mu_1.00,TIEMPO_MAXIMO
2.583629842,45.6316529110273,52.837,1.0188,0.0269,0.3481,2.669,2.331,1.51162631416732,1.50670467365009,-228,228,1884,165.5859375,127.44140625,255,0,126.971100200375,230.409652348153,Giro_Off_intento4_180deg_2000_pulsos_Mu_1.00,TIEMPO_MAXIMO
2.631631477,47.1786529110273,54.384,0.999,0.0129,0.3511,2.669,2.331,1.51162631416732,1.50793508377939,-231,231,1884,165.5859375,127.44140625,255,0,130.277896668588,233.285127537903,Giro_Off_intento4_180deg_2000_pulsos_Mu_1.00,TIEMPO_MAXIMO
2.679705349,48.2076529110273,55.413,1.0054,0.0356,0.3486,2.669,2.331,1.51162631416732,1.50885789137637,-235,235,1884,165.5859375,127.44140625,255,0,132.424992899676,235.152167738848,Giro_Off_intento4_180deg_2000_pulsos_Mu_1.00,TIEMPO_MAXIMO
2.727538535,49.3176529110273,56.523,1.0029,0.012,0.3528,2.669,2.322,1.51162631416732,1.50954999707411,-236,236,1884,165.5859375,127.44140625,255,0,134.693195567991,237.124517885209,Giro_Off_intento4_180deg_2000_pulsos_Mu_1.00,TIEMPO_MAXIMO
2.775522639,50.2076529110273,57.413,1.0037,0.0281,0.3423,2.674,2.336,1.49741447210711,1.50651611583236,-238,238,1884,165.5859375,127.44140625,255,0,136.475369084162,238.674233986228,Giro_Off_intento4_180deg_2000_pulsos_Mu_1.00,TIEMPO_MAXIMO
2.823581362,50.9116529110273,58.117,0.9856,0.0139,0.2751,2.674,2.331,1.49741447210711,1.50424070490105,-239,239,1884,165.5859375,127.44140625,255,0,137.861783790301,239.879811991566,Giro_Off_intento4_180deg_2000_pulsos_Mu_1.00,TIEMPO_MAXIMO
2.871546211,51.6226529110273,58.828,1.0398,0.031,0.3079,2.674,2.331,1.49741447210711,1.50253414670256,-240,240,1884,165.5859375,127.44140625,255,0,139.240858538961,241.079007425183,Giro_Off_intento4_180deg_2000_pulsos_Mu_1.00,TIEMPO_MAXIMO
2.919555899,52.4236529110273,59.629,1.0381,0.0334,0.3152,2.669,2.331,1.51162631416732,1.50480718856875,-242,242,1884,165.5859375,127.44140625,255,0,140.768804664345,242.407656229865,Giro_Off_intento4_180deg_2000_pulsos_Mu_1.00,TIEMPO_MAXIMO
2.967667582,53.5406529110273,60.746,1.0181,0.0303,0.301,2.674,2.331,1.49741447210711,1.50295900945334,-244,244,1884,165.5859375,127.44140625,255,0,142.853538353478,244.220468133459,Giro_Off_intento4_180deg_2000_pulsos_Mu_1.00,TIEMPO_MAXIMO
3.015521479,54.6006529110273,61.806,1.0261,0.0334,0.3167,2.669,2.331,1.51162631416732,1.50512583563184,-245,245,1884,165.5859375,127.44140625,255,0,144.781694026624,245.897125240543,Giro_Off_intento4_180deg_2000_pulsos_Mu_1.00,TIEMPO_MAXIMO
3.063514682,55.5836529110273,62.789,0.9958,0.0325,0.2927,2.674,2.326,1.49741447210711,1.50319799475066,-242,242,1878,165.05859375,127.44140625,255,0,146.525515466884,247.413491710334,Giro_Off_intento4_180deg_2000_pulsos_Mu_1.00,TIEMPO_MAXIMO
3.111541786,56.0046529110273,63.21,1.0171,0.0381,0.335,2.669,2.336,1.51162631416732,1.50530507460482,-247,247,1878,165.05859375,127.44140625,255,0,147.259199167221,248.051477536714,Giro_Off_intento4_180deg_2000_pulsos_Mu_1.00,TIEMPO_MAXIMO
3.160000285,56.0066529110273,63.212,0.9978,0.0208,0.2893,2.669,2.336,1.51162631416732,1.50688538449544,-248,248,1878,165.05859375,127.44140625,255,0,147.26266565694,248.0544918756,Giro_Off_intento4_180deg_2000_pulsos_Mu_1.00,TIEMPO_MAXIMO
3.207642443,55.7346529110273,62.94,1.0093,0.051,0.2832,2.669,2.331,1.51162631416732,1.50807061691341,-248,248,1878,165.05859375,127.44140625,255,0,146.789577614729,247.643110969329,Giro_Off_intento4_180deg_2000_pulsos_Mu_1.00,TIEMPO_MAXIMO
3.255611279,55.8466529110273,63.052,1.0642,-0.0366,0.2366,2.674,2.326,1.49741447210711,1.50540658071184,-248,248,1878,165.05859375,127.44140625,255,0,146.984779825237,247.812852021945,Giro_Off_intento4_180deg_2000_pulsos_Mu_1.00,TIEMPO_MAXIMO
3.303509871,56.1366529110273,63.342,1.0779,0.0527,0.2512,2.669,2.326,1.51162631416732,1.50696151407571,-248,248,1878,165.05859375,127.44140625,255,0,147.48760240731,248.250089049835,Giro_Off_intento4_180deg_2000_pulsos_Mu_1.00,TIEMPO_MAXIMO
3.351468612,57.0956529110273,64.301,1.0859,0.0188,0.2026,2.669,2.322,1.51162631416732,1.50812771409861,-250,250,1878,165.05859375,127.44140625,255,0,149.123408139305,249.672528816787,Giro_Off_intento4_180deg_2000_pulsos_Mu_1.00,TIEMPO_MAXIMO
3.399476161,58.3406529110273,65.546,1.02,0.0068,0.2566,2.669,2.322,1.51162631416732,1.50900236411579,-250,250,1878,165.05859375,127.44140625,255,0,151.184667302679,251.464928089286,Giro_Off_intento4_180deg_2000_pulsos_Mu_1.00,TIEMPO_MAXIMO
3.447474525,59.1686529110273,66.374,1.0664,0.0288,0.2236,2.669,2.326,1.51162631416732,1.50965835162867,-253,253,1878,165.05859375,127.44140625,255,0,152.516065039088,252.622665251381,Giro_Off_intento4_180deg_2000_pulsos_Mu_1.00,TIEMPO_MAXIMO
3.495574977,60.2006529110273,67.406,1.0122,0.0442,0.2292,2.674,2.326,1.49741447210711,1.50659738174828,-253,253,1878,165.05859375,127.44140625,255,0,154.130868196004,254.026841909568,Giro_Off_intento4_180deg_2000_pulsos_Mu_1.00,TIEMPO_MAXIMO
3.54352616,60.9426529110273,68.148,1.0183,0.0496,0.2402,2.678,2.322,1.48604499845895,1.50145928592595,-254,254,1878,165.05859375,127.44140625,255,0,155.261028717014,255.009590188708,Giro_Off_intento4_180deg_2000_pulsos_Mu_1.00,TIEMPO_MAXIMO
3.591591316,61.5266529110273,68.732,1.0415,0.0439,0.2285,2.664,2.331,1.52583815622752,1.50755400350134,-256,256,1878,165.05859375,127.44140625,255,0,156.132232347954,255.767158563439,Giro_Off_intento4_180deg_2000_pulsos_Mu_1.00,TIEMPO_MAXIMO
3.639447898,62.2706529110273,69.476,1.0142,0.0393,0.2312,2.669,2.326,1.51162631416732,1.50857208116783,-257,257,1878,165.05859375,127.44140625,255,0,157.218614621794,256.71183880156,Giro_Off_intento4_180deg_2000_pulsos_Mu_1.00,TIEMPO_MAXIMO
3.687391732,62.9736529110273,70.179,1.0256,0.0449,0.2192,2.683,2.331,1.47183315639875,1.49938734997556,-257,257,1878,165.05859375,127.44140625,255,0,158.220773820616,257.583281583144,Giro_Off_intento4_180deg_2000_pulsos_Mu_1.00,TIEMPO_MAXIMO
3.735546347,63.4916529110273,70.697,1.0356,0.0603,0.2161,2.674,2.326,1.49741447210711,1.49889413050845,-258,258,1878,165.05859375,127.44140625,255,0,158.943973727447,258.212151067346,Giro_Off_intento4_180deg_2000_pulsos_Mu_1.00,TIEMPO_MAXIMO
3.783504613,63.9706529110273,71.176,1.0149,0.04,0.2292,2.674,2.326,1.49741447210711,1.49852421590812,-258,258,1878,165.05859375,127.44140625,255,0,159.601164493501,258.783621298696,Giro_Off_intento4_180deg_2000_pulsos_Mu_1.00,TIEMPO_MAXIMO
3.831443995,64.2336529110273,71.439,1.0427,0.0457,0.2114,2.674,2.331,1.49741447210711,1.49824677995787,-259,259,1878,165.05859375,127.44140625,255,0,159.957261208918,259.093270616451,Giro_Off_intento4_180deg_2000_pulsos_Mu_1.00,TIEMPO_MAXIMO
3.879467078,64.6146529110273,71.82,1.0115,0.0359,0.2278,2.664,2.326,1.52583815622752,1.50514462402528,-260,260,1878,165.05859375,127.44140625,255,0,160.467147815096,259.536650273997,Giro_Off_intento4_180deg_2000_pulsos_Mu_1.00,TIEMPO_MAXIMO
3.927440931,64.9676529110273,72.173,1.0547,0.0535,0.2136,2.674,2.331,1.49741447210711,1.50321208604574,-260,260,1878,165.05859375,127.44140625,255,0,160.93323035706,259.941939440922,Giro_Off_intento4_180deg_2000_pulsos_Mu_1.00,TIEMPO_MAXIMO
3.975423087,65.3746529110273,72.58,1.0349,0.0508,0.2119,2.678,2.326,1.48604499845895,1.49892031414904,-260,260,1878,165.05859375,127.44140625,255,0,161.463028653397,260.40263361165,Giro_Off_intento4_180deg_2000_pulsos_Mu_1.00,TIEMPO_MAXIMO
4.023848225,65.6646529110273,72.87,1.0161,0.0386,0.2139,2.674,2.326,1.49741447210711,1.49854385363856,-261,261,1878,165.05859375,127.44140625,255,0,161.835556951954,260.726571262569,Giro_Off_intento4_180deg_2000_pulsos_Mu_1.00,TIEMPO_MAXIMO
4.071540222,66.0006529110273,73.206,1.052,0.0554,0.1848,2.674,2.326,1.49741447210711,1.4982615082557,-261,261,1878,165.05859375,127.44140625,255,0,162.261990767068,261.097383275711,Giro_Off_intento4_180deg_2000_pulsos_Mu_1.00,TIEMPO_MAXIMO
4.119501189,66.3906529110273,73.596,1.0344,0.0654,0.1787,2.674,2.322,1.49741447210711,1.49804974921855,-261,261,1878,165.05859375,127.44140625,255,0,162.749960135505,261.521704465657,Giro_Off_intento4_180deg_2000_pulsos_Mu_1.00,TIEMPO_MAXIMO
4.167808726,66.7736529110273,73.979,1.0256,0.0417,0.2092,2.678,2.331,1.48604499845895,1.49504856152865,-262,262,1878,165.05859375,127.44140625,255,0,163.221832457347,261.93202822378,Giro_Off_intento4_180deg_2000_pulsos_Mu_1.00,TIEMPO_MAXIMO
4.215509298,67.1186529110273,74.324,1.0266,0.0615,0.1914,2.664,2.322,1.52583815622752,1.50274596020337,-262,262,1878,165.05859375,127.44140625,255,0,163.640643908929,262.29621209472,Giro_Off_intento4_180deg_2000_pulsos_Mu_1.00,TIEMPO_MAXIMO
4.263343067,67.3556529110273,74.561,1.0293,0.0378,0.2209,2.674,2.326,1.49741447210711,1.5014130881793,-263,263,1878,165.05859375,127.44140625,255,0,163.924912234159,262.543401942747,Giro_Off_intento4_180deg_2000_pulsos_Mu_1.00,TIEMPO_MAXIMO
4.311567174,67.5856529110273,74.791,1.0254,0.0371,0.2041,2.674,2.331,1.49741447210711,1.50041343416126,-263,263,1878,165.05859375,127.44140625,255,0,164.19810277171,262.780958931922,Giro_Off_intento4_180deg_2000_pulsos_Mu_1.00,TIEMPO_MAXIMO
4.35954812,67.8316529110273,75.037,1.0396,0.0542,0.1987,2.683,2.326,1.47183315639875,1.49326836472063,-263,263,1878,165.05859375,127.44140625,255,0,164.487369329601,263.032495069218,Giro_Off_intento4_180deg_2000_pulsos_Mu_1.00,TIEMPO_MAXIMO
4.407443809,67.5216529110273,74.727,0.9585,0.0176,0.3269,2.669,2.322,1.51162631416732,1.4978578520823,-263,263,1878,165.05859375,127.44140625,255,0,164.122350040751,262.715086991958,Giro_Off_intento4_180deg_2000_pulsos_Mu_1.00,TIEMPO_MAXIMO
4.455401587,67.3196529110273,74.525,1.0452,0.0732,0.0923,2.683,2.331,1.47183315639875,1.49135167816141,-263,263,1878,165.05859375,127.44140625,255,0,163.881912777987,262.506011111293,Giro_Off_intento4_180deg_2000_pulsos_Mu_1.00,TIEMPO_MAXIMO
4.503547151,67.4726529110273,74.678,1.0342,0.0508,0.2764,2.669,2.326,1.51162631416732,1.49642033716289,-263,263,1878,165.05859375,127.44140625,255,0,164.064213441278,262.664533427198,Giro_Off_intento4_180deg_2000_pulsos_Mu_1.00,TIEMPO_MAXIMO
4.551446236,67.6076529110273,74.813,1.0249,0.0249,0.1724,2.674,2.326,1.49741447210711,1.49666887089895,-263,263,1878,165.05859375,127.44140625,255,0,164.224095461098,262.80356127052,Giro_Off_intento4_180deg_2000_pulsos_Mu_1.00,TIEMPO_MAXIMO
4.599474549,67.8196529110273,75.025,1.0151,0.0305,0.2241,2.674,2.322,1.49741447210711,1.49685527120099,-263,263,1878,165.05859375,127.44140625,255,0,164.473329071093,263.020286148776,Giro_Off_intento4_180deg_2000_pulsos_Mu_1.00,TIEMPO_MAXIMO
4.647394693,67.7556529110273,74.961,1.0295,0.0586,0.166,2.674,2.322,1.49741447210711,1.49699507142752,-263,263,1878,165.05859375,127.44140625,255,0,164.398325860716,262.95506596584,Giro_Off_intento4_180deg_2000_pulsos_Mu_1.00,TIEMPO_MAXIMO
4.695396068,67.7526529110273,74.958,1.0427,0.0269,0.2051,2.669,2.326,1.51162631416732,1.50065288211247,-263,263,1878,165.05859375,127.44140625,255,0,164.394805051601,262.952004392697,Giro_Off_intento4_180deg_2000_pulsos_Mu_1.00,TIEMPO_MAXIMO
4.743429164,67.6876529110273,74.893,1.0012,0.0127,0.1956,2.674,2.322,1.49741447210711,1.49984327961113,-263,263,1878,165.05859375,127.44140625,255,0,164.318410199127,262.885574086197,Giro_Off_intento4_180deg_2000_pulsos_Mu_1.00,TIEMPO_MAXIMO
4.791345785,67.5956529110273,74.801,1.0728,0.0229,0.1531,2.669,2.326,1.51162631416732,1.50278903825018,-263,263,1878,165.05859375,127.44140625,255,0,164.209920631809,262.791235332008,Giro_Off_intento4_180deg_2000_pulsos_Mu_1.00,TIEMPO_MAXIMO
4.839487233,67.9166529110273,75.122,1.0132,0.0195,0.1621,2.678,2.322,1.48604499845895,1.49860302830237,-263,263,1878,165.05859375,127.44140625,255,0,164.586614564167,263.118795273189,Giro_Off_intento4_180deg_2000_pulsos_Mu_1.00,TIEMPO_MAXIMO
4.887445607,68.0206529110273,75.226,1.0337,0.0215,0.1499,2.669,2.326,1.51162631416732,1.50185884976861,-263,263,1878,165.05859375,127.44140625,255,0,164.707551269539,263.223957625686,Giro_Off_intento4_180deg_2000_pulsos_Mu_1.00,TIEMPO_MAXIMO
4.935379915,68.0846529110273,75.29,1.02,0.0449,0.1489,2.674,2.331,1.49741447210711,1.50074775535323,-263,263,1878,165.05859375,127.44140625,255,0,164.781704153935,263.288438394726,Giro_Off_intento4_180deg_2000_pulsos_Mu_1.00,TIEMPO_MAXIMO
4.983382695,68.0426529110273,75.248,1.0178,0.0251,0.1353,2.669,2.322,1.51162631416732,1.50346739505675,-263,263,1878,165.05859375,127.44140625,255,0,164.733064508056,263.246143050484,Giro_Off_intento4_180deg_2000_pulsos_Mu_1.00,TIEMPO_MAXIMO
5.031334496,67.8206529110273,75.026,1.032,0.0293,0.1218,2.678,2.331,1.48604499845895,1.4991117959073,-263,263,1878,165.05859375,127.44140625,255,0,164.474499368201,263.021303798436,Giro_Off_intento4_180deg_2000_pulsos_Mu_1.00,TIEMPO_MAXIMO
5.079426108,67.6196529110273,74.825,1.0403,0.0212,0.0945,2.678,2.326,1.48604499845895,1.49584509654522,-263,263,1878,165.05859375,127.44140625,255,0,164.238263086711,262.815880944966,Giro_Off_intento4_180deg_2000_pulsos_Mu_1.00,TIEMPO_MAXIMO
5.127466325,67.6086529110273,74.814,1.0459,0.0269,0.0889,2.674,2.322,1.49741447210711,1.49623744043569,-263,263,1878,165.05859375,127.44140625,255,0,164.225276371714,262.804588149317,Giro_Off_intento4_180deg_2000_pulsos_Mu_1.00,TIEMPO_MAXIMO
5.175350226,67.6856529110273,74.891,1.0439,0.0161,0.0706,2.683,2.326,1.47183315639875,1.49013636942645,-263,263,1878,165.05859375,127.44140625,255,0,164.316056234142,262.883527160124,Giro_Off_intento4_180deg_2000_pulsos_Mu_1.00,TIEMPO_MAXIMO
5.223325841,67.9466529110273,75.152,1.0425,0.0063,0.0535,2.674,2.326,1.49741447210711,1.49195589509662,-263,263,1878,165.05859375,127.44140625,255,0,164.62155582074,263.149178974557,Giro_Off_intento4_180deg_2000_pulsos_Mu_1.00,TIEMPO_MAXIMO
5.271343824,68.3436529110273,75.549,1.0237,0.0156,0.0713,2.683,2.326,1.47183315639875,1.48692521042215,-263,263,1878,165.05859375,127.44140625,255,0,165.079691055272,263.547557439367,Giro_Off_intento4_180deg_2000_pulsos_Mu_1.00,TIEMPO_MAXIMO
5.319385833,68.6326529110273,75.838,1.0413,0.0066,0.0356,2.669,2.326,1.51162631416732,1.49310048635844,-264,264,1878,165.05859375,127.44140625,255,0,165.408211586572,263.833227466584,Giro_Off_intento4_180deg_2000_pulsos_Mu_1.00,TIEMPO_MAXIMO
5.367398724,69.0526529110273,76.258,1.0354,-0.001,0.0327,2.664,2.326,1.52583815622752,1.50128490382571,-264,264,1878,165.05859375,127.44140625,255,0,165.878142053544,264.241862655256,Giro_Off_intento4_180deg_2000_pulsos_Mu_1.00,TIEMPO_MAXIMO
5.415323127,69.5606529110273,76.766,1.0518,-0.0056,0.0298,2.674,2.326,1.49741447210711,1.50031729589606,-265,265,1878,165.05859375,127.44140625,255,0,166.434621495535,264.725757822205,Giro_Off_intento4_180deg_2000_pulsos_Mu_1.00,TIEMPO_MAXIMO
5.463284792,70.0946529110273,77.3,1.0239,0.0044,-0.0081,2.669,2.326,1.51162631416732,1.50314455046388,-265,265,1878,165.05859375,127.44140625,255,0,167.005476331471,265.222153331714,Giro_Off_intento4_180deg_2000_pulsos_Mu_1.00,TIEMPO_MAXIMO
5.511288995,70.5756529110273,77.781,1.0249,0.0059,0.0146,2.669,2.326,1.51162631416732,1.50526499138974,-265,265,1878,165.05859375,127.44140625,255,0,167.50725633232,265.658483767235,Giro_Off_intento4_180deg_2000_pulsos_Mu_1.00,TIEMPO_MAXIMO
5.559409688,70.9546529110273,78.16,1.03,0.0164,-0.0166,2.674,2.326,1.49741447210711,1.50330236156908,-266,266,1878,165.05859375,127.44140625,255,0,167.894315897484,265.99505730216,Giro_Off_intento4_180deg_2000_pulsos_Mu_1.00,TIEMPO_MAXIMO
5.607302759,71.5306529110273,78.736,1.0176,0.0066,-0.0173,2.669,2.331,1.51162631416732,1.50538334971864,-266,266,1878,165.05859375,127.44140625,255,0,168.468492744357,266.494341516832,Giro_Off_intento4_180deg_2000_pulsos_Mu_1.00,TIEMPO_MAXIMO
5.655349102,72.1446529110273,79.35,1.033,-0.0081,-0.0288,2.674,2.322,1.49741447210711,1.50339113031576,-267,267,1878,165.05859375,127.44140625,255,0,169.061799933635,267.010260811856,Giro_Off_intento4_180deg_2000_pulsos_Mu_1.00,TIEMPO_MAXIMO
5.703572845,72.7236529110273,79.929,1.0266,-0.0044,-0.0342,2.683,2.331,1.47183315639875,1.49550163683651,-267,267,1878,165.05859375,127.44140625,255,0,169.603501559901,267.481305704262,Giro_Off_intento4_180deg_2000_pulsos_Mu_1.00,TIEMPO_MAXIMO
5.751215744,73.1886529110273,80.394,1.0483,0.0076,-0.0898,2.669,2.331,1.51162631416732,1.49953280616921,-268,268,1878,165.05859375,127.44140625,255,0,170.026009137316,267.848703597666,Giro_Off_intento4_180deg_2000_pulsos_Mu_1.00,TIEMPO_MAXIMO
5.799375986,73.5576529110273,80.763,1.0156,-0.0095,-0.0447,2.678,2.322,1.48604499845895,1.49616085424164,-268,268,1878,165.05859375,127.44140625,255,0,170.353321198814,268.133322781577,Giro_Off_intento4_180deg_2000_pulsos_Mu_1.00,TIEMPO_MAXIMO
5.84764096,73.9346529110273,81.14,1.0056,-0.0146,-0.071,2.678,2.331,1.48604499845895,1.49363189029597,-268,268,1878,165.05859375,127.44140625,255,0,170.680432194538,268.417767125685,Giro_Off_intento4_180deg_2000_pulsos_Mu_1.00,TIEMPO_MAXIMO
5.895363774,74.1806529110273,81.386,1.0139,-0.0188,-0.0801,2.678,2.326,1.48604499845895,1.49173516733672,-268,268,1878,165.05859375,127.44140625,255,0,170.889895399485,268.59990904303,Giro_Off_intento4_180deg_2000_pulsos_Mu_1.00,TIEMPO_MAXIMO
5.943270601,74.4706529110273,81.676,1.0376,0.0027,-0.0969,2.669,2.322,1.51162631416732,1.49670795404437,-269,269,1878,165.05859375,127.44140625,255,0,171.132777486655,268.811110857961,Giro_Off_intento4_180deg_2000_pulsos_Mu_1.00,TIEMPO_MAXIMO
5.991342248,74.8516529110273,82.057,1.0444,-0.0166,-0.1152,2.674,2.326,1.49741447210711,1.49688458356005,-269,269,1878,165.05859375,127.44140625,255,0,171.44520979101,269.082791122617,Giro_Off_intento4_180deg_2000_pulsos_Mu_1.00,TIEMPO_MAXIMO
6.039360368,75.7266529110273,82.932,1.0383,-0.0076,-0.1345,2.674,2.322,1.49741447210711,1.49701705569682,-269,269,1878,165.05859375,127.44140625,255,0,172.134018395412,269.681755126445,Giro_Off_intento4_180deg_2000_pulsos_Mu_1.00,TIEMPO_MAXIMO
6.087356851,76.9016529110273,84.107,1.0083,-0.0017,-0.1235,2.674,2.326,1.49741447210711,1.49711640979939,-270,270,1878,165.05859375,127.44140625,255,0,172.995812275237,270.431141108902,Giro_Off_intento4_180deg_2000_pulsos_Mu_1.00,TIEMPO_MAXIMO
6.135413295,78.0616529110273,85.267,1.0051,0.002,-0.1484,2.674,2.322,1.49741447210711,1.49719092537632,-271,271,1878,165.05859375,127.44140625,255,0,173.775240174136,271.108904499248,Giro_Off_intento4_180deg_2000_pulsos_Mu_1.00,TIEMPO_MAXIMO
6.183468631,78.9566529110273,86.162,1.0063,-0.0015,-0.1323,2.674,2.322,1.49741447210711,1.49724681205902,-271,271,1878,165.05859375,127.44140625,255,0,174.327946694719,271.589518864973,Giro_Off_intento4_180deg_2000_pulsos_Mu_1.00,TIEMPO_MAXIMO
6.23146616,79.4936529110273,86.699,1.0066,0.0159,-0.1292,2.669,2.322,1.51162631416732,1.50084168758609,-271,271,1878,165.05859375,127.44140625,255,0,174.639161416653,271.860140362307,Giro_Off_intento4_180deg_2000_pulsos_Mu_1.00,TIEMPO_MAXIMO
6.279452436,80.0176529110273,87.223,0.9976,-0.0042,-0.1614,2.664,2.322,1.52583815622752,1.50709080474645,-272,272,1878,165.05859375,127.44140625,255,0,174.928054266748,272.111351536302,Giro_Off_intento4_180deg_2000_pulsos_Mu_1.00,TIEMPO_MAXIMO
6.327527788,80.3726529110273,87.578,1.0017,0.0125,-0.1318,2.678,2.326,1.48604499845895,1.50182935317458,-272,272,1878,165.05859375,127.44140625,255,0,175.11546130786,272.274314180748,Giro_Off_intento4_180deg_2000_pulsos_Mu_1.00,TIEMPO_MAXIMO
6.375315414,80.7776529110273,87.983,1.0105,0.0024,-0.1819,2.683,2.326,1.47183315639875,1.49433030398062,-271,271,1878,165.05859375,127.44140625,255,0,175.321053810723,272.453090270194,Giro_Off_intento4_180deg_2000_pulsos_Mu_1.00,TIEMPO_MAXIMO
6.42332157,81.1816529110273,88.387,1.0076,0.0007,-0.168,2.678,2.326,1.48604499845895,1.4922589776002,-273,273,1878,165.05859375,127.44140625,255,0,175.517411245557,272.623835865701,Giro_Off_intento4_180deg_2000_pulsos_Mu_1.00,TIEMPO_MAXIMO
6.471236737,81.6946529110273,88.9,0.9902,-0.0024,-0.1677,2.678,2.326,1.48604499845895,1.49070548281489,-273,273,1878,165.05859375,127.44140625,255,0,175.754169453091,272.829712567905,Giro_Off_intento4_180deg_2000_pulsos_Mu_1.00,TIEMPO_MAXIMO
6.519346671,82.1276529110273,89.333,0.9741,-0.0049,-0.1843,2.674,2.322,1.49741447210711,1.49238273013795,-273,273,1878,165.05859375,127.44140625,255,0,175.9430420918,272.993949645043,Giro_Off_intento4_180deg_2000_pulsos_Mu_1.00,TIEMPO_MAXIMO
6.567316585,82.2276529110273,89.433,0.9709,-0.0071,-0.1982,2.669,2.322,1.51162631416732,1.49719362614529,-273,273,1878,165.05859375,127.44140625,255,0,175.985233711882,273.030638010332,Giro_Off_intento4_180deg_2000_pulsos_Mu_1.00,TIEMPO_MAXIMO
6.615430538,81.9226529110273,89.128,0.9766,-0.0129,-0.2322,2.678,2.326,1.48604499845895,1.4944064692237,-273,273,1878,165.05859375,127.44140625,255,0,175.854873889942,272.917281643428,Giro_Off_intento4_180deg_2000_pulsos_Mu_1.00,TIEMPO_MAXIMO
6.679322385,81.7246529110273,88.93,1.0146,-0.0291,-0.2734,2.678,2.322,1.48604499845895,1.49231610153252,-274,274,1878,165.05859375,127.44140625,255,0,175.767579078698,272.841373111911,Giro_Off_intento4_180deg_2000_pulsos_Mu_1.00,TIEMPO_MAXIMO
6.727260853,82.3766529110273,89.582,1.0122,-0.0464,-0.2874,2.678,2.331,1.48604499845895,1.49074832576412,-273,273,1878,165.05859375,127.44140625,255,0,176.04710472923,273.084438894983,Giro_Off_intento4_180deg_2000_pulsos_Mu_1.00,TIEMPO_MAXIMO
6.775220237,83.6696529110273,90.875,0.9687,-0.0493,-0.2676,2.678,2.326,1.48604499845895,1.48957249393783,-274,274,1878,165.05859375,127.44140625,255,0,176.533975709099,273.507804964434,Giro_Off_intento4_180deg_2000_pulsos_Mu_1.00,TIEMPO_MAXIMO
6.839213953,85.2566529110273,92.462,0.9531,-0.0403,-0.2795,2.678,2.326,1.48604499845895,1.48869062006811,-274,274,1878,165.05859375,127.44140625,255,0,177.008642212106,273.92055844531,Giro_Off_intento4_180deg_2000_pulsos_Mu_1.00,TIEMPO_MAXIMO
6.88715858,86.3066529110273,93.512,0.9373,-0.05,-0.2776,2.674,2.326,1.49741447210711,1.49087158307786,-274,274,1878,165.05859375,127.44140625,255,0,177.248068748083,274.128755433116,Giro_Off_intento4_180deg_2000_pulsos_Mu_1.00,TIEMPO_MAXIMO
6.935350876,86.9256529110273,94.131,0.9507,-0.0383,-0.2805,2.678,2.331,1.48604499845895,1.48966493692313,-274,274,1878,165.05859375,127.44140625,255,0,177.361331194197,274.227244516693,Giro_Off_intento4_180deg_2000_pulsos_Mu_1.00,TIEMPO_MAXIMO
6.983191111,87.5406529110273,94.746,0.9419,-0.0481,-0.3005,2.678,2.326,1.48604499845895,1.48875995230709,-274,274,1878,165.05859375,127.44140625,255,0,177.453361009599,274.307270443129,Giro_Off_intento4_180deg_2000_pulsos_Mu_1.00,TIEMPO_MAXIMO
7.031387435,88.0526529110273,95.258,0.9729,-0.0459,-0.3474,2.674,2.326,1.49741447210711,1.49092358225709,-274,274,1878,165.05859375,127.44140625,255,0,177.514382604457,274.360332699528,Giro_Off_intento4_180deg_2000_pulsos_Mu_1.00,TIEMPO_MAXIMO
7.079205008,88.5976529110273,95.803,0.9485,-0.0349,-0.2996,2.674,2.326,1.49741447210711,1.4925463047196,-274,274,1878,165.05859375,127.44140625,255,0,177.563762179196,274.40327146017,Giro_Off_intento4_180deg_2000_pulsos_Mu_1.00,TIEMPO_MAXIMO
7.12723822,89.2406529110273,96.446,0.9456,-0.0291,-0.3726,2.678,2.326,1.48604499845895,1.49092097815444,-274,274,1878,165.05859375,127.44140625,255,0,177.601362050788,274.435967000685,Giro_Off_intento4_180deg_2000_pulsos_Mu_1.00,TIEMPO_MAXIMO
7.175290772,89.8636529110273,97.069,0.9438,-0.0332,-0.3291,2.674,2.326,1.49741447210711,1.49254435164261,-274,274,1878,165.05859375,127.44140625,255,0,177.61645765184,274.449093610296,Giro_Off_intento4_180deg_2000_pulsos_Mu_1.00,TIEMPO_MAXIMO
7.22333476,90.4886529110273,97.694,0.9324,-0.0259,-0.3394,2.669,2.322,1.51162631416732,1.49731484227378,-274,274,1878,165.05859375,127.44140625,255,0,177.610500945728,274.443913865851,Giro_Off_intento4_180deg_2000_pulsos_Mu_1.00,TIEMPO_MAXIMO
7.271261138,91.0286529110273,98.234,0.9375,-0.0383,-0.3406,2.678,2.326,1.48604499845895,1.49449738132008,-274,274,1878,165.05859375,127.44140625,255,0,177.588336250713,274.424640218011,Giro_Off_intento4_180deg_2000_pulsos_Mu_1.00,TIEMPO_MAXIMO
7.319234578,91.6426529110273,98.848,0.9233,-0.0398,-0.3455,2.674,2.326,1.49741447210711,1.49522665401684,-274,274,1878,165.05859375,127.44140625,255,0,177.543969283579,274.38606024659,Giro_Off_intento4_180deg_2000_pulsos_Mu_1.00,TIEMPO_MAXIMO
7.367251009,92.0686529110273,99.274,0.9299,-0.0413,-0.3484,2.678,2.326,1.48604499845895,1.49293124012736,-274,274,1878,165.05859375,127.44140625,255,0,177.501206241924,274.348874992978,Giro_Off_intento4_180deg_2000_pulsos_Mu_1.00,TIEMPO_MAXIMO
7.415272125,92.3636529110273,99.569,0.9055,-0.0481,-0.3643,2.683,2.322,1.47183315639875,1.48765671919521,-274,274,1878,165.05859375,127.44140625,255,0,177.465842995034,274.318124343508,Giro_Off_intento4_180deg_2000_pulsos_Mu_1.00,TIEMPO_MAXIMO
7.463241612,92.5756529110273,99.781,0.9058,-0.063,-0.3835,2.669,2.326,1.51162631416732,1.49364911793824,-274,274,1878,165.05859375,127.44140625,255,0,177.437524105815,274.293499222448,Giro_Off_intento4_180deg_2000_pulsos_Mu_1.00,TIEMPO_MAXIMO
7.511318769,92.9716529110273,100.177,0.9402,-0.0195,-0.4426,2.678,2.326,1.48604499845895,1.49174808806842,-273,273,1878,165.05859375,127.44140625,255,0,177.378120068107,274.241843537484,Giro_Off_intento4_180deg_2000_pulsos_Mu_1.00,TIEMPO_MAXIMO
7.55931735,93.5266529110273,100.732,0.9021,-0.0356,-0.4072,2.674,2.326,1.49741447210711,1.49316468407809,-274,274,1878,165.05859375,127.44140625,255,0,177.28060587996,274.157048591269,Giro_Off_intento4_180deg_2000_pulsos_Mu_1.00,TIEMPO_MAXIMO
7.607363341,94.0536529110273,101.259,0.9062,-0.0466,-0.4104,2.669,2.322,1.51162631416732,1.4977800916004,-274,274,1878,165.05859375,127.44140625,255,0,177.172614721474,274.063143236064,Giro_Off_intento4_180deg_2000_pulsos_Mu_1.00,TIEMPO_MAXIMO
7.655225675,94.7506529110273,101.956,0.8994,-0.0486,-0.4258,2.674,2.322,1.49741447210711,1.49768868672708,-274,274,1878,165.05859375,127.44140625,255,0,177.006767949132,273.918928651419,Giro_Off_intento4_180deg_2000_pulsos_Mu_1.00,TIEMPO_MAXIMO
7.703322079,95.6156529110273,102.821,0.8896,-0.0498,-0.4211,2.678,2.322,1.48604499845895,1.49477776466004,-274,274,1878,165.05859375,127.44140625,255,0,176.764524151937,273.708281871249,Giro_Off_intento4_180deg_2000_pulsos_Mu_1.00,TIEMPO_MAXIMO
7.751282251,96.4796529110273,103.685,0.8989,-0.0549,-0.4373,2.683,2.322,1.47183315639875,1.48904161259472,-274,274,1878,165.05859375,127.44140625,255,0,176.482342393973,273.462906429542,Giro_Off_intento4_180deg_2000_pulsos_Mu_1.00,TIEMPO_MAXIMO
7.799115666,97.1736529110273,104.379,0.8811,-0.0513,-0.4207,2.674,2.317,1.49741447210711,1.49113482747282,-273,273,1878,165.05859375,127.44140625,255,0,176.226615873514,273.240535542186,Giro_Off_intento4_180deg_2000_pulsos_Mu_1.00,TIEMPO_MAXIMO
7.847245025,97.8936529110273,105.099,0.8845,-0.0625,-0.4275,2.683,2.322,1.47183315639875,1.4863094097043,-273,273,1878,165.05859375,127.44140625,255,0,175.933983556844,272.986072658125,Giro_Off_intento4_180deg_2000_pulsos_Mu_1.00,TIEMPO_MAXIMO
7.895261825,98.5836529110273,105.789,0.8801,-0.0461,-0.4365,2.669,2.312,1.51162631416732,1.49263863582005,-273,273,1878,165.05859375,127.44140625,255,0,175.627473852957,272.719542480832,Giro_Off_intento4_180deg_2000_pulsos_Mu_1.00,TIEMPO_MAXIMO
7.943167344,99.2576529110273,106.463,0.8887,-0.0469,-0.4553,2.674,2.317,1.49741447210711,1.49383259489182,-273,273,1878,165.05859375,127.44140625,255,0,175.3034797007,272.437808435392,Giro_Off_intento4_180deg_2000_pulsos_Mu_1.00,TIEMPO_MAXIMO
7.991356618,99.9576529110273,107.163,0.8708,-0.0508,-0.4468,2.674,2.322,1.49741447210711,1.49472806419564,-272,272,1878,165.05859375,127.44140625,255,0,174.941307901447,272.122876436041,Giro_Off_intento4_180deg_2000_pulsos_Mu_1.00,TIEMPO_MAXIMO
8.039233686,100.474652911027,107.68,0.8674,-0.0386,-0.4519,2.669,2.312,1.51162631416732,1.49895262668856,-272,272,1878,165.05859375,127.44140625,255,0,174.657050398655,271.87569599883,Giro_Off_intento4_180deg_2000_pulsos_Mu_1.00,TIEMPO_MAXIMO
8.087140897,101.033652911027,108.239,0.8696,-0.0601,-0.4463,2.678,2.317,1.48604499845895,1.49572571963116,-272,272,1878,165.05859375,127.44140625,255,0,174.333700699995,271.594522347822,Giro_Off_intento4_180deg_2000_pulsos_Mu_1.00,TIEMPO_MAXIMO
8.135225327,101.501652911027,108.707,0.8679,-0.0537,-0.4421,2.674,2.317,1.49741447210711,1.49614790775015,-272,272,1878,165.05859375,127.44140625,255,0,174.050225987257,271.348022597615,Giro_Off_intento4_180deg_2000_pulsos_Mu_1.00,TIEMPO_MAXIMO
8.183143541,101.861652911027,109.067,0.8572,-0.061,-0.4568,2.674,2.317,1.49741447210711,1.49646454883939,-271,271,1878,165.05859375,127.44140625,255,0,173.824265630156,271.15153533057,Giro_Off_intento4_180deg_2000_pulsos_Mu_1.00,TIEMPO_MAXIMO
8.231062205,102.028652911027,109.234,0.866,-0.0493,-0.4695,2.674,2.317,1.49741447210711,1.49670202965632,-272,272,1878,165.05859375,127.44140625,255,0,173.717114553587,271.05836048138,Giro_Off_intento4_180deg_2000_pulsos_Mu_1.00,TIEMPO_MAXIMO
8.279242952,102.170652911027,109.376,0.8708,-0.042,-0.4634,2.683,2.312,1.47183315639875,1.49048481134193,-271,271,1878,165.05859375,127.44140625,255,0,173.624843070331,270.978124408984,Giro_Off_intento4_180deg_2000_pulsos_Mu_1.00,TIEMPO_MAXIMO
8.327181466,102.491652911027,109.697,0.8616,-0.0413,-0.4812,2.669,2.312,1.51162631416732,1.49577018704827,-271,271,1878,165.05859375,127.44140625,255,0,173.412328152508,270.793328828268,Giro_Off_intento4_180deg_2000_pulsos_Mu_1.00,TIEMPO_MAXIMO
8.375180342,102.999652911027,110.205,0.8616,-0.05,-0.4915,2.678,2.312,1.48604499845895,1.49333888990094,-271,271,1878,165.05859375,127.44140625,255,0,173.064891420153,270.491209930568,Giro_Off_intento4_180deg_2000_pulsos_Mu_1.00,TIEMPO_MAXIMO
8.423031226,103.640652911027,110.846,0.8564,-0.0588,-0.4924,2.678,2.307,1.48604499845895,1.49151541704044,-270,270,1878,165.05859375,127.44140625,255,0,172.607081703784,270.093114525029,Giro_Off_intento4_180deg_2000_pulsos_Mu_1.00,TIEMPO_MAXIMO
8.471114532,104.160652911027,111.366,0.8303,-0.0498,-0.4802,2.669,2.307,1.51162631416732,1.49654314132216,-270,270,1878,165.05859375,127.44140625,255,0,172.219817500783,269.756363044159,Giro_Off_intento4_180deg_2000_pulsos_Mu_1.00,TIEMPO_MAXIMO
8.519118732,104.659652911027,111.865,0.8359,-0.054,-0.4919,2.669,2.307,1.51162631416732,1.50031393453345,-270,270,1878,165.05859375,127.44140625,255,0,171.834854739894,269.421612817299,Giro_Off_intento4_180deg_2000_pulsos_Mu_1.00,TIEMPO_MAXIMO
8.567091332,105.010652911027,112.216,0.8325,-0.0576,-0.4958,2.678,2.302,1.48604499845895,1.49674670051483,-269,269,1878,165.05859375,127.44140625,255,0,171.556259191404,269.179355818612,Giro_Off_intento4_180deg_2000_pulsos_Mu_1.00,TIEMPO_MAXIMO
8.61522121,105.200652911027,112.406,0.8337,-0.0469,-0.5098,2.669,2.307,1.51162631416732,1.50046660392795,-269,269,1878,165.05859375,127.44140625,255,0,171.402765963379,269.045883446416,Giro_Off_intento4_180deg_2000_pulsos_Mu_1.00,TIEMPO_MAXIMO
8.663131959,105.332652911027,112.538,0.8437,-0.0476,-0.5132,2.674,2.307,1.49741447210711,1.49970357097274,-269,269,1878,165.05859375,127.44140625,255,0,171.2950188468,268.952190301565,Giro_Off_intento4_180deg_2000_pulsos_Mu_1.00,TIEMPO_MAXIMO
8.711312973,105.552652911027,112.758,0.8274,-0.0425,-0.5281,2.678,2.302,1.48604499845895,1.49628892784429,-269,269,1878,165.05859375,127.44140625,255,0,171.113420216483,268.794278449116,Giro_Off_intento4_180deg_2000_pulsos_Mu_1.00,TIEMPO_MAXIMO
8.759227866,105.995652911027,113.201,0.8335,-0.0422,-0.522,2.674,2.307,1.49741447210711,1.49657031391,-268,268,1878,165.05859375,127.44140625,255,0,170.740094740548,268.469647600476,Giro_Off_intento4_180deg_2000_pulsos_Mu_1.00,TIEMPO_MAXIMO
8.807080226,106.596652911027,113.802,0.8108,-0.0483,-0.5305,2.674,2.302,1.49741447210711,1.49678135345928,-268,268,1878,165.05859375,127.44140625,255,0,170.217306931764,268.015049505881,Giro_Off_intento4_180deg_2000_pulsos_Mu_1.00,TIEMPO_MAXIMO
8.855127733,107.144652911027,114.35,0.7971,-0.0579,-0.5259,2.674,2.302,1.49741447210711,1.49693963312124,-268,268,1878,165.05859375,127.44140625,255,0,169.724296419987,267.586344713033,Giro_Off_intento4_180deg_2000_pulsos_Mu_1.00,TIEMPO_MAXIMO
8.903062557,107.382652911027,114.588,0.8003,-0.0505,-0.5525,2.674,2.302,1.49741447210711,1.49705834286771,-267,267,1878,165.05859375,127.44140625,255,0,169.505340254089,267.395948047034,Giro_Off_intento4_180deg_2000_pulsos_Mu_1.00,TIEMPO_MAXIMO
8.951169015,107.570652911027,114.776,0.7874,-0.0708,-0.5447,2.669,2.307,1.51162631416732,1.50070033569261,-268,268,1878,165.05859375,127.44140625,255,0,169.330315453819,267.243752568539,Giro_Off_intento4_180deg_2000_pulsos_Mu_1.00,TIEMPO_MAXIMO
8.999089108,107.718652911027,114.924,0.7961,-0.043,-0.5437,2.669,2.307,1.51162631416732,1.50343183031129,-267,267,1878,165.05859375,127.44140625,255,0,169.191247370124,267.122823800108,Giro_Off_intento4_180deg_2000_pulsos_Mu_1.00,TIEMPO_MAXIMO
9.047083004,107.995652911027,115.201,0.7903,-0.0425,-0.5693,2.669,2.302,1.51162631416732,1.50548045127529,-267,267,1878,165.05859375,127.44140625,255,0,168.927931578748,266.893853546737,Giro_Off_intento4_180deg_2000_pulsos_Mu_1.00,TIEMPO_MAXIMO
9.095161462,108.223652911027,115.429,0.7817,-0.0476,-0.5828,2.678,2.302,1.48604499845895,1.50062158807121,-267,267,1878,165.05859375,127.44140625,255,0,168.708232386142,266.702810770558,Giro_Off_intento4_180deg_2000_pulsos_Mu_1.00,TIEMPO_MAXIMO
9.143332748,108.491652911027,115.697,0.7627,-0.043,-0.5857,2.678,2.302,1.48604499845895,1.49697744066814,-266,266,1878,165.05859375,127.44140625,255,0,168.446574060248,266.47528179152,Giro_Off_intento4_180deg_2000_pulsos_Mu_1.00,TIEMPO_MAXIMO
9.191189731,108.740652911027,115.946,0.7644,-0.0696,-0.5881,2.674,2.307,1.49741447210711,1.49708669852789,-266,266,1878,165.05859375,127.44140625,255,0,168.200163263137,266.261011533163,Giro_Off_intento4_180deg_2000_pulsos_Mu_1.00,TIEMPO_MAXIMO
9.239154755,109.061652911027,116.267,0.7461,-0.0381,-0.5901,2.674,2.302,1.49741447210711,1.49716864192269,-266,266,1878,165.05859375,127.44140625,255,0,167.877814437993,265.98070820695,Giro_Off_intento4_180deg_2000_pulsos_Mu_1.00,TIEMPO_MAXIMO
9.287388546,109.651652911027,116.857,0.7603,-0.0444,-0.6245,2.674,2.302,1.49741447210711,1.4972300994688,-266,266,1878,165.05859375,127.44140625,255,0,167.271599593904,265.453564864264,Giro_Off_intento4_180deg_2000_pulsos_Mu_1.00,TIEMPO_MAXIMO
9.335059678,110.380652911027,117.586,0.7546,-0.0459,-0.6147,2.674,2.292,1.49741447210711,1.49727619262838,-265,265,1878,165.05859375,127.44140625,255,0,166.498074636733,264.780934466724,Giro_Off_intento4_180deg_2000_pulsos_Mu_1.00,TIEMPO_MAXIMO
9.383033845,111.425652911027,118.631,0.7327,-0.0437,-0.6201,2.678,2.297,1.48604499845895,1.49446839408602,-264,264,1879,165.146484375,127.44140625,255,0,165.342271086548,263.775887901346,Giro_Off_intento4_180deg_2000_pulsos_Mu_1.00,TIEMPO_MAXIMO
9.431073051,112.389652911027,119.595,0.7322,-0.0378,-0.6235,2.678,2.307,1.48604499845895,1.49236254517925,-263,263,1878,165.05859375,127.44140625,255,0,164.227276930267,262.80632776545,Giro_Off_intento4_180deg_2000_pulsos_Mu_1.00,TIEMPO_MAXIMO
9.479006432,113.158652911027,120.364,0.7302,-0.0442,-0.606,2.678,2.302,1.48604499845895,1.49078315849918,-263,263,1878,165.05859375,127.44140625,255,0,163.30447670266,262.003892784922,Giro_Off_intento4_180deg_2000_pulsos_Mu_1.00,TIEMPO_MAXIMO
9.527064401,113.788652911027,120.994,0.7439,-0.0483,-0.6208,2.674,2.297,1.49741447210711,1.49244098690116,-262,262,1878,165.05859375,127.44140625,255,0,162.526547167246,261.327432319344,Giro_Off_intento4_180deg_2000_pulsos_Mu_1.00,TIEMPO_MAXIMO
9.57524798,114.261652911027,121.467,0.748,-0.0474,-0.6099,2.669,2.297,1.51162631416732,1.4972373187177,-261,261,1878,165.05859375,127.44140625,255,0,161.929562776148,260.80831545752,Giro_Off_intento4_180deg_2000_pulsos_Mu_1.00,TIEMPO_MAXIMO
9.623030974,114.886652911027,122.092,0.7336,-0.0491,-0.613,2.678,2.302,1.48604499845895,1.49443923865301,-260,260,1878,165.05859375,127.44140625,255,0,161.123817325721,260.107667239757,Giro_Off_intento4_180deg_2000_pulsos_Mu_1.00,TIEMPO_MAXIMO
9.671366286,115.414652911027,122.62,0.7385,-0.0525,-0.6113,2.674,2.302,1.49741447210711,1.49518304701654,-260,260,1878,165.05859375,127.44140625,255,0,160.428179886103,259.50276511835,Giro_Off_intento4_180deg_2000_pulsos_Mu_1.00,TIEMPO_MAXIMO
9.719060608,115.888652911027,123.094,0.7312,-0.0388,-0.6223,2.678,2.297,1.48604499845895,1.49289853487714,-260,260,1878,165.05859375,127.44140625,255,0,159.792080358171,258.949635094062,Giro_Off_intento4_180deg_2000_pulsos_Mu_1.00,TIEMPO_MAXIMO
9.767099019,116.322652911027,123.528,0.7297,-0.04,-0.6213,2.674,2.297,1.49741447210711,1.49402751918463,-259,259,1878,165.05859375,127.44140625,255,0,159.200068266372,258.434841970758,Giro_Off_intento4_180deg_2000_pulsos_Mu_1.00,TIEMPO_MAXIMO
9.815077644,116.623652911027,123.829,0.7231,-0.0439,-0.6135,2.678,2.297,1.48604499845895,1.49203188900321,-258,258,1878,165.05859375,127.44140625,255,0,158.784112793409,258.073141559486,Giro_Off_intento4_180deg_2000_pulsos_Mu_1.00,TIEMPO_MAXIMO
9.862960496,116.918652911027,124.124,0.7239,-0.0437,-0.6357,2.678,2.297,1.48604499845895,1.49053516636715,-258,258,1878,165.05859375,127.44140625,255,0,158.372196660216,257.71495361758,Giro_Off_intento4_180deg_2000_pulsos_Mu_1.00,TIEMPO_MAXIMO
9.911065097,117.155652911027,124.361,0.7329,-0.0525,-0.6304,2.674,2.297,1.49741447210711,1.49225499280214,-258,258,1878,165.05859375,127.44140625,255,0,158.038225581598,257.424543983999,Giro_Off_intento4_180deg_2000_pulsos_Mu_1.00,TIEMPO_MAXIMO
9.959113584,117.475652911027,124.681,0.7214,-0.0569,-0.637,2.678,2.297,1.48604499845895,1.49070249421634,-258,258,1878,165.05859375,127.44140625,255,0,157.583004895687,257.028699909293,Giro_Off_intento4_180deg_2000_pulsos_Mu_1.00,TIEMPO_MAXIMO
10.007134653,117.817652911027,125.023,0.7263,-0.054,-0.636,2.678,2.302,1.48604499845895,1.48953812027699,-257,257,1878,165.05859375,127.44140625,255,0,157.091054182245,256.600916680213,Giro_Off_intento4_180deg_2000_pulsos_Mu_1.00,TIEMPO_MAXIMO
10.05499447,118.312652911027,125.518,0.7305,-0.0488,-0.6328,2.674,2.297,1.49741447210711,1.49150720823452,-256,256,1878,165.05859375,127.44140625,255,0,156.369111919267,255.973140799363,Giro_Off_intento4_180deg_2000_pulsos_Mu_1.00,TIEMPO_MAXIMO
10.103004517,118.790652911027,125.996,0.7158,-0.0425,-0.6497,2.678,2.297,1.48604499845895,1.49014165579063,-255,255,1878,165.05859375,127.44140625,255,0,155.660886255051,255.357292395697,Giro_Off_intento4_180deg_2000_pulsos_Mu_1.00,TIEMPO_MAXIMO
10.151055426,119.169652911027,126.375,0.7139,-0.0413,-0.6365,2.669,2.297,1.51162631416732,1.4955128203848,-255,255,1878,165.05859375,127.44140625,255,0,155.091640317312,254.862295928098,Giro_Off_intento4_180deg_2000_pulsos_Mu_1.00,TIEMPO_MAXIMO
10.199017678,119.478652911027,126.684,0.7102,-0.0552,-0.6421,2.678,2.297,1.48604499845895,1.49314586490334,-255,255,1878,165.05859375,127.44140625,255,0,154.622509218395,254.454355842083,Giro_Off_intento4_180deg_2000_pulsos_Mu_1.00,TIEMPO_MAXIMO
10.247221079,119.664652911027,126.87,0.719,-0.0476,-0.6592,2.678,2.292,1.48604499845895,1.49137064829224,-254,254,1878,165.05859375,127.44140625,255,0,154.33795047061,254.206913452704,Giro_Off_intento4_180deg_2000_pulsos_Mu_1.00,TIEMPO_MAXIMO
10.295078158,119.906652911027,127.112,0.7097,-0.0566,-0.6365,2.669,2.292,1.51162631416732,1.49643456476101,-254,254,1878,165.05859375,127.44140625,255,0,153.965283813625,253.882855490109,Giro_Off_intento4_180deg_2000_pulsos_Mu_1.00,TIEMPO_MAXIMO
10.342982598,120.105652911027,127.311,0.7212,-0.0701,-0.6543,2.674,2.292,1.49741447210711,1.49667954159754,-254,254,1878,165.05859375,127.44140625,255,0,153.656776521449,253.614588279521,Giro_Off_intento4_180deg_2000_pulsos_Mu_1.00,TIEMPO_MAXIMO
10.390971558,120.335652911027,127.541,0.7095,-0.053,-0.645,2.674,2.297,1.49741447210711,1.49686327422493,-254,254,1878,165.05859375,127.44140625,255,0,153.297901348374,253.30252291163,Giro_Off_intento4_180deg_2000_pulsos_Mu_1.00,TIEMPO_MAXIMO
10.439090556,120.447652911027,127.653,0.7026,-0.0496,-0.6421,2.678,2.292,1.48604499845895,1.49415870528344,-253,253,1878,165.05859375,127.44140625,255,0,153.122250038984,253.149782642595,Giro_Off_intento4_180deg_2000_pulsos_Mu_1.00,TIEMPO_MAXIMO
10.503114372,120.476652911027,127.682,0.7114,-0.0574,-0.6445,2.678,2.292,1.48604499845895,1.49213027857731,-253,253,1878,165.05859375,127.44140625,255,0,153.076673506276,253.110150875023,Giro_Off_intento4_180deg_2000_pulsos_Mu_1.00,TIEMPO_MAXIMO
10.551021071,120.607652911027,127.813,0.7004,-0.0444,-0.6575,2.683,2.292,1.47183315639875,1.48705599803267,-253,253,1878,165.05859375,127.44140625,255,0,152.87030479711,252.930699823574,Giro_Off_intento4_180deg_2000_pulsos_Mu_1.00,TIEMPO_MAXIMO
10.598946078,120.791652911027,127.997,0.7026,-0.0649,-0.665,2.669,2.292,1.51162631416732,1.49319857706633,-253,253,1878,165.05859375,127.44140625,255,0,152.579094140728,252.677473165851,Giro_Off_intento4_180deg_2000_pulsos_Mu_1.00,TIEMPO_MAXIMO
10.646942703,121.099652911027,128.305,0.6951,-0.0481,-0.6626,2.683,2.292,1.47183315639875,1.48785722189944,-252,252,1878,165.05859375,127.44140625,255,0,152.088112780925,252.250532852978,Giro_Off_intento4_180deg_2000_pulsos_Mu_1.00,TIEMPO_MAXIMO
10.694980603,121.347652911027,128.553,0.688,-0.0417,-0.6599,2.674,2.292,1.49741447210711,1.49024653445136,-252,252,1878,165.05859375,127.44140625,255,0,151.689582389382,251.903984686419,Giro_Off_intento4_180deg_2000_pulsos_Mu_1.00,TIEMPO_MAXIMO
10.742914164,121.567652911027,128.773,0.7029,-0.0603,-0.6609,2.678,2.292,1.48604499845895,1.48919615045325,-252,252,1878,165.05859375,127.44140625,255,0,151.33366838068,251.59449424407,Giro_Off_intento4_180deg_2000_pulsos_Mu_1.00,TIEMPO_MAXIMO
10.790996012,121.824652911027,129.03,0.6892,-0.0549,-0.6606,2.674,2.297,1.49741447210711,1.49125073086672,-252,252,1878,165.05859375,127.44140625,255,0,150.915070877461,251.230496415183,Giro_Off_intento4_180deg_2000_pulsos_Mu_1.00,TIEMPO_MAXIMO
10.838907196,122.002652911027,129.208,0.6787,-0.0559,-0.647,2.674,2.292,1.49741447210711,1.49279166617682,-251,251,1878,165.05859375,127.44140625,255,0,150.623367028421,250.976840894279,Giro_Off_intento4_180deg_2000_pulsos_Mu_1.00,TIEMPO_MAXIMO
10.887133841,122.175652911027,129.381,0.6926,-0.0544,-0.6763,2.678,2.292,1.48604499845895,1.49110499924735,-251,251,1878,165.05859375,127.44140625,255,0,150.338464021925,250.7290991495,Giro_Off_intento4_180deg_2000_pulsos_Mu_1.00,TIEMPO_MAXIMO
10.934958392,122.309652911027,129.515,0.6836,-0.0498,-0.668,2.674,2.292,1.49741447210711,1.49268236746229,-251,251,1878,165.05859375,127.44140625,255,0,150.116845598819,250.536387477234,Giro_Off_intento4_180deg_2000_pulsos_Mu_1.00,TIEMPO_MAXIMO
10.982937631,122.415652911027,129.621,0.676,-0.043,-0.6772,2.678,2.292,1.48604499845895,1.49102302521146,-251,251,1878,165.05859375,127.44140625,255,0,149.940953780446,250.383438069953,Giro_Off_intento4_180deg_2000_pulsos_Mu_1.00,TIEMPO_MAXIMO
11.031101127,122.504652911027,129.71,0.679,-0.0522,-0.6765,2.674,2.292,1.49741447210711,1.49262088693537,-250,250,1878,165.05859375,127.44140625,255,0,149.792874660919,250.254673618191,Giro_Off_intento4_180deg_2000_pulsos_Mu_1.00,TIEMPO_MAXIMO
11.079018278,122.643652911027,129.849,0.6816,-0.0391,-0.6753,2.674,2.292,1.49741447210711,1.49381928322831,-250,250,1878,165.05859375,127.44140625,255,0,149.560882113736,250.052940968466,Giro_Off_intento4_180deg_2000_pulsos_Mu_1.00,TIEMPO_MAXIMO
11.12704487,122.813652911027,130.019,0.6719,-0.061,-0.677,2.683,2.287,1.47183315639875,1.48832275152092,-250,250,1878,165.05859375,127.44140625,255,0,149.275953757295,249.805177180256,Giro_Off_intento4_180deg_2000_pulsos_Mu_1.00,TIEMPO_MAXIMO
11.175076552,123.021652911027,130.227,0.6794,-0.0593,-0.6724,2.678,2.287,1.48604499845895,1.48775331325543,-250,250,1878,165.05859375,127.44140625,255,0,148.925548191971,249.500476688671,Giro_Off_intento4_180deg_2000_pulsos_Mu_1.00,TIEMPO_MAXIMO
11.222947641,123.296652911027,130.502,0.6638,-0.0503,-0.6799,2.674,2.287,1.49741447210711,1.49016860296835,-250,250,1878,165.05859375,127.44140625,255,0,148.45925954713,249.095008301852,Giro_Off_intento4_180deg_2000_pulsos_Mu_1.00,TIEMPO_MAXIMO
11.271062689,123.462652911027,130.668,0.6824,-0.0669,-0.6846,2.669,2.287,1.51162631416732,1.49553303076809,-249,249,1878,165.05859375,127.44140625,255,0,148.176134770549,248.848812843955,Giro_Off_intento4_180deg_2000_pulsos_Mu_1.00,TIEMPO_MAXIMO
11.318878986,123.752652911027,130.958,0.6685,-0.0564,-0.6799,2.678,2.283,1.48604499845895,1.4931610226908,-248,248,1878,165.05859375,127.44140625,255,0,147.678536164287,248.416118403728,Giro_Off_intento4_180deg_2000_pulsos_Mu_1.00,TIEMPO_MAXIMO
11.366920695,124.018652911027,131.224,0.6658,-0.0493,-0.6831,2.674,2.283,1.49741447210711,1.49422438504488,-248,248,1878,165.05859375,127.44140625,255,0,147.218791244115,248.016340212274,Giro_Off_intento4_180deg_2000_pulsos_Mu_1.00,TIEMPO_MAXIMO
11.414981979,124.208652911027,131.414,0.6528,-0.0452,-0.687,2.678,2.283,1.48604499845895,1.4921795383984,-248,248,1878,165.05859375,127.44140625,255,0,146.888458735323,247.729094552455,Giro_Off_intento4_180deg_2000_pulsos_Mu_1.00,TIEMPO_MAXIMO
11.462940979,124.297652911027,131.503,0.6575,-0.0535,-0.687,2.674,2.283,1.49741447210711,1.49348827182558,-248,248,1878,165.05859375,127.44140625,255,0,146.733168283451,247.594059376914,Giro_Off_intento4_180deg_2000_pulsos_Mu_1.00,TIEMPO_MAXIMO
11.511084414,124.396652911027,131.602,0.6548,-0.0569,-0.6943,2.669,2.283,1.51162631416732,1.49802278241101,-247,247,1878,165.05859375,127.44140625,255,0,146.560013528059,247.443490024399,Giro_Off_intento4_180deg_2000_pulsos_Mu_1.00,TIEMPO_MAXIMO
11.558970318,124.426652911027,131.632,0.6592,-0.0623,-0.6895,2.674,2.283,1.49741447210711,1.49787070483504,-247,247,1878,165.05859375,127.44140625,255,0,146.507455978778,247.397787807633,Giro_Off_intento4_180deg_2000_pulsos_Mu_1.00,TIEMPO_MAXIMO
11.607003151,124.448652911027,131.654,0.6477,-0.0598,-0.686,2.669,2.278,1.51162631416732,1.50130960716811,-248,248,1878,165.05859375,127.44140625,255,0,146.468888247529,247.364250650025,Giro_Off_intento4_180deg_2000_pulsos_Mu_1.00,TIEMPO_MAXIMO
11.655156168,124.443652911027,131.649,0.6453,-0.051,-0.6943,2.678,2.278,1.48604499845895,1.49749345499082,-247,247,1878,165.05859375,127.44140625,255,0,146.47765553742,247.371874380366,Giro_Off_intento4_180deg_2000_pulsos_Mu_1.00,TIEMPO_MAXIMO
11.702979359,124.476652911027,131.682,0.6438,-0.0579,-0.7058,2.674,2.278,1.49741447210711,1.49747370926989,-247,247,1878,165.05859375,127.44140625,255,0,146.419770812987,247.32153983738,Giro_Off_intento4_180deg_2000_pulsos_Mu_1.00,TIEMPO_MAXIMO
11.750971462,124.620652911027,131.826,0.6475,-0.0522,-0.6941,2.669,2.278,1.51162631416732,1.50101186049425,-247,247,1878,165.05859375,127.44140625,255,0,146.166614768797,247.10140414678,Giro_Off_intento4_180deg_2000_pulsos_Mu_1.00,TIEMPO_MAXIMO
11.798897013,124.905652911027,132.111,0.6384,-0.043,-0.7168,2.674,2.278,1.49741447210711,1.50011251339746,-247,247,1878,165.05859375,127.44140625,255,0,145.662856392106,246.66335338444,Giro_Off_intento4_180deg_2000_pulsos_Mu_1.00,TIEMPO_MAXIMO
11.847306724,125.269652911027,132.475,0.6289,-0.0552,-0.7034,2.674,2.283,1.49741447210711,1.49943800307488,-247,247,1878,165.05859375,127.44140625,255,0,145.014220357773,246.099322050238,Giro_Off_intento4_180deg_2000_pulsos_Mu_1.00,TIEMPO_MAXIMO
11.894887113,125.507652911027,132.713,0.6353,-0.0417,-0.7212,2.674,2.273,1.49741447210711,1.49893212033294,-246,246,1878,165.05859375,127.44140625,255,0,144.586946022295,245.727779149822,Giro_Off_intento4_180deg_2000_pulsos_Mu_1.00,TIEMPO_MAXIMO
11.942921225,125.794652911027,133,0.6321,-0.0586,-0.7029,2.674,2.278,1.49741447210711,1.49855270827648,-245,245,1878,165.05859375,127.44140625,255,0,144.068385979698,245.27685737365,Giro_Off_intento4_180deg_2000_pulsos_Mu_1.00,TIEMPO_MAXIMO
11.991022648,126.033652911027,133.239,0.626,-0.0596,-0.7051,2.674,2.278,1.49741447210711,1.49826814923414,-245,245,1878,165.05859375,127.44140625,255,0,143.633794672642,244.898951889254,Giro_Off_intento4_180deg_2000_pulsos_Mu_1.00,TIEMPO_MAXIMO
12.038954962,126.253652911027,133.459,0.6243,-0.0466,-0.7236,2.678,2.278,1.48604499845895,1.49521236154034,-245,245,1878,165.05859375,127.44140625,255,0,143.231543183705,244.54916798583,Giro_Off_intento4_180deg_2000_pulsos_Mu_1.00,TIEMPO_MAXIMO
12.086821198,126.412652911027,133.618,0.6243,-0.0496,-0.7153,2.674,2.278,1.49741447210711,1.49576288918203,-245,245,1878,165.05859375,127.44140625,255,0,142.939510102806,244.295226176353,Giro_Off_intento4_180deg_2000_pulsos_Mu_1.00,TIEMPO_MAXIMO
12.135070401,126.483652911027,133.689,0.6287,-0.053,-0.7231,2.674,2.273,1.49741447210711,1.4961757849133,-244,244,1878,165.05859375,127.44140625,255,0,142.808749740318,244.18152151332,Giro_Off_intento4_180deg_2000_pulsos_Mu_1.00,TIEMPO_MAXIMO
12.1828479,126.756652911027,133.962,0.615,-0.0486,-0.7246,2.678,2.273,1.48604499845895,1.49364308829972,-244,244,1878,165.05859375,127.44140625,255,0,142.303926034983,243.742544378246,Giro_Off_intento4_180deg_2000_pulsos_Mu_1.00,TIEMPO_MAXIMO
12.230822475,127.006652911027,134.212,0.6187,-0.0522,-0.7251,2.674,2.278,1.49741447210711,1.49458593425157,-243,243,1878,165.05859375,127.44140625,255,0,141.838799094092,243.338086168776,Giro_Off_intento4_180deg_2000_pulsos_Mu_1.00,TIEMPO_MAXIMO
12.278812881,127.269652911027,134.475,0.6057,-0.061,-0.719,2.678,2.273,1.48604499845895,1.49245070030341,-243,243,1878,165.05859375,127.44140625,255,0,141.346571029764,242.910061765012,Giro_Off_intento4_180deg_2000_pulsos_Mu_1.00,TIEMPO_MAXIMO
12.326896229,127.441652911027,134.647,0.6077,-0.0598,-0.7271,2.674,2.273,1.49741447210711,1.49369164325434,-243,243,1878,165.05859375,127.44140625,255,0,141.023046223704,242.628735846699,Giro_Off_intento4_180deg_2000_pulsos_Mu_1.00,TIEMPO_MAXIMO
12.3748504,127.605652911027,134.811,0.6074,-0.0513,-0.7336,2.674,2.278,1.49741447210711,1.49462235046753,-243,243,1878,165.05859375,127.44140625,255,0,140.713385460789,242.359465618077,Giro_Off_intento4_180deg_2000_pulsos_Mu_1.00,TIEMPO_MAXIMO
12.422789105,127.817652911027,135.023,0.6018,-0.0557,-0.7356,2.678,2.273,1.48604499845895,1.49247801246539,-242,242,1878,165.05859375,127.44140625,255,0,140.311384270978,242.009899366067,Giro_Off_intento4_180deg_2000_pulsos_Mu_1.00,TIEMPO_MAXIMO
12.47083575,127.978652911027,135.184,0.5962,-0.0432,-0.7251,2.674,2.278,1.49741447210711,1.49371212737582,-243,243,1878,165.05859375,127.44140625,255,0,140.004807248807,241.743310651137,Giro_Off_intento4_180deg_2000_pulsos_Mu_1.00,TIEMPO_MAXIMO
12.518907994,128.041652911027,135.247,0.5942,-0.0579,-0.7034,2.674,2.278,1.49741447210711,1.49463771355864,-242,242,1878,165.05859375,127.44140625,255,0,139.884541269694,241.638731538864,Giro_Off_intento4_180deg_2000_pulsos_Mu_1.00,TIEMPO_MAXIMO
12.566902472,128.174652911027,135.38,0.5813,-0.0542,-0.7363,2.678,2.273,1.48604499845895,1.49248953478372,-241,241,1878,165.05859375,127.44140625,255,0,139.630091206795,241.417470614604,Giro_Off_intento4_180deg_2000_pulsos_Mu_1.00,TIEMPO_MAXIMO
12.614825159,128.257652911027,135.463,0.5974,-0.0583,-0.7478,2.683,2.273,1.47183315639875,1.48732544018748,-241,241,1878,165.05859375,127.44140625,255,0,139.470917702606,241.279058871831,Giro_Off_intento4_180deg_2000_pulsos_Mu_1.00,TIEMPO_MAXIMO
12.662877354,128.519652911027,135.725,0.5791,-0.0696,-0.7483,2.678,2.273,1.48604499845895,1.48700532975535,-241,241,1878,165.05859375,127.44140625,255,0,138.966547857791,240.840476398079,Giro_Off_intento4_180deg_2000_pulsos_Mu_1.00,TIEMPO_MAXIMO
12.71086625,128.731652911027,135.937,0.5618,-0.0613,-0.7642,2.674,2.273,1.49741447210711,1.48960761534329,-241,241,1878,165.05859375,127.44140625,255,0,138.556304400332,240.483742956811,Giro_Off_intento4_180deg_2000_pulsos_Mu_1.00,TIEMPO_MAXIMO
12.75879478,128.744652911027,135.95,0.5667,-0.0576,-0.7566,2.678,2.273,1.48604499845895,1.4887169611222,-240,240,1878,165.05859375,127.44140625,255,0,138.531086177405,240.461814067309,Giro_Off_intento4_180deg_2000_pulsos_Mu_1.00,TIEMPO_MAXIMO
12.80684986,128.760652911027,135.966,0.5654,-0.0498,-0.7512,2.678,2.268,1.48604499845895,1.48804897045639,-240,240,1878,165.05859375,127.44140625,255,0,138.500038574546,240.434816151779,Giro_Off_intento4_180deg_2000_pulsos_Mu_1.00,TIEMPO_MAXIMO
12.854813812,128.985652911027,136.191,0.5679,-0.0513,-0.7639,2.678,2.268,1.48604499845895,1.48754797745703,-240,240,1878,165.05859375,127.44140625,255,0,138.062288913914,240.054164272969,Giro_Off_intento4_180deg_2000_pulsos_Mu_1.00,TIEMPO_MAXIMO
12.902841915,129.457652911027,136.663,0.5552,-0.0562,-0.7732,2.678,2.263,1.48604499845895,1.48717223270751,-240,240,1878,165.05859375,127.44140625,255,0,137.13707757397,239.249632673018,Giro_Off_intento4_180deg_2000_pulsos_Mu_1.00,TIEMPO_MAXIMO
12.950828679,130.028652911027,137.234,0.5452,-0.062,-0.7583,2.674,2.268,1.49741447210711,1.48973279255741,-239,239,1878,165.05859375,127.44140625,255,0,136.005373643587,238.265542298772,Giro_Off_intento4_180deg_2000_pulsos_Mu_1.00,TIEMPO_MAXIMO
12.998809533,130.454652911027,137.66,0.541,-0.0496,-0.7703,2.678,2.268,1.48604499845895,1.4888108440328,-238,238,1878,165.05859375,127.44140625,255,0,135.152250917145,237.523696449691,Giro_Off_intento4_180deg_2000_pulsos_Mu_1.00,TIEMPO_MAXIMO
13.046779234,130.845652911027,138.051,0.5474,-0.0591,-0.7666,2.669,2.263,1.51162631416732,1.49451471156643,-237,237,1878,165.05859375,127.44140625,255,0,134.36264354638,236.837081344678,Giro_Off_intento4_180deg_2000_pulsos_Mu_1.00,TIEMPO_MAXIMO
13.094829874,131.174652911027,138.38,0.5444,-0.0706,-0.7651,2.674,2.263,1.49741447210711,1.4952396517016,-236,236,1878,165.05859375,127.44140625,255,0,133.693393309373,236.255124616846,Giro_Off_intento4_180deg_2000_pulsos_Mu_1.00,TIEMPO_MAXIMO
13.143033899,131.483652911027,138.689,0.5461,-0.0537,-0.7668,2.674,2.258,1.49741447210711,1.49578335680298,-236,236,1878,165.05859375,127.44140625,255,0,133.060812242066,235.705054123536,Giro_Off_intento4_180deg_2000_pulsos_Mu_1.00,TIEMPO_MAXIMO
13.190792576,131.818652911027,139.024,0.5408,-0.0537,-0.7678,2.678,2.263,1.48604499845895,1.49334876721697,-236,236,1878,165.05859375,127.44140625,255,0,132.370632629164,235.104897938404,Giro_Off_intento4_180deg_2000_pulsos_Mu_1.00,TIEMPO_MAXIMO
13.238732682,132.096652911027,139.302,0.5369,-0.0618,-0.7742,2.669,2.263,1.51162631416732,1.49791815395456,-235,235,1878,165.05859375,127.44140625,255,0,131.794449800609,234.603869391833,Giro_Off_intento4_180deg_2000_pulsos_Mu_1.00,TIEMPO_MAXIMO
13.286834735,132.346652911027,139.552,0.5264,-0.05,-0.7852,2.674,2.258,1.49741447210711,1.4977922334927,-234,234,1878,165.05859375,127.44140625,255,0,131.273649695271,234.150999735018,Giro_Off_intento4_180deg_2000_pulsos_Mu_1.00,TIEMPO_MAXIMO
13.334954408,132.491652911027,139.697,0.5393,-0.0615,-0.7681,2.674,2.263,1.49741447210711,1.4976977931463,-234,234,1878,165.05859375,127.44140625,255,0,130.970439834739,233.88733898673,Giro_Off_intento4_180deg_2000_pulsos_Mu_1.00,TIEMPO_MAXIMO
13.38306431,132.582652911027,139.788,0.5393,-0.062,-0.7803,2.678,2.263,1.48604499845895,1.49478459447446,-234,234,1878,165.05859375,127.44140625,255,0,130.779720983428,233.721496507329,Giro_Off_intento4_180deg_2000_pulsos_Mu_1.00,TIEMPO_MAXIMO
13.430838512,132.759652911027,139.965,0.5244,-0.0603,-0.7712,2.683,2.258,1.47183315639875,1.48904673495553,-233,233,1878,165.05859375,127.44140625,255,0,130.407817901088,233.398102522685,Giro_Off_intento4_180deg_2000_pulsos_Mu_1.00,TIEMPO_MAXIMO
13.478801701,133.014652911027,140.22,0.5237,-0.0637,-0.7822,2.678,2.258,1.48604499845895,1.48829630083139,-233,233,1878,165.05859375,127.44140625,255,0,129.869838220736,232.930294104988,Giro_Off_intento4_180deg_2000_pulsos_Mu_1.00,TIEMPO_MAXIMO
13.526794717,133.333652911027,140.539,0.5212,-0.0625,-0.7864,2.669,2.258,1.51162631416732,1.49412880416537,-233,233,1878,165.05859375,127.44140625,255,0,129.193215562303,232.341926575916,Giro_Off_intento4_180deg_2000_pulsos_Mu_1.00,TIEMPO_MAXIMO
13.574810315,133.667652911027,140.873,0.5225,-0.0574,-0.7954,2.678,2.258,1.48604499845895,1.49210785273877,-232,232,1878,165.05859375,127.44140625,255,0,128.480485508365,231.722161311622,Giro_Off_intento4_180deg_2000_pulsos_Mu_1.00,TIEMPO_MAXIMO
13.622744539,133.997652911027,141.203,0.5161,-0.0598,-0.7937,2.678,2.263,1.48604499845895,1.49059213916881,-232,232,1878,165.05859375,127.44140625,255,0,127.772003167561,231.106089710923,Giro_Off_intento4_180deg_2000_pulsos_Mu_1.00,TIEMPO_MAXIMO
13.67081586,134.247652911027,141.453,0.5127,-0.0581,-0.7878,2.678,2.253,1.48604499845895,1.48945535399135,-231,231,1878,165.05859375,127.44140625,255,0,127.232451045304,230.636913952438,Giro_Off_intento4_180deg_2000_pulsos_Mu_1.00,TIEMPO_MAXIMO
13.71873348,134.513652911027,141.719,0.4968,-0.0535,-0.7876,2.674,2.263,1.49741447210711,1.49144513352029,-231,231,1878,165.05859375,127.44140625,255,0,126.655708002339,230.135398262904,Giro_Off_intento4_180deg_2000_pulsos_Mu_1.00,TIEMPO_MAXIMO
13.76685211,134.735652911027,141.941,0.5107,-0.0596,-0.7864,2.674,2.258,1.49741447210711,1.49293746816699,-230,230,1878,165.05859375,127.44140625,255,0,126.17227565691,229.715022310356,Giro_Off_intento4_180deg_2000_pulsos_Mu_1.00,TIEMPO_MAXIMO
13.814772649,134.942652911027,142.148,0.5122,-0.0593,-0.7878,2.669,2.253,1.51162631416732,1.49760967966707,-230,230,1878,165.05859375,127.44140625,255,0,125.719800974214,229.321566064534,Giro_Off_intento4_180deg_2000_pulsos_Mu_1.00,TIEMPO_MAXIMO
13.86278283,135.179652911027,142.385,0.5039,-0.0513,-0.7944,2.669,2.263,1.51162631416732,1.50111383829213,-229,229,1878,165.05859375,127.44140625,255,0,125.199735675104,228.869335369655,Giro_Off_intento4_180deg_2000_pulsos_Mu_1.00,TIEMPO_MAXIMO
13.910773152,135.369652911027,142.575,0.5024,-0.0598,-0.7913,2.683,2.258,1.47183315639875,1.49379366781879,-229,229,1878,165.05859375,127.44140625,255,0,124.781258195848,228.505441909433,Giro_Off_intento4_180deg_2000_pulsos_Mu_1.00,TIEMPO_MAXIMO
13.958786197,135.608652911027,142.814,0.5022,-0.0532,-0.7869,2.674,2.258,1.49741447210711,1.49469886889087,-228,228,1878,165.05859375,127.44140625,255,0,124.252909512691,228.046008271905,Giro_Off_intento4_180deg_2000_pulsos_Mu_1.00,TIEMPO_MAXIMO
14.006725025,135.816652911027,143.022,0.4961,-0.053,-0.7856,2.674,2.258,1.49741447210711,1.49537776969493,-228,228,1878,165.05859375,127.44140625,255,0,123.791331537743,227.644636119776,Giro_Off_intento4_180deg_2000_pulsos_Mu_1.00,TIEMPO_MAXIMO
14.054758655,136.035652911027,143.241,0.4998,-0.0566,-0.7966,2.674,2.258,1.49741447210711,1.49588694529798,-228,228,1878,165.05859375,127.44140625,255,0,123.303580166588,227.220504492685,Giro_Off_intento4_180deg_2000_pulsos_Mu_1.00,TIEMPO_MAXIMO
14.102839277,136.231652911027,143.437,0.4941,-0.0586,-0.7932,2.674,2.258,1.49741447210711,1.49626882700026,-227,227,1878,165.05859375,127.44140625,255,0,122.865526032818,226.839587854625,Giro_Off_intento4_180deg_2000_pulsos_Mu_1.00,TIEMPO_MAXIMO
14.15080341,136.517652911027,143.723,0.4871,-0.0625,-0.783,2.674,2.258,1.49741447210711,1.49655523827697,-226,226,1878,165.05859375,127.44140625,255,0,122.223746315014,226.281518534795,Giro_Off_intento4_180deg_2000_pulsos_Mu_1.00,TIEMPO_MAXIMO
14.198760465,136.732652911027,143.938,0.4861,-0.0618,-0.7961,2.678,2.258,1.48604499845895,1.49392767832247,-226,226,1878,165.05859375,127.44140625,255,0,121.739283469629,225.86024649533,Giro_Off_intento4_180deg_2000_pulsos_Mu_1.00,TIEMPO_MAXIMO
14.246720827,136.829652911027,144.035,0.4846,-0.0562,-0.7937,2.678,2.258,1.48604499845895,1.49195700835659,-226,226,1878,165.05859375,127.44140625,255,0,121.520150297877,225.669695911197,Giro_Off_intento4_180deg_2000_pulsos_Mu_1.00,TIEMPO_MAXIMO
14.294685009,136.851652911027,144.057,0.4768,-0.0515,-0.8027,2.674,2.258,1.49741447210711,1.49332137429422,-226,226,1878,165.05859375,127.44140625,255,0,121.470401512898,225.626436098172,Giro_Off_intento4_180deg_2000_pulsos_Mu_1.00,TIEMPO_MAXIMO
14.342641878,136.896652911027,144.102,0.4771,-0.0486,-0.7935,2.674,2.253,1.49741447210711,1.49434464874744,-226,226,1878,165.05859375,127.44140625,255,0,121.36858686198,225.537901619113,Giro_Off_intento4_180deg_2000_pulsos_Mu_1.00,TIEMPO_MAXIMO
14.390769373,136.951652911027,144.157,0.4917,-0.0632,-0.8257,2.678,2.258,1.48604499845895,1.49226973617532,-225,225,1878,165.05859375,127.44140625,255,0,121.244045069197,225.429604407998,Giro_Off_intento4_180deg_2000_pulsos_Mu_1.00,TIEMPO_MAXIMO
14.438835517,137.058652911027,144.264,0.468,-0.0591,-0.8035,2.674,2.263,1.49741447210711,1.49355592015827,-225,225,1878,165.05859375,127.44140625,255,0,121.00143467734,225.218638849861,Giro_Off_intento4_180deg_2000_pulsos_Mu_1.00,TIEMPO_MAXIMO
14.486703863,137.188652911027,144.394,0.4814,-0.0662,-0.8149,2.683,2.258,1.47183315639875,1.48812522921839,-225,225,1878,165.05859375,127.44140625,255,0,120.706106654893,224.96183187382,Giro_Off_intento4_180deg_2000_pulsos_Mu_1.00,TIEMPO_MAXIMO
14.534940978,137.349652911027,144.555,0.4661,-0.0581,-0.8059,2.674,2.263,1.49741447210711,1.49044753994057,-225,225,1878,165.05859375,127.44140625,255,0,120.339493089539,224.643037469165,Giro_Off_intento4_180deg_2000_pulsos_Mu_1.00,TIEMPO_MAXIMO
14.58268011,137.630652911027,144.836,0.4663,-0.0662,-0.8176,2.674,2.258,1.49741447210711,1.49218927298221,-224,224,1878,165.05859375,127.44140625,255,0,119.697352438286,224.084654294162,Giro_Off_intento4_180deg_2000_pulsos_Mu_1.00,TIEMPO_MAXIMO
14.630874679,137.989652911027,145.195,0.46,-0.0515,-0.8103,2.674,2.253,1.49741447210711,1.49349557276343,-223,223,1878,165.05859375,127.44140625,255,0,118.872779691674,223.367634514499,Giro_Off_intento4_180deg_2000_pulsos_Mu_1.00,TIEMPO_MAXIMO
14.678670057,138.325652911027,145.531,0.4673,-0.054,-0.8159,2.683,2.253,1.47183315639875,1.48807996867226,-223,223,1878,165.05859375,127.44140625,255,0,118.096806146801,222.692874910262,Giro_Off_intento4_180deg_2000_pulsos_Mu_1.00,TIEMPO_MAXIMO
14.726883755,138.627652911027,145.833,0.4495,-0.0508,-0.8123,2.678,2.253,1.48604499845895,1.48757122611893,-223,223,1878,165.05859375,127.44140625,255,0,117.395887276975,222.083380240848,Giro_Off_intento4_180deg_2000_pulsos_Mu_1.00,TIEMPO_MAXIMO
14.774823151,138.804652911027,146.01,0.4507,-0.0513,-0.8105,2.669,2.258,1.51162631416732,1.49358499813103,-222,222,1878,165.05859375,127.44140625,255,0,116.983566629057,221.724840547006,Giro_Off_intento4_180deg_2000_pulsos_Mu_1.00,TIEMPO_MAXIMO
14.8226592,139.013652911027,146.219,0.4546,-0.0505,-0.8032,2.674,2.253,1.49741447210711,1.49454236662505,-221,221,1878,165.05859375,127.44140625,255,0,116.495265023942,221.300230455602,Giro_Off_intento4_180deg_2000_pulsos_Mu_1.00,TIEMPO_MAXIMO
14.870626117,139.249652911027,146.455,0.4475,-0.063,-0.811,2.674,2.253,1.49741447210711,1.49526039299557,-221,221,1878,165.05859375,127.44140625,255,0,115.942018337095,220.819146380082,Giro_Off_intento4_180deg_2000_pulsos_Mu_1.00,TIEMPO_MAXIMO
14.918728114,139.460652911027,146.666,0.4438,-0.0569,-0.8181,2.674,2.258,1.49741447210711,1.49579891277345,-221,221,1878,165.05859375,127.44140625,255,0,115.445712469857,220.387576060745,Giro_Off_intento4_180deg_2000_pulsos_Mu_1.00,TIEMPO_MAXIMO
14.966645786,139.582652911027,146.788,0.4473,-0.0593,-0.8323,2.674,2.253,1.49741447210711,1.49620280260687,-220,220,1878,165.05859375,127.44140625,255,0,115.158034113297,220.137420968085,Giro_Off_intento4_180deg_2000_pulsos_Mu_1.00,TIEMPO_MAXIMO
15.014659729,139.747652911027,146.953,0.4458,-0.0591,-0.8245,2.678,2.258,1.48604499845895,1.49366335156989,-220,220,1878,165.05859375,127.44140625,255,0,114.768130584191,219.798374421036,Giro_Off_intento4_180deg_2000_pulsos_Mu_1.00,TIEMPO_MAXIMO
15.062707166,139.996652911027,147.202,0.4448,-0.053,-0.8264,2.674,2.253,1.49741447210711,1.49460113170419,-220,220,1878,165.05859375,127.44140625,255,0,114.177929792877,219.285156341632,Giro_Off_intento4_180deg_2000_pulsos_Mu_1.00,TIEMPO_MAXIMO
15.110908464,140.299652911027,147.505,0.436,-0.062,-0.8108,2.674,2.253,1.49741447210711,1.49530446680492,-219,219,1878,165.05859375,127.44140625,255,0,113.456826112999,218.658109663477,Giro_Off_intento4_180deg_2000_pulsos_Mu_1.00,TIEMPO_MAXIMO
15.158825919,140.566652911027,147.772,0.4314,-0.0613,-0.8152,2.674,2.253,1.49741447210711,1.49583196813047,-219,219,1878,165.05859375,127.44140625,255,0,112.818767546269,218.103276127191,Giro_Off_intento4_180deg_2000_pulsos_Mu_1.00,TIEMPO_MAXIMO
15.206659728,140.690652911027,147.896,0.438,-0.0508,-0.8193,2.678,2.253,1.48604499845895,1.49338522571259,-218,218,1878,165.05859375,127.44140625,255,0,112.521606765418,217.844875448189,Giro_Off_intento4_180deg_2000_pulsos_Mu_1.00,TIEMPO_MAXIMO
15.254679274,140.768652911027,147.974,0.4265,-0.0618,-0.8254,2.678,2.253,1.48604499845895,1.49155016889918,-218,218,1878,165.05859375,127.44140625,255,0,112.334412933596,217.682098203127,Giro_Off_intento4_180deg_2000_pulsos_Mu_1.00,TIEMPO_MAXIMO
15.302660948,140.835652911027,148.041,0.4441,-0.0579,-0.8286,2.678,2.253,1.48604499845895,1.49017387628912,-218,218,1878,165.05859375,127.44140625,255,0,112.173452000013,217.542132173924,Giro_Off_intento4_180deg_2000_pulsos_Mu_1.00,TIEMPO_MAXIMO
15.350727103,141.025652911027,148.231,0.4319,-0.0491,-0.8264,2.674,2.253,1.49741447210711,1.49198402524362,-218,218,1878,165.05859375,127.44140625,255,0,111.716162094445,217.144488777778,Giro_Off_intento4_180deg_2000_pulsos_Mu_1.00,TIEMPO_MAXIMO
15.39872952,141.254652911027,148.46,0.4348,-0.0574,-0.8203,2.678,2.253,1.48604499845895,1.49049926854745,-217,217,1878,165.05859375,127.44140625,255,0,111.163375239197,216.663804555824,Giro_Off_intento4_180deg_2000_pulsos_Mu_1.00,TIEMPO_MAXIMO
15.446686753,141.452652911027,148.658,0.4297,-0.0544,-0.8237,2.678,2.253,1.48604499845895,1.48938570102533,-217,217,1878,165.05859375,127.44140625,255,0,110.683988011234,216.246946096725,Giro_Off_intento4_180deg_2000_pulsos_Mu_1.00,TIEMPO_MAXIMO
15.494746677,141.652652911027,148.858,0.4246,-0.0542,-0.8257,2.674,2.253,1.49741447210711,1.49139289379577,-216,216,1878,165.05859375,127.44140625,255,0,110.198416601404,215.824710088177,Giro_Off_intento4_180deg_2000_pulsos_Mu_1.00,TIEMPO_MAXIMO
15.542538441,141.807652911027,149.013,0.4277,-0.0654,-0.8237,2.678,2.253,1.48604499845895,1.49005591996157,-216,216,1878,165.05859375,127.44140625,255,0,109.821174904496,215.496673829997,Giro_Off_intento4_180deg_2000_pulsos_Mu_1.00,TIEMPO_MAXIMO
15.590573275,141.965652911027,149.171,0.4355,-0.0671,-0.8345,2.678,2.258,1.48604499845895,1.48905318958591,-215,215,1879,165.146484375,127.44140625,255,0,109.435804570973,215.16156919215,Giro_Off_intento4_180deg_2000_pulsos_Mu_1.00,TIEMPO_MAXIMO
15.638645799,142.119652911027,149.325,0.4246,-0.0669,-0.8281,2.674,2.253,1.49741447210711,1.49114351021621,-215,215,1878,165.05859375,127.44140625,255,0,109.059389559772,214.834251791106,Giro_Off_intento4_180deg_2000_pulsos_Mu_1.00,TIEMPO_MAXIMO
15.686660822,142.286652911027,149.492,0.4319,-0.0671,-0.834,2.674,2.253,1.49741447210711,1.49271125068894,-215,215,1878,165.05859375,127.44140625,255,0,108.65030889305,214.478529472218,Giro_Off_intento4_180deg_2000_pulsos_Mu_1.00,TIEMPO_MAXIMO
15.734622416,142.393652911027,149.599,0.425,-0.0554,-0.8174,2.674,2.253,1.49741447210711,1.49388705604348,-214,214,1878,165.05859375,127.44140625,255,0,108.387717931769,214.250189505886,Giro_Off_intento4_180deg_2000_pulsos_Mu_1.00,TIEMPO_MAXIMO
15.782515931,142.419652911027,149.625,0.4285,-0.0571,-0.8252,2.669,2.248,1.51162631416732,1.49832187057444,-214,214,1878,165.05859375,127.44140625,255,0,108.323853661363,214.194655357707,Giro_Off_intento4_180deg_2000_pulsos_Mu_1.00,TIEMPO_MAXIMO
15.830708168,142.482652911027,149.688,0.428,-0.0601,-0.8218,2.674,2.253,1.49741447210711,1.49809502095761,-214,214,1878,165.05859375,127.44140625,255,0,108.169013139396,214.060011425562,Giro_Off_intento4_180deg_2000_pulsos_Mu_1.00,TIEMPO_MAXIMO
15.89464793,142.571652911027,149.777,0.4153,-0.0542,-0.8262,2.674,2.248,1.49741447210711,1.49792488374499,-214,214,1878,165.05859375,127.44140625,255,0,107.950047348813,213.869606390272,Giro_Off_intento4_180deg_2000_pulsos_Mu_1.00,TIEMPO_MAXIMO
15.942626723,142.602652911027,149.808,0.4192,-0.0581,-0.8225,2.674,2.243,1.49741447210711,1.49779728083552,-214,214,1878,165.05859375,127.44140625,255,0,107.873717175375,213.803232326413,Giro_Off_intento4_180deg_2000_pulsos_Mu_1.00,TIEMPO_MAXIMO
15.990636969,142.639652911027,149.845,0.4165,-0.0525,-0.8352,2.674,2.248,1.49741447210711,1.49770157865342,-215,215,1878,165.05859375,127.44140625,255,0,107.782572083721,213.723975724975,Giro_Off_intento4_180deg_2000_pulsos_Mu_1.00,TIEMPO_MAXIMO
16.0385957,142.690652911027,149.896,0.4182,-0.0676,-0.8245,2.674,2.253,1.49741447210711,1.49762980201684,-214,214,1878,165.05859375,127.44140625,255,0,107.656865991939,213.614666079947,Giro_Off_intento4_180deg_2000_pulsos_Mu_1.00,TIEMPO_MAXIMO
16.086602518,142.830652911027,150.036,0.426,-0.071,-0.853,2.674,2.243,1.49741447210711,1.49757596953941,-213,213,1878,165.05859375,127.44140625,255,0,107.311352286075,213.314219379195,Giro_Off_intento4_180deg_2000_pulsos_Mu_1.00,TIEMPO_MAXIMO
16.134616767,143.032652911027,150.238,0.418,-0.0576,-0.845,2.683,2.248,1.47183315639875,1.49114026625424,-213,213,1878,165.05859375,127.44140625,255,0,106.811696765471,212.879736317801,Giro_Off_intento4_180deg_2000_pulsos_Mu_1.00,TIEMPO_MAXIMO
16.182630513,143.207652911027,150.413,0.4023,-0.0596,-0.8313,2.674,2.258,1.49741447210711,1.49270881771746,-213,213,1878,165.05859375,127.44140625,255,0,106.377753356239,212.502394222816,Giro_Off_intento4_180deg_2000_pulsos_Mu_1.00,TIEMPO_MAXIMO
16.230614456,143.304652911027,150.51,0.4189,-0.0591,-0.8379,2.674,2.253,1.49741447210711,1.49388523131487,-212,212,1878,165.05859375,127.44140625,255,0,106.136796984182,212.292866942767,Giro_Off_intento4_180deg_2000_pulsos_Mu_1.00,TIEMPO_MAXIMO
16.278676083,143.423652911027,150.629,0.4082,-0.051,-0.8315,2.674,2.253,1.49741447210711,1.49476754151293,-212,212,1878,165.05859375,127.44140625,255,0,105.840775265279,212.035456752416,Giro_Off_intento4_180deg_2000_pulsos_Mu_1.00,TIEMPO_MAXIMO
16.326535842,143.529652911027,150.735,0.4109,-0.0627,-0.8296,2.678,2.248,1.48604499845895,1.49258690574944,-212,212,1878,165.05859375,127.44140625,255,0,105.576707541164,211.80583264449,Giro_Off_intento4_180deg_2000_pulsos_Mu_1.00,TIEMPO_MAXIMO
16.374774665,143.629652911027,150.835,0.3994,-0.0708,-0.8345,2.674,2.248,1.49741447210711,1.49379379733886,-212,212,1878,165.05859375,127.44140625,255,0,105.327255777968,211.588918067799,Giro_Off_intento4_180deg_2000_pulsos_Mu_1.00,TIEMPO_MAXIMO
16.422721202,143.653652911027,150.859,0.4067,-0.0549,-0.8303,2.678,2.248,1.48604499845895,1.49185659761888,-212,212,1878,165.05859375,127.44140625,255,0,105.267339584388,211.536817029902,Giro_Off_intento4_180deg_2000_pulsos_Mu_1.00,TIEMPO_MAXIMO
16.470612355,143.646652911027,150.852,0.4021,-0.0601,-0.8352,2.669,2.243,1.51162631416732,1.49679902675599,-212,212,1879,165.146484375,127.44140625,255,0,105.284817049259,211.552014825443,Giro_Off_intento4_180deg_2000_pulsos_Mu_1.00,TIEMPO_MAXIMO
16.518698903,143.633652911027,150.839,0.3965,-0.0537,-0.8398,2.674,2.248,1.49741447210711,1.49695288809377,-212,212,1879,165.146484375,127.44140625,255,0,105.317271028802,211.580235677219,Giro_Off_intento4_180deg_2000_pulsos_Mu_1.00,TIEMPO_MAXIMO
16.566612661,143.637652911027,150.843,0.3953,-0.0532,-0.8398,2.674,2.248,1.49741447210711,1.49706828409711,-212,212,1879,165.146484375,127.44140625,255,0,105.307285766331,211.571552840288,Giro_Off_intento4_180deg_2000_pulsos_Mu_1.00,TIEMPO_MAXIMO
16.614536352,143.653652911027,150.859,0.4043,-0.0654,-0.8435,2.674,2.248,1.49741447210711,1.49715483109961,-212,212,1878,165.05859375,127.44140625,255,0,105.267339584388,211.536817029902,Giro_Off_intento4_180deg_2000_pulsos_Mu_1.00,TIEMPO_MAXIMO
16.662569484,143.771652911027,150.977,0.3921,-0.0601,-0.8376,2.674,2.253,1.49741447210711,1.49721974135148,-211,211,1879,165.146484375,127.44140625,255,0,104.972483181189,211.280420157555,Giro_Off_intento4_180deg_2000_pulsos_Mu_1.00,TIEMPO_MAXIMO
16.71049668,143.913652911027,151.119,0.3845,-0.0676,-0.8337,2.674,2.248,1.49741447210711,1.49726842404039,-211,211,1878,165.05859375,127.44140625,255,0,104.617065811662,210.971361575359,Giro_Off_intento4_180deg_2000_pulsos_Mu_1.00,TIEMPO_MAXIMO
16.75865378,144.021652911027,151.227,0.3845,-0.0715,-0.8411,2.674,2.248,1.49741447210711,1.49730493605707,-211,211,1878,165.05859375,127.44140625,255,0,104.346318038667,210.735928729276,Giro_Off_intento4_180deg_2000_pulsos_Mu_1.00,TIEMPO_MAXIMO
16.806587971,144.150652911027,151.356,0.3735,-0.0559,-0.8464,2.678,2.248,1.48604499845895,1.49448995165754,-211,211,1878,165.05859375,127.44140625,255,0,104.022439055118,210.454294830538,Giro_Off_intento4_180deg_2000_pulsos_Mu_1.00,TIEMPO_MAXIMO
16.854641019,144.276652911027,151.482,0.3818,-0.0581,-0.8408,2.683,2.248,1.47183315639875,1.48882575284284,-210,210,1879,165.146484375,127.44140625,255,0,103.705583076458,210.178767892572,Giro_Off_intento4_180deg_2000_pulsos_Mu_1.00,TIEMPO_MAXIMO
16.902848837,144.456652911027,151.662,0.3723,-0.0579,-0.8511,2.678,2.248,1.48604499845895,1.48813056424687,-210,210,1878,165.05859375,127.44140625,255,0,103.252062055857,209.784401787702,Giro_Off_intento4_180deg_2000_pulsos_Mu_1.00,TIEMPO_MAXIMO
16.950517761,144.612652911027,151.818,0.3689,-0.0627,-0.8413,2.678,2.248,1.48604499845895,1.48760917279989,-209,209,1878,165.05859375,127.44140625,255,0,102.858186040282,209.441900904593,Giro_Off_intento4_180deg_2000_pulsos_Mu_1.00,TIEMPO_MAXIMO
16.998593374,144.717652911027,151.923,0.375,-0.0586,-0.8635,2.674,2.248,1.49741447210711,1.4900604976267,-209,209,1879,165.146484375,127.44140625,255,0,102.592647672373,209.210997975976,Giro_Off_intento4_180deg_2000_pulsos_Mu_1.00,TIEMPO_MAXIMO
17.046551298,144.840652911027,152.046,0.3728,-0.0527,-0.8545,2.678,2.243,1.48604499845895,1.48905662283476,-208,208,1878,165.05859375,127.44140625,255,0,102.281150297755,208.9401306937,Giro_Off_intento4_180deg_2000_pulsos_Mu_1.00,TIEMPO_MAXIMO
17.094731725,144.989652911027,152.195,0.3584,-0.0625,-0.8523,2.674,2.253,1.49741447210711,1.49114608515285,-209,209,1878,165.05859375,127.44140625,255,0,101.903176727781,208.611458024157,Giro_Off_intento4_180deg_2000_pulsos_Mu_1.00,TIEMPO_MAXIMO
17.142504719,145.165652911027,152.371,0.3687,-0.0603,-0.8655,2.669,2.248,1.51162631416732,1.49626614240647,-209,209,1878,165.05859375,127.44140625,255,0,101.455823716128,208.222455405328,Giro_Off_intento4_180deg_2000_pulsos_Mu_1.00,TIEMPO_MAXIMO
17.190611908,145.370652911027,152.576,0.3589,-0.0537,-0.8599,2.674,2.248,1.49741447210711,1.49655322483163,-208,208,1878,165.05859375,127.44140625,255,0,100.933552496666,207.76830651884,Giro_Off_intento4_180deg_2000_pulsos_Mu_1.00,TIEMPO_MAXIMO
17.23849901,145.631652911027,152.837,0.3599,-0.0674,-0.8489,2.678,2.253,1.48604499845895,1.49392616823846,-208,208,1878,165.05859375,127.44140625,255,0,100.266743187086,207.188472336597,Giro_Off_intento4_180deg_2000_pulsos_Mu_1.00,TIEMPO_MAXIMO
17.286467494,145.907652911027,153.113,0.3513,-0.0798,-0.8435,2.678,2.253,1.48604499845895,1.49195587579358,-207,207,1878,165.05859375,127.44140625,255,0,99.5593483770517,206.573346414828,Giro_Off_intento4_180deg_2000_pulsos_Mu_1.00,TIEMPO_MAXIMO
17.334809519,146.076652911027,153.282,0.356,-0.0635,-0.8479,2.674,2.248,1.49741447210711,1.49332052487196,-207,207,1878,165.05859375,127.44140625,255,0,99.125055769749,206.195700669347,Giro_Off_intento4_180deg_2000_pulsos_Mu_1.00,TIEMPO_MAXIMO
17.382493732,146.223652911027,153.429,0.3484,-0.0698,-0.8608,2.674,2.243,1.49741447210711,1.49434401168075,-207,207,1879,165.146484375,127.44140625,255,0,98.7465968475967,205.866605954432,Giro_Off_intento4_180deg_2000_pulsos_Mu_1.00,TIEMPO_MAXIMO
17.430498828,146.349652911027,153.555,0.3367,-0.0566,-0.8557,2.674,2.248,1.49741447210711,1.49511162678734,-206,206,1878,165.05859375,127.44140625,255,0,98.4216860467242,205.584074823238,Giro_Off_intento4_180deg_2000_pulsos_Mu_1.00,TIEMPO_MAXIMO
17.478730141,146.345652911027,153.551,0.3403,-0.054,-0.8469,2.674,2.243,1.49741447210711,1.49568733811729,-206,206,1878,165.05859375,127.44140625,255,0,98.4320079989861,205.593050433901,Giro_Off_intento4_180deg_2000_pulsos_Mu_1.00,TIEMPO_MAXIMO
17.526680083,146.359652911027,153.565,0.3489,-0.0613,-0.8745,2.678,2.248,1.48604499845895,1.4932767532027,-206,206,1878,165.05859375,127.44140625,255,0,98.3958790675125,205.56163397175,Giro_Off_intento4_180deg_2000_pulsos_Mu_1.00,TIEMPO_MAXIMO
17.574491844,146.416652911027,153.622,0.3396,-0.0554,-0.8652,2.678,2.248,1.48604499845895,1.49146881451676,-205,205,1878,165.05859375,127.44140625,255,0,98.2487220758964,205.433671370345,Giro_Off_intento4_180deg_2000_pulsos_Mu_1.00,TIEMPO_MAXIMO
17.622656327,146.636652911027,153.842,0.3259,-0.0713,-0.8547,2.678,2.243,1.48604499845895,1.49011286050231,-205,205,1878,165.05859375,127.44140625,255,0,97.6798371111366,204.938988792293,Giro_Off_intento4_180deg_2000_pulsos_Mu_1.00,TIEMPO_MAXIMO
17.670472085,146.847652911027,154.053,0.3281,-0.0608,-0.8691,2.683,2.243,1.47183315639875,1.48554293447642,-205,205,1878,165.05859375,127.44140625,255,0,97.132871633312,204.463366637663,Giro_Off_intento4_180deg_2000_pulsos_Mu_1.00,TIEMPO_MAXIMO
17.718437582,147.009652911027,154.215,0.3293,-0.0583,-0.8728,2.674,2.243,1.49741447210711,1.48851081888409,-204,204,1878,165.05859375,127.44140625,255,0,96.7120322319315,204.097419332114,Giro_Off_intento4_180deg_2000_pulsos_Mu_1.00,TIEMPO_MAXIMO
17.766611649,147.131652911027,154.337,0.3206,-0.0576,-0.8672,2.678,2.248,1.48604499845895,1.48789436377781,-204,204,1878,165.05859375,127.44140625,255,0,96.3945932431974,203.821385428867,Giro_Off_intento4_180deg_2000_pulsos_Mu_1.00,TIEMPO_MAXIMO
17.814437431,147.309652911027,154.515,0.3193,-0.0557,-0.8594,2.678,2.239,1.48604499845895,1.48743202244809,-203,203,1878,165.05859375,127.44140625,255,0,95.930660945806,203.417966039831,Giro_Off_intento4_180deg_2000_pulsos_Mu_1.00,TIEMPO_MAXIMO
17.86239706,147.492652911027,154.698,0.3105,-0.0596,-0.8623,2.674,2.239,1.49741447210711,1.48992763486285,-203,203,1878,165.05859375,127.44140625,255,0,95.4527316353976,203.002375335128,Giro_Off_intento4_180deg_2000_pulsos_Mu_1.00,TIEMPO_MAXIMO
17.91043122,147.682652911027,154.888,0.3208,-0.0645,-0.8765,2.678,2.243,1.48604499845895,1.48895697576187,-203,203,1878,165.05859375,127.44140625,255,0,94.9554906146379,202.569991838816,Giro_Off_intento4_180deg_2000_pulsos_Mu_1.00,TIEMPO_MAXIMO
17.958481652,147.890652911027,155.096,0.3069,-0.0693,-0.8677,2.678,2.239,1.48604499845895,1.48822898143614,-203,203,1878,165.05859375,127.44140625,255,0,94.4099454816155,202.095604766622,Giro_Off_intento4_180deg_2000_pulsos_Mu_1.00,TIEMPO_MAXIMO
18.006470694,148.100652911027,155.306,0.3091,-0.0708,-0.8752,2.678,2.239,1.48604499845895,1.48768298569185,-202,202,1878,165.05859375,127.44140625,255,0,93.8578925183826,201.615558711637,Giro_Off_intento4_180deg_2000_pulsos_Mu_1.00,TIEMPO_MAXIMO
18.054488046,148.340652911027,155.546,0.3025,-0.0686,-0.8647,2.674,2.239,1.49741447210711,1.49011585729566,-201,201,1878,165.05859375,127.44140625,255,0,93.2254313805968,201.065592504867,Giro_Off_intento4_180deg_2000_pulsos_Mu_1.00,TIEMPO_MAXIMO
18.102439412,148.546652911027,155.752,0.3062,-0.0579,-0.8699,2.678,2.239,1.48604499845895,1.48909814258648,-201,201,1878,165.05859375,127.44140625,255,0,92.681263935723,200.592403422368,Giro_Off_intento4_180deg_2000_pulsos_Mu_1.00,TIEMPO_MAXIMO
18.150483202,148.769652911027,155.975,0.3145,-0.0674,-0.8638,2.669,2.239,1.51162631416732,1.49473018548169,-200,200,1878,165.05859375,127.44140625,255,0,92.0908392376001,200.078990641391,Giro_Off_intento4_180deg_2000_pulsos_Mu_1.00,TIEMPO_MAXIMO
18.198507233,148.945652911027,156.151,0.2974,-0.0549,-0.8728,2.678,2.239,1.48604499845895,1.49255888872601,-200,200,1878,165.05859375,127.44140625,255,0,91.6238684040231,199.672929046977,Giro_Off_intento4_180deg_2000_pulsos_Mu_1.00,TIEMPO_MAXIMO
18.246535187,149.128652911027,156.334,0.2878,-0.0735,-0.8777,2.678,2.243,1.48604499845895,1.49093041615924,-199,199,1878,165.05859375,127.44140625,255,0,91.1374081205221,199.249920104802,Giro_Off_intento4_180deg_2000_pulsos_Mu_1.00,TIEMPO_MAXIMO
18.294461697,149.249652911027,156.455,0.2976,-0.0811,-0.8777,2.674,2.234,1.49741447210711,1.49255143014621,-199,199,1878,165.05859375,127.44140625,255,0,90.8152486105469,198.969781400476,Giro_Off_intento4_180deg_2000_pulsos_Mu_1.00,TIEMPO_MAXIMO
18.342539996,149.362652911027,156.568,0.2852,-0.0557,-0.886,2.674,2.234,1.49741447210711,1.49376719063644,-199,199,1878,165.05859375,127.44140625,255,0,90.5140231298892,198.707846199904,Giro_Off_intento4_180deg_2000_pulsos_Mu_1.00,TIEMPO_MAXIMO
18.390338943,149.499652911027,156.705,0.2739,-0.0642,-0.8777,2.669,2.239,1.51162631416732,1.49823197151916,-198,198,1878,165.05859375,127.44140625,255,0,90.1483484944615,198.389868256053,Giro_Off_intento4_180deg_2000_pulsos_Mu_1.00,TIEMPO_MAXIMO
18.454503781,149.588652911027,156.794,0.2693,-0.0615,-0.8809,2.678,2.239,1.48604499845895,1.4951852282541,-198,198,1879,165.146484375,127.44140625,255,0,89.9105171356695,198.183058378843,Giro_Off_intento4_180deg_2000_pulsos_Mu_1.00,TIEMPO_MAXIMO
18.502439562,149.689652911027,156.895,0.2603,-0.0627,-0.885,2.678,2.234,1.48604499845895,1.49290017080532,-198,198,1878,165.05859375,127.44140625,255,0,89.6403558678628,197.948135537272,Giro_Off_intento4_180deg_2000_pulsos_Mu_1.00,TIEMPO_MAXIMO
18.550495967,149.819652911027,157.025,0.2661,-0.0674,-0.8953,2.678,2.239,1.48604499845895,1.49118637771872,-198,198,1878,165.05859375,127.44140625,255,0,89.2922136616361,197.645403184031,Giro_Off_intento4_180deg_2000_pulsos_Mu_1.00,TIEMPO_MAXIMO
18.598388933,150.134652911027,157.34,0.2568,-0.0613,-0.8784,2.678,2.234,1.48604499845895,1.48990103290378,-197,197,1878,165.05859375,127.44140625,255,0,88.4467354700952,196.910204756605,Giro_Off_intento4_180deg_2000_pulsos_Mu_1.00,TIEMPO_MAXIMO
18.646452169,150.565652911027,157.771,0.2512,-0.0747,-0.8926,2.678,2.239,1.48604499845895,1.48893702429257,-197,197,1878,165.05859375,127.44140625,255,0,87.2855803426202,195.900504645757,Giro_Off_intento4_180deg_2000_pulsos_Mu_1.00,TIEMPO_MAXIMO
18.694454592,150.989652911027,158.195,0.2463,-0.0801,-0.8762,2.674,2.239,1.49741447210711,1.49105638624621,-196,196,1878,165.05859375,127.44140625,255,0,86.1384640883781,194.903012250764,Giro_Off_intento4_180deg_2000_pulsos_Mu_1.00,TIEMPO_MAXIMO
18.742429108,151.337652911027,158.543,0.2456,-0.0623,-0.8789,2.674,2.234,1.49741447210711,1.49264590771143,-195,195,1879,165.146484375,127.44140625,255,0,85.1934355456671,194.08124830058,Giro_Off_intento4_180deg_2000_pulsos_Mu_1.00,TIEMPO_MAXIMO
18.790656985,151.533652911027,158.739,0.2522,-0.0735,-0.8787,2.678,2.234,1.48604499845895,1.49099568039831,-194,194,1878,165.05859375,127.44140625,255,0,84.6597923343475,193.61721072552,Giro_Off_intento4_180deg_2000_pulsos_Mu_1.00,TIEMPO_MAXIMO
18.838288178,151.758652911027,158.964,0.249,-0.0552,-0.8918,2.674,2.234,1.49741447210711,1.49260037832551,-193,193,1878,165.05859375,127.44140625,255,0,84.0459706662823,193.083452753289,Giro_Off_intento4_180deg_2000_pulsos_Mu_1.00,TIEMPO_MAXIMO
18.886420616,151.966652911027,159.172,0.2444,-0.0659,-0.8911,2.669,2.234,1.51162631416732,1.49735686228596,-193,193,1878,165.05859375,127.44140625,255,0,83.4773735211891,192.589020453208,Giro_Off_intento4_180deg_2000_pulsos_Mu_1.00,TIEMPO_MAXIMO
18.934739572,152.225652911027,159.431,0.2375,-0.0779,-0.8772,2.674,2.234,1.49741447210711,1.49737126474125,-193,193,1878,165.05859375,127.44140625,255,0,82.7678237526051,191.972020654439,Giro_Off_intento4_180deg_2000_pulsos_Mu_1.00,TIEMPO_MAXIMO
18.982436898,152.789652911027,159.995,0.2341,-0.0698,-0.8865,2.678,2.229,1.48604499845895,1.49453969817068,-191,191,1878,165.05859375,127.44140625,255,0,81.2168720699143,190.623367017317,Giro_Off_intento4_180deg_2000_pulsos_Mu_1.00,TIEMPO_MAXIMO
19.110307998,153.127652911027,160.333,0.219,-0.0608,-0.8896,2.674,2.234,1.49741447210711,1.49525839165479,-190,190,1878,165.05859375,127.44140625,255,0,80.2836200777317,189.811843545854,Giro_Off_intento4_180deg_2000_pulsos_Mu_1.00,TIEMPO_MAXIMO
19.158356173,153.388652911027,160.594,0.2231,-0.0686,-0.8855,2.674,2.229,1.49741447210711,1.49579741176787,-189,189,1878,165.05859375,127.44140625,255,0,79.5610594470542,189.18352995396,Giro_Off_intento4_180deg_2000_pulsos_Mu_1.00,TIEMPO_MAXIMO
19.206339759,153.540652911027,160.746,0.2212,-0.0691,-0.8904,2.678,2.229,1.48604499845895,1.49335930844064,-189,189,1878,165.05859375,127.44140625,255,0,79.1394961821952,188.816953201909,Giro_Off_intento4_180deg_2000_pulsos_Mu_1.00,TIEMPO_MAXIMO
19.254389612,153.729652911027,160.935,0.2292,-0.0657,-0.8936,2.669,2.229,1.51162631416732,1.49792605987231,-189,189,1878,165.05859375,127.44140625,255,0,78.6145390355438,188.36046872656,Giro_Off_intento4_180deg_2000_pulsos_Mu_1.00,TIEMPO_MAXIMO
19.3024622,153.967652911027,161.173,0.2202,-0.0696,-0.8843,2.674,2.224,1.49741447210711,1.49779816293101,-188,188,1878,165.05859375,127.44140625,255,0,77.9522657550497,187.784578917435,Giro_Off_intento4_180deg_2000_pulsos_Mu_1.00,TIEMPO_MAXIMO
19.350410906,154.266652911027,161.472,0.2053,-0.0679,-0.8914,2.674,2.224,1.49741447210711,1.49770224022504,-187,187,1878,165.05859375,127.44140625,255,0,77.1183452180528,187.059430624394,Giro_Off_intento4_180deg_2000_pulsos_Mu_1.00,TIEMPO_MAXIMO
19.398488195,154.482652911027,161.688,0.2014,-0.0586,-0.884,2.678,2.224,1.48604499845895,1.49478792978351,-187,187,1878,165.05859375,127.44140625,255,0,76.5146064194981,186.534440364781,Giro_Off_intento4_180deg_2000_pulsos_Mu_1.00,TIEMPO_MAXIMO
19.446492046,154.599652911027,161.805,0.218,-0.0686,-0.8926,2.678,2.229,1.48604499845895,1.49260219695237,-187,187,1878,165.05859375,127.44140625,255,0,76.1871266442105,186.249675342792,Giro_Off_intento4_180deg_2000_pulsos_Mu_1.00,TIEMPO_MAXIMO
19.494420194,154.810652911027,162.016,0.2153,-0.071,-0.8987,2.669,2.224,1.51162631416732,1.49735822625611,-186,186,1878,165.05859375,127.44140625,255,0,75.595741298236,185.735427215857,Giro_Off_intento4_180deg_2000_pulsos_Mu_1.00,TIEMPO_MAXIMO
19.542389855,155.011652911027,162.217,0.2136,-0.0713,-0.8828,2.678,2.229,1.48604499845895,1.49452991930682,-186,186,1878,165.05859375,127.44140625,255,0,75.0314300886209,185.244721816192,Giro_Off_intento4_180deg_2000_pulsos_Mu_1.00,TIEMPO_MAXIMO
19.590359095,155.304652911027,162.51,0.2129,-0.0691,-0.8936,2.678,2.229,1.48604499845895,1.49240868909485,-185,185,1878,165.05859375,127.44140625,255,0,74.2071749805703,184.527978243974,Giro_Off_intento4_180deg_2000_pulsos_Mu_1.00,TIEMPO_MAXIMO
19.638397309,155.580652911027,162.786,0.1975,-0.071,-0.894,2.674,2.224,1.49741447210711,1.49366013484792,-185,185,1878,165.05859375,127.44140625,255,0,73.428968195675,183.851276691891,Giro_Off_intento4_180deg_2000_pulsos_Mu_1.00,TIEMPO_MAXIMO
19.686388917,155.810652911027,163.016,0.1978,-0.0698,-0.8826,2.678,2.224,1.48604499845895,1.49175635075068,-184,184,1878,165.05859375,127.44140625,255,0,72.77916019762,183.2862262588,Giro_Off_intento4_180deg_2000_pulsos_Mu_1.00,TIEMPO_MAXIMO
19.734364541,155.923652911027,163.129,0.1951,-0.0615,-0.8877,2.674,2.229,1.49741447210711,1.49317088108979,-183,183,1878,165.05859375,127.44140625,255,0,72.4594764126713,183.008240358845,Giro_Off_intento4_180deg_2000_pulsos_Mu_1.00,TIEMPO_MAXIMO
19.782353039,155.949652911027,163.155,0.1963,-0.0759,-0.8938,2.674,2.229,1.49741447210711,1.49423177884412,-183,183,1878,165.05859375,127.44140625,255,0,72.3858809215027,182.944244279568,Giro_Off_intento4_180deg_2000_pulsos_Mu_1.00,TIEMPO_MAXIMO
19.830357121,155.958652911027,163.164,0.1978,-0.0781,-0.8979,2.678,2.224,1.48604499845895,1.49218508374783,-183,183,1878,165.05859375,127.44140625,255,0,72.3604020855306,182.922088770027,Giro_Off_intento4_180deg_2000_pulsos_Mu_1.00,TIEMPO_MAXIMO
19.878350063,156.024652911027,163.23,0.189,-0.0691,-0.897,2.678,2.224,1.48604499845895,1.49065006242561,-182,182,1878,165.05859375,127.44140625,255,0,72.1735027744192,182.75956762993,Giro_Off_intento4_180deg_2000_pulsos_Mu_1.00,TIEMPO_MAXIMO
19.926309991,156.209652911027,163.415,0.177,-0.0757,-0.9011,2.674,2.224,1.49741447210711,1.49234116484598,-182,182,1878,165.05859375,127.44140625,255,0,71.6491086928944,182.30357277643,Giro_Off_intento4_180deg_2000_pulsos_Mu_1.00,TIEMPO_MAXIMO
19.974359133,156.341652911027,163.547,0.1716,-0.0706,-0.8882,2.678,2.224,1.48604499845895,1.49076712324923,-182,182,1878,165.05859375,127.44140625,255,0,71.2744894757503,181.977816935435,Giro_Off_intento4_180deg_2000_pulsos_Mu_1.00,TIEMPO_MAXIMO
20.022326792,156.481652911027,163.687,0.1729,-0.0708,-0.8945,2.674,2.224,1.49741447210711,1.4924289604637,-182,182,1878,165.05859375,127.44140625,255,0,70.8767527217102,181.631958888444,Giro_Off_intento4_180deg_2000_pulsos_Mu_1.00,TIEMPO_MAXIMO
20.070435543,156.606652911027,163.812,0.1714,-0.0713,-0.8979,2.678,2.224,1.48604499845895,1.49083296996251,-182,182,1878,165.05859375,127.44140625,255,0,70.5212729591077,181.322846051398,Giro_Off_intento4_180deg_2000_pulsos_Mu_1.00,TIEMPO_MAXIMO
20.118394086,156.739652911027,163.945,0.1702,-0.0671,-0.8987,2.674,2.224,1.49741447210711,1.49247834549866,-181,181,1878,165.05859375,127.44140625,255,0,70.1426739646931,180.993629534516,Giro_Off_intento4_180deg_2000_pulsos_Mu_1.00,TIEMPO_MAXIMO
20.166289397,156.908652911027,164.114,0.1682,-0.0696,-0.8945,2.674,2.219,1.49741447210711,1.49371237715077,-181,181,1878,165.05859375,127.44140625,255,0,69.6610520566621,180.574827875358,Giro_Off_intento4_180deg_2000_pulsos_Mu_1.00,TIEMPO_MAXIMO
20.214673931,157.247652911027,164.453,0.1553,-0.0688,-0.8931,2.674,2.224,1.49741447210711,1.49463790088986,-180,180,1878,165.05859375,127.44140625,255,0,68.6931354825522,179.733161289176,Giro_Off_intento4_180deg_2000_pulsos_Mu_1.00,TIEMPO_MAXIMO
20.2623174,157.609652911027,164.815,0.1562,-0.0757,-0.8936,2.678,2.224,1.48604499845895,1.49248967528213,-179,179,1878,165.05859375,127.44140625,255,0,67.6568949069188,178.832082527755,Giro_Off_intento4_180deg_2000_pulsos_Mu_1.00,TIEMPO_MAXIMO
20.31026792,157.973652911027,165.179,0.1619,-0.075,-0.8923,2.678,2.224,1.48604499845895,1.49087850607634,-179,179,1878,165.05859375,127.44140625,255,0,66.6122061609265,177.92365753124,Giro_Off_intento4_180deg_2000_pulsos_Mu_1.00,TIEMPO_MAXIMO
20.358334634,158.297652911027,165.503,0.165,-0.0684,-0.9087,2.678,2.219,1.48604499845895,1.48967012917199,-178,178,1878,165.05859375,127.44140625,255,0,65.6800555017364,177.11309174064,Giro_Off_intento4_180deg_2000_pulsos_Mu_1.00,TIEMPO_MAXIMO
20.406274818,158.524652911027,165.73,0.1599,-0.0811,-0.8904,2.678,2.224,1.48604499845895,1.48876384649373,-177,177,1878,165.05859375,127.44140625,255,0,65.0257216413269,176.544105775067,Giro_Off_intento4_180deg_2000_pulsos_Mu_1.00,TIEMPO_MAXIMO
20.454311291,158.738652911027,165.944,0.1611,-0.073,-0.8936,2.674,2.219,1.49741447210711,1.49092650289708,-176,176,1878,165.05859375,127.44140625,255,0,64.4079257880768,176.006891989632,Giro_Off_intento4_180deg_2000_pulsos_Mu_1.00,TIEMPO_MAXIMO
20.502347598,158.874652911027,166.08,0.1521,-0.0735,-0.8948,2.678,2.224,1.48604499845895,1.48970612678754,-176,176,1878,165.05859375,127.44140625,255,0,64.0148403678226,175.665078580715,Giro_Off_intento4_180deg_2000_pulsos_Mu_1.00,TIEMPO_MAXIMO
20.550504785,158.950652911027,166.156,0.1643,-0.0706,-0.9111,2.683,2.224,1.47183315639875,1.48523788419035,-176,176,1878,165.05859375,127.44140625,255,0,63.7950177517628,175.473928479794,Giro_Off_intento4_180deg_2000_pulsos_Mu_1.00,TIEMPO_MAXIMO
20.598266664,159.119652911027,166.325,0.1592,-0.0803,-0.9011,2.674,2.219,1.49741447210711,1.48828203116954,-175,175,1878,165.05859375,127.44140625,255,0,63.3057999239245,175.048521672978,Giro_Off_intento4_180deg_2000_pulsos_Mu_1.00,TIEMPO_MAXIMO
20.66239197,159.369652911027,166.575,0.1589,-0.0825,-0.9023,2.678,2.224,1.48604499845895,1.48772277299189,-175,175,1878,165.05859375,127.44140625,255,0,62.5810961591699,174.418344486235,Giro_Off_intento4_180deg_2000_pulsos_Mu_1.00,TIEMPO_MAXIMO
20.710246798,159.572652911027,166.778,0.1555,-0.0811,-0.9043,2.674,2.219,1.49741447210711,1.4901456977707,-174,174,1878,165.05859375,127.44140625,255,0,61.9917595461209,173.905877866192,Giro_Off_intento4_180deg_2000_pulsos_Mu_1.00,TIEMPO_MAXIMO
20.758250779,159.695652911027,166.901,0.1475,-0.0793,-0.9001,2.674,2.224,1.49741447210711,1.4919628913548,-174,174,1878,165.05859375,127.44140625,255,0,61.6342947415421,173.595038905689,Giro_Off_intento4_180deg_2000_pulsos_Mu_1.00,TIEMPO_MAXIMO
20.806300798,159.783652911027,166.989,0.1616,-0.075,-0.8938,2.683,2.219,1.47183315639875,1.48693045761579,-173,173,1878,165.05859375,127.44140625,255,0,61.3783731624253,173.372498402109,Giro_Off_intento4_180deg_2000_pulsos_Mu_1.00,TIEMPO_MAXIMO
20.854291719,159.941652911027,167.147,0.1494,-0.0706,-0.8958,2.678,2.219,1.48604499845895,1.48670909282658,-173,173,1878,165.05859375,127.44140625,255,0,60.9185146459463,172.972621431258,Giro_Off_intento4_180deg_2000_pulsos_Mu_1.00,TIEMPO_MAXIMO
20.902573177,160.108652911027,167.314,0.1499,-0.0779,-0.8933,2.674,2.224,1.49741447210711,1.48938543764671,-173,173,1878,165.05859375,127.44140625,255,0,60.4319581432979,172.549528820259,Giro_Off_intento4_180deg_2000_pulsos_Mu_1.00,TIEMPO_MAXIMO
20.950215428,160.298652911027,167.504,0.1426,-0.0754,-0.905,2.674,2.219,1.49741447210711,1.49139269626181,-172,172,1878,165.05859375,127.44140625,255,0,59.8777667676436,172.067623276212,Giro_Off_intento4_180deg_2000_pulsos_Mu_1.00,TIEMPO_MAXIMO
21.01426097,160.372652911027,167.578,0.1467,-0.0735,-0.8936,2.678,2.224,1.48604499845895,1.4900557718111,-172,172,1878,165.05859375,127.44140625,255,0,59.6617453086769,171.879778529284,Giro_Off_intento4_180deg_2000_pulsos_Mu_1.00,TIEMPO_MAXIMO
21.0623711,160.439652911027,167.645,0.113,-0.0647,-0.9497,2.674,2.224,1.49741447210711,1.4918954468851,-172,172,1878,165.05859375,127.44140625,255,0,59.466072457331,171.709628223766,Giro_Off_intento4_180deg_2000_pulsos_Mu_1.00,TIEMPO_MAXIMO
21.110257668,160.471652911027,167.677,0.1375,-0.0759,-0.9006,2.669,2.219,1.51162631416732,1.49682816370566,-172,172,1878,165.05859375,127.44140625,255,0,59.3725880574826,171.628337441289,Giro_Off_intento4_180deg_2000_pulsos_Mu_1.00,TIEMPO_MAXIMO
21.158259421,160.548652911027,167.754,0.1414,-0.082,-0.9001,2.678,2.219,1.48604499845895,1.49413237239398,-171,171,1878,165.05859375,127.44140625,255,0,59.1475653787962,171.432665546779,Giro_Off_intento4_180deg_2000_pulsos_Mu_1.00,TIEMPO_MAXIMO
21.206280832,160.655652911027,167.861,0.1367,-0.0745,-0.9077,2.674,2.219,1.49741447210711,1.49495289732226,-171,171,1878,165.05859375,127.44140625,255,0,58.8346942512131,171.160603696707,Giro_Off_intento4_180deg_2000_pulsos_Mu_1.00,TIEMPO_MAXIMO
21.254186409,160.793652911027,167.999,0.1196,-0.0693,-0.9031,2.678,2.219,1.48604499845895,1.49272592260643,-171,171,1878,165.05859375,127.44140625,255,0,58.4308754006335,170.809456870116,Giro_Off_intento4_180deg_2000_pulsos_Mu_1.00,TIEMPO_MAXIMO
21.302263692,160.813652911027,168.019,0.1411,-0.0781,-0.9043,2.669,2.219,1.51162631416732,1.49745102049665,-171,171,1878,165.05859375,127.44140625,255,0,58.3723227516087,170.758541523138,Giro_Off_intento4_180deg_2000_pulsos_Mu_1.00,TIEMPO_MAXIMO
21.350222008,160.886652911027,168.092,0.1396,-0.0808,-0.8987,2.683,2.219,1.47183315639875,1.49104655447218,-171,171,1878,165.05859375,127.44140625,255,0,58.1585452777862,170.57264806764,Giro_Off_intento4_180deg_2000_pulsos_Mu_1.00,TIEMPO_MAXIMO
21.398215153,161.070652911027,168.276,0.1248,-0.0771,-0.9077,2.678,2.219,1.48604499845895,1.48979616546887,-170,170,1878,165.05859375,127.44140625,255,0,57.6192908066462,170.103731136214,Giro_Off_intento4_180deg_2000_pulsos_Mu_1.00,TIEMPO_MAXIMO
21.44623542,161.226652911027,168.432,0.1252,-0.074,-0.9072,2.674,2.219,1.49741447210711,1.49170074212843,-170,170,1878,165.05859375,127.44140625,255,0,57.1616311029697,169.705766176495,Giro_Off_intento4_180deg_2000_pulsos_Mu_1.00,TIEMPO_MAXIMO
21.494440797,161.354652911027,168.56,0.1206,-0.0762,-0.9104,2.674,2.224,1.49741447210711,1.4931291746231,-170,170,1878,165.05859375,127.44140625,255,0,56.7857988088624,169.378955485967,Giro_Off_intento4_180deg_2000_pulsos_Mu_1.00,TIEMPO_MAXIMO
21.542229099,161.414652911027,168.62,0.1191,-0.072,-0.8989,2.678,2.224,1.48604499845895,1.49135813058206,-169,169,1878,165.05859375,127.44140625,255,0,56.6095297462436,169.225678040212,Giro_Off_intento4_180deg_2000_pulsos_Mu_1.00,TIEMPO_MAXIMO
21.590209114,161.413652911027,168.619,0.1257,-0.0776,-0.915,2.669,2.219,1.51162631416732,1.49642517647838,-169,169,1878,165.05859375,127.44140625,255,0,56.6124680731962,169.228233107127,Giro_Off_intento4_180deg_2000_pulsos_Mu_1.00,TIEMPO_MAXIMO
21.638138021,161.555652911027,168.761,0.1082,-0.0732,-0.9023,2.678,2.224,1.48604499845895,1.49383013197352,-169,169,1878,165.05859375,127.44140625,255,0,56.1950534320098,168.865263853922,Giro_Off_intento4_180deg_2000_pulsos_Mu_1.00,TIEMPO_MAXIMO
21.686277922,161.665652911027,168.871,0.1118,-0.0713,-0.9106,2.674,2.219,1.49741447210711,1.49472621700692,-169,169,1878,165.05859375,127.44140625,255,0,55.8714666743695,168.583884064669,Giro_Off_intento4_180deg_2000_pulsos_Mu_1.00,TIEMPO_MAXIMO
21.73410568,161.807652911027,169.013,0.1084,-0.0737,-0.9026,2.674,2.219,1.49741447210711,1.49539828078197,-169,169,1878,165.05859375,127.44140625,255,0,55.4534412469356,168.220383692987,Giro_Off_intento4_180deg_2000_pulsos_Mu_1.00,TIEMPO_MAXIMO
21.782166981,161.885652911027,169.091,0.1062,-0.0701,-0.8921,2.678,2.224,1.48604499845895,1.49305996020121,-168,168,1878,165.05859375,127.44140625,255,0,55.223676547717,168.020588302363,Giro_Off_intento4_180deg_2000_pulsos_Mu_1.00,TIEMPO_MAXIMO
21.830132249,162.021652911027,169.227,0.105,-0.0796,-0.8997,2.674,2.224,1.49741447210711,1.49414858817769,-168,168,1878,165.05859375,127.44140625,255,0,54.8228166322022,167.672014462785,Giro_Off_intento4_180deg_2000_pulsos_Mu_1.00,TIEMPO_MAXIMO
21.878188866,162.192652911027,169.398,0.104,-0.0815,-0.9106,2.674,2.219,1.49741447210711,1.49496505916004,-167,167,1878,165.05859375,127.44140625,255,0,54.3183561642073,167.233353186267,Giro_Off_intento4_180deg_2000_pulsos_Mu_1.00,TIEMPO_MAXIMO
21.926240133,162.342652911027,169.548,0.0984,-0.0754,-0.9043,2.678,2.219,1.48604499845895,1.49273504398477,-167,167,1878,165.05859375,127.44140625,255,0,53.8754484779094,166.848216067747,Giro_Off_intento4_180deg_2000_pulsos_Mu_1.00,TIEMPO_MAXIMO
21.974165477,162.473652911027,169.679,0.0942,-0.0745,-0.8999,2.669,2.219,1.51162631416732,1.49745786153041,-167,167,1878,165.05859375,127.44140625,255,0,53.4883402671139,166.511600232273,Giro_Off_intento4_180deg_2000_pulsos_Mu_1.00,TIEMPO_MAXIMO
22.022156126,162.575652911027,169.781,0.0916,-0.0718,-0.9023,2.674,2.219,1.49741447210711,1.49744701417458,-166,166,1878,165.05859375,127.44140625,255,0,53.1867340483127,166.249333955055,Giro_Off_intento4_180deg_2000_pulsos_Mu_1.00,TIEMPO_MAXIMO
22.070153103,162.652652911027,169.858,0.0967,-0.0754,-0.9058,2.678,2.224,1.48604499845895,1.49459651024568,-166,166,1878,165.05859375,127.44140625,255,0,52.9589392172708,166.051251493279,Giro_Off_intento4_180deg_2000_pulsos_Mu_1.00,TIEMPO_MAXIMO
22.118185883,162.867652911027,170.073,0.0962,-0.0698,-0.9004,2.674,2.224,1.49741447210711,1.49530100071103,-166,166,1878,165.05859375,127.44140625,255,0,52.3223836267378,165.497724892815,Giro_Off_intento4_180deg_2000_pulsos_Mu_1.00,TIEMPO_MAXIMO
22.166182917,163.135652911027,170.341,0.0884,-0.0791,-0.9058,2.678,2.219,1.48604499845895,1.49298700014801,-165,165,1878,165.05859375,127.44140625,255,0,51.5278791554802,164.806851439548,Giro_Off_intento4_180deg_2000_pulsos_Mu_1.00,TIEMPO_MAXIMO
22.214194673,163.325652911027,170.531,0.1001,-0.0847,-0.907,2.678,2.224,1.48604499845895,1.49125149972575,-164,164,1878,165.05859375,127.44140625,255,0,50.9639270932918,164.316458341993,Giro_Off_intento4_180deg_2000_pulsos_Mu_1.00,TIEMPO_MAXIMO
22.262254445,163.540652911027,170.746,0.0774,-0.073,-0.9014,2.674,2.219,1.49741447210711,1.49279224282109,-164,164,1878,165.05859375,127.44140625,255,0,50.3250952433907,163.760952385557,Giro_Off_intento4_180deg_2000_pulsos_Mu_1.00,TIEMPO_MAXIMO
22.310049853,163.619652911027,170.825,0.0967,-0.0928,-0.9114,2.674,2.224,1.49741447210711,1.4939478001426,-164,164,1878,165.05859375,127.44140625,255,0,50.0901831771954,163.556681023648,Giro_Off_intento4_180deg_2000_pulsos_Mu_1.00,TIEMPO_MAXIMO
22.3582101,163.614652911027,170.82,0.0874,-0.0371,-0.894,2.674,2.224,1.49741447210711,1.49481446813372,-164,164,1878,165.05859375,127.44140625,255,0,50.1050538569721,163.569612049541,Giro_Off_intento4_180deg_2000_pulsos_Mu_1.00,TIEMPO_MAXIMO
22.406058352,163.724652911027,170.93,0.0696,-0.0671,-0.9041,2.674,2.224,1.49741447210711,1.49546446912707,-164,164,1878,165.05859375,127.44140625,255,0,49.7778109593832,163.285053008159,Giro_Off_intento4_180deg_2000_pulsos_Mu_1.00,TIEMPO_MAXIMO
22.454054179,163.716652911027,170.922,0.0818,-0.0798,-0.9011,2.674,2.219,1.49741447210711,1.49595196987208,-163,163,1878,165.05859375,127.44140625,255,0,49.80161664397,163.305753603452,Giro_Off_intento4_180deg_2000_pulsos_Mu_1.00,TIEMPO_MAXIMO
22.502199643,163.726652911027,170.932,0.0796,-0.0667,-0.9058,2.669,2.219,1.51162631416732,1.49987055594589,-163,163,1878,165.05859375,127.44140625,255,0,49.7718593865865,163.279877727467,Giro_Off_intento4_180deg_2000_pulsos_Mu_1.00,TIEMPO_MAXIMO
22.550108106,163.819652911027,171.025,0.0813,-0.0833,-0.8911,2.678,2.219,1.48604499845895,1.49641416657416,-163,163,1879,165.146484375,127.44140625,255,0,49.4950443976434,163.039169041429,Giro_Off_intento4_180deg_2000_pulsos_Mu_1.00,TIEMPO_MAXIMO
22.59822792,164.063652911027,171.269,0.0793,-0.0798,-0.9087,2.678,2.219,1.48604499845895,1.49382187454535,-163,163,1878,165.05859375,127.44140625,255,0,48.7681591143559,162.407094882049,Giro_Off_intento4_180deg_2000_pulsos_Mu_1.00,TIEMPO_MAXIMO
22.646307553,164.282652911027,171.488,0.0667,-0.0913,-0.905,2.674,2.219,1.49741447210711,1.49472002393579,-162,162,1878,165.05859375,127.44140625,255,0,48.1149962414334,161.839127166464,Giro_Off_intento4_180deg_2000_pulsos_Mu_1.00,TIEMPO_MAXIMO
22.694168735,164.493652911027,171.699,0.0635,-0.074,-0.9067,2.669,2.219,1.51162631416732,1.49894659649367,-161,161,1878,165.05859375,127.44140625,255,0,47.4850281906474,161.291328861433,Giro_Off_intento4_180deg_2000_pulsos_Mu_1.00,TIEMPO_MAXIMO
22.742143406,164.609652911027,171.815,0.0654,-0.0798,-0.9089,2.674,2.224,1.49741447210711,1.49856356539703,-161,161,1878,165.05859375,127.44140625,255,0,47.1384201592089,160.989930573225,Giro_Off_intento4_180deg_2000_pulsos_Mu_1.00,TIEMPO_MAXIMO
22.790181774,164.745652911027,171.951,0.0562,-0.0784,-0.9028,2.674,2.219,1.49741447210711,1.49827629207455,-161,161,1878,165.05859375,127.44140625,255,0,46.7318061674854,160.636353189118,Giro_Off_intento4_180deg_2000_pulsos_Mu_1.00,TIEMPO_MAXIMO
22.838351127,164.865652911027,172.071,0.0535,-0.0718,-0.9106,2.674,2.219,1.49741447210711,1.49806083708269,-161,161,1878,165.05859375,127.44140625,255,0,46.3728103868746,160.324182945108,Giro_Off_intento4_180deg_2000_pulsos_Mu_1.00,TIEMPO_MAXIMO
22.886028319,164.924652911027,172.13,0.0513,-0.084,-0.8965,2.674,2.219,1.49741447210711,1.4978992458388,-160,160,1878,165.05859375,127.44140625,255,0,46.1962294380577,160.170634293963,Giro_Off_intento4_180deg_2000_pulsos_Mu_1.00,TIEMPO_MAXIMO
22.934005257,165.092652911027,172.298,0.0454,-0.0767,-0.9084,2.669,2.219,1.51162631416732,1.50133101292093,-160,160,1878,165.05859375,127.44140625,255,0,45.6931549721461,159.733178236649,Giro_Off_intento4_180deg_2000_pulsos_Mu_1.00,TIEMPO_MAXIMO
22.982598969,165.189652911027,172.395,0.0549,-0.073,-0.897,2.678,2.219,1.48604499845895,1.49750950930543,-160,160,1878,165.05859375,127.44140625,255,0,45.4025101873664,159.480443641188,Giro_Off_intento4_180deg_2000_pulsos_Mu_1.00,TIEMPO_MAXIMO
23.030299787,165.353652911027,172.559,0.0381,-0.0833,-0.8982,2.674,2.214,1.49741447210711,1.49748575000585,-159,159,1878,165.05859375,127.44140625,255,0,44.9108151958238,159.052882778977,Giro_Off_intento4_180deg_2000_pulsos_Mu_1.00,TIEMPO_MAXIMO
23.078179999,165.398652911027,172.604,0.0486,-0.0803,-0.9075,2.669,2.219,1.51162631416732,1.50102089104622,-159,159,1878,165.05859375,127.44140625,255,0,44.7758343836828,158.935508159724,Giro_Off_intento4_180deg_2000_pulsos_Mu_1.00,TIEMPO_MAXIMO
23.126236892,165.479652911027,172.685,0.05,-0.0791,-0.9119,2.678,2.219,1.48604499845895,1.4972769178994,-159,159,1878,165.05859375,127.44140625,255,0,44.5327993754322,158.724173369941,Giro_Off_intento4_180deg_2000_pulsos_Mu_1.00,TIEMPO_MAXIMO
23.174185343,165.702652911027,172.908,0.0352,-0.0823,-0.9106,2.669,2.219,1.51162631416732,1.50086426696638,-159,159,1878,165.05859375,127.44140625,255,0,43.8632446467618,158.141951866749,Giro_Off_intento4_180deg_2000_pulsos_Mu_1.00,TIEMPO_MAXIMO
23.222139514,166.001652911027,173.207,0.0286,-0.0803,-0.907,2.678,2.219,1.48604499845895,1.49715944983952,-158,158,1878,165.05859375,127.44140625,255,0,42.9644599548144,157.360399960708,Giro_Off_intento4_180deg_2000_pulsos_Mu_1.00,TIEMPO_MAXIMO
23.270074543,166.220652911027,173.426,0.0356,-0.085,-0.9048,2.674,2.219,1.49741447210711,1.49722320540642,-157,157,1878,165.05859375,127.44140625,255,0,42.3054090391288,156.787312207938,Giro_Off_intento4_180deg_2000_pulsos_Mu_1.00,TIEMPO_MAXIMO
23.318253481,166.388652911027,173.594,0.0288,-0.0774,-0.9138,2.678,2.219,1.48604499845895,1.49442865366955,-157,157,1878,165.05859375,127.44140625,255,0,41.7994162980784,156.347318520068,Giro_Off_intento4_180deg_2000_pulsos_Mu_1.00,TIEMPO_MAXIMO
23.366020103,166.555652911027,173.761,0.0317,-0.0828,-0.9053,2.678,2.219,1.48604499845895,1.4923327398669,-156,156,1878,165.05859375,127.44140625,255,0,41.2960792411812,155.909634122766,Giro_Off_intento4_180deg_2000_pulsos_Mu_1.00,TIEMPO_MAXIMO
23.414171567,166.703652911027,173.909,0.0251,-0.0815,-0.9089,2.674,2.214,1.49741447210711,1.49360317292696,-156,156,1878,165.05859375,127.44140625,255,0,40.8497147133188,155.52149105506,Giro_Off_intento4_180deg_2000_pulsos_Mu_1.00,TIEMPO_MAXIMO
23.462350216,166.911652911027,174.117,0.0159,-0.0889,-0.9038,2.678,2.219,1.48604499845895,1.49171362930995,-156,156,1878,165.05859375,127.44140625,255,0,40.2219315645543,154.97559266483,Giro_Off_intento4_180deg_2000_pulsos_Mu_1.00,TIEMPO_MAXIMO
23.510066324,167.043652911027,174.249,0.0156,-0.092,-0.9041,2.674,2.219,1.49741447210711,1.49313884000924,-155,155,1878,165.05859375,127.44140625,255,0,39.8232552558655,154.628917613796,Giro_Off_intento4_180deg_2000_pulsos_Mu_1.00,TIEMPO_MAXIMO
23.574083559,167.133652911027,174.339,-0.0015,-0.0835,-0.8657,2.674,2.219,1.49741447210711,1.49420774803371,-155,155,1878,165.05859375,127.44140625,255,0,39.5513091840099,154.392442768704,Giro_Off_intento4_180deg_2000_pulsos_Mu_1.00,TIEMPO_MAXIMO
23.622221019,167.195652911027,174.401,0.0142,-0.0784,-0.908,2.674,2.219,1.49741447210711,1.49500942905206,-154,154,1878,165.05859375,127.44140625,255,0,39.3639117459941,154.229488474777,Giro_Off_intento4_180deg_2000_pulsos_Mu_1.00,TIEMPO_MAXIMO
23.670104382,167.351652911027,174.557,0.001,-0.0842,-0.9058,2.669,2.209,1.51162631416732,1.49916365033088,-154,154,1878,165.05859375,127.44140625,255,0,38.8921922085107,153.819297572618,Giro_Off_intento4_180deg_2000_pulsos_Mu_1.00,TIEMPO_MAXIMO
23.71802454,167.578652911027,174.784,0.011,-0.0815,-0.9043,2.674,2.209,1.49741447210711,1.49872635577494,-153,153,1878,165.05859375,127.44140625,255,0,38.2052657476586,153.221970215355,Giro_Off_intento4_180deg_2000_pulsos_Mu_1.00,TIEMPO_MAXIMO
23.766068799,167.847652911027,175.053,-0.0059,-0.0769,-0.9011,2.678,2.214,1.48604499845895,1.49555601644594,-153,153,1878,165.05859375,127.44140625,255,0,37.3904672300075,152.513449765224,Giro_Off_intento4_180deg_2000_pulsos_Mu_1.00,TIEMPO_MAXIMO
23.813959233,167.992652911027,175.198,0.0022,-0.0874,-0.9114,2.674,2.214,1.49741447210711,1.49602063036123,-153,153,1878,165.05859375,127.44140625,255,0,36.9509205587912,152.131235268514,Giro_Off_intento4_180deg_2000_pulsos_Mu_1.00,TIEMPO_MAXIMO
23.862001736,168.179652911027,175.385,-0.0093,-0.0847,-0.9045,2.669,2.204,1.51162631416732,1.49992205131275,-152,152,1878,165.05859375,127.44140625,255,0,36.3837079169404,151.638006884296,Giro_Off_intento4_180deg_2000_pulsos_Mu_1.00,TIEMPO_MAXIMO
23.910134958,168.270652911027,175.476,0.0015,-0.0928,-0.8979,2.674,2.209,1.49741447210711,1.49929515651134,-152,152,1879,165.146484375,127.44140625,255,0,36.107544088421,151.397864424714,Giro_Off_intento4_180deg_2000_pulsos_Mu_1.00,TIEMPO_MAXIMO
23.958030057,168.553652911027,175.759,-0.0059,-0.0779,-0.9067,2.678,2.209,1.48604499845895,1.49598261699825,-151,151,1878,165.05859375,127.44140625,255,0,35.2481259844879,150.650544334337,Giro_Off_intento4_180deg_2000_pulsos_Mu_1.00,TIEMPO_MAXIMO
24.006070013,168.794652911027,176,-0.0112,-0.0764,-0.9011,2.678,2.209,1.48604499845895,1.49349821236342,-151,151,1878,165.05859375,127.44140625,255,0,34.5155752454487,150.013543691695,Giro_Off_intento4_180deg_2000_pulsos_Mu_1.00,TIEMPO_MAXIMO
24.054102113,169.023652911027,176.229,-0.0173,-0.0925,-0.9128,2.678,2.209,1.48604499845895,1.4916349088873,-149,149,1878,165.05859375,127.44140625,255,0,33.8189340499202,149.407768739061,Giro_Off_intento4_180deg_2000_pulsos_Mu_1.00,TIEMPO_MAXIMO
24.102071194,169.085652911027,176.291,-0.0215,-0.0803,-0.9006,2.674,2.209,1.49741447210711,1.49307979969226,-149,149,1878,165.05859375,127.44140625,255,0,33.6302303716112,149.24367858401,Giro_Off_intento4_180deg_2000_pulsos_Mu_1.00,TIEMPO_MAXIMO
24.16613574,169.043652911027,176.249,-0.0315,-0.0796,-0.9038,2.669,2.209,1.51162631416732,1.49771642831102,-149,149,1878,165.05859375,127.44140625,255,0,33.7580662117552,149.354840184135,Giro_Off_intento4_180deg_2000_pulsos_Mu_1.00,TIEMPO_MAXIMO
24.214092712,168.988652911027,176.194,-0.0303,-0.0891,-0.8877,2.674,2.209,1.49741447210711,1.49764093926004,-149,149,1878,165.05859375,127.44140625,255,0,33.9254428467302,149.500385084113,Giro_Off_intento4_180deg_2000_pulsos_Mu_1.00,TIEMPO_MAXIMO
24.26210317,169.005652911027,176.211,-0.0308,-0.0864,-0.9021,2.674,2.209,1.49741447210711,1.49758432247181,-149,149,1878,165.05859375,127.44140625,255,0,33.8737115812519,149.455401375002,Giro_Off_intento4_180deg_2000_pulsos_Mu_1.00,TIEMPO_MAXIMO
24.31005436,169.103652911027,176.309,-0.0396,-0.0876,-0.8923,2.674,2.204,1.49741447210711,1.49754185988064,-149,149,1878,165.05859375,127.44140625,255,0,33.5754380470214,149.196033084366,Giro_Off_intento4_180deg_2000_pulsos_Mu_1.00,TIEMPO_MAXIMO
24.357983658,169.350652911027,176.556,-0.0366,-0.0928,-0.9087,2.674,2.199,1.49741447210711,1.49751001293726,-150,150,1878,165.05859375,127.44140625,255,0,32.823233184111,148.541941899227,Giro_Off_intento4_180deg_2000_pulsos_Mu_1.00,TIEMPO_MAXIMO
24.40600842,169.743652911027,176.949,-0.0469,-0.0918,-0.9014,2.674,2.204,1.49741447210711,1.49748612772972,-149,149,1879,165.146484375,127.44140625,255,0,31.6251534726184,147.500133454451,Giro_Off_intento4_180deg_2000_pulsos_Mu_1.00,TIEMPO_MAXIMO
24.453939809,170.148652911027,177.354,-0.0552,-0.0789,-0.9028,2.669,2.199,1.51162631416732,1.50102117433912,-148,148,1878,165.05859375,127.44140625,255,0,30.3889350442677,146.425160908059,Giro_Off_intento4_180deg_2000_pulsos_Mu_1.00,TIEMPO_MAXIMO
24.502026404,170.403652911027,177.609,-0.0483,-0.0933,-0.8958,2.674,2.199,1.49741447210711,1.50011949878112,-146,146,1878,165.05859375,127.44140625,255,0,29.6097924045031,145.747645569133,Giro_Off_intento4_180deg_2000_pulsos_Mu_1.00,TIEMPO_MAXIMO
24.550072112,170.718652911027,177.924,-0.0596,-0.0867,-0.897,2.683,2.204,1.47183315639875,1.49304791318553,-145,145,1878,165.05859375,127.44140625,255,0,28.6465140184577,144.910012189963,Giro_Off_intento4_180deg_2000_pulsos_Mu_1.00,TIEMPO_MAXIMO
24.598081003,170.945652911027,178.151,-0.0518,-0.0906,-0.886,2.674,2.204,1.49741447210711,1.49413955291592,-145,145,1878,165.05859375,127.44140625,255,0,27.9518034832411,144.305916072384,Giro_Off_intento4_180deg_2000_pulsos_Mu_1.00,TIEMPO_MAXIMO
24.646007664,171.213652911027,178.419,-0.0552,-0.0913,-0.897,2.678,2.199,1.48604499845895,1.49211591430168,-144,144,1878,165.05859375,127.44140625,255,0,27.1310526682744,143.592219711543,Giro_Off_intento4_180deg_2000_pulsos_Mu_1.00,TIEMPO_MAXIMO
24.694018362,171.407652911027,178.613,-0.0647,-0.0886,-0.9001,2.674,2.199,1.49741447210711,1.49344055375304,-144,144,1878,165.05859375,127.44140625,255,0,26.5365556778787,143.075265806851,Giro_Off_intento4_180deg_2000_pulsos_Mu_1.00,TIEMPO_MAXIMO
24.741965778,171.611652911027,178.817,-0.0605,-0.0862,-0.9043,2.678,2.199,1.48604499845895,1.49159166492952,-143,143,1878,165.05859375,127.44140625,255,0,25.911086481752,142.53137954935,Giro_Off_intento4_180deg_2000_pulsos_Mu_1.00,TIEMPO_MAXIMO
24.790048877,171.869652911027,179.075,-0.0752,-0.0757,-0.896,2.674,2.199,1.49741447210711,1.49304736672392,-143,143,1878,165.05859375,127.44140625,255,0,25.1195825079054,141.843115224266,Giro_Off_intento4_180deg_2000_pulsos_Mu_1.00,TIEMPO_MAXIMO
24.838097959,172.057652911027,179.263,-0.0637,-0.0908,-0.9006,2.674,2.199,1.49741447210711,1.49413914306971,-142,142,1878,165.05859375,127.44140625,255,0,24.5425059635377,141.341309533511,Giro_Off_intento4_180deg_2000_pulsos_Mu_1.00,TIEMPO_MAXIMO
24.885962397,172.297652911027,179.503,-0.0771,-0.0825,-0.8972,2.674,2.199,1.49741447210711,1.49495797532906,-141,141,1878,165.05859375,127.44140625,255,0,23.8054293645062,140.70037336044,Giro_Off_intento4_180deg_2000_pulsos_Mu_1.00,TIEMPO_MAXIMO
24.933985492,172.479652911027,179.685,-0.0652,-0.0879,-0.905,2.678,2.195,1.48604499845895,1.49272973111154,-140,140,1878,165.05859375,127.44140625,255,0,23.2462004418399,140.21408734073,Giro_Off_intento4_180deg_2000_pulsos_Mu_1.00,TIEMPO_MAXIMO
24.98216292,172.783652911027,179.989,-0.0789,-0.0916,-0.8965,2.674,2.204,1.49741447210711,1.49390091636043,-140,140,1878,165.05859375,127.44140625,255,0,22.3115834909414,139.401376948645,Giro_Off_intento4_180deg_2000_pulsos_Mu_1.00,TIEMPO_MAXIMO
25.02998451,173.069652911027,180.275,-0.0854,-0.085,-0.8894,2.674,2.199,1.49741447210711,1.4947793052971,-139,139,1878,165.05859375,127.44140625,255,0,21.4317318081852,138.636288528857,Giro_Off_intento4_180deg_2000_pulsos_Mu_1.00,TIEMPO_MAXIMO
25.078236303,173.201652911027,180.407,-0.085,-0.0925,-0.9099,2.674,2.199,1.49741447210711,1.4954380969996,-139,139,1878,165.05859375,127.44140625,255,0,21.0254649812009,138.283013027131,Giro_Off_intento4_180deg_2000_pulsos_Mu_1.00,TIEMPO_MAXIMO
25.126065261,173.323652911027,180.529,-0.0935,-0.0859,-0.9023,2.674,2.195,1.49741447210711,1.49593219077648,-138,138,1878,165.05859375,127.44140625,255,0,20.6498766609763,137.956414487805,Giro_Off_intento4_180deg_2000_pulsos_Mu_1.00,TIEMPO_MAXIMO
25.189975309,173.462652911027,180.668,-0.0828,-0.0872,-0.8889,2.674,2.199,1.49741447210711,1.49630276110914,-138,138,1878,165.05859375,127.44140625,255,0,20.2218382566842,137.584207179725,Giro_Off_intento4_180deg_2000_pulsos_Mu_1.00,TIEMPO_MAXIMO
25.237947472,173.732652911027,180.938,-0.105,-0.083,-0.8945,2.674,2.199,1.49741447210711,1.49658068885863,-138,138,1878,165.05859375,127.44140625,255,0,19.3900588941886,136.860920777555,Giro_Off_intento4_180deg_2000_pulsos_Mu_1.00,TIEMPO_MAXIMO
25.286092014,173.898652911027,181.104,-0.103,-0.0874,-0.8965,2.674,2.199,1.49741447210711,1.49678913467075,-136,136,1878,165.05859375,127.44140625,255,0,18.8784536959734,136.416046692151,Giro_Off_intento4_180deg_2000_pulsos_Mu_1.00,TIEMPO_MAXIMO
25.334018452,174.062652911027,181.268,-0.1091,-0.1038,-0.8931,2.678,2.199,1.48604499845895,1.4941031006178,-136,136,1878,165.05859375,127.44140625,255,0,18.3728567848773,135.976397204241,Giro_Off_intento4_180deg_2000_pulsos_Mu_1.00,TIEMPO_MAXIMO
25.381953567,174.185652911027,181.391,-0.1147,-0.0969,-0.8945,2.674,2.199,1.49741447210711,1.49493094349013,-136,136,1878,165.05859375,127.44140625,255,0,17.9935600906253,135.646573991848,Giro_Off_intento4_180deg_2000_pulsos_Mu_1.00,TIEMPO_MAXIMO
25.429952583,174.263652911027,181.469,-0.104,-0.0835,-0.8838,2.674,2.199,1.49741447210711,1.49555182564438,-136,136,1878,165.05859375,127.44140625,255,0,17.7529874024336,135.437380349942,Giro_Off_intento4_180deg_2000_pulsos_Mu_1.00,TIEMPO_MAXIMO
25.477970891,174.465652911027,181.671,-0.1057,-0.093,-0.8904,2.678,2.199,1.48604499845895,1.49317511884802,-135,135,1878,165.05859375,127.44140625,255,0,17.1298139891881,134.895490425381,Giro_Off_intento4_180deg_2000_pulsos_Mu_1.00,TIEMPO_MAXIMO
25.525959512,174.730652911027,181.936,-0.1313,-0.0852,-0.9019,2.678,2.199,1.48604499845895,1.49139258875075,-134,134,1878,165.05859375,127.44140625,255,0,16.3119628539787,134.184315525199,Giro_Off_intento4_180deg_2000_pulsos_Mu_1.00,TIEMPO_MAXIMO
25.573920251,174.973652911027,182.179,-0.1165,-0.0884,-0.8933,2.674,2.199,1.49741447210711,1.49289805958984,-134,134,1878,165.05859375,127.44140625,255,0,15.5617016780926,133.531914502689,Giro_Off_intento4_180deg_2000_pulsos_Mu_1.00,TIEMPO_MAXIMO
25.621926592,175.224652911027,182.43,-0.1191,-0.0933,-0.8931,2.674,2.195,1.49741447210711,1.49402716271916,-134,134,1878,165.05859375,127.44140625,255,0,14.7864468133382,132.857779837685,Giro_Off_intento4_180deg_2000_pulsos_Mu_1.00,TIEMPO_MAXIMO
25.669919896,175.498652911027,182.704,-0.1279,-0.0845,-0.9001,2.674,2.199,1.49741447210711,1.49487399006615,-133,133,1878,165.05859375,127.44140625,255,0,13.9398292124155,132.121590619492,Giro_Off_intento4_180deg_2000_pulsos_Mu_1.00,TIEMPO_MAXIMO
25.718182737,175.692652911027,182.898,-0.1204,-0.0896,-0.8884,2.669,2.199,1.51162631416732,1.49906207109144,-132,132,1878,165.05859375,127.44140625,255,0,13.3402053271637,131.60017854536,Giro_Off_intento4_180deg_2000_pulsos_Mu_1.00,TIEMPO_MAXIMO
25.765965285,176.038652911027,183.244,-0.1348,-0.0867,-0.877,2.669,2.199,1.51162631416732,1.50220313186041,-131,131,1879,165.146484375,127.44140625,255,0,12.2703978678932,130.669911189472,Giro_Off_intento4_180deg_2000_pulsos_Mu_1.00,TIEMPO_MAXIMO
25.814077946,176.298652911027,183.504,-0.1301,-0.0974,-0.895,2.674,2.199,1.49741447210711,1.50100596692209,-131,131,1879,165.146484375,127.44140625,255,0,11.4661997200639,129.97060845223,Giro_Off_intento4_180deg_2000_pulsos_Mu_1.00,TIEMPO_MAXIMO
25.861954767,176.541652911027,183.747,-0.1428,-0.0896,-0.8894,2.674,2.195,1.49741447210711,1.50010809321834,-130,130,1878,165.05859375,127.44140625,255,0,10.7143699718388,129.316843453773,Giro_Off_intento4_180deg_2000_pulsos_Mu_1.00,TIEMPO_MAXIMO
25.909938861,176.706652911027,183.912,-0.1465,-0.0872,-0.8977,2.674,2.199,1.49741447210711,1.49943468794054,-129,129,1878,165.05859375,127.44140625,255,0,10.2037576071935,128.872832701907,Giro_Off_intento4_180deg_2000_pulsos_Mu_1.00,TIEMPO_MAXIMO
25.957909284,176.798652911027,184.004,-0.1345,-0.0894,-0.8748,2.674,2.199,1.49741447210711,1.49892963398218,-129,129,1879,165.146484375,127.44140625,255,0,9.91901551432657,128.625230882023,Giro_Off_intento4_180deg_2000_pulsos_Mu_1.00,TIEMPO_MAXIMO
26.005966388,176.960652911027,184.166,-0.1362,-0.0947,-0.8884,2.669,2.195,1.51162631416732,1.50210380402846,-128,128,1878,165.05859375,127.44140625,255,0,9.41756011726982,128.189182710669,Giro_Off_intento4_180deg_2000_pulsos_Mu_1.00,TIEMPO_MAXIMO
26.054001043,177.230652911027,184.436,-0.1614,-0.0889,-0.8882,2.674,2.199,1.49741447210711,1.50093147104813,-128,128,1878,165.05859375,127.44140625,255,0,8.58163579655825,127.462291997007,Giro_Off_intento4_180deg_2000_pulsos_Mu_1.00,TIEMPO_MAXIMO
26.102046009,177.372652911027,184.578,-0.1526,-0.0894,-0.8818,2.669,2.199,1.51162631416732,1.50360518182792,-127,127,1879,165.146484375,127.44140625,255,0,8.14192387896954,127.0799338078,Giro_Off_intento4_180deg_2000_pulsos_Mu_1.00,TIEMPO_MAXIMO
26.149911617,177.489652911027,184.695,-0.1616,-0.0957,-0.8884,2.669,2.199,1.51162631416732,1.50561046491277,-127,127,1879,165.146484375,127.44140625,255,0,7.77958833396558,126.76485942084,Giro_Off_intento4_180deg_2000_pulsos_Mu_1.00,TIEMPO_MAXIMO
26.197860208,177.533652911027,184.739,-0.1633,-0.0903,-0.8838,2.674,2.204,1.49741447210711,1.50356146671136,-127,127,1878,165.05859375,127.44140625,255,0,7.64331691883025,126.646362538113,Giro_Off_intento4_180deg_2000_pulsos_Mu_1.00,TIEMPO_MAXIMO
26.245881987,177.571652911027,184.777,-0.1499,-0.0984,-0.8794,2.674,2.195,1.49741447210711,1.5020247180603,-127,127,1878,165.05859375,127.44140625,255,0,7.52562433898381,126.544021164334,Giro_Off_intento4_180deg_2000_pulsos_Mu_1.00,TIEMPO_MAXIMO
26.293926253,177.811652911027,185.017,-0.1692,-0.0884,-0.8867,2.674,2.199,1.49741447210711,1.500872156572,-127,127,1879,165.146484375,127.44140625,255,0,6.78222842573112,125.897589935418,Giro_Off_intento4_180deg_2000_pulsos_Mu_1.00,TIEMPO_MAXIMO
26.341979669,178.169652911027,185.375,-0.1763,-0.0967,-0.875,2.674,2.199,1.49741447210711,1.50000773545578,-126,126,1879,165.146484375,127.44140625,255,0,5.67311234815122,124.933141172305,Giro_Off_intento4_180deg_2000_pulsos_Mu_1.00,TIEMPO_MAXIMO
26.390104295,178.496652911027,185.702,-0.1882,-0.0754,-0.8743,2.674,2.199,1.49741447210711,1.49935941961861,-124,124,1878,165.05859375,127.44140625,255,0,4.65984241040793,124.052036878616,Giro_Off_intento4_180deg_2000_pulsos_Mu_1.00,TIEMPO_MAXIMO
26.437874392,178.721652911027,185.927,-0.1689,-0.0979,-0.877,2.674,2.204,1.49741447210711,1.49887318274074,-124,124,1879,165.146484375,127.44140625,255,0,3.96254818282314,123.44569407202,Giro_Off_intento4_180deg_2000_pulsos_Mu_1.00,TIEMPO_MAXIMO
26.485881308,179.009652911027,186.215,-0.1887,-0.0959,-0.8655,2.674,2.199,1.49741447210711,1.49850850508233,-123,123,1878,165.05859375,127.44140625,255,0,3.0699238682034,122.669499015829,Giro_Off_intento4_180deg_2000_pulsos_Mu_1.00,TIEMPO_MAXIMO
26.534160673,179.171652911027,186.377,-0.1809,-0.0964,-0.8762,2.674,2.199,1.49741447210711,1.49823499683853,-123,123,1879,165.146484375,127.44140625,255,0,2.56778715955069,122.232858399609,Giro_Off_intento4_180deg_2000_pulsos_Mu_1.00,TIEMPO_MAXIMO
26.58184788,179.312652911027,186.518,-0.176,-0.1052,-0.8706,2.669,2.199,1.51162631416732,1.50158282617072,-122,122,1879,165.146484375,127.44140625,255,0,2.13072539647578,121.852804692588,Giro_Off_intento4_180deg_2000_pulsos_Mu_1.00,TIEMPO_MAXIMO
26.629896984,179.522652911027,186.728,-0.1907,-0.0916,-0.866,2.669,2.199,1.51162631416732,1.50409369816987,-121,121,1879,165.146484375,127.44140625,255,0,1.47975922455055,121.286747151783,Giro_Off_intento4_180deg_2000_pulsos_Mu_1.00,TIEMPO_MAXIMO
26.67793584,179.654652911027,186.86,-0.2063,-0.0916,-0.8743,2.674,2.199,1.49741447210711,1.50242389165418,-121,121,1879,165.146484375,127.44140625,255,0,1.07056975918413,120.930930225378,Giro_Off_intento4_180deg_2000_pulsos_Mu_1.00,TIEMPO_MAXIMO
26.72601854,179.692652911027,186.898,-0.1953,-0.0889,-0.8606,2.674,2.199,1.49741447210711,1.50117153676742,-121,121,1879,165.146484375,127.44140625,255,0,0.952771642964135,120.828497080838,Giro_Off_intento4_180deg_2000_pulsos_Mu_1.00,TIEMPO_MAXIMO
26.773792245,179.881652911027,187.087,-0.2085,-0.0891,-0.8711,2.674,2.199,1.49741447210711,1.50023227060234,-121,121,1879,165.146484375,127.44140625,255,0,0.366875805993449,120.319022439994,Giro_Off_intento4_180deg_2000_pulsos_Mu_1.00,TIEMPO_MAXIMO
26.822176387,179.976652911027,187.182,-0.2146,-0.0833,-0.8689,2.674,2.199,1.49741447210711,1.49952782097853,-120,120,1880,165.234375,127.44140625,255,0,0.0723759917758356,120.062935645022,Giro_Off_intento4_180deg_2000_pulsos_Mu_1.00,TIEMPO_MAXIMO
26.86980525,180.083652911027,187.289,-0.2185,-0.0962,-0.8745,2.674,2.199,1.49741447210711,1.49899948376068,-120,120,1880,165.234375,127.44140625,255,0,0.259323996415449,120.225499127318,Giro_Off_intento4_180deg_2000_pulsos_Mu_1.00,TIEMPO_MAXIMO
26.917823747,180.250652911027,187.456,-0.2231,-0.0938,-0.8628,2.674,2.199,1.49741447210711,1.49860323084729,-120,120,1880,165.234375,127.44140625,255,0,0.777021738569902,120.675671077017,Giro_Off_intento4_180deg_2000_pulsos_Mu_1.00,TIEMPO_MAXIMO
26.965860341,180.590652911027,187.796,-0.2332,-0.0884,-0.8564,2.674,2.199,1.49741447210711,1.49830604116224,-122,122,1880,165.234375,127.44140625,255,0,1.83099204765639,121.592166997962,Giro_Off_intento4_180deg_2000_pulsos_Mu_1.00,TIEMPO_MAXIMO
27.016039703,180.850652911027,188.056,-0.2405,-0.1003,-0.8525,2.674,2.199,1.49741447210711,1.49808314889846,-123,123,1880,165.234375,127.44140625,255,0,2.63692780234694,122.292980697693,Giro_Off_intento4_180deg_2000_pulsos_Mu_1.00,TIEMPO_MAXIMO
27.061803253,181.104652911027,188.31,-0.1619,-0.1543,-0.8711,2.678,2.199,1.48604499845895,1.49507361128858,-123,123,1880,165.234375,127.44140625,-255,0,3.42421272815756,122.977576285354,Giro_Off_intento4_180deg_2000_pulsos_Mu_1.00,TIEMPO_MAXIMO
27.109963171,181.539652911027,188.745,-0.2466,-0.1069,-0.8464,2.674,2.199,1.49741447210711,1.49565882649322,-124,124,1880,165.234375,127.44140625,-255,0,4.77235080395639,124.14987026431,Giro_Off_intento4_180deg_2000_pulsos_Mu_1.00,TIEMPO_MAXIMO
27.157837496,182.140652911027,189.346,-0.2451,-0.1006,-0.8699,2.669,2.199,1.51162631416732,1.49965069841174,-126,126,1880,165.234375,127.44140625,-255,0,6.63448193267701,125.769114724067,Giro_Off_intento4_180deg_2000_pulsos_Mu_1.00,TIEMPO_MAXIMO
27.221816834,182.583652911027,189.789,-0.2407,-0.0913,-0.8589,2.669,2.199,1.51162631416732,1.50264460235063,-127,127,1880,165.234375,127.44140625,-255,0,8.00661192581848,126.962271239842,Giro_Off_intento4_180deg_2000_pulsos_Mu_1.00,TIEMPO_MAXIMO
27.269783282,183.086652911027,190.292,-0.2539,-0.0952,-0.8613,2.674,2.199,1.49741447210711,1.50133706978975,-127,127,1880,165.234375,127.44140625,-255,0,9.56399869417777,128.316520603633,Giro_Off_intento4_180deg_2000_pulsos_Mu_1.00,TIEMPO_MAXIMO
27.317829052,183.472652911027,190.678,-0.2292,-0.1025,-0.8657,2.678,2.199,1.48604499845895,1.49751405195705,-129,129,1879,165.146484375,127.44140625,-255,0,10.7586369352252,129.355336465413,Giro_Off_intento4_180deg_2000_pulsos_Mu_1.00,TIEMPO_MAXIMO
27.365766315,183.962652911027,191.168,-0.2529,-0.1023,-0.8635,2.674,2.199,1.49741447210711,1.49748915699457,-131,131,1880,165.234375,127.44140625,-255,0,12.2744362428138,130.673422819838,Giro_Off_intento4_180deg_2000_pulsos_Mu_1.00,TIEMPO_MAXIMO
27.430202827,184.294652911027,191.5,-0.2253,-0.0938,-0.855,2.674,2.204,1.49741447210711,1.4974704857727,-132,132,1880,165.234375,127.44140625,-255,0,13.3009641878659,131.566055815536,Giro_Off_intento4_180deg_2000_pulsos_Mu_1.00,TIEMPO_MAXIMO
27.477805559,184.697652911027,191.903,-0.2656,-0.094,-0.8589,2.669,2.204,1.51162631416732,1.50100944287136,-133,133,1880,165.234375,127.44140625,-255,0,14.5464173332962,132.649058550692,Giro_Off_intento4_180deg_2000_pulsos_Mu_1.00,TIEMPO_MAXIMO
27.525785155,184.893652911027,192.099,-0.2227,-0.1023,-0.8647,2.669,2.199,1.51162631416732,1.50366366069535,-133,133,1880,165.234375,127.44140625,-255,0,15.1518901053689,133.175556613364,Giro_Off_intento4_180deg_2000_pulsos_Mu_1.00,TIEMPO_MAXIMO
27.574019669,185.192652911027,192.398,-0.2378,-0.0989,-0.854,2.674,2.199,1.49741447210711,1.50210136354829,-134,134,1880,165.234375,127.44140625,-255,0,16.0752010468071,133.978435692876,Giro_Off_intento4_180deg_2000_pulsos_Mu_1.00,TIEMPO_MAXIMO
27.621838738,185.509652911027,192.715,-0.2207,-0.1016,-0.8687,2.683,2.199,1.47183315639875,1.4945343117609,-134,134,1880,165.234375,127.44140625,-255,0,17.053617272127,134.829232410545,Giro_Off_intento4_180deg_2000_pulsos_Mu_1.00,TIEMPO_MAXIMO
27.669778046,185.974652911027,193.18,-0.2356,-0.0916,-0.8638,2.674,2.204,1.49741447210711,1.49525435184746,-135,135,1880,165.234375,127.44140625,-255,0,18.4878805770495,136.076417893087,Giro_Off_intento4_180deg_2000_pulsos_Mu_1.00,TIEMPO_MAXIMO
27.733829425,186.195652911027,193.401,-0.1951,-0.0854,-0.8306,2.674,2.199,1.49741447210711,1.49579438191237,-137,137,1880,165.234375,127.44140625,-255,0,19.1691200915753,136.668800079631,Giro_Off_intento4_180deg_2000_pulsos_Mu_1.00,TIEMPO_MAXIMO
27.781812876,186.564652911027,193.77,-0.2324,-0.094,-0.8706,2.669,2.199,1.51162631416732,1.49975236497611,-137,137,1880,165.234375,127.44140625,-255,0,20.3059336324471,137.657333593432,Giro_Off_intento4_180deg_2000_pulsos_Mu_1.00,TIEMPO_MAXIMO
27.829866106,186.702652911027,193.908,-0.1938,-0.1028,-0.8694,2.669,2.204,1.51162631416732,1.50272085227391,-138,138,1880,165.234375,127.44140625,-255,0,20.7308695507552,138.026843087613,Giro_Off_intento4_180deg_2000_pulsos_Mu_1.00,TIEMPO_MAXIMO
27.877967294,186.839652911027,194.045,-0.2004,-0.0935,-0.8699,2.674,2.199,1.49741447210711,1.50139425723221,-138,138,1880,165.234375,127.44140625,-255,0,21.1526072707138,138.393571539751,Giro_Off_intento4_180deg_2000_pulsos_Mu_1.00,TIEMPO_MAXIMO
27.942139892,186.860652911027,194.066,-0.2009,-0.095,-0.866,2.674,2.199,1.49741447210711,1.50039931095094,-138,138,1880,165.234375,127.44140625,-255,0,21.2172425690519,138.449776147002,Giro_Off_intento4_180deg_2000_pulsos_Mu_1.00,TIEMPO_MAXIMO
27.989771454,186.884652911027,194.09,-0.1997,-0.0957,-0.8601,2.674,2.199,1.49741447210711,1.49965310123998,-138,138,1880,165.234375,127.44140625,-255,0,21.2911079908355,138.514006948553,Giro_Off_intento4_180deg_2000_pulsos_Mu_1.00,TIEMPO_MAXIMO
28.037873893,186.838652911027,194.044,-0.1929,-0.1072,-0.8777,2.674,2.199,1.49741447210711,1.49909344395676,-139,139,1880,165.234375,127.44140625,-255,0,21.1495293284176,138.390895068189,Giro_Off_intento4_180deg_2000_pulsos_Mu_1.00,TIEMPO_MAXIMO
28.085755291,186.757652911027,193.963,-0.1968,-0.0935,-0.8767,2.674,2.199,1.49741447210711,1.49867370099435,-138,138,1880,165.234375,127.44140625,-255,0,20.9001946898724,138.17408233902,Giro_Off_intento4_180deg_2000_pulsos_Mu_1.00,TIEMPO_MAXIMO
28.133797509,186.577652911027,193.783,-0.1792,-0.0984,-0.8789,2.669,2.199,1.51162631416732,1.50191185428759,-138,138,1880,165.234375,127.44140625,-255,0,20.3459688917648,137.692146862404,Giro_Off_intento4_180deg_2000_pulsos_Mu_1.00,TIEMPO_MAXIMO
28.181871939,186.420652911027,193.626,-0.1829,-0.0959,-0.8809,2.674,2.199,1.49741447210711,1.50078750874247,-137,137,1880,165.234375,127.44140625,-255,0,19.8623966863619,137.271649292489,Giro_Off_intento4_180deg_2000_pulsos_Mu_1.00,TIEMPO_MAXIMO
28.245823373,186.276652911027,193.482,-0.1628,-0.0986,-0.8694,2.678,2.199,1.48604499845895,1.49710188117159,-137,137,1880,165.234375,127.44140625,-255,0,19.4187342785841,136.885855894421,Giro_Off_intento4_180deg_2000_pulsos_Mu_1.00,TIEMPO_MAXIMO
28.293803004,186.252652911027,193.458,-0.1733,-0.093,-0.8823,2.674,2.199,1.49741447210711,1.49718002890547,-137,137,1880,165.234375,127.44140625,-255,0,19.3447785430528,136.821546559176,Giro_Off_intento4_180deg_2000_pulsos_Mu_1.00,TIEMPO_MAXIMO
28.342016397,186.235652911027,193.441,-0.1528,-0.0964,-0.8801,2.669,2.199,1.51162631416732,1.50079160022093,-137,137,1880,165.234375,127.44140625,-255,0,19.2923911759959,136.775992326953,Giro_Off_intento4_180deg_2000_pulsos_Mu_1.00,TIEMPO_MAXIMO
28.389881541,186.305652911027,193.511,-0.1438,-0.1035,-0.8889,2.678,2.199,1.48604499845895,1.49710494978044,-137,137,1880,165.234375,127.44140625,-255,0,19.5080929119191,136.963559053843,Giro_Off_intento4_180deg_2000_pulsos_Mu_1.00,TIEMPO_MAXIMO
28.43774774,186.369652911027,193.575,-0.1426,-0.0906,-0.8904,2.674,2.199,1.49741447210711,1.49718233036211,-137,137,1880,165.234375,127.44140625,-255,0,19.7052804542116,137.135026481923,Giro_Off_intento4_180deg_2000_pulsos_Mu_1.00,TIEMPO_MAXIMO
28.485873138,186.435652911027,193.641,-0.1152,-0.0928,-0.9148,2.674,2.199,1.49741447210711,1.49724036579836,-137,137,1880,165.234375,127.44140625,-255,0,19.9086043534869,137.311829872597,Giro_Off_intento4_180deg_2000_pulsos_Mu_1.00,TIEMPO_MAXIMO
28.533841532,186.537652911027,193.743,-0.1021,-0.0901,-0.905,2.674,2.204,1.49741447210711,1.49728389237555,-137,137,1880,165.234375,127.44140625,-255,0,20.2227801406514,137.585026209262,Giro_Off_intento4_180deg_2000_pulsos_Mu_1.00,TIEMPO_MAXIMO
28.581875143,186.679652911027,193.885,-0.093,-0.0962,-0.8945,2.674,2.204,1.49741447210711,1.49731653730844,-138,138,1880,165.234375,127.44140625,-255,0,20.6600551827015,137.965265376262,Giro_Off_intento4_180deg_2000_pulsos_Mu_1.00,TIEMPO_MAXIMO
28.629732152,186.583652911027,193.789,-0.0872,-0.0872,-0.908,2.674,2.204,1.49741447210711,1.49734102100811,-138,138,1880,165.234375,127.44140625,-255,0,20.3644463506113,137.708214217923,Giro_Off_intento4_180deg_2000_pulsos_Mu_1.00,TIEMPO_MAXIMO
28.69375936,186.284652911027,193.49,-0.0566,-0.0833,-0.9231,2.674,2.204,1.49741447210711,1.49735938378286,-137,137,1880,165.234375,127.44140625,-255,0,19.4433854339122,136.907291681663,Giro_Off_intento4_180deg_2000_pulsos_Mu_1.00,TIEMPO_MAXIMO
28.757876111,186.029652911027,193.235,-0.0415,-0.0884,-0.8953,2.678,2.199,1.48604499845895,1.49453078745188,-137,137,1880,165.234375,127.44140625,-255,0,18.6574459259924,136.223866022602,Giro_Off_intento4_180deg_2000_pulsos_Mu_1.00,TIEMPO_MAXIMO
28.805744357,185.551652911027,192.757,-0.0413,-0.0925,-0.8965,2.674,2.199,1.49741447210711,1.49525170861569,-136,136,1879,165.146484375,127.44140625,-255,0,17.183211191615,134.941922775317,Giro_Off_intento4_180deg_2000_pulsos_Mu_1.00,TIEMPO_MAXIMO
28.85375132,184.932652911027,192.138,-0.0259,-0.0881,-0.9077,2.669,2.199,1.51162631416732,1.4993453600036,-135,135,1880,165.234375,127.44140625,-255,0,15.2723459054142,133.280300787317,Giro_Off_intento4_180deg_2000_pulsos_Mu_1.00,TIEMPO_MAXIMO
28.901747761,184.261652911027,191.467,0.001,-0.0869,-0.9099,2.674,2.199,1.49741447210711,1.49886263802948,-133,133,1879,165.146484375,127.44140625,-255,0,13.1989492074905,131.477347136948,Giro_Off_intento4_180deg_2000_pulsos_Mu_1.00,TIEMPO_MAXIMO
28.949810794,183.713652911027,190.919,0.0037,-0.0876,-0.9189,2.674,2.199,1.49741447210711,1.49850059654888,-131,131,1879,165.146484375,127.44140625,-255,0,11.5042679401405,130.003711252296,Giro_Off_intento4_180deg_2000_pulsos_Mu_1.00,TIEMPO_MAXIMO
28.997677924,183.067652911027,190.273,0.0132,-0.0669,-0.8879,2.674,2.204,1.49741447210711,1.49822906543844,-129,129,1880,165.234375,127.44140625,-255,0,9.50518360450607,128.265377047397,Giro_Off_intento4_180deg_2000_pulsos_Mu_1.00,TIEMPO_MAXIMO
29.045674335,182.369652911027,189.575,0.0071,-0.0774,-0.9094,2.674,2.204,1.49741447210711,1.49802541710561,-127,127,1879,165.146484375,127.44140625,-255,0,7.34383182000229,126.385940713045,Giro_Off_intento4_180deg_2000_pulsos_Mu_1.00,TIEMPO_MAXIMO
29.093761452,181.475652911027,188.681,0.0493,-0.0869,-0.9116,2.669,2.199,1.51162631416732,1.50142564137104,-126,126,1879,165.146484375,127.44140625,-255,0,4.57401944722561,123.977408214979,Giro_Off_intento4_180deg_2000_pulsos_Mu_1.00,TIEMPO_MAXIMO
29.141683237,180.756652911027,187.962,0.0608,-0.0928,-0.8916,2.674,2.204,1.49741447210711,1.50042284905506,-124,124,1879,165.146484375,127.44140625,-255,0,2.34555642719718,122.039614284519,Giro_Off_intento4_180deg_2000_pulsos_Mu_1.00,TIEMPO_MAXIMO
29.1897937,180.385652911027,187.591,0.0505,-0.0857,-0.8945,2.674,2.199,1.49741447210711,1.49967075481807,-121,121,1879,165.146484375,127.44140625,-255,0,1.19551529368344,121.039578516246,Giro_Off_intento4_180deg_2000_pulsos_Mu_1.00,TIEMPO_MAXIMO
29.237716662,179.934652911027,187.14,0.0493,-0.0789,-0.9023,2.674,2.204,1.49741447210711,1.49910668414033,-120,120,1880,165.234375,127.44140625,-255,0,0.202575982175385,120.176153027979,Giro_Off_intento4_180deg_2000_pulsos_Mu_1.00,TIEMPO_MAXIMO
29.285795484,179.265652911027,186.471,0.0623,-0.0781,-0.8992,2.678,2.204,1.48604499845895,1.49584126271999,-120,120,1879,165.146484375,127.44140625,-255,0,2.2764142153105,121.979490622009,Giro_Off_intento4_180deg_2000_pulsos_Mu_1.00,TIEMPO_MAXIMO
29.333663386,178.473652911027,185.679,0.1021,-0.0781,-0.8909,2.674,2.204,1.49741447210711,1.49623456506677,-122,122,1879,165.146484375,127.44140625,-255,0,4.73111750885155,124.114015225088,Giro_Off_intento4_180deg_2000_pulsos_Mu_1.00,TIEMPO_MAXIMO
29.381700027,177.862652911027,185.068,0.0969,-0.0828,-0.9175,2.669,2.199,1.51162631416732,1.5000825023419,-125,125,1880,165.234375,127.44140625,-255,0,6.62424102240593,125.760209584701,Giro_Off_intento4_180deg_2000_pulsos_Mu_1.00,TIEMPO_MAXIMO
29.429717116,177.188652911027,184.394,0.1091,-0.0771,-0.9126,2.674,2.204,1.49741447210711,1.49941549478321,-127,127,1879,165.146484375,127.44140625,-255,0,8.71168145470128,127.575375178001,Giro_Off_intento4_180deg_2000_pulsos_Mu_1.00,TIEMPO_MAXIMO
29.477729245,176.576652911027,183.782,0.1213,-0.0742,-0.8999,2.678,2.199,1.48604499845895,1.49607287070214,-129,129,1880,165.234375,127.44140625,-255,0,10.6060655402676,129.222665687189,Giro_Off_intento4_180deg_2000_pulsos_Mu_1.00,TIEMPO_MAXIMO
29.525639557,175.965652911027,183.171,0.1167,-0.0847,-0.8926,2.669,2.204,1.51162631416732,1.49996123156844,-129,129,1879,165.146484375,127.44140625,-255,0,12.4961472462288,130.866214996721,Giro_Off_intento4_180deg_2000_pulsos_Mu_1.00,TIEMPO_MAXIMO
29.573783868,175.244652911027,182.45,0.1484,-0.0684,-0.8918,2.674,2.204,1.49741447210711,1.49932454170311,-131,131,1880,165.234375,127.44140625,-255,0,14.724661114587,132.804053143119,Giro_Off_intento4_180deg_2000_pulsos_Mu_1.00,TIEMPO_MAXIMO
29.621691788,174.694652911027,181.9,0.1458,-0.0815,-0.8965,2.669,2.204,1.51162631416732,1.50239998481916,-134,134,1879,165.146484375,127.44140625,-255,0,16.4230880298289,134.280946112895,Giro_Off_intento4_180deg_2000_pulsos_Mu_1.00,TIEMPO_MAXIMO
29.669663859,173.935652911027,181.141,0.1445,-0.0732,-0.9016,2.674,2.204,1.49741447210711,1.50115360664115,-136,136,1880,165.234375,127.44140625,-255,0,18.7643994636405,136.316869098818,Giro_Off_intento4_180deg_2000_pulsos_Mu_1.00,TIEMPO_MAXIMO
29.717910716,173.056652911027,180.262,0.1658,-0.0774,-0.9146,2.674,2.204,1.49741447210711,1.50021882300764,-136,136,1879,165.146484375,127.44140625,-255,0,21.4717368170424,138.67107549308,Giro_Off_intento4_180deg_2000_pulsos_Mu_1.00,TIEMPO_MAXIMO
29.766076212,172.194652911027,179.4,0.1763,-0.0854,-0.8936,2.674,2.204,1.49741447210711,1.49951773528251,-139,139,1879,165.146484375,127.44140625,-255,0,24.1218099896548,140.975486947526,Giro_Off_intento4_180deg_2000_pulsos_Mu_1.00,TIEMPO_MAXIMO
29.813751801,171.607652911027,178.813,0.1875,-0.0767,-0.8972,2.674,2.204,1.49741447210711,1.49899191948866,-142,142,1880,165.234375,127.44140625,-255,0,25.9233537667296,142.542046753678,Giro_Off_intento4_180deg_2000_pulsos_Mu_1.00,TIEMPO_MAXIMO
29.861552747,171.044652911027,178.25,0.1716,-0.0747,-0.8894,2.674,2.204,1.49741447210711,1.49859755764327,-144,144,1880,165.234375,127.44140625,-255,0,27.6486859565842,144.042335614421,Giro_Off_intento4_180deg_2000_pulsos_Mu_1.00,TIEMPO_MAXIMO
29.909756919,170.402652911027,177.608,0.1863,-0.0576,-0.8708,2.678,2.204,1.48604499845895,1.49545941784719,-144,144,1879,165.146484375,127.44140625,-255,0,29.6128490214209,145.750303496888,Giro_Off_intento4_180deg_2000_pulsos_Mu_1.00,TIEMPO_MAXIMO
29.957678219,169.587652911027,176.793,0.2053,-0.0811,-0.8987,2.674,2.209,1.49741447210711,1.49594818141217,-146,146,1880,165.234375,127.44140625,-255,0,32.1009083271951,147.913833327996,Giro_Off_intento4_180deg_2000_pulsos_Mu_1.00,TIEMPO_MAXIMO
30.005673897,168.740652911027,175.946,0.2073,-0.0732,-0.8965,2.669,2.204,1.51162631416732,1.49986771460096,-148,148,1880,165.234375,127.44140625,-255,0,34.6797687902833,150.156320687203,Giro_Off_intento4_180deg_2000_pulsos_Mu_1.00,TIEMPO_MAXIMO
30.053954117,168.140652911027,175.346,0.2173,-0.073,-0.8933,2.674,2.199,1.49741447210711,1.4992544039775,-151,151,1879,165.146484375,127.44140625,-255,0,36.5020357883795,151.740900685547,Giro_Off_intento4_180deg_2000_pulsos_Mu_1.00,TIEMPO_MAXIMO
30.101562316,167.533652911027,174.739,0.2134,-0.0713,-0.8904,2.678,2.204,1.48604499845895,1.49595205259786,-153,153,1880,165.234375,127.44140625,-255,0,38.3414885966138,153.340424866621,Giro_Off_intento4_180deg_2000_pulsos_Mu_1.00,TIEMPO_MAXIMO
30.149656651,166.979652911027,174.185,0.2317,-0.0754,-0.897,2.678,2.204,1.48604499845895,1.49347528906313,-154,154,1880,165.234375,127.44140625,-255,0,40.0165793876344,154.797025554465,Giro_Off_intento4_180deg_2000_pulsos_Mu_1.00,TIEMPO_MAXIMO
30.197675597,166.479652911027,173.685,0.2371,-0.0662,-0.8997,2.674,2.204,1.49741447210711,1.49446008482413,-155,155,1880,165.234375,127.44140625,-255,0,41.5251865691142,156.108857886186,Giro_Off_intento4_180deg_2000_pulsos_Mu_1.00,TIEMPO_MAXIMO
30.245620243,166.009652911027,173.215,0.2422,-0.0703,-0.8796,2.674,2.209,1.49741447210711,1.49519868164487,-156,156,1880,165.234375,127.44140625,-255,0,42.9403960230287,157.339474802634,Giro_Off_intento4_180deg_2000_pulsos_Mu_1.00,TIEMPO_MAXIMO
30.293589049,165.661652911027,172.867,0.2512,-0.0718,-0.9019,2.678,2.209,1.48604499845895,1.49291026084839,-158,158,1880,165.234375,127.44140625,-255,0,43.9863967893877,158.249040686424,Giro_Off_intento4_180deg_2000_pulsos_Mu_1.00,TIEMPO_MAXIMO
30.342196668,165.276652911027,172.482,0.2583,-0.074,-0.8821,2.674,2.209,1.49741447210711,1.49403631366307,-159,159,1879,165.146484375,127.44140625,-255,0,45.1417180596419,159.25366787795,Giro_Off_intento4_180deg_2000_pulsos_Mu_1.00,TIEMPO_MAXIMO
30.389779113,164.850652911027,172.056,0.2654,-0.0781,-0.886,2.669,2.204,1.51162631416732,1.49843381378913,-159,159,1880,165.234375,127.44140625,-255,0,46.4176960159479,160.363213926911,Giro_Off_intento4_180deg_2000_pulsos_Mu_1.00,TIEMPO_MAXIMO
30.43753553,164.354652911027,171.56,0.2734,-0.0566,-0.8699,2.669,2.209,1.51162631416732,1.50173193888368,-160,160,1880,165.234375,127.44140625,-255,0,47.9001037529627,161.652264133011,Giro_Off_intento4_180deg_2000_pulsos_Mu_1.00,TIEMPO_MAXIMO
30.485619445,163.901652911027,171.107,0.2747,-0.0625,-0.8691,2.674,2.209,1.49741447210711,1.50065257218954,-163,163,1880,165.234375,127.44140625,-255,0,49.2508627648411,162.826837186818,Giro_Off_intento4_180deg_2000_pulsos_Mu_1.00,TIEMPO_MAXIMO
30.533552129,163.337652911027,170.543,0.293,-0.062,-0.8789,2.669,2.209,1.51162631416732,1.50339600768398,-164,164,1880,165.234375,127.44140625,-255,0,50.9282901875817,164.285469728332,Giro_Off_intento4_180deg_2000_pulsos_Mu_1.00,TIEMPO_MAXIMO
30.581611314,162.768652911027,169.974,0.2881,-0.0649,-0.843,2.669,2.209,1.51162631416732,1.50545358430482,-164,164,1880,165.234375,127.44140625,-255,0,52.6155873306898,165.752684635382,Giro_Off_intento4_180deg_2000_pulsos_Mu_1.00,TIEMPO_MAXIMO
30.629633674,162.145652911027,169.351,0.3076,-0.0654,-0.8662,2.669,2.214,1.51162631416732,1.50699676677044,-166,166,1880,165.234375,127.44140625,-255,0,54.4570574476754,167.353962997979,Giro_Off_intento4_180deg_2000_pulsos_Mu_1.00,TIEMPO_MAXIMO
30.677590744,161.637652911027,168.843,0.3169,-0.0715,-0.8699,2.674,2.214,1.49741447210711,1.50460119310461,-169,169,1879,165.146484375,127.44140625,-255,0,55.9538537983025,168.655525042002,Giro_Off_intento4_180deg_2000_pulsos_Mu_1.00,TIEMPO_MAXIMO
30.72557498,160.991652911027,168.197,0.3271,-0.0642,-0.8716,2.678,2.209,1.48604499845895,1.49996214444319,-170,170,1880,165.234375,127.44140625,-255,0,57.8508916624735,170.30512318476,Giro_Off_intento4_180deg_2000_pulsos_Mu_1.00,TIEMPO_MAXIMO
30.773590334,160.421652911027,167.627,0.3416,-0.0676,-0.8623,2.669,2.209,1.51162631416732,1.50287818687422,-171,171,1880,165.234375,127.44140625,-255,0,59.5186492826338,171.75534720229,Giro_Off_intento4_180deg_2000_pulsos_Mu_1.00,TIEMPO_MAXIMO
30.821595316,160.001652911027,167.207,0.3557,-0.0752,-0.8599,2.669,2.204,1.51162631416732,1.5050652186975,-172,172,1880,165.234375,127.44140625,-255,0,60.743763278376,172.820663720327,Giro_Off_intento4_180deg_2000_pulsos_Mu_1.00,TIEMPO_MAXIMO
30.869630405,159.677652911027,166.883,0.344,-0.0632,-0.8572,2.669,2.204,1.51162631416732,1.50670549256495,-173,173,1880,165.234375,127.44140625,-255,0,61.6866244457524,173.640542996306,Giro_Off_intento4_180deg_2000_pulsos_Mu_1.00,TIEMPO_MAXIMO
30.917590695,159.240652911027,166.446,0.3699,-0.0557,-0.864,2.669,2.209,1.51162631416732,1.50793569796554,-175,175,1880,165.234375,127.44140625,-255,0,62.955192952182,174.743646045376,Giro_Off_intento4_180deg_2000_pulsos_Mu_1.00,TIEMPO_MAXIMO
30.98169968,158.669652911027,165.875,0.3755,-0.0576,-0.8406,2.664,2.214,1.52583815622752,1.51241131253104,-176,176,1880,165.234375,127.44140625,-255,0,64.6072202103628,176.180191487272,Giro_Off_intento4_180deg_2000_pulsos_Mu_1.00,TIEMPO_MAXIMO
31.029601013,158.317652911027,165.523,0.3857,-0.061,-0.8384,2.669,2.209,1.51162631416732,1.51221506294011,-176,176,1879,165.146484375,127.44140625,-255,0,65.6224462068452,177.062996701605,Giro_Off_intento4_180deg_2000_pulsos_Mu_1.00,TIEMPO_MAXIMO
31.07774842,157.960652911027,165.166,0.3677,-0.0532,-0.8137,2.669,2.209,1.51162631416732,1.51206787574691,-177,177,1880,165.234375,127.44140625,-255,0,66.6495630185635,177.956141755273,Giro_Off_intento4_180deg_2000_pulsos_Mu_1.00,TIEMPO_MAXIMO
31.125577822,157.299652911027,164.505,0.4153,-0.0593,-0.842,2.674,2.214,1.49741447210711,1.50840452483696,-180,180,1880,165.234375,127.44140625,-255,0,68.5444509324205,179.603870376018,Giro_Off_intento4_180deg_2000_pulsos_Mu_1.00,TIEMPO_MAXIMO
31.173504806,156.498652911027,163.704,0.4268,-0.0432,-0.8293,2.669,2.209,1.51162631416732,1.50920997216955,-182,182,1880,165.234375,127.44140625,-255,0,70.8284272562527,181.589936744568,Giro_Off_intento4_180deg_2000_pulsos_Mu_1.00,TIEMPO_MAXIMO
31.237735722,155.893652911027,163.099,0.4153,-0.0623,-0.8357,2.674,2.209,1.49741447210711,1.50626109715394,-183,183,1880,165.234375,127.44140625,-255,0,72.5443757452995,183.082065865478,Giro_Off_intento4_180deg_2000_pulsos_Mu_1.00,TIEMPO_MAXIMO
31.285605183,155.082652911027,162.288,0.4209,-0.0627,-0.8306,2.674,2.209,1.49741447210711,1.50404944089223,-185,185,1880,165.234375,127.44140625,-255,0,74.8318752239108,185.071195846879,Giro_Off_intento4_180deg_2000_pulsos_Mu_1.00,TIEMPO_MAXIMO
31.333427008,154.211652911027,161.417,0.4434,-0.064,-0.8225,2.669,2.214,1.51162631416732,1.505943659211,-185,185,1880,165.234375,127.44140625,-255,0,77.271900274028,187.192956760024,Giro_Off_intento4_180deg_2000_pulsos_Mu_1.00,TIEMPO_MAXIMO
31.381534321,153.275652911027,160.481,0.4536,-0.0474,-0.825,2.674,2.214,1.49741447210711,1.50381136243503,-188,188,1880,165.234375,127.44140625,-255,0,79.8740957488828,189.455735433811,Giro_Off_intento4_180deg_2000_pulsos_Mu_1.00,TIEMPO_MAXIMO
31.445778613,152.579652911027,159.785,0.4492,-0.0547,-0.8125,2.674,2.209,1.49741447210711,1.50221213985305,-190,190,1880,165.234375,127.44140625,-255,0,81.7952817103797,191.126331922069,Giro_Off_intento4_180deg_2000_pulsos_Mu_1.00,TIEMPO_MAXIMO
31.493588777,151.929652911027,159.135,0.4607,-0.0601,-0.8171,2.674,2.204,1.49741447210711,1.50101272291657,-191,191,1880,165.234375,127.44140625,-255,0,83.5785988644609,192.677042490836,Giro_Off_intento4_180deg_2000_pulsos_Mu_1.00,TIEMPO_MAXIMO
31.541492435,151.288652911027,158.494,0.4622,-0.0603,-0.8127,2.669,2.209,1.51162631416732,1.50366612072925,-193,193,1879,165.146484375,127.44140625,-255,0,85.3266908190244,194.197122451326,Giro_Off_intento4_180deg_2000_pulsos_Mu_1.00,TIEMPO_MAXIMO
31.589508557,150.832652911027,158.038,0.4817,-0.0566,-0.8152,2.669,2.204,1.51162631416732,1.50565616908877,-195,195,1880,165.234375,127.44140625,-255,0,86.5637750685031,195.272847885655,Giro_Off_intento4_180deg_2000_pulsos_Mu_1.00,TIEMPO_MAXIMO
31.637460307,150.344652911027,157.55,0.4763,-0.061,-0.8064,2.669,2.204,1.51162631416732,1.50714870535841,-196,196,1879,165.146484375,127.44140625,-255,0,87.8815965646334,196.41877962142,Giro_Off_intento4_180deg_2000_pulsos_Mu_1.00,TIEMPO_MAXIMO
31.685463286,149.698652911027,156.904,0.4858,-0.0649,-0.7954,2.669,2.209,1.51162631416732,1.50826810756063,-198,198,1880,165.234375,127.44140625,-255,0,89.6162685626748,197.9271900545,Giro_Off_intento4_180deg_2000_pulsos_Mu_1.00,TIEMPO_MAXIMO
31.749642774,149.263652911027,156.469,0.4946,-0.0569,-0.7971,2.669,2.204,1.51162631416732,1.5091076592123,-199,199,1879,165.146484375,127.44140625,-255,0,90.777947786764,198.937345901534,Giro_Off_intento4_180deg_2000_pulsos_Mu_1.00,TIEMPO_MAXIMO
31.79746626,148.859652911027,156.065,0.51,-0.05,-0.8,2.669,2.204,1.51162631416732,1.50973732295106,-200,200,1880,165.234375,127.44140625,-255,0,91.8521556199126,199.871439669489,Giro_Off_intento4_180deg_2000_pulsos_Mu_1.00,TIEMPO_MAXIMO
31.845586768,148.451652911027,155.657,0.5012,-0.0549,-0.7769,2.669,2.214,1.51162631416732,1.51020957075512,-200,200,1880,165.234375,127.44140625,-255,0,92.9323642226802,200.810751497983,Giro_Off_intento4_180deg_2000_pulsos_Mu_1.00,TIEMPO_MAXIMO
31.893503698,147.771652911027,154.977,0.5183,-0.0505,-0.7856,2.669,2.209,1.51162631416732,1.51056375660817,-202,202,1880,165.234375,127.44140625,-255,0,94.7222129994217,202.367141738628,Giro_Off_intento4_180deg_2000_pulsos_Mu_1.00,TIEMPO_MAXIMO
31.957535411,147.090652911027,154.296,0.5269,-0.0618,-0.7695,2.669,2.209,1.51162631416732,1.51082939599796,-203,203,1880,165.234375,127.44140625,-255,0,96.5013223886607,203.914193381444,Giro_Off_intento4_180deg_2000_pulsos_Mu_1.00,TIEMPO_MAXIMO
32.005685917,146.454652911027,153.66,0.5334,-0.0571,-0.7771,2.669,2.209,1.51162631416732,1.5110286255403,-204,204,1880,165.234375,127.44140625,-255,0,98.150563385298,205.348315987216,Giro_Off_intento4_180deg_2000_pulsos_Mu_1.00,TIEMPO_MAXIMO
32.053522413,145.861652911027,153.067,0.5305,-0.0591,-0.7632,2.669,2.209,1.51162631416732,1.51117804769705,-205,205,1880,165.234375,127.44140625,-255,0,99.6774083882495,206.67600729413,Giro_Off_intento4_180deg_2000_pulsos_Mu_1.00,TIEMPO_MAXIMO
32.101504328,145.386652911027,152.592,0.5298,-0.0703,-0.7776,2.669,2.209,1.51162631416732,1.51129011431462,-208,208,1880,165.234375,127.44140625,-255,0,100.892735419271,207.732813408062,Giro_Off_intento4_180deg_2000_pulsos_Mu_1.00,TIEMPO_MAXIMO
32.149583624,144.711652911027,151.917,0.543,-0.0557,-0.7715,2.669,2.209,1.51162631416732,1.51137416427779,-209,209,1880,165.234375,127.44140625,-255,0,102.607830583562,209.224200507445,Giro_Off_intento4_180deg_2000_pulsos_Mu_1.00,TIEMPO_MAXIMO
32.197483525,143.966652911027,151.172,0.5471,-0.0562,-0.7629,2.674,2.214,1.49741447210711,1.50788424123512,-211,211,1880,165.234375,127.44140625,-255,0,104.484245237147,210.855865423606,Giro_Off_intento4_180deg_2000_pulsos_Mu_1.00,TIEMPO_MAXIMO
32.261520961,143.422652911027,150.628,0.5574,-0.0522,-0.7654,2.669,2.209,1.51162631416732,1.50881975946817,-212,212,1880,165.234375,127.44140625,-255,0,105.843264746753,212.037621518916,Giro_Off_intento4_180deg_2000_pulsos_Mu_1.00,TIEMPO_MAXIMO
32.309510836,143.010652911027,150.216,0.5588,-0.0684,-0.7534,2.664,2.209,1.52583815622752,1.51307435865801,-213,213,1880,165.234375,127.44140625,-255,0,106.866179227598,212.927112371825,Giro_Off_intento4_180deg_2000_pulsos_Mu_1.00,TIEMPO_MAXIMO
32.357483003,142.434652911027,149.64,0.5706,-0.054,-0.7554,2.674,2.204,1.49741447210711,1.50915938702028,-214,214,1880,165.234375,127.44140625,-255,0,108.286998742452,214.162607602132,Giro_Off_intento4_180deg_2000_pulsos_Mu_1.00,TIEMPO_MAXIMO
32.405439924,141.891652911027,149.097,0.5757,-0.0586,-0.7534,2.669,2.209,1.51162631416732,1.50977611880704,-215,215,1879,165.146484375,127.44140625,-255,0,109.616398261125,215.318607183587,Giro_Off_intento4_180deg_2000_pulsos_Mu_1.00,TIEMPO_MAXIMO
32.469741937,141.489652911027,148.695,0.5701,-0.073,-0.7522,2.669,2.209,1.51162631416732,1.51023866764711,-216,216,1880,165.234375,127.44140625,-255,0,110.594258795765,216.16892069197,Giro_Off_intento4_180deg_2000_pulsos_Mu_1.00,TIEMPO_MAXIMO
32.51749276,141.056652911027,148.262,0.5759,-0.0581,-0.7412,2.674,2.214,1.49741447210711,1.50703261876211,-217,217,1879,165.146484375,127.44140625,-255,0,111.641434930852,217.079508635523,Giro_Off_intento4_180deg_2000_pulsos_Mu_1.00,TIEMPO_MAXIMO
32.565499425,140.587652911027,147.793,0.5803,-0.0591,-0.7402,2.669,2.214,1.51162631416732,1.50818104261341,-217,217,1880,165.234375,127.44140625,-255,0,112.768479059451,218.059547008219,Giro_Off_intento4_180deg_2000_pulsos_Mu_1.00,TIEMPO_MAXIMO
32.613574048,140.278652911027,147.484,0.5916,-0.0569,-0.7446,2.674,2.209,1.49741447210711,1.50548939998684,-219,219,1880,165.234375,127.44140625,-255,0,113.506906162749,218.701657532825,Giro_Off_intento4_180deg_2000_pulsos_Mu_1.00,TIEMPO_MAXIMO
32.661414727,139.955652911027,147.161,0.6011,-0.0696,-0.7417,2.674,2.214,1.49741447210711,1.50347066801691,-219,219,1880,165.234375,127.44140625,-255,0,114.275260051575,219.369791349196,Giro_Off_intento4_180deg_2000_pulsos_Mu_1.00,TIEMPO_MAXIMO
32.709453163,139.653652911027,146.859,0.5955,-0.0615,-0.7236,2.669,2.209,1.51162631416732,1.50550957955451,-220,220,1880,165.234375,127.44140625,-255,0,114.990374313436,219.991629837771,Giro_Off_intento4_180deg_2000_pulsos_Mu_1.00,TIEMPO_MAXIMO
32.773419358,139.426652911027,146.632,0.6145,-0.0654,-0.7319,2.669,2.204,1.51162631416732,1.50703876320771,-220,220,1880,165.234375,127.44140625,-255,0,115.525791920171,220.457210365366,Giro_Off_intento4_180deg_2000_pulsos_Mu_1.00,TIEMPO_MAXIMO
32.821535535,139.221652911027,146.427,0.6084,-0.0601,-0.7129,2.674,2.214,1.49741447210711,1.50463269043256,-221,221,1880,165.234375,127.44140625,-255,0,116.007760803567,220.876313742232,Giro_Off_intento4_180deg_2000_pulsos_Mu_1.00,TIEMPO_MAXIMO
32.869459091,138.840652911027,146.046,0.6243,-0.0701,-0.7058,2.669,2.214,1.51162631416732,1.50638109636625,-222,222,1880,165.234375,127.44140625,-255,0,116.89956804893,221.651798303417,Giro_Off_intento4_180deg_2000_pulsos_Mu_1.00,TIEMPO_MAXIMO
32.917496411,138.310652911027,145.516,0.625,-0.0649,-0.7117,2.669,2.214,1.51162631416732,1.50769240081652,-222,222,1880,165.234375,127.44140625,-255,0,118.131534629565,222.723073590926,Giro_Off_intento4_180deg_2000_pulsos_Mu_1.00,TIEMPO_MAXIMO
32.965427772,137.764652911027,144.97,0.6326,-0.0559,-0.7043,2.669,2.209,1.51162631416732,1.50867587915422,-224,224,1879,165.146484375,127.44140625,-255,0,119.390121127858,223.81749663292,Giro_Off_intento4_180deg_2000_pulsos_Mu_1.00,TIEMPO_MAXIMO
33.029583849,137.204652911027,144.41,0.6365,-0.0596,-0.6929,2.674,2.214,1.49741447210711,1.50586052739244,-224,224,1880,165.234375,127.44140625,-255,0,120.669715613456,224.930187489962,Giro_Off_intento4_180deg_2000_pulsos_Mu_1.00,TIEMPO_MAXIMO
33.077433706,136.758652911027,143.964,0.6465,-0.064,-0.6965,2.674,2.214,1.49741447210711,1.50374901357111,-225,225,1880,165.234375,127.44140625,-255,0,121.680580945594,225.809200822255,Giro_Off_intento4_180deg_2000_pulsos_Mu_1.00,TIEMPO_MAXIMO
33.125416258,136.455652911027,143.661,0.6484,-0.0618,-0.699,2.674,2.209,1.49741447210711,1.50216537820511,-226,226,1880,165.234375,127.44140625,-255,0,122.363132473356,226.402723889875,Giro_Off_intento4_180deg_2000_pulsos_Mu_1.00,TIEMPO_MAXIMO
33.173459975,136.097652911027,143.303,0.6501,-0.0618,-0.6975,2.669,2.209,1.51162631416732,1.50453061219566,-227,227,1880,165.234375,127.44140625,-255,0,123.16516780518,227.100145917548,Giro_Off_intento4_180deg_2000_pulsos_Mu_1.00,TIEMPO_MAXIMO
33.221445219,135.719652911027,142.925,0.6714,-0.0691,-0.6772,2.678,2.209,1.48604499845895,1.49990920876148,-227,227,1880,165.234375,127.44140625,-255,0,124.0067900277,227.831991328435,Giro_Off_intento4_180deg_2000_pulsos_Mu_1.00,TIEMPO_MAXIMO
33.269421111,135.420652911027,142.626,0.6699,-0.0664,-0.6721,2.674,2.214,1.49741447210711,1.49928552459789,-228,228,1880,165.234375,127.44140625,-255,0,124.668696245379,228.407561952503,Giro_Off_intento4_180deg_2000_pulsos_Mu_1.00,TIEMPO_MAXIMO
33.317449595,135.088652911027,142.294,0.7256,-0.0776,-0.5991,2.674,2.209,1.49741447210711,1.4988177614752,-228,228,1880,165.234375,127.44140625,-255,0,125.399677031824,229.043197418977,Giro_Off_intento4_180deg_2000_pulsos_Mu_1.00,TIEMPO_MAXIMO
33.365570148,134.862652911027,142.068,0.6865,-0.0715,-0.6558,2.674,2.209,1.49741447210711,1.49846693913318,-229,229,1880,165.234375,127.44140625,-255,0,125.894865286582,229.473795901376,Giro_Off_intento4_180deg_2000_pulsos_Mu_1.00,TIEMPO_MAXIMO
33.413370272,134.625652911027,141.831,0.6975,-0.063,-0.6631,2.674,2.209,1.49741447210711,1.49820382237666,-229,229,1880,165.234375,127.44140625,-255,0,126.412051414144,229.923522968821,Giro_Off_intento4_180deg_2000_pulsos_Mu_1.00,TIEMPO_MAXIMO
33.461299101,134.354652911027,141.56,0.6924,-0.0632,-0.6543,2.669,2.214,1.51162631416732,1.50155944532432,-230,230,1880,165.234375,127.44140625,-255,0,127.00078189445,230.435462516913,Giro_Off_intento4_180deg_2000_pulsos_Mu_1.00,TIEMPO_MAXIMO
33.509380206,133.870652911027,141.076,0.7051,-0.0623,-0.637,2.674,2.209,1.49741447210711,1.50052320202002,-231,231,1880,165.234375,127.44140625,-255,0,128.045164527487,231.34362132825,Giro_Off_intento4_180deg_2000_pulsos_Mu_1.00,TIEMPO_MAXIMO
33.573495722,133.320652911027,140.526,0.709,-0.0664,-0.6392,2.669,2.209,1.51162631416732,1.50329898005685,-232,232,1880,165.234375,127.44140625,-255,0,129.22086794498,232.365972126069,Giro_Off_intento4_180deg_2000_pulsos_Mu_1.00,TIEMPO_MAXIMO
33.621387137,132.668652911027,139.874,0.7388,-0.0872,-0.6226,2.669,2.209,1.51162631416732,1.50538081358446,-233,233,1880,165.234375,127.44140625,-255,0,130.599177976484,233.564502588247,Giro_Off_intento4_180deg_2000_pulsos_Mu_1.00,TIEMPO_MAXIMO
33.66943908,132.077652911027,139.283,0.738,-0.0806,-0.625,2.674,2.209,1.49741447210711,1.50338922821513,-234,234,1880,165.234375,127.44140625,-255,0,131.833928137968,234.638198380842,Giro_Off_intento4_180deg_2000_pulsos_Mu_1.00,TIEMPO_MAXIMO
33.71746405,131.725652911027,138.931,0.752,-0.0793,-0.6135,2.674,2.209,1.49741447210711,1.50189553918812,-234,234,1880,165.234375,127.44140625,-255,0,132.562689487727,235.271903902371,Giro_Off_intento4_180deg_2000_pulsos_Mu_1.00,TIEMPO_MAXIMO
33.765433226,131.361652911027,138.567,0.7625,-0.0808,-0.6077,2.669,2.209,1.51162631416732,1.50432823293292,-236,236,1880,165.234375,127.44140625,-255,0,133.311032547522,235.922636997845,Giro_Off_intento4_180deg_2000_pulsos_Mu_1.00,TIEMPO_MAXIMO
33.81342656,131.042652911027,138.248,0.7627,-0.0796,-0.5815,2.674,2.209,1.49741447210711,1.50259979272647,-236,236,1880,165.234375,127.44140625,-255,0,133.962437832957,236.489076376484,Giro_Off_intento4_180deg_2000_pulsos_Mu_1.00,TIEMPO_MAXIMO
33.861422842,130.585652911027,137.791,0.7695,-0.0859,-0.5779,2.674,2.209,1.49741447210711,1.50130346257163,-236,236,1880,165.234375,127.44140625,-255,0,134.888401457055,237.29426213657,Giro_Off_intento4_180deg_2000_pulsos_Mu_1.00,TIEMPO_MAXIMO
33.909652741,130.110652911027,137.316,0.7729,-0.082,-0.5842,2.669,2.209,1.51162631416732,1.50388417547055,-238,238,1880,165.234375,127.44140625,-255,0,135.84174040125,238.123252522826,Giro_Off_intento4_180deg_2000_pulsos_Mu_1.00,TIEMPO_MAXIMO
33.973365432,129.409652911027,136.615,0.7886,-0.1157,-0.5547,2.674,2.209,1.49741447210711,1.50226674962969,-239,239,1880,165.234375,127.44140625,-255,0,137.231593014327,239.331820012458,Giro_Off_intento4_180deg_2000_pulsos_Mu_1.00,TIEMPO_MAXIMO
34.021334055,128.786652911027,135.992,0.7856,-0.0876,-0.5403,2.674,2.209,1.49741447210711,1.50105368024905,-239,239,1880,165.234375,127.44140625,-255,0,138.449563185495,240.390924509126,Giro_Off_intento4_180deg_2000_pulsos_Mu_1.00,TIEMPO_MAXIMO
34.069454925,128.208652911027,135.414,0.8008,-0.0854,-0.5444,2.674,2.214,1.49741447210711,1.50014387821356,-241,241,1880,165.234375,127.44140625,-255,0,139.564923014319,241.360802621147,Giro_Off_intento4_180deg_2000_pulsos_Mu_1.00,TIEMPO_MAXIMO
34.117361973,127.533652911027,134.739,0.7954,-0.074,-0.5388,2.674,2.214,1.49741447210711,1.49946152668695,-242,242,1880,165.234375,127.44140625,-255,0,140.849476203123,242.47780539402,Giro_Off_intento4_180deg_2000_pulsos_Mu_1.00,TIEMPO_MAXIMO
34.165313546,126.825652911027,134.031,0.814,-0.1001,-0.531,2.674,2.214,1.49741447210711,1.49894976304199,-242,242,1880,165.234375,127.44140625,-255,0,142.175821311672,243.631148966671,Giro_Off_intento4_180deg_2000_pulsos_Mu_1.00,TIEMPO_MAXIMO
34.213380727,126.088652911027,133.294,0.8174,-0.103,-0.5127,2.674,2.214,1.49741447210711,1.49856594030827,-244,244,1880,165.234375,127.44140625,-255,0,143.533430099885,244.811678347727,Giro_Off_intento4_180deg_2000_pulsos_Mu_1.00,TIEMPO_MAXIMO
34.261352776,125.334652911027,132.54,0.822,-0.0947,-0.501,2.674,2.209,1.49741447210711,1.49827807325798,-246,246,1880,165.234375,127.44140625,-255,0,144.897775844549,245.998065951781,Giro_Off_intento4_180deg_2000_pulsos_Mu_1.00,TIEMPO_MAXIMO
34.325418045,124.501652911027,131.707,0.8291,-0.1001,-0.4963,2.674,2.214,1.49741447210711,1.49806217297027,-247,247,1880,165.234375,127.44140625,-255,0,146.375886411529,247.283379488286,Giro_Off_intento4_180deg_2000_pulsos_Mu_1.00,TIEMPO_MAXIMO
34.373340579,123.855652911027,131.061,0.8347,-0.0972,-0.4917,2.674,2.214,1.49741447210711,1.49790024775448,-247,247,1880,165.234375,127.44140625,-255,0,147.500891722672,248.261644976236,Giro_Off_intento4_180deg_2000_pulsos_Mu_1.00,TIEMPO_MAXIMO
34.421446692,123.342652911027,130.548,0.8516,-0.1013,-0.4839,2.669,2.214,1.51162631416732,1.50133176435769,-249,249,1880,165.234375,127.44140625,-255,0,148.380927998756,249.026893911961,Giro_Off_intento4_180deg_2000_pulsos_Mu_1.00,TIEMPO_MAXIMO
34.469358781,122.811652911027,130.017,0.8457,-0.0913,-0.489,2.674,2.209,1.49741447210711,1.50035244129504,-250,250,1880,165.234375,127.44140625,-255,0,149.279313499835,249.808098695508,Giro_Off_intento4_180deg_2000_pulsos_Mu_1.00,TIEMPO_MAXIMO
34.517294726,122.222652911027,129.428,0.8528,-0.0957,-0.4673,2.669,2.214,1.51162631416732,1.50317090951311,-250,250,1880,165.234375,127.44140625,-255,0,150.260825754202,250.66158761235,Giro_Off_intento4_180deg_2000_pulsos_Mu_1.00,TIEMPO_MAXIMO
34.565379824,121.653652911027,128.859,0.8452,-0.1072,-0.4409,2.674,2.209,1.49741447210711,1.50173180016161,-251,251,1880,165.234375,127.44140625,-255,0,151.193931500169,251.472983913191,Giro_Off_intento4_180deg_2000_pulsos_Mu_1.00,TIEMPO_MAXIMO
34.613507176,120.938652911027,128.144,0.866,-0.1077,-0.4514,2.669,2.214,1.51162631416732,1.50420542866304,-251,251,1880,165.234375,127.44140625,-255,0,152.345311258608,252.474183703137,Giro_Off_intento4_180deg_2000_pulsos_Mu_1.00,TIEMPO_MAXIMO
34.661352074,120.347652911027,127.553,0.8635,-0.094,-0.4399,2.674,2.214,1.49741447210711,1.50250768952406,-253,253,1880,165.234375,127.44140625,-255,0,153.279109571714,253.286182236273,Giro_Off_intento4_180deg_2000_pulsos_Mu_1.00,TIEMPO_MAXIMO
34.709288768,119.658652911027,126.864,0.8699,-0.1182,-0.4485,2.678,2.209,1.48604499845895,1.49839201675778,-254,254,1880,165.234375,127.44140625,-255,0,154.347155188759,254.214917555443,Giro_Off_intento4_180deg_2000_pulsos_Mu_1.00,TIEMPO_MAXIMO
34.757261695,118.846652911027,126.052,0.8792,-0.1194,-0.4421,2.678,2.214,1.48604499845895,1.49530526218307,-254,254,1880,165.234375,127.44140625,-255,0,155.577204278612,255.284525459663,Giro_Off_intento4_180deg_2000_pulsos_Mu_1.00,TIEMPO_MAXIMO
34.805346072,118.107652911027,125.313,0.8862,-0.0952,-0.4292,2.678,2.214,1.48604499845895,1.49299019625204,-256,256,1880,165.234375,127.44140625,-255,0,156.669517085026,256.234362682632,Giro_Off_intento4_180deg_2000_pulsos_Mu_1.00,TIEMPO_MAXIMO
34.853270118,117.563652911027,124.769,0.8757,-0.1191,-0.4302,2.683,2.209,1.47183315639875,1.48770093628872,-257,257,1880,165.234375,127.44140625,-255,0,157.456956862618,256.919092924016,Giro_Off_intento4_180deg_2000_pulsos_Mu_1.00,TIEMPO_MAXIMO
34.901297222,116.968652911027,124.174,0.9048,-0.0886,-0.4441,2.683,2.209,1.47183315639875,1.48373399131623,-257,257,1880,165.234375,127.44140625,-255,0,158.301963970844,257.653881713778,Giro_Off_intento4_180deg_2000_pulsos_Mu_1.00,TIEMPO_MAXIMO
34.949465223,116.558652911027,123.764,0.8997,-0.1196,-0.4067,2.678,2.209,1.48604499845895,1.48431174310191,-258,258,1880,165.234375,127.44140625,-255,0,158.874308445561,258.151572561358,Giro_Off_intento4_180deg_2000_pulsos_Mu_1.00,TIEMPO_MAXIMO
34.997356491,116.086652911027,123.292,0.8867,-0.1187,-0.3943,2.678,2.214,1.48604499845895,1.48474505694117,-258,258,1880,165.234375,127.44140625,-255,0,159.523127107131,258.715762701853,Giro_Off_intento4_180deg_2000_pulsos_Mu_1.00,TIEMPO_MAXIMO
35.045311875,115.403652911027,122.609,0.895,-0.1289,-0.3994,2.683,2.219,1.47183315639875,1.48151708180556,-260,260,1880,165.234375,127.44140625,-255,0,160.442811498422,259.515488259498,Giro_Off_intento4_180deg_2000_pulsos_Mu_1.00,TIEMPO_MAXIMO
35.123864021,114.237652911027,121.443,0.9167,-0.1182,-0.3989,2.683,2.214,1.47183315639875,1.47909610045386,-260,260,1880,165.234375,127.44140625,-255,0,161.960119855208,260.834886830615,Giro_Off_intento4_180deg_2000_pulsos_Mu_1.00,TIEMPO_MAXIMO
35.173589855,113.752652911027,120.958,0.9065,-0.1284,-0.3809,2.688,2.219,1.45762131433854,1.47372740392503,-261,261,1880,165.234375,127.44140625,-255,0,162.571530526013,261.36654828349,Giro_Off_intento4_180deg_2000_pulsos_Mu_1.00,TIEMPO_MAXIMO
35.221253158,113.236652911027,120.442,0.9121,-0.1248,-0.3816,2.688,2.219,1.45762131433854,1.46970088152841,-262,262,1880,165.234375,127.44140625,-255,0,163.209230636935,261.921070119074,Giro_Off_intento4_180deg_2000_pulsos_Mu_1.00,TIEMPO_MAXIMO
35.269318161,112.744652911027,119.95,0.9089,-0.1338,-0.3704,2.688,2.214,1.45762131433854,1.46668098973094,-262,262,1880,165.234375,127.44140625,-255,0,163.804943026262,262.439080892401,Giro_Off_intento4_180deg_2000_pulsos_Mu_1.00,TIEMPO_MAXIMO
35.317342025,112.316652911027,119.522,0.9106,-0.1299,-0.3616,2.703,2.214,1.41498578815793,1.45375718933769,-262,262,1880,165.234375,127.44140625,-255,0,164.313342073477,262.881167020415,Giro_Off_intento4_180deg_2000_pulsos_Mu_1.00,TIEMPO_MAXIMO
35.365305068,111.822652911027,119.028,0.897,-0.126,-0.3596,2.688,2.214,1.45762131433854,1.4547232205879,-263,263,1880,165.234375,127.44140625,-255,0,164.888738667506,263.381511884787,Giro_Off_intento4_180deg_2000_pulsos_Mu_1.00,TIEMPO_MAXIMO
35.429265282,111.158652911027,118.364,0.9126,-0.1309,-0.3545,2.698,2.214,1.42919763021814,1.44834182299546,-263,263,1880,165.234375,127.44140625,-255,0,165.642828313545,264.037242011779,Giro_Off_intento4_180deg_2000_pulsos_Mu_1.00,TIEMPO_MAXIMO
35.477233211,110.599652911027,117.805,0.9312,-0.1353,-0.332,2.698,2.214,1.42919763021814,1.44355577480113,-264,264,1880,165.234375,127.44140625,-255,0,166.260428224346,264.574285412475,Giro_Off_intento4_180deg_2000_pulsos_Mu_1.00,TIEMPO_MAXIMO
35.525276414,110.198652911027,117.404,0.9387,-0.1292,-0.3408,2.698,2.214,1.42919763021814,1.43996623865538,-265,265,1880,165.234375,127.44140625,-255,0,166.693720133604,264.951060985743,Giro_Off_intento4_180deg_2000_pulsos_Mu_1.00,TIEMPO_MAXIMO
35.573254041,109.860652911027,117.066,0.9355,-0.1299,-0.3232,2.698,2.219,1.42919763021814,1.43727408654607,-265,265,1880,165.234375,127.44140625,-255,0,167.052597936389,265.263128640338,Giro_Off_intento4_180deg_2000_pulsos_Mu_1.00,TIEMPO_MAXIMO
35.621251331,109.561652911027,116.767,0.9529,-0.1423,-0.3103,2.698,2.214,1.42919763021814,1.43525497246409,-265,265,1880,165.234375,127.44140625,-255,0,167.365221113871,265.534974881627,Giro_Off_intento4_180deg_2000_pulsos_Mu_1.00,TIEMPO_MAXIMO
35.669254794,109.460652911027,116.666,0.9407,-0.1279,-0.3,2.698,2.209,1.42919763021814,1.4337406369026,-266,266,1880,165.234375,127.44140625,-255,0,167.469793502618,265.625907393581,Giro_Off_intento4_180deg_2000_pulsos_Mu_1.00,TIEMPO_MAXIMO
35.717195587,109.191652911027,116.397,0.9631,-0.1392,-0.3027,2.703,2.214,1.41498578815793,1.42905192471643,-266,266,1880,165.234375,127.44140625,-255,0,167.745768486881,265.865885640766,Giro_Off_intento4_180deg_2000_pulsos_Mu_1.00,TIEMPO_MAXIMO
35.765519623,109.086652911027,116.292,0.959,-0.1335,-0.2813,2.713,2.214,1.38656210403753,1.41842946954671,-266,266,1880,165.234375,127.44140625,-255,0,167.852488084197,265.958685290606,Giro_Off_intento4_180deg_2000_pulsos_Mu_1.00,TIEMPO_MAXIMO
35.813228344,108.803652911027,116.009,0.9431,-0.1533,-0.2446,2.722,2.219,1.36098078832916,1.40406729924232,-266,266,1880,165.234375,127.44140625,-255,0,168.137314624152,266.206360542741,Giro_Off_intento4_180deg_2000_pulsos_Mu_1.00,TIEMPO_MAXIMO
35.861214309,108.249652911027,115.455,0.9563,-0.158,-0.2346,2.722,2.214,1.36098078832916,1.39329567151403,-267,267,1880,165.234375,127.44140625,-255,0,168.683009209362,266.680877573359,Giro_Off_intento4_180deg_2000_pulsos_Mu_1.00,TIEMPO_MAXIMO
35.909213777,107.414652911027,114.62,0.9529,-0.1572,-0.2444,2.722,2.214,1.36098078832916,1.38521695071781,-267,267,1880,165.234375,127.44140625,-255,0,169.475677626108,267.370154457486,Giro_Off_intento4_180deg_2000_pulsos_Mu_1.00,TIEMPO_MAXIMO
35.95722633,106.646652911027,113.852,0.9636,-0.1492,-0.2334,2.727,2.214,1.34676894626896,1.3756049496056,-268,268,1880,165.234375,127.44140625,-255,0,170.172969092949,267.976494863434,Giro_Off_intento4_180deg_2000_pulsos_Mu_1.00,TIEMPO_MAXIMO
36.005280432,105.626652911027,112.832,0.9604,-0.1616,-0.2336,2.722,2.214,1.36098078832916,1.37194890928649,-268,268,1880,165.234375,127.44140625,-255,0,171.051769901063,268.740669479185,Giro_Off_intento4_180deg_2000_pulsos_Mu_1.00,TIEMPO_MAXIMO
36.053133139,104.700652911027,111.906,0.9851,-0.166,-0.2249,2.722,2.214,1.36098078832916,1.36920687904716,-269,269,1880,165.234375,127.44140625,-255,0,171.802644685725,269.393604074543,Giro_Off_intento4_180deg_2000_pulsos_Mu_1.00,TIEMPO_MAXIMO
36.101432352,103.974652911027,111.18,0.978,-0.1477,-0.2258,2.722,2.219,1.36098078832916,1.36715035636766,-270,270,1880,165.234375,127.44140625,-255,0,172.359970147785,269.878234911117,Giro_Off_intento4_180deg_2000_pulsos_Mu_1.00,TIEMPO_MAXIMO
36.149332392,103.413652911027,110.619,0.9817,-0.1504,-0.2148,2.722,2.219,1.36098078832916,1.36560796435804,-270,270,1880,165.234375,127.44140625,-255,0,172.771681395594,270.236244691821,Giro_Off_intento4_180deg_2000_pulsos_Mu_1.00,TIEMPO_MAXIMO
36.197168878,103.111652911027,110.317,0.9744,-0.1458,-0.208,2.717,2.214,1.37519263038937,1.36800413086587,-270,270,1880,165.234375,127.44140625,-255,0,172.986459842985,270.423008559117,Giro_Off_intento4_180deg_2000_pulsos_Mu_1.00,TIEMPO_MAXIMO
36.245226616,102.770652911027,109.976,0.9814,-0.1455,-0.2048,2.722,2.209,1.36098078832916,1.36624829523169,-271,271,1880,165.234375,127.44140625,-255,0,173.223197292158,270.628867210572,Giro_Off_intento4_180deg_2000_pulsos_Mu_1.00,TIEMPO_MAXIMO
36.293268531,102.438652911027,109.644,0.9919,-0.157,-0.2124,2.737,2.214,1.31834526214855,1.35427253696091,-271,271,1880,165.234375,127.44140625,-255,0,173.447791624031,270.824166629592,Giro_Off_intento4_180deg_2000_pulsos_Mu_1.00,TIEMPO_MAXIMO
36.34154065,102.050652911027,109.256,0.9812,-0.1465,-0.179,2.737,2.209,1.31834526214855,1.34529071825782,-271,271,1880,165.234375,127.44140625,-255,0,173.702888808213,271.045990268012,Giro_Off_intento4_180deg_2000_pulsos_Mu_1.00,TIEMPO_MAXIMO
36.389253972,101.621652911027,108.827,0.9771,-0.1506,-0.1738,2.742,2.209,1.30413342008835,1.33500139371545,-271,271,1880,165.234375,127.44140625,-255,0,173.975668900493,271.283190348255,Giro_Off_intento4_180deg_2000_pulsos_Mu_1.00,TIEMPO_MAXIMO
36.45329731,100.795652911027,108.001,0.991,-0.1472,-0.1543,2.752,2.214,1.27570973596794,1.32017847927857,-271,271,1880,165.234375,127.44140625,-255,0,174.473400529474,271.716000460412,Giro_Off_intento4_180deg_2000_pulsos_Mu_1.00,TIEMPO_MAXIMO
36.501176898,100.043652911027,107.249,1.0034,-0.1633,-0.1587,2.747,2.209,1.28992157802815,1.31261425396597,-272,272,1880,165.234375,127.44140625,-255,0,174.895010298268,272.082617650667,Giro_Off_intento4_180deg_2000_pulsos_Mu_1.00,TIEMPO_MAXIMO
36.549482151,99.5066529110273,106.712,0.9932,-0.1384,-0.1404,2.737,2.209,1.31834526214855,1.31404700601161,-273,273,1880,165.234375,127.44140625,-255,0,175.177645675258,272.328387543703,Giro_Off_intento4_180deg_2000_pulsos_Mu_1.00,TIEMPO_MAXIMO
36.59726083,98.9556529110273,106.161,1.0056,-0.1489,-0.1421,2.752,2.209,1.27570973596794,1.3044626885007,-273,273,1880,165.234375,127.44140625,-255,0,175.451654486359,272.566656075095,Giro_Off_intento4_180deg_2000_pulsos_Mu_1.00,TIEMPO_MAXIMO
36.645223159,98.4866529110273,105.692,0.9907,-0.1487,-0.1238,2.752,2.209,1.27570973596794,1.29727445036751,-273,273,1880,165.234375,127.44140625,-255,0,175.672102603479,272.758350089982,Giro_Off_intento4_180deg_2000_pulsos_Mu_1.00,TIEMPO_MAXIMO
36.69318535,98.0126529110273,105.218,1.0059,-0.1487,-0.1262,2.747,2.209,1.28992157802815,1.29543623228267,-273,273,1880,165.234375,127.44140625,-255,0,175.882941304032,272.941688090463,Giro_Off_intento4_180deg_2000_pulsos_Mu_1.00,TIEMPO_MAXIMO
36.741272773,97.6496529110273,104.855,1.0078,-0.1494,-0.1199,2.752,2.209,1.27570973596794,1.29050460820399,-273,273,1880,165.234375,127.44140625,-255,0,176.036267984878,273.075015639024,Giro_Off_intento4_180deg_2000_pulsos_Mu_1.00,TIEMPO_MAXIMO
36.789271197,97.4306529110273,104.636,1.0134,-0.1624,-0.1018,2.752,2.209,1.27570973596794,1.28680589014498,-273,273,1880,165.234375,127.44140625,-255,0,176.12535386601,273.152481622618,Giro_Off_intento4_180deg_2000_pulsos_Mu_1.00,TIEMPO_MAXIMO
36.837185934,97.2006529110273,104.406,1.0134,-0.1431,-0.0903,2.752,2.209,1.27570973596794,1.28403185160072,-273,273,1880,165.234375,127.44140625,-255,0,176.216144099187,273.231429651467,Giro_Off_intento4_180deg_2000_pulsos_Mu_1.00,TIEMPO_MAXIMO
36.885269284,96.8836529110273,104.089,1.0093,-0.1462,-0.0806,2.747,2.214,1.28992157802815,1.28550428320757,-273,273,1880,165.234375,127.44140625,-255,0,176.336622537089,273.336193510512,Giro_Off_intento4_180deg_2000_pulsos_Mu_1.00,TIEMPO_MAXIMO
36.933287402,96.4666529110273,103.672,1.0127,-0.165,-0.0708,2.761,2.209,1.25012842025958,1.27666031747058,-273,273,1880,165.234375,127.44140625,-255,0,176.486885722116,273.466857149666,Giro_Off_intento4_180deg_2000_pulsos_Mu_1.00,TIEMPO_MAXIMO
36.981260455,96.0776529110273,103.283,1.009,-0.1621,-0.064,2.752,2.219,1.27570973596794,1.27642267209492,-274,274,1880,165.234375,127.44140625,-255,0,176.61863153577,273.581418726756,Giro_Off_intento4_180deg_2000_pulsos_Mu_1.00,TIEMPO_MAXIMO
37.029214481,95.5106529110273,102.716,1.0059,-0.1599,-0.0427,2.757,2.209,1.26149789390774,1.27269147754812,-274,274,1880,165.234375,127.44140625,-255,0,176.796079051685,273.735720914509,Giro_Off_intento4_180deg_2000_pulsos_Mu_1.00,TIEMPO_MAXIMO
37.077344955,94.8696529110273,102.075,1.0083,-0.1914,-0.0044,2.747,2.209,1.28992157802815,1.27699900266813,-274,274,1880,165.234375,127.44140625,-255,0,176.975834050638,273.89202960925,Giro_Off_intento4_180deg_2000_pulsos_Mu_1.00,TIEMPO_MAXIMO
37.125228031,94.3266529110273,101.532,1.0232,-0.1653,-0.0181,2.752,2.209,1.27570973596794,1.27667668599308,-274,274,1880,165.234375,127.44140625,-255,0,177.110778337309,274.009372467225,Giro_Off_intento4_180deg_2000_pulsos_Mu_1.00,TIEMPO_MAXIMO
37.173019981,93.8906529110273,101.096,1.0369,-0.1821,-0.0107,2.752,2.209,1.27570973596794,1.2764349484868,-274,274,1880,165.234375,127.44140625,-255,0,177.207617671007,274.093580583485,Giro_Off_intento4_180deg_2000_pulsos_Mu_1.00,TIEMPO_MAXIMO
37.221449572,93.6056529110273,100.811,1.0381,-0.1665,0.0327,2.761,2.209,1.25012842025958,1.26985831642999,-274,274,1880,165.234375,127.44140625,-255,0,177.265372869345,274.143802495082,Giro_Off_intento4_180deg_2000_pulsos_Mu_1.00,TIEMPO_MAXIMO
37.269173498,93.3266529110273,100.532,1.0188,-0.187,0.0227,2.766,2.209,1.23591657819937,1.26137288187234,-274,274,1880,165.234375,127.44140625,-255,0,177.317663722569,274.189272802234,Giro_Off_intento4_180deg_2000_pulsos_Mu_1.00,TIEMPO_MAXIMO
37.31713635,92.8786529110273,100.084,1.0356,-0.1833,0.0129,2.766,2.214,1.23591657819937,1.2550088059541,-274,274,1880,165.234375,127.44140625,-255,0,177.392832415296,274.254636882866,Giro_Off_intento4_180deg_2000_pulsos_Mu_1.00,TIEMPO_MAXIMO
37.365427652,92.3566529110273,99.562,1.0164,-0.1917,0.0603,2.771,2.209,1.22170473613917,1.24668278850037,-274,274,1880,165.234375,127.44140625,-255,0,177.466736618416,274.318901407318,Giro_Off_intento4_180deg_2000_pulsos_Mu_1.00,TIEMPO_MAXIMO
37.41307912,91.6936529110273,98.899,0.9917,-0.2012,0.075,2.771,2.209,1.22170473613917,1.24043827541007,-274,274,1880,165.234375,127.44140625,-255,0,177.5393668892,274.382058164522,Giro_Off_intento4_180deg_2000_pulsos_Mu_1.00,TIEMPO_MAXIMO
37.4610677,90.8636529110273,98.069,0.9832,-0.1887,0.1035,2.771,2.209,1.22170473613917,1.23575489059234,-274,274,1880,165.234375,127.44140625,-255,0,177.596782512825,274.431984793761,Giro_Off_intento4_180deg_2000_pulsos_Mu_1.00,TIEMPO_MAXIMO
37.509345907,89.6536529110273,96.859,1.0273,-0.2107,0.0913,2.771,2.209,1.22170473613917,1.23224235197905,-274,274,1880,165.234375,127.44140625,-255,0,177.61371545263,274.446709089244,Giro_Off_intento4_180deg_2000_pulsos_Mu_1.00,TIEMPO_MAXIMO
37.557137756,88.5466529110273,95.752,1.0295,-0.2107,0.1023,2.771,2.204,1.22170473613917,1.22960794801908,-274,274,1880,165.234375,127.44140625,-255,0,177.559822634081,274.399845768766,Giro_Off_intento4_180deg_2000_pulsos_Mu_1.00,TIEMPO_MAXIMO
37.605063259,87.5446529110273,94.75,1.0103,-0.1941,0.106,2.776,2.204,1.20749289407897,1.22407918453405,-274,274,1880,165.234375,127.44140625,-255,0,177.453892667792,274.307732754602,Giro_Off_intento4_180deg_2000_pulsos_Mu_1.00,TIEMPO_MAXIMO
37.653130277,86.6876529110273,93.893,0.999,-0.2144,0.0947,2.776,2.209,1.20749289407897,1.21993261192028,-274,274,1880,165.234375,127.44140625,-255,0,177.320231643655,274.191505777091,Giro_Off_intento4_180deg_2000_pulsos_Mu_1.00,TIEMPO_MAXIMO
37.701127113,85.6446529110273,92.85,1.0251,-0.2007,0.0972,2.776,2.209,1.20749289407897,1.21682268245995,-274,274,1880,165.234375,127.44140625,-255,0,177.104045359832,274.003517704201,Giro_Off_intento4_180deg_2000_pulsos_Mu_1.00,TIEMPO_MAXIMO
37.749182648,84.7736529110273,91.979,1.0205,-0.1987,0.095,2.776,2.204,1.20749289407897,1.21449023536471,-274,274,1880,165.234375,127.44140625,-255,0,176.878538757359,273.807425006399,Giro_Off_intento4_180deg_2000_pulsos_Mu_1.00,TIEMPO_MAXIMO
37.797112197,84.1656529110273,91.371,1.0613,-0.1882,0.0461,2.771,2.209,1.22170473613917,1.21629386055832,-274,274,1880,165.234375,127.44140625,-255,0,176.69689581473,273.649474621505,Giro_Off_intento4_180deg_2000_pulsos_Mu_1.00,TIEMPO_MAXIMO
37.845078667,83.7466529110273,90.952,1.0354,-0.2014,0.1082,2.776,2.219,1.20749289407897,1.21409361893848,-274,274,1880,165.234375,127.44140625,-255,0,176.560135532687,273.530552637119,Giro_Off_intento4_180deg_2000_pulsos_Mu_1.00,TIEMPO_MAXIMO
37.892979649,83.4006529110273,90.606,1.0176,-0.1943,0.1106,2.771,2.209,1.22170473613917,1.21599639823866,-273,273,1880,165.234375,127.44140625,-255,0,176.440083967033,273.426159971333,Giro_Off_intento4_180deg_2000_pulsos_Mu_1.00,TIEMPO_MAXIMO
37.941060514,83.0666529110273,90.272,1.0042,-0.2065,0.1233,2.766,2.204,1.23591657819937,1.22097644322884,-273,273,1880,165.234375,127.44140625,-255,0,176.318092530246,273.320080461084,Giro_Off_intento4_180deg_2000_pulsos_Mu_1.00,TIEMPO_MAXIMO
37.989205751,82.6426529110273,89.848,1.0085,-0.2029,0.1426,2.776,2.214,1.20749289407897,1.21760555594137,-273,273,1880,165.234375,127.44140625,-255,0,176.154598819919,273.177912017321,Giro_Off_intento4_180deg_2000_pulsos_Mu_1.00,TIEMPO_MAXIMO
38.037072954,82.1656529110273,89.371,1.0186,-0.1995,0.1631,2.771,2.209,1.22170473613917,1.21863035099082,-273,273,1880,165.234375,127.44140625,-255,0,175.959138049697,273.007946130171,Giro_Off_intento4_180deg_2000_pulsos_Mu_1.00,TIEMPO_MAXIMO
38.085359882,81.7626529110273,88.968,1.0117,-0.2107,0.137,2.771,2.209,1.22170473613917,1.21939894727791,-273,273,1880,165.234375,127.44140625,-255,0,175.784495427909,272.856082980791,Giro_Off_intento4_180deg_2000_pulsos_Mu_1.00,TIEMPO_MAXIMO
38.133142049,81.2096529110273,88.415,1.0164,-0.2043,0.1606,2.771,2.204,1.22170473613917,1.21997539449322,-273,273,1880,165.234375,127.44140625,-255,0,175.530696927354,272.635388632482,Giro_Off_intento4_180deg_2000_pulsos_Mu_1.00,TIEMPO_MAXIMO
38.181030138,80.6826529110273,87.888,1.0171,-0.1982,0.1609,2.766,2.204,1.23591657819937,1.22396069041976,-273,273,1880,165.234375,127.44140625,-255,0,175.273614434275,272.4118386385,Giro_Off_intento4_180deg_2000_pulsos_Mu_1.00,TIEMPO_MAXIMO
38.229131201,80.0686529110273,87.274,1.0168,-0.2085,0.1687,2.776,2.204,1.20749289407897,1.21984374133456,-272,272,1880,165.234375,127.44140625,-255,0,174.955390776099,272.135122413999,Giro_Off_intento4_180deg_2000_pulsos_Mu_1.00,TIEMPO_MAXIMO
38.277337974,79.4776529110273,86.683,1.0007,-0.2117,0.1738,2.766,2.214,1.23591657819937,1.22386195055077,-272,272,1880,165.234375,127.44140625,-255,0,174.630110320594,271.852269843995,Giro_Off_intento4_180deg_2000_pulsos_Mu_1.00,TIEMPO_MAXIMO
38.325127271,78.8996529110273,86.105,0.999,-0.2007,0.1714,2.766,2.204,1.23591657819937,1.22687560746292,-272,272,1880,165.234375,127.44140625,-255,0,174.294013259565,271.560011530057,Giro_Off_intento4_180deg_2000_pulsos_Mu_1.00,TIEMPO_MAXIMO
38.373050418,78.3076529110273,85.513,1.0337,-0.2131,0.1685,2.781,2.204,1.19328105201876,1.21847696860188,-272,272,1880,165.234375,127.44140625,-255,0,173.931388727703,271.244685850177,Giro_Off_intento4_180deg_2000_pulsos_Mu_1.00,TIEMPO_MAXIMO
38.421043949,77.9556529110273,85.161,1.0291,-0.219,0.1802,2.771,2.209,1.22170473613917,1.2192839104862,-271,271,1880,165.234375,127.44140625,-255,0,173.706968927421,271.049538197757,Giro_Off_intento4_180deg_2000_pulsos_Mu_1.00,TIEMPO_MAXIMO
38.469117381,77.7926529110273,84.998,1.0083,-0.2156,0.2017,2.771,2.209,1.22170473613917,1.21988911689944,-271,271,1880,165.234375,127.44140625,-255,0,173.600825802796,270.957239828518,Giro_Off_intento4_180deg_2000_pulsos_Mu_1.00,TIEMPO_MAXIMO
38.51706745,77.6006529110273,84.806,1.0103,-0.2092,0.2046,2.771,2.214,1.22170473613917,1.22034302170938,-271,271,1880,165.234375,127.44140625,-255,0,173.473996172868,270.846953193798,Giro_Off_intento4_180deg_2000_pulsos_Mu_1.00,TIEMPO_MAXIMO
38.565057113,77.3696529110273,84.575,1.0027,-0.2085,0.1946,2.776,2.209,1.20749289407897,1.21713048980177,-271,271,1880,165.234375,127.44140625,-255,0,173.318822672296,270.71201971504,Giro_Off_intento4_180deg_2000_pulsos_Mu_1.00,TIEMPO_MAXIMO
38.613290632,77.0236529110273,84.229,1.0173,-0.2061,0.2075,2.776,2.209,1.20749289407897,1.21472109087107,-271,271,1880,165.234375,127.44140625,-255,0,173.081128954595,270.505329525735,Giro_Off_intento4_180deg_2000_pulsos_Mu_1.00,TIEMPO_MAXIMO
38.661077334,76.7296529110273,83.935,1.001,-0.1895,0.2136,2.771,2.209,1.22170473613917,1.2164670021881,-271,271,1880,165.234375,127.44140625,-255,0,172.874197430109,270.32538906966,Giro_Off_intento4_180deg_2000_pulsos_Mu_1.00,TIEMPO_MAXIMO
38.709015349,76.1836529110273,83.389,0.9844,-0.1992,0.23,2.766,2.214,1.23591657819937,1.22132939619092,-270,270,1880,165.234375,127.44140625,-255,0,172.477824167615,269.980716667491,Giro_Off_intento4_180deg_2000_pulsos_Mu_1.00,TIEMPO_MAXIMO
38.757146588,75.7066529110273,82.912,1.002,-0.2144,0.2258,2.771,2.209,1.22170473613917,1.22142323117798,-270,270,1880,165.234375,127.44140625,-255,0,172.118721915392,269.668453839472,Giro_Off_intento4_180deg_2000_pulsos_Mu_1.00,TIEMPO_MAXIMO
38.804990744,75.1036529110273,82.309,1.0149,-0.2092,0.2244,2.766,2.209,1.23591657819937,1.22504656793333,-270,270,1880,165.234375,127.44140625,-255,0,171.647693410246,269.258863834997,Giro_Off_intento4_180deg_2000_pulsos_Mu_1.00,TIEMPO_MAXIMO
38.852915434,74.5786529110273,81.784,0.9993,-0.2097,0.2361,2.771,2.209,1.22170473613917,1.22421110998479,-269,269,1880,165.234375,127.44140625,-255,0,171.222110078991,268.888791373035,Giro_Off_intento4_180deg_2000_pulsos_Mu_1.00,TIEMPO_MAXIMO
38.901271214,74.0976529110273,81.303,1.0222,-0.2202,0.2407,2.776,2.204,1.20749289407897,1.22003155600833,-269,269,1880,165.234375,127.44140625,-255,0,170.819574796049,268.538760692217,Giro_Off_intento4_180deg_2000_pulsos_Mu_1.00,TIEMPO_MAXIMO
38.949090793,73.7176529110273,80.923,1.0076,-0.2207,0.23,2.771,2.214,1.22170473613917,1.22044985104104,-268,268,1880,165.234375,127.44140625,-255,0,170.493049827315,268.254825936796,Giro_Off_intento4_180deg_2000_pulsos_Mu_1.00,TIEMPO_MAXIMO
39.013007189,73.4606529110273,80.666,1.0125,-0.2163,0.2495,2.776,2.219,1.20749289407897,1.21721061180052,-267,267,1880,165.234375,127.44140625,-255,0,170.267963832964,268.059098985186,Giro_Off_intento4_180deg_2000_pulsos_Mu_1.00,TIEMPO_MAXIMO
39.061089867,73.1426529110273,80.348,0.9873,-0.2163,0.2556,2.771,2.214,1.22170473613917,1.21833414288519,-268,268,1880,165.234375,127.44140625,-255,0,169.984711365466,267.81279249171,Giro_Off_intento4_180deg_2000_pulsos_Mu_1.00,TIEMPO_MAXIMO
39.109314722,72.7456529110273,79.951,0.9973,-0.2083,0.2493,2.771,2.209,1.22170473613917,1.21917679119868,-267,267,1880,165.234375,127.44140625,-255,0,169.623743145662,267.498907083184,Giro_Off_intento4_180deg_2000_pulsos_Mu_1.00,TIEMPO_MAXIMO
39.157043441,72.3866529110273,79.592,0.989,-0.2322,0.2583,2.771,2.214,1.22170473613917,1.2198087774338,-267,267,1880,165.234375,127.44140625,-255,0,169.290313814842,267.208968534645,Giro_Off_intento4_180deg_2000_pulsos_Mu_1.00,TIEMPO_MAXIMO
39.204850562,71.9396529110273,79.145,1.1267,-0.2288,0.2437,2.766,2.209,1.23591657819937,1.2238357276252,-267,267,1880,165.234375,127.44140625,-255,0,168.865864401424,266.839882088195,Giro_Off_intento4_180deg_2000_pulsos_Mu_1.00,TIEMPO_MAXIMO
39.253010917,71.7236529110273,78.929,1.0188,-0.2327,0.2583,2.766,2.214,1.23591657819937,1.22685594026874,-267,267,1880,165.234375,127.44140625,-255,0,168.657076456279,266.658327353286,Giro_Off_intento4_180deg_2000_pulsos_Mu_1.00,TIEMPO_MAXIMO
39.300948346,71.4976529110273,78.703,1.0042,-0.2083,0.2651,2.757,2.214,1.26149789390774,1.23551642867849,-267,267,1880,165.234375,127.44140625,-255,0,168.436056435177,266.466136030588,Giro_Off_intento4_180deg_2000_pulsos_Mu_1.00,TIEMPO_MAXIMO
39.348958725,71.3386529110273,78.544,1.03,-0.2166,0.249,2.766,2.214,1.23591657819937,1.23561646605871,-265,265,1880,165.234375,127.44140625,-255,0,168.278989418759,266.329556016312,Giro_Off_intento4_180deg_2000_pulsos_Mu_1.00,TIEMPO_MAXIMO
39.397072532,71.2986529110273,78.504,1.0237,-0.1755,0.3186,2.757,2.214,1.26149789390774,1.24208682302097,-266,266,1880,165.234375,127.44140625,-255,0,168.239271638709,266.295018816268,Giro_Off_intento4_180deg_2000_pulsos_Mu_1.00,TIEMPO_MAXIMO
39.445027935,71.1466529110273,78.352,0.9961,-0.2268,0.2729,2.757,2.214,1.26149789390774,1.24693959074266,-266,266,1880,165.234375,127.44140625,-255,0,168.087596420058,266.16312732179,Giro_Off_intento4_180deg_2000_pulsos_Mu_1.00,TIEMPO_MAXIMO
39.493060401,71.0626529110273,78.268,1.0027,-0.2239,0.2925,2.766,2.214,1.23591657819937,1.24418383760684,-266,266,1880,165.234375,127.44140625,-255,0,168.003268317866,266.089798537275,Giro_Off_intento4_180deg_2000_pulsos_Mu_1.00,TIEMPO_MAXIMO
39.54109115,70.9656529110273,78.171,0.998,-0.2129,0.2891,2.766,2.204,1.23591657819937,1.24211702275497,-267,267,1880,165.234375,127.44140625,-255,0,167.905440194851,266.004730604218,Giro_Off_intento4_180deg_2000_pulsos_Mu_1.00,TIEMPO_MAXIMO
39.589000514,70.8616529110273,78.067,0.998,-0.2207,0.3113,2.761,2.219,1.25012842025958,1.24411987213112,-266,266,1880,165.234375,127.44140625,-255,0,167.800017730401,265.913058896001,Giro_Off_intento4_180deg_2000_pulsos_Mu_1.00,TIEMPO_MAXIMO
39.637036552,70.7016529110273,77.907,0.9888,-0.2063,0.3328,2.776,2.214,1.20749289407897,1.23496312761809,-266,266,1880,165.234375,127.44140625,-255,0,167.636749901398,265.771086870781,Giro_Off_intento4_180deg_2000_pulsos_Mu_1.00,TIEMPO_MAXIMO
39.685033231,70.5766529110273,77.782,1.0032,-0.2178,0.3245,2.761,2.209,1.25012842025958,1.23875445077846,-266,266,1880,165.234375,127.44140625,-255,0,167.50828724899,265.659380216513,Giro_Off_intento4_180deg_2000_pulsos_Mu_1.00,TIEMPO_MAXIMO
39.73294244,70.4686529110273,77.674,1.0073,-0.2158,0.3064,2.761,2.209,1.25012842025958,1.24159794314874,-266,266,1880,165.234375,127.44140625,-255,0,167.396653486739,265.562307379773,Giro_Off_intento4_180deg_2000_pulsos_Mu_1.00,TIEMPO_MAXIMO
39.781042036,70.4246529110273,77.63,0.9973,-0.2102,0.3352,2.766,2.214,1.23591657819937,1.2401776019114,-266,266,1880,165.234375,127.44140625,-255,0,167.351002525561,265.522610891792,Giro_Off_intento4_180deg_2000_pulsos_Mu_1.00,TIEMPO_MAXIMO
39.828947113,70.5386529110273,77.744,0.9944,-0.2031,0.344,2.761,2.219,1.25012842025958,1.24266530649844,-266,266,1880,165.234375,127.44140625,-255,0,167.46907654716,265.625283954052,Giro_Off_intento4_180deg_2000_pulsos_Mu_1.00,TIEMPO_MAXIMO
39.877021394,70.6076529110273,77.813,0.9468,-0.1787,0.3606,2.766,2.214,1.23591657819937,1.24097812442367,-266,266,1880,165.234375,127.44140625,-255,0,167.540220355338,265.687148135077,Giro_Off_intento4_180deg_2000_pulsos_Mu_1.00,TIEMPO_MAXIMO
39.925650533,70.3106529110273,77.516,0.9768,-0.21,0.4048,2.761,2.214,1.25012842025958,1.24326569838265,-266,266,1880,165.234375,127.44140625,-255,0,167.232265993695,265.419361733648,Giro_Off_intento4_180deg_2000_pulsos_Mu_1.00,TIEMPO_MAXIMO
39.973123177,69.7346529110273,76.94,0.9612,-0.2122,0.3967,2.757,2.214,1.26149789390774,1.24782374726392,-265,265,1880,165.234375,127.44140625,-255,0,166.622220684763,264.888887551967,Giro_Off_intento4_180deg_2000_pulsos_Mu_1.00,TIEMPO_MAXIMO
40.020923969,69.0086529110273,76.214,0.9585,-0.21,0.4148,2.757,2.209,1.26149789390774,1.25124228392488,-264,264,1880,165.234375,127.44140625,-255,0,165.829328787665,264.1994163371,Giro_Off_intento4_180deg_2000_pulsos_Mu_1.00,TIEMPO_MAXIMO
40.068908028,68.4876529110273,75.693,0.9956,-0.2095,0.4229,2.757,2.209,1.26149789390774,1.25380618642059,-264,264,1880,165.234375,127.44140625,-255,0,165.243908456873,263.69035517989,Giro_Off_intento4_180deg_2000_pulsos_Mu_1.00,TIEMPO_MAXIMO
40.116981861,68.1776529110273,75.383,0.9622,-0.2012,0.4326,2.761,2.224,1.25012842025958,1.25288674488034,-264,264,1880,165.234375,127.44140625,-255,0,164.88909108791,263.381818337313,Giro_Off_intento4_180deg_2000_pulsos_Mu_1.00,TIEMPO_MAXIMO
40.164899723,67.9406529110273,75.146,1.0112,-0.1829,0.4402,2.761,2.219,1.25012842025958,1.25219716372515,-263,263,1880,165.234375,127.44140625,-255,0,164.614571179674,263.14310537363,Giro_Off_intento4_180deg_2000_pulsos_Mu_1.00,TIEMPO_MAXIMO
40.212913165,67.9866529110273,75.192,0.967,-0.1892,0.4731,2.761,2.214,1.25012842025958,1.25167997785876,-263,263,1880,165.234375,127.44140625,-255,0,164.668073955955,263.189629526917,Giro_Off_intento4_180deg_2000_pulsos_Mu_1.00,TIEMPO_MAXIMO
40.261039283,67.9576529110273,75.163,0.9292,-0.179,0.5,2.761,2.219,1.25012842025958,1.25129208845896,-263,263,1880,165.234375,127.44140625,-255,0,164.634356307267,263.160309832406,Giro_Off_intento4_180deg_2000_pulsos_Mu_1.00,TIEMPO_MAXIMO
40.309294737,67.7296529110273,74.935,0.9333,-0.1919,0.5078,2.757,2.214,1.26149789390774,1.25384353982116,-263,263,1880,165.234375,127.44140625,-255,0,164.367797209253,262.928519312394,Giro_Off_intento4_180deg_2000_pulsos_Mu_1.00,TIEMPO_MAXIMO
40.357084494,67.0606529110273,74.266,0.9097,-0.1892,0.5161,2.761,2.214,1.25012842025958,1.25291475993076,-263,263,1880,165.234375,127.44140625,-255,0,163.570649498358,262.235347389876,Giro_Off_intento4_180deg_2000_pulsos_Mu_1.00,TIEMPO_MAXIMO
40.404929188,66.2426529110273,73.448,0.926,-0.1777,0.5195,2.761,2.219,1.25012842025958,1.25221817501296,-261,261,1880,165.234375,127.44140625,-255,0,162.56566861188,261.361450966852,Giro_Off_intento4_180deg_2000_pulsos_Mu_1.00,TIEMPO_MAXIMO
40.452934757,65.2966529110273,72.502,0.9426,-0.2122,0.5129,2.761,2.219,1.25012842025958,1.25169573632462,-260,260,1880,165.234375,127.44140625,-255,0,161.362125093787,260.314891385901,Giro_Off_intento4_180deg_2000_pulsos_Mu_1.00,TIEMPO_MAXIMO
40.500804393,64.4366529110273,71.642,0.9382,-0.1877,0.5547,2.771,2.224,1.22170473613917,1.24419798627826,-259,259,1880,165.234375,127.44140625,-255,0,160.229814841489,259.330273775208,Giro_Off_intento4_180deg_2000_pulsos_Mu_1.00,TIEMPO_MAXIMO
40.549057096,63.8316529110273,71.037,0.9336,-0.2063,0.5298,2.761,2.219,1.25012842025958,1.24568059477359,-259,259,1880,165.234375,127.44140625,-255,0,159.411602491133,258.618784774899,Giro_Off_intento4_180deg_2000_pulsos_Mu_1.00,TIEMPO_MAXIMO
40.597007287,63.2856529110273,70.491,0.9053,-0.1714,0.5759,2.776,2.219,1.20749289407897,1.23613366959993,-259,259,1880,165.234375,127.44140625,-255,0,158.657921778112,257.963410241836,Giro_Off_intento4_180deg_2000_pulsos_Mu_1.00,TIEMPO_MAXIMO
40.644930177,62.7506529110273,69.956,0.9055,-0.1797,0.5701,2.766,2.214,1.23591657819937,1.23607939674979,-258,258,1880,165.234375,127.44140625,-255,0,157.905449306673,257.309086353629,Giro_Off_intento4_180deg_2000_pulsos_Mu_1.00,TIEMPO_MAXIMO
40.692841885,61.9436529110273,69.149,0.9019,-0.1577,0.5823,2.757,2.224,1.26149789390774,1.24243402103928,-257,257,1880,165.234375,127.44140625,-255,0,156.744386541158,256.299466557529,Giro_Off_intento4_180deg_2000_pulsos_Mu_1.00,TIEMPO_MAXIMO
40.741042575,61.0376529110273,68.243,0.9019,-0.1768,0.5854,2.771,2.219,1.22170473613917,1.23725169981425,-256,256,1880,165.234375,127.44140625,-255,0,155.403849435143,255.133782117516,Giro_Off_intento4_180deg_2000_pulsos_Mu_1.00,TIEMPO_MAXIMO
40.788941295,60.2006529110273,67.406,0.9094,-0.1868,0.5977,2.766,2.214,1.23591657819937,1.23691791941053,-255,255,1880,165.234375,127.44140625,-255,0,154.130868196004,254.026841909568,Giro_Off_intento4_180deg_2000_pulsos_Mu_1.00,TIEMPO_MAXIMO
40.836928171,59.5156529110273,66.721,0.8687,-0.1812,0.6006,2.761,2.219,1.25012842025958,1.24022054462279,-254,254,1880,165.234375,127.44140625,-255,0,153.064574717993,253.099630189559,Giro_Off_intento4_180deg_2000_pulsos_Mu_1.00,TIEMPO_MAXIMO
40.884898802,58.8996529110273,66.105,0.8921,-0.1746,0.6392,2.766,2.219,1.23591657819937,1.23914455301694,-253,253,1880,165.234375,127.44140625,-255,0,152.08700122591,252.2495662834,Giro_Off_intento4_180deg_2000_pulsos_Mu_1.00,TIEMPO_MAXIMO
40.932913303,58.3286529110273,65.534,0.8906,-0.1838,0.6372,2.761,2.219,1.25012842025958,1.2418905198276,-251,251,1880,165.234375,127.44140625,-255,0,151.165138898281,251.44794686807,Giro_Off_intento4_180deg_2000_pulsos_Mu_1.00,TIEMPO_MAXIMO
40.980815844,57.8286529110273,65.034,0.8774,-0.1677,0.6538,2.757,2.229,1.26149789390774,1.24679236334763,-251,251,1880,165.234375,127.44140625,-255,0,150.345571657146,250.735279701866,Giro_Off_intento4_180deg_2000_pulsos_Mu_1.00,TIEMPO_MAXIMO
41.029235155,57.2146529110273,64.42,0.8677,-0.1609,0.6428,2.766,2.224,1.23591657819937,1.24407341706057,-251,251,1880,165.234375,127.44140625,-255,0,149.323486963184,249.846510402769,Giro_Off_intento4_180deg_2000_pulsos_Mu_1.00,TIEMPO_MAXIMO
41.076900775,56.6196529110273,63.825,0.8621,-0.1765,0.6628,2.776,2.219,1.20749289407897,1.23492828631517,-249,249,1880,165.234375,127.44140625,-255,0,148.316668800983,248.971016348681,Giro_Off_intento4_180deg_2000_pulsos_Mu_1.00,TIEMPO_MAXIMO
41.124872029,55.8906529110273,63.096,0.8652,-0.147,0.6567,2.761,2.224,1.25012842025958,1.23872831980127,-248,248,1880,165.234375,127.44140625,-255,0,147.06131278442,247.879402421235,Giro_Off_intento4_180deg_2000_pulsos_Mu_1.00,TIEMPO_MAXIMO
41.172918954,55.2546529110273,62.46,0.8594,-0.1433,0.675,2.761,2.219,1.25012842025958,1.24157834491585,-248,248,1880,165.234375,127.44140625,-255,0,145.946652950061,246.910133000053,Giro_Off_intento4_180deg_2000_pulsos_Mu_1.00,TIEMPO_MAXIMO
41.220889947,54.5676529110273,61.773,0.8459,-0.1528,0.6892,2.766,2.214,1.23591657819937,1.24016290323673,-247,247,1880,165.234375,127.44140625,-255,0,144.722410487407,245.845574336876,Giro_Off_intento4_180deg_2000_pulsos_Mu_1.00,TIEMPO_MAXIMO
41.268956472,53.9376529110273,61.143,0.8547,-0.155,0.6797,2.766,2.219,1.23591657819937,1.23910132197739,-246,246,1880,165.234375,127.44140625,-255,0,143.581449745102,244.853434560958,Giro_Off_intento4_180deg_2000_pulsos_Mu_1.00,TIEMPO_MAXIMO
41.316888805,53.5126529110273,60.718,0.843,-0.1501,0.7095,2.761,2.219,1.25012842025958,1.24185809654794,-244,244,1880,165.234375,127.44140625,-255,0,142.801940186784,244.175600162421,Giro_Off_intento4_180deg_2000_pulsos_Mu_1.00,TIEMPO_MAXIMO
41.364886539,53.1066529110273,60.312,0.8564,-0.1506,0.7051,2.766,2.219,1.23591657819937,1.2403727169608,-244,244,1880,165.234375,127.44140625,-255,0,142.049940584842,243.52168746508,Giro_Off_intento4_180deg_2000_pulsos_Mu_1.00,TIEMPO_MAXIMO
41.412803946,52.8576529110273,60.063,0.8169,-0.136,0.7429,2.761,2.224,1.25012842025958,1.24281164278549,-243,243,1880,165.234375,127.44140625,-255,0,141.58520781787,243.117572015539,Giro_Off_intento4_180deg_2000_pulsos_Mu_1.00,TIEMPO_MAXIMO
41.460851722,52.2836529110273,59.489,0.8167,-0.1155,0.7539,2.766,2.224,1.23591657819937,1.24108787663896,-243,243,1880,165.234375,127.44140625,-255,0,140.50372360357,242.177150959626,Giro_Off_intento4_180deg_2000_pulsos_Mu_1.00,TIEMPO_MAXIMO
41.50882773,51.5706529110273,58.776,0.8174,-0.1338,0.7517,2.766,2.219,1.23591657819937,1.23979505202907,-241,241,1880,165.234375,127.44140625,-255,0,139.140722115542,240.991932274385,Giro_Off_intento4_180deg_2000_pulsos_Mu_1.00,TIEMPO_MAXIMO
41.573082304,50.6016529110273,57.807,0.8052,-0.113,0.7625,2.766,2.219,1.23591657819937,1.23882543357164,-241,241,1880,165.234375,127.44140625,-255,0,137.253840976223,239.351166066281,Giro_Off_intento4_180deg_2000_pulsos_Mu_1.00,TIEMPO_MAXIMO
41.620851348,49.7826529110273,56.988,0.8125,-0.1196,0.7661,2.757,2.219,1.26149789390774,1.24449354865567,-239,239,1880,165.234375,127.44140625,-255,0,135.628412761589,237.937750227468,Giro_Off_intento4_180deg_2000_pulsos_Mu_1.00,TIEMPO_MAXIMO
41.668859464,49.2496529110273,56.455,0.7976,-0.1218,0.7681,2.752,2.229,1.27570973596794,1.25229759548374,-238,238,1880,165.234375,127.44140625,-255,0,134.555687607179,237.004945745373,Giro_Off_intento4_180deg_2000_pulsos_Mu_1.00,TIEMPO_MAXIMO
41.71676946,48.5216529110273,55.727,0.802,-0.1052,0.7891,2.757,2.219,1.26149789390774,1.25459767008974,-237,237,1880,165.234375,127.44140625,-255,0,133.071706965682,235.714527796245,Giro_Off_intento4_180deg_2000_pulsos_Mu_1.00,TIEMPO_MAXIMO
41.764812783,47.8226529110273,55.028,0.7747,-0.0991,0.7864,2.752,2.224,1.27570973596794,1.25987568655929,-236,236,1880,165.234375,127.44140625,-255,0,131.626621421064,234.457931670491,Giro_Off_intento4_180deg_2000_pulsos_Mu_1.00,TIEMPO_MAXIMO
41.812939731,47.1856529110273,54.391,0.7781,-0.1025,0.7871,2.757,2.214,1.26149789390774,1.2602812383964,-234,234,1880,165.234375,127.44140625,-255,0,130.292645507359,233.297952615095,Giro_Off_intento4_180deg_2000_pulsos_Mu_1.00,TIEMPO_MAXIMO
41.860846039,46.4566529110273,53.662,0.7573,-0.1152,0.7876,2.752,2.219,1.27570973596794,1.26413836278929,-233,233,1880,165.234375,127.44140625,-255,0,128.746255853941,231.953265959949,Giro_Off_intento4_180deg_2000_pulsos_Mu_1.00,TIEMPO_MAXIMO
41.908804049,45.9106529110273,53.116,0.7925,-0.106,0.8118,2.747,2.219,1.28992157802815,1.270584166599,-231,231,1880,165.234375,127.44140625,-255,0,127.574389958816,230.934252138101,Giro_Off_intento4_180deg_2000_pulsos_Mu_1.00,TIEMPO_MAXIMO
41.956767051,45.6416529110273,52.847,0.7544,-0.0969,0.8154,2.766,2.219,1.23591657819937,1.26191726949909,-230,230,1880,165.234375,127.44140625,-255,0,126.992775596043,230.428500518299,Giro_Off_intento4_180deg_2000_pulsos_Mu_1.00,TIEMPO_MAXIMO
42.004842776,45.1826529110273,52.388,0.7522,-0.095,0.8306,2.752,2.219,1.27570973596794,1.26536538611631,-230,230,1880,165.234375,127.44140625,-255,0,125.993899358349,229.559912485521,Giro_Off_intento4_180deg_2000_pulsos_Mu_1.00,TIEMPO_MAXIMO
42.052891604,44.5646529110273,51.77,0.7451,-0.083,0.8257,2.752,2.214,1.27570973596794,1.26795147357922,-229,229,1880,165.234375,127.44140625,-255,0,124.636246434733,228.379344725855,Giro_Off_intento4_180deg_2000_pulsos_Mu_1.00,TIEMPO_MAXIMO
42.100855149,43.9646529110273,51.17,0.7302,-0.0842,0.8362,2.747,2.219,1.28992157802815,1.27344399969145,-227,227,1880,165.234375,127.44140625,-255,0,123.304262543596,227.221097863996,Giro_Off_intento4_180deg_2000_pulsos_Mu_1.00,TIEMPO_MAXIMO
42.148839515,43.1846529110273,50.39,0.7534,-0.0762,0.8445,2.747,2.214,1.28992157802815,1.27756339427562,-226,226,1880,165.234375,127.44140625,-255,0,121.552490560963,225.697817879098,Giro_Off_intento4_180deg_2000_pulsos_Mu_1.00,TIEMPO_MAXIMO
42.196737569,42.6816529110273,49.887,0.7317,-0.073,0.8379,2.747,2.224,1.28992157802815,1.28065294021375,-225,225,1880,165.234375,127.44140625,-255,0,120.410854175837,224.705090587684,Giro_Off_intento4_180deg_2000_pulsos_Mu_1.00,TIEMPO_MAXIMO
42.244851038,42.1636529110273,49.369,0.7378,-0.0908,0.8359,2.742,2.224,1.30413342008835,1.2865230601824,-225,225,1880,165.234375,127.44140625,-255,0,119.225474527628,223.674325676198,Giro_Off_intento4_180deg_2000_pulsos_Mu_1.00,TIEMPO_MAXIMO
42.292750045,41.8186529110273,49.024,0.7312,-0.0911,0.8525,2.742,2.214,1.30413342008835,1.29092565015889,-224,224,1880,165.234375,127.44140625,-255,0,118.430571648012,222.98310578088,Giro_Off_intento4_180deg_2000_pulsos_Mu_1.00,TIEMPO_MAXIMO
42.340988406,41.5356529110273,48.741,0.7036,-0.0635,0.856,2.747,2.224,1.28992157802815,1.2906746321262,-222,222,1880,165.234375,127.44140625,-255,0,117.775313809058,222.413316355703,Giro_Off_intento4_180deg_2000_pulsos_Mu_1.00,TIEMPO_MAXIMO
42.388820389,41.1176529110273,48.323,0.7019,-0.0562,0.8782,2.732,2.219,1.33255710420876,1.30114525014684,-222,222,1880,165.234375,127.44140625,-255,0,116.802225603518,221.567152698711,Giro_Off_intento4_180deg_2000_pulsos_Mu_1.00,TIEMPO_MAXIMO
42.436791449,40.6836529110273,47.889,0.677,-0.0588,0.8784,2.737,2.224,1.31834526214855,1.30544525314727,-222,222,1880,165.234375,127.44140625,-255,0,115.785312563016,220.682880489579,Giro_Off_intento4_180deg_2000_pulsos_Mu_1.00,TIEMPO_MAXIMO
42.484896165,39.9766529110273,47.182,0.6824,-0.0505,0.8918,2.737,2.219,1.31834526214855,1.30867025539759,-221,221,1880,165.234375,127.44140625,-255,0,114.114528822233,219.230025062811,Giro_Off_intento4_180deg_2000_pulsos_Mu_1.00,TIEMPO_MAXIMO
42.532717029,39.1376529110273,46.343,0.6826,-0.0498,0.8967,2.737,2.224,1.31834526214855,1.31108900708533,-219,219,1880,165.234375,127.44140625,-255,0,112.109279110306,217.486329661136,Giro_Off_intento4_180deg_2000_pulsos_Mu_1.00,TIEMPO_MAXIMO
42.580756275,38.4616529110273,45.667,0.6892,-0.0371,0.887,2.742,2.219,1.30413342008835,1.30935011033609,-216,216,1880,165.234375,127.44140625,-255,0,110.476099583729,216.066173551069,Giro_Off_intento4_180deg_2000_pulsos_Mu_1.00,TIEMPO_MAXIMO
42.629126416,37.6236529110273,44.829,0.6919,-0.0464,0.8772,2.737,2.219,1.31834526214855,1.3115988982892,-216,216,1880,165.234375,127.44140625,-255,0,108.430214164302,214.287142751567,Giro_Off_intento4_180deg_2000_pulsos_Mu_1.00,TIEMPO_MAXIMO
42.676725812,36.7876529110273,43.993,0.6897,-0.0557,0.8933,2.737,2.219,1.31834526214855,1.31328548925404,-214,214,1880,165.234375,127.44140625,-255,0,106.366099627951,212.492260546044,Giro_Off_intento4_180deg_2000_pulsos_Mu_1.00,TIEMPO_MAXIMO
42.724767146,36.0336529110273,43.239,0.6663,-0.0671,0.8972,2.732,2.224,1.33255710420876,1.31810339299272,-212,212,1880,165.234375,127.44140625,-255,0,104.485011898633,210.856532085768,Giro_Off_intento4_180deg_2000_pulsos_Mu_1.00,TIEMPO_MAXIMO
42.77311693,35.4846529110273,42.69,0.6829,-0.05,0.9016,2.727,2.214,1.34676894626896,1.32526978131178,-210,210,1880,165.234375,127.44140625,-255,0,103.103957940196,209.65561560017,Giro_Off_intento4_180deg_2000_pulsos_Mu_1.00,TIEMPO_MAXIMO
42.820762071,34.9566529110273,42.162,0.6882,-0.0598,0.8914,2.737,2.224,1.31834526214855,1.32353865152097,-209,209,1880,165.234375,127.44140625,-255,0,101.766799753897,208.492869351215,Giro_Off_intento4_180deg_2000_pulsos_Mu_1.00,TIEMPO_MAXIMO
42.868849435,34.5896529110273,41.795,0.7004,-0.0469,0.8958,2.737,2.224,1.31834526214855,1.32224030417787,-208,208,1880,165.234375,127.44140625,-255,0,100.832275523935,207.68023958603,Giro_Off_intento4_180deg_2000_pulsos_Mu_1.00,TIEMPO_MAXIMO
42.917198281,34.4116529110273,41.617,0.6921,-0.0356,0.895,2.742,2.219,1.30413342008835,1.31771358315549,-208,208,1880,165.234375,127.44140625,-255,0,100.377526324659,207.284805499704,Giro_Off_intento4_180deg_2000_pulsos_Mu_1.00,TIEMPO_MAXIMO
42.964770028,34.3486529110273,41.554,0.6934,-0.0471,0.8923,2.727,2.219,1.34676894626896,1.32497742393386,-207,207,1880,165.234375,127.44140625,-255,0,100.216343415453,207.14464644822,Giro_Off_intento4_180deg_2000_pulsos_Mu_1.00,TIEMPO_MAXIMO
43.012709223,34.2836529110273,41.489,0.6721,-0.042,0.8962,2.732,2.214,1.33255710420876,1.32687234400258,-207,207,1880,165.234375,127.44140625,-255,0,100.04991659567,206.999927474496,Giro_Off_intento4_180deg_2000_pulsos_Mu_1.00,TIEMPO_MAXIMO
43.060819761,34.0816529110273,41.287,0.6482,-0.0288,0.9192,2.737,2.214,1.31834526214855,1.32474057353907,-207,207,1880,165.234375,127.44140625,-255,0,99.5318923377305,206.549471598026,Giro_Off_intento4_180deg_2000_pulsos_Mu_1.00,TIEMPO_MAXIMO
43.108877034,33.7876529110273,40.993,0.6545,-0.0488,0.9143,2.727,2.214,1.34676894626896,1.33024766672154,-207,207,1880,165.234375,127.44140625,-255,0,98.7757273624022,205.891936836871,Giro_Off_intento4_180deg_2000_pulsos_Mu_1.00,TIEMPO_MAXIMO
43.156661666,33.5246529110273,40.73,0.6423,-0.0288,0.9233,2.727,2.214,1.34676894626896,1.3343779866084,-205,205,1880,165.234375,127.44140625,-255,0,98.097089608789,205.301817051121,Giro_Off_intento4_180deg_2000_pulsos_Mu_1.00,TIEMPO_MAXIMO
43.204765055,33.0786529110273,40.284,0.6311,-0.0493,0.9155,2.732,2.219,1.33255710420876,1.33392276600849,-204,204,1880,165.234375,127.44140625,-255,0,96.9415268805866,204.296979896162,Giro_Off_intento4_180deg_2000_pulsos_Mu_1.00,TIEMPO_MAXIMO
43.252676159,32.3806529110273,39.586,0.6396,-0.0413,0.9319,2.737,2.219,1.31834526214855,1.3300283900435,-203,203,1880,165.234375,127.44140625,-255,0,95.1212818895786,202.714158164851,Giro_Off_intento4_180deg_2000_pulsos_Mu_1.00,TIEMPO_MAXIMO
43.300764992,31.7066529110273,38.912,0.6436,-0.0317,0.9221,2.727,2.224,1.34676894626896,1.33421352909987,-203,203,1880,165.234375,127.44140625,-255,0,93.3502240552422,201.174107874124,Giro_Off_intento4_180deg_2000_pulsos_Mu_1.00,TIEMPO_MAXIMO
43.348842622,31.0536529110273,38.259,0.6521,-0.0215,0.9407,2.732,2.219,1.33255710420876,1.33379942287709,-201,201,1880,165.234375,127.44140625,-255,0,91.622024866397,199.67132597078,Giro_Off_intento4_180deg_2000_pulsos_Mu_1.00,TIEMPO_MAXIMO
43.396698049,30.5976529110273,37.803,0.6619,-0.0493,0.9473,2.727,2.229,1.34676894626896,1.33704180372506,-200,200,1880,165.234375,127.44140625,-255,0,90.4081262562439,198.615761961951,Giro_Off_intento4_180deg_2000_pulsos_Mu_1.00,TIEMPO_MAXIMO
43.44474257,30.2736529110273,37.479,0.6284,-0.0483,0.9348,2.737,2.214,1.31834526214855,1.33236766833093,-198,198,1880,165.234375,127.44140625,-255,0,89.5421349039145,197.862726003404,Giro_Off_intento4_180deg_2000_pulsos_Mu_1.00,TIEMPO_MAXIMO
43.492734722,29.6446529110273,36.85,0.6387,-0.0586,0.9324,2.737,2.219,1.31834526214855,1.32886206678534,-198,198,1880,165.234375,127.44140625,-255,0,87.8527854046551,196.39372643883,Giro_Off_intento4_180deg_2000_pulsos_Mu_1.00,TIEMPO_MAXIMO
43.540648997,29.3086529110273,36.514,0.6824,-0.0439,0.9121,2.732,2.219,1.33255710420876,1.32978582614119,-196,196,1880,165.234375,127.44140625,-255,0,86.9460150595706,195.605230486583,Giro_Off_intento4_180deg_2000_pulsos_Mu_1.00,TIEMPO_MAXIMO
43.58873769,29.0976529110273,36.303,0.6401,-0.0303,0.9019,2.727,2.219,1.34676894626896,1.33403160617313,-196,196,1880,165.234375,127.44140625,-255,0,86.3750544707682,195.108743018059,Giro_Off_intento4_180deg_2000_pulsos_Mu_1.00,TIEMPO_MAXIMO
43.636660677,28.7826529110273,35.988,0.7227,-0.05,0.927,2.732,2.214,1.33255710420876,1.33366298068204,-194,194,1880,165.234375,127.44140625,-255,0,85.5204951596422,194.365647964906,Giro_Off_intento4_180deg_2000_pulsos_Mu_1.00,TIEMPO_MAXIMO
43.684700485,28.7266529110273,35.932,0.6638,-0.0259,0.926,2.727,2.219,1.34676894626896,1.33693947207877,-194,194,1880,165.234375,127.44140625,-255,0,85.3683021445288,194.233306212634,Giro_Off_intento4_180deg_2000_pulsos_Mu_1.00,TIEMPO_MAXIMO
43.732904083,28.7146529110273,35.92,0.6443,-0.0339,0.9214,2.732,2.224,1.33255710420876,1.33584388011127,-194,194,1880,165.234375,127.44140625,-255,0,85.3356787407152,194.204938035405,Giro_Off_intento4_180deg_2000_pulsos_Mu_1.00,TIEMPO_MAXIMO
43.780794636,28.4266529110273,35.632,0.5986,-0.0447,0.9399,2.737,2.219,1.31834526214855,1.33146922562059,-194,194,1880,165.234375,127.44140625,-255,0,84.551597370475,193.523128148239,Giro_Off_intento4_180deg_2000_pulsos_Mu_1.00,TIEMPO_MAXIMO
43.828640625,28.0746529110273,35.28,0.6633,-0.0393,0.9187,2.732,2.219,1.33255710420876,1.33174119526763,-194,194,1880,165.234375,127.44140625,-255,0,83.5903765556865,192.687283961467,Giro_Off_intento4_180deg_2000_pulsos_Mu_1.00,TIEMPO_MAXIMO
43.876650195,28.0176529110273,35.223,0.676,-0.0344,0.9346,2.732,2.219,1.33255710420876,1.33194517250291,-193,193,1880,165.234375,127.44140625,-255,0,83.4344265567995,192.551675266782,Giro_Off_intento4_180deg_2000_pulsos_Mu_1.00,TIEMPO_MAXIMO
43.924717567,28.0796529110273,35.285,0.6289,-0.0396,0.9412,2.737,2.219,1.31834526214855,1.32854519491432,-193,193,1880,165.234375,127.44140625,-255,0,83.6040524356109,192.699176030966,Giro_Off_intento4_180deg_2000_pulsos_Mu_1.00,TIEMPO_MAXIMO
43.972627235,27.9306529110273,35.136,0.655,-0.0232,0.9233,2.732,2.224,1.33255710420876,1.32954817223793,-193,193,1880,165.234375,127.44140625,-255,0,83.1962384601816,192.344555182767,Giro_Off_intento4_180deg_2000_pulsos_Mu_1.00,TIEMPO_MAXIMO
44.020663656,27.7376529110273,34.943,0.624,-0.0168,0.9348,2.727,2.219,1.34676894626896,1.33385336574569,-192,192,1880,165.234375,127.44140625,-255,0,82.6671602053985,191.884487135129,Giro_Off_intento4_180deg_2000_pulsos_Mu_1.00,TIEMPO_MAXIMO
44.068635002,27.4916529110273,34.697,0.6572,-0.0291,0.9265,2.727,2.219,1.34676894626896,1.3370822608765,-191,191,1880,165.234375,127.44140625,-255,0,81.991432085218,191.296897465407,Giro_Off_intento4_180deg_2000_pulsos_Mu_1.00,TIEMPO_MAXIMO
44.116681435,27.2666529110273,34.472,0.6768,-0.0176,0.9272,2.737,2.219,1.31834526214855,1.33239801119452,-191,191,1880,165.234375,127.44140625,-255,0,81.3720643472469,190.758316823693,Giro_Off_intento4_180deg_2000_pulsos_Mu_1.00,TIEMPO_MAXIMO
44.164738897,27.2686529110273,34.474,0.6406,-0.0254,0.9199,2.737,2.219,1.31834526214855,1.32888482393303,-191,191,1880,165.234375,127.44140625,-255,0,81.3775753799861,190.763109026075,Giro_Off_intento4_180deg_2000_pulsos_Mu_1.00,TIEMPO_MAXIMO
44.212707924,27.2136529110273,34.419,0.6741,-0.0288,0.9292,2.732,2.219,1.33255710420876,1.32980289400196,-191,191,1880,165.234375,127.44140625,-255,0,81.2259858728985,190.63129206339,Giro_Off_intento4_180deg_2000_pulsos_Mu_1.00,TIEMPO_MAXIMO
44.260669302,27.1356529110273,34.341,0.6592,-0.0256,0.917,2.732,2.219,1.33255710420876,1.33049144655366,-191,191,1880,165.234375,127.44140625,-255,0,81.010876082367,190.444240071623,Giro_Off_intento4_180deg_2000_pulsos_Mu_1.00,TIEMPO_MAXIMO
44.308917976,27.1456529110273,34.351,0.6655,-0.0291,0.9165,2.732,2.219,1.33255710420876,1.33100786096743,-190,190,1880,165.234375,127.44140625,-255,0,81.0384626593103,190.4682283994,Giro_Off_intento4_180deg_2000_pulsos_Mu_1.00,TIEMPO_MAXIMO
44.356567002,27.1016529110273,34.307,0.6633,-0.0112,0.9036,2.732,2.219,1.33255710420876,1.33139517177776,-190,190,1880,165.234375,127.44140625,-255,0,80.9170632671507,190.362663710566,Giro_Off_intento4_180deg_2000_pulsos_Mu_1.00,TIEMPO_MAXIMO
44.404790568,27.1126529110273,34.318,0.6587,-0.0154,0.9282,2.732,2.219,1.33255710420876,1.33168565488551,-190,190,1880,165.234375,127.44140625,-255,0,80.9474175917351,190.389058775422,Giro_Off_intento4_180deg_2000_pulsos_Mu_1.00,TIEMPO_MAXIMO
44.453029974,27.0676529110273,34.273,0.6545,-0.0339,0.9417,2.732,2.219,1.33255710420876,1.33190351721632,-190,190,1880,165.234375,127.44140625,-255,0,80.8232219579837,190.28106257216,Giro_Off_intento4_180deg_2000_pulsos_Mu_1.00,TIEMPO_MAXIMO
44.500608873,27.1366529110273,34.342,0.6511,-0.0286,0.9312,2.732,2.219,1.33255710420876,1.33206691396443,-190,190,1880,165.234375,127.44140625,-255,0,81.0136348511232,190.446639000977,Giro_Off_intento4_180deg_2000_pulsos_Mu_1.00,TIEMPO_MAXIMO
44.548661175,27.0256529110273,34.231,0.6663,-0.0332,0.9243,2.727,2.219,1.34676894626896,1.33574242204056,-190,190,1880,165.234375,127.44140625,-255,0,80.7072610505801,190.180227000504,Giro_Off_intento4_180deg_2000_pulsos_Mu_1.00,TIEMPO_MAXIMO
44.596698382,27.1486529110273,34.354,0.6736,-0.0251,0.9141,2.732,2.219,1.33255710420876,1.33494609258261,-190,190,1880,165.234375,127.44140625,-255,0,81.0467381510598,190.475424479182,Giro_Off_intento4_180deg_2000_pulsos_Mu_1.00,TIEMPO_MAXIMO
44.644821555,27.2356529110273,34.441,0.6406,-0.0159,0.9209,2.732,2.219,1.33255710420876,1.33434884548915,-190,190,1880,165.234375,127.44140625,-255,0,81.2866306652114,190.684026665401,Giro_Off_intento4_180deg_2000_pulsos_Mu_1.00,TIEMPO_MAXIMO
44.692638414,27.3446529110273,34.55,0.6824,0.0176,0.9685,2.732,2.219,1.33255710420876,1.33390091016905,-191,191,1880,165.234375,127.44140625,-255,0,81.5869210880417,190.94514877221,Giro_Off_intento4_180deg_2000_pulsos_Mu_1.00,TIEMPO_MAXIMO
44.756689013,27.7006529110273,34.906,0.6267,0.0044,0.8623,2.727,2.219,1.34676894626896,1.33711791919403,-191,191,1880,165.234375,127.44140625,-255,0,82.5656233617689,191.796194227625,Giro_Off_intento4_180deg_2000_pulsos_Mu_1.00,TIEMPO_MAXIMO
44.804538119,27.5046529110273,34.71,0.6274,-0.0186,0.9583,2.727,2.219,1.34676894626896,1.33953067596276,-192,192,1880,165.234375,127.44140625,-255,0,82.0271792304679,191.327981939537,Giro_Off_intento4_180deg_2000_pulsos_Mu_1.00,TIEMPO_MAXIMO
44.852597979,27.3406529110273,34.546,0.6638,-0.0352,0.8914,2.727,2.214,1.34676894626896,1.34134024353931,-191,191,1880,165.234375,127.44140625,-255,0,81.5759064684622,190.935570842141,Giro_Off_intento4_180deg_2000_pulsos_Mu_1.00,TIEMPO_MAXIMO
44.900599853,27.3526529110273,34.558,0.6335,-0.0017,0.9375,2.722,2.219,1.36098078832916,1.34625037973677,-190,190,1880,165.234375,127.44140625,-255,0,81.6089491342128,190.964303594968,Giro_Off_intento4_180deg_2000_pulsos_Mu_1.00,TIEMPO_MAXIMO
44.948507708,27.4096529110273,34.615,0.6304,-0.0151,0.9314,2.727,2.219,1.34676894626896,1.34638002136982,-191,191,1880,165.234375,127.44140625,-255,0,81.7658528855696,191.100741639626,Giro_Off_intento4_180deg_2000_pulsos_Mu_1.00,TIEMPO_MAXIMO
44.996721453,27.8026529110273,35.008,0.6614,-0.0256,0.998,2.727,2.214,1.34676894626896,1.3464772525946,-191,191,1880,165.234375,127.44140625,-255,0,82.8454522377957,192.03952368504,Giro_Off_intento4_180deg_2000_pulsos_Mu_1.00,TIEMPO_MAXIMO
45.044627651,28.2306529110273,35.436,0.5823,-0.0078,0.9685,2.722,2.219,1.36098078832916,1.35010313652824,-192,192,1880,165.234375,127.44140625,-255,0,84.0167635786528,193.058055285785,Giro_Off_intento4_180deg_2000_pulsos_Mu_1.00,TIEMPO_MAXIMO
45.092674055,28.3846529110273,35.59,0.6194,-0.0137,0.9673,2.722,2.224,1.36098078832916,1.35282254947847,-193,193,1880,165.234375,127.44140625,-255,0,84.4370732107494,193.423541922391,Giro_Off_intento4_180deg_2000_pulsos_Mu_1.00,TIEMPO_MAXIMO
45.140525842,28.4026529110273,35.608,0.5586,-0.0151,0.9614,2.727,2.219,1.34676894626896,1.35130914867609,-193,193,1880,165.234375,127.44140625,-255,0,84.4861605528142,193.466226567665,Giro_Off_intento4_180deg_2000_pulsos_Mu_1.00,TIEMPO_MAXIMO
45.188665086,28.5566529110273,35.762,0.5913,-0.0139,0.9778,2.722,2.219,1.36098078832916,1.35372705858936,-193,193,1880,165.234375,127.44140625,-255,0,84.9057886893903,193.83112059947,Giro_Off_intento4_180deg_2000_pulsos_Mu_1.00,TIEMPO_MAXIMO
45.236547193,28.4246529110273,35.63,0.5334,-0.0156,0.9868,2.722,2.219,1.36098078832916,1.35554049102431,-194,194,1880,165.234375,127.44140625,-255,0,84.5461448688078,193.518386842442,Giro_Off_intento4_180deg_2000_pulsos_Mu_1.00,TIEMPO_MAXIMO
45.284567604,28.0716529110273,35.277,0.5999,-0.0215,0.9929,2.717,2.219,1.37519263038937,1.36045352586557,-194,194,1880,165.234375,127.44140625,-255,0,83.5821707221681,192.680148454059,Giro_Off_intento4_180deg_2000_pulsos_Mu_1.00,TIEMPO_MAXIMO
45.33275732,27.9986529110273,35.204,0.5586,-0.0273,0.9773,2.722,2.224,1.36098078832916,1.36058534148147,-193,193,1880,165.234375,127.44140625,-255,0,83.3824248661659,192.506456405362,Giro_Off_intento4_180deg_2000_pulsos_Mu_1.00,TIEMPO_MAXIMO
45.380584678,27.6456529110273,34.851,0.585,-0.0303,0.9915,2.722,2.219,1.36098078832916,1.36068420319339,-192,192,1880,165.234375,127.44140625,-255,0,82.4146265966827,191.664892692768,Giro_Off_intento4_180deg_2000_pulsos_Mu_1.00,TIEMPO_MAXIMO
45.428890033,27.6766529110273,34.882,0.5474,-0.0144,0.9829,2.722,2.219,1.36098078832916,1.36075834947734,-192,192,1880,165.234375,127.44140625,-255,0,82.4997432122302,191.73890714107,Giro_Off_intento4_180deg_2000_pulsos_Mu_1.00,TIEMPO_MAXIMO
45.476623582,27.4016529110273,34.607,0.5378,-0.0254,1.011,2.722,2.219,1.36098078832916,1.36081395919029,-192,192,1880,165.234375,127.44140625,-255,0,81.7438361847027,191.08159668235,Giro_Off_intento4_180deg_2000_pulsos_Mu_1.00,TIEMPO_MAXIMO
45.5245087,27.4466529110273,34.652,0.52,-0.0315,1.0066,2.722,2.219,1.36098078832916,1.36085566647501,-191,191,1880,165.234375,127.44140625,-255,0,81.8676593850032,191.189269030438,Giro_Off_intento4_180deg_2000_pulsos_Mu_1.00,TIEMPO_MAXIMO
45.572474228,27.1156529110273,34.321,0.4636,-0.0269,1.0002,2.722,2.224,1.36098078832916,1.36088694693855,-190,190,1880,165.234375,127.44140625,-255,0,80.9556955261237,190.396256979238,Giro_Off_intento4_180deg_2000_pulsos_Mu_1.00,TIEMPO_MAXIMO
45.620614527,26.5516529110273,33.757,0.5225,-0.0344,1.019,2.722,2.224,1.36098078832916,1.3609104072862,-190,190,1880,165.234375,127.44140625,-255,0,79.3955676816,189.039624070957,Giro_Off_intento4_180deg_2000_pulsos_Mu_1.00,TIEMPO_MAXIMO
45.668489292,26.0436529110273,33.249,0.4888,-0.0249,1.0215,2.722,2.219,1.36098078832916,1.36092800254694,-189,189,1880,165.234375,127.44140625,-255,0,77.9837565432697,187.811962211539,Giro_Off_intento4_180deg_2000_pulsos_Mu_1.00,TIEMPO_MAXIMO
45.716495214,25.6976529110273,32.903,0.5413,-0.0234,1.0181,2.727,2.219,1.34676894626896,1.35738823847745,-187,187,1880,165.234375,127.44140625,-255,0,77.0186522488435,186.972741085951,Giro_Off_intento4_180deg_2000_pulsos_Mu_1.00,TIEMPO_MAXIMO
45.780515214,25.6276529110273,32.833,0.4585,-0.0376,1.0186,2.722,2.219,1.36098078832916,1.35828637594038,-187,187,1880,165.234375,127.44140625,-255,0,76.8230572005864,186.802658435293,Giro_Off_intento4_180deg_2000_pulsos_Mu_1.00,TIEMPO_MAXIMO
45.828580161,25.0456529110273,32.251,0.4502,-0.0457,1.0281,2.727,2.219,1.34676894626896,1.35540701852252,-187,187,1880,165.234375,127.44140625,-255,0,75.1924116484816,185.384705781288,Giro_Off_intento4_180deg_2000_pulsos_Mu_1.00,TIEMPO_MAXIMO
45.876517324,24.0226529110273,31.228,0.4602,-0.0361,1.0298,2.727,2.219,1.34676894626896,1.35324750045913,-185,185,1880,165.234375,127.44140625,-255,0,72.3074735033428,182.87606391595,Giro_Off_intento4_180deg_2000_pulsos_Mu_1.00,TIEMPO_MAXIMO
45.924495008,23.2656529110273,30.471,0.4878,-0.0208,1.032,2.727,2.224,1.34676894626896,1.35162786191159,-182,182,1880,165.234375,127.44140625,-255,0,70.1577848171528,181.00676940622,Giro_Off_intento4_180deg_2000_pulsos_Mu_1.00,TIEMPO_MAXIMO
45.972606231,22.7456529110273,29.951,0.4802,-0.0259,1.0107,2.722,2.224,1.36098078832916,1.35396609351598,-180,180,1880,165.234375,127.44140625,-255,0,68.6739978677953,179.716519885039,Giro_Off_intento4_180deg_2000_pulsos_Mu_1.00,TIEMPO_MAXIMO
46.020409032,22.0896529110273,29.295,0.4661,-0.0388,1.0281,2.722,2.224,1.36098078832916,1.35571976721928,-180,180,1880,165.234375,127.44140625,-255,0,66.7940897061454,178.081817135779,Giro_Off_intento4_180deg_2000_pulsos_Mu_1.00,TIEMPO_MAXIMO
46.068535701,21.4656529110273,28.671,0.5164,-0.0322,1.0312,2.727,2.224,1.34676894626896,1.3534820619817,-178,178,1880,165.234375,127.44140625,-255,0,64.9977551035345,176.519787046552,Giro_Off_intento4_180deg_2000_pulsos_Mu_1.00,TIEMPO_MAXIMO
46.116507507,21.2276529110273,28.433,0.4827,-0.0325,1.0042,2.727,2.219,1.34676894626896,1.35180378305351,-176,176,1880,165.234375,127.44140625,-255,0,64.3105720908379,175.922236600729,Giro_Off_intento4_180deg_2000_pulsos_Mu_1.00,TIEMPO_MAXIMO
46.180441332,20.8896529110273,28.095,0.5142,-0.042,1.0242,2.722,2.224,1.36098078832916,1.35409803437243,-176,176,1880,165.234375,127.44140625,-255,0,63.3327525997512,175.071958782392,Giro_Off_intento4_180deg_2000_pulsos_Mu_1.00,TIEMPO_MAXIMO
46.228516993,20.7636529110273,27.969,0.4639,-0.0352,1.0344,2.727,2.224,1.34676894626896,1.35226576234656,-175,175,1880,165.234375,127.44140625,-255,0,62.967674235846,174.754499335518,Giro_Off_intento4_180deg_2000_pulsos_Mu_1.00,TIEMPO_MAXIMO
46.276659497,20.5786529110273,27.784,0.4685,-0.0452,1.0374,2.722,2.224,1.36098078832916,1.35444451884221,-174,174,1880,165.234375,127.44140625,-255,0,62.4310951883809,174.287908859462,Giro_Off_intento4_180deg_2000_pulsos_Mu_1.00,TIEMPO_MAXIMO
46.32445726,20.4776529110273,27.683,0.4878,-0.0344,1.04,2.727,2.224,1.34676894626896,1.3525256256989,-174,174,1880,165.234375,127.44140625,-255,0,62.1378770042167,174.032936525406,Giro_Off_intento4_180deg_2000_pulsos_Mu_1.00,TIEMPO_MAXIMO
46.372484909,20.4036529110273,27.609,0.427,-0.04,1.05,2.727,2.224,1.34676894626896,1.35108645584141,-174,174,1880,165.234375,127.44140625,-255,0,61.9229212670471,173.846018493084,Giro_Off_intento4_180deg_2000_pulsos_Mu_1.00,TIEMPO_MAXIMO
46.420668316,20.0106529110273,27.216,0.4785,-0.0479,1.0435,2.722,2.224,1.36098078832916,1.35356003896335,-174,174,1880,165.234375,127.44140625,-255,0,60.7796097019027,172.851834523394,Giro_Off_intento4_180deg_2000_pulsos_Mu_1.00,TIEMPO_MAXIMO
46.468452181,19.8996529110273,27.105,0.4307,-0.0378,1.0493,2.722,2.219,1.36098078832916,1.3554152263048,-173,173,1880,165.234375,127.44140625,-255,0,60.4561694217178,172.570582105842,Giro_Off_intento4_180deg_2000_pulsos_Mu_1.00,TIEMPO_MAXIMO
46.516530632,19.6596529110273,26.865,0.4634,-0.0488,1.0498,2.722,2.224,1.36098078832916,1.35680661681089,-172,172,1880,165.234375,127.44140625,-255,0,59.7560650131972,171.96179566365,Giro_Off_intento4_180deg_2000_pulsos_Mu_1.00,TIEMPO_MAXIMO
46.564541855,19.4206529110273,26.626,0.4446,-0.0405,1.0454,2.722,2.219,1.36098078832916,1.35785015969046,-171,171,1880,165.234375,127.44140625,-255,0,59.0578357570845,171.354639788769,Giro_Off_intento4_180deg_2000_pulsos_Mu_1.00,TIEMPO_MAXIMO
46.612457445,19.1906529110273,26.396,0.4526,-0.0347,1.0439,2.722,2.224,1.36098078832916,1.35863281685014,-171,171,1880,165.234375,127.44140625,-255,0,58.3849292170241,170.769503666977,Giro_Off_intento4_180deg_2000_pulsos_Mu_1.00,TIEMPO_MAXIMO
46.660437301,19.1156529110273,26.321,0.4248,-0.0405,1.0427,2.727,2.224,1.34676894626896,1.35566684920484,-171,171,1880,165.234375,127.44140625,-255,0,58.1652992278469,170.578521067693,Giro_Off_intento4_180deg_2000_pulsos_Mu_1.00,TIEMPO_MAXIMO
46.708810228,18.9386529110273,26.144,0.4172,-0.0381,1.0459,2.727,2.224,1.34676894626896,1.35344237347087,-171,171,1880,165.234375,127.44140625,-255,0,57.6465779797065,170.127459112788,Giro_Off_intento4_180deg_2000_pulsos_Mu_1.00,TIEMPO_MAXIMO
46.75652904,18.6566529110273,25.862,0.4075,-0.0317,1.0588,2.727,2.219,1.34676894626896,1.35177401667039,-170,170,1880,165.234375,127.44140625,-255,0,56.8190062864289,169.407831553416,Giro_Off_intento4_180deg_2000_pulsos_Mu_1.00,TIEMPO_MAXIMO
46.804453573,18.2506529110273,25.456,0.4207,-0.0427,1.0674,2.722,2.224,1.36098078832916,1.35407570958509,-169,169,1880,165.234375,127.44140625,-255,0,55.6251256802701,168.369674504583,Giro_Off_intento4_180deg_2000_pulsos_Mu_1.00,TIEMPO_MAXIMO
46.852501492,17.8286529110273,25.034,0.4133,-0.03,1.0618,2.727,2.224,1.34676894626896,1.35224901875605,-168,168,1880,165.234375,127.44140625,-255,0,54.3812361214764,167.288031409979,Giro_Off_intento4_180deg_2000_pulsos_Mu_1.00,TIEMPO_MAXIMO
46.900424848,17.4986529110273,24.704,0.4077,-0.0396,1.0557,2.727,2.224,1.34676894626896,1.35087900063428,-167,167,1880,165.234375,127.44140625,-255,0,53.4064674202306,166.440406452374,Giro_Off_intento4_180deg_2000_pulsos_Mu_1.00,TIEMPO_MAXIMO
46.94880611,17.2276529110273,24.433,0.4038,-0.0339,1.0637,2.722,2.224,1.36098078832916,1.353404447558,-166,166,1880,165.234375,127.44140625,-255,0,52.6046492714104,165.743173279487,Giro_Off_intento4_180deg_2000_pulsos_Mu_1.00,TIEMPO_MAXIMO
46.996447298,16.9866529110273,24.192,0.4138,-0.0513,1.0654,2.722,2.224,1.36098078832916,1.35529853275079,-166,166,1880,165.234375,127.44140625,-255,0,51.8906040897311,165.122264425853,Giro_Off_intento4_180deg_2000_pulsos_Mu_1.00,TIEMPO_MAXIMO
47.044429018,16.9146529110273,24.12,0.3936,-0.0366,1.0605,2.717,2.229,1.37519263038937,1.36027205716043,-165,165,1880,165.234375,127.44140625,-255,0,51.6771007042742,164.936609308064,Giro_Off_intento4_180deg_2000_pulsos_Mu_1.00,TIEMPO_MAXIMO
47.092409122,16.6396529110273,23.845,0.4072,-0.0278,1.0664,2.722,2.224,1.36098078832916,1.36044923995262,-165,165,1880,165.234375,127.44140625,-255,0,50.8608882248378,164.226859325946,Giro_Off_intento4_180deg_2000_pulsos_Mu_1.00,TIEMPO_MAXIMO
47.140489043,16.5016529110273,23.707,0.3682,-0.0366,1.0669,2.722,2.224,1.36098078832916,1.36058212704675,-164,164,1880,165.234375,127.44140625,-255,0,50.450855278404,163.870308937743,Giro_Off_intento4_180deg_2000_pulsos_Mu_1.00,TIEMPO_MAXIMO
47.188477999,16.3796529110273,23.585,0.4031,-0.0364,1.0593,2.722,2.224,1.36098078832916,1.36068179236736,-164,164,1880,165.234375,127.44140625,-255,0,50.0881185674495,163.554885710826,Giro_Off_intento4_180deg_2000_pulsos_Mu_1.00,TIEMPO_MAXIMO
47.236417734,16.1386529110273,23.344,0.3542,-0.0347,1.0725,2.722,2.224,1.36098078832916,1.36075654135781,-164,164,1880,165.234375,127.44140625,-255,0,49.3708990781538,162.931216589699,Giro_Off_intento4_180deg_2000_pulsos_Mu_1.00,TIEMPO_MAXIMO
47.284396227,15.7716529110273,22.977,0.3909,-0.0403,1.0718,2.722,2.229,1.36098078832916,1.36081260310065,-163,163,1880,165.234375,127.44140625,-255,0,48.2770281220829,161.980024453985,Giro_Off_intento4_180deg_2000_pulsos_Mu_1.00,TIEMPO_MAXIMO
47.332355101,15.6396529110273,22.845,0.3723,-0.0266,1.0742,2.722,2.224,1.36098078832916,1.36085464940778,-161,161,1880,165.234375,127.44140625,-255,0,47.8831055755142,161.637483109143,Giro_Off_intento4_180deg_2000_pulsos_Mu_1.00,TIEMPO_MAXIMO
47.380608013,15.3716529110273,22.577,0.354,-0.0349,1.0852,2.722,2.229,1.36098078832916,1.36088618413812,-162,162,1880,165.234375,127.44140625,-255,0,47.0825438350771,160.941342465284,Giro_Off_intento4_180deg_2000_pulsos_Mu_1.00,TIEMPO_MAXIMO
47.428394779,15.0646529110273,22.27,0.3745,-0.0295,1.0808,2.722,2.224,1.36098078832916,1.36090983518588,-161,161,1880,165.234375,127.44140625,-255,0,46.1642176106659,160.142797922318,Giro_Off_intento4_180deg_2000_pulsos_Mu_1.00,TIEMPO_MAXIMO
47.476651158,14.8676529110273,22.073,0.3391,-0.032,1.0779,2.717,2.224,1.37519263038937,1.36448053398675,-160,160,1880,165.234375,127.44140625,-255,0,45.5742335823408,159.62976833247,Giro_Off_intento4_180deg_2000_pulsos_Mu_1.00,TIEMPO_MAXIMO
47.524548786,14.5746529110273,21.78,0.3491,-0.0459,1.0837,2.722,2.229,1.36098078832916,1.36360559757236,-160,160,1880,165.234375,127.44140625,-255,0,44.6957501750715,158.865869717453,Giro_Off_intento4_180deg_2000_pulsos_Mu_1.00,TIEMPO_MAXIMO
47.572373898,14.3726529110273,21.578,0.3621,-0.0269,1.0852,2.722,2.224,1.36098078832916,1.36294939526156,-158,158,1880,165.234375,127.44140625,-255,0,44.0894242523817,158.33862978468,Giro_Off_intento4_180deg_2000_pulsos_Mu_1.00,TIEMPO_MAXIMO
47.62063085,14.1696529110273,21.375,0.3447,-0.0264,1.0884,2.722,2.224,1.36098078832916,1.36245724352846,-158,158,1880,165.234375,127.44140625,-255,0,43.4795446388808,157.808299685983,Giro_Off_intento4_180deg_2000_pulsos_Mu_1.00,TIEMPO_MAXIMO
47.668501388,14.0566529110273,21.262,0.355,-0.0293,1.0803,2.722,2.224,1.36098078832916,1.36208812972863,-158,158,1880,165.234375,127.44140625,-255,0,43.1398180420256,157.512885253935,Giro_Off_intento4_180deg_2000_pulsos_Mu_1.00,TIEMPO_MAXIMO
47.716616821,14.0036529110273,21.209,0.3191,-0.0305,1.0896,2.732,2.229,1.33255710420876,1.35470537334866,-158,158,1880,165.234375,127.44140625,-255,0,42.9804193603563,157.374277704658,Giro_Off_intento4_180deg_2000_pulsos_Mu_1.00,TIEMPO_MAXIMO
47.764474638,13.5996529110273,20.805,0.3164,-0.0256,1.0994,2.727,2.229,1.34676894626896,1.35272126657874,-157,157,1880,165.234375,127.44140625,-255,0,41.7641816246566,156.316679673614,Giro_Off_intento4_180deg_2000_pulsos_Mu_1.00,TIEMPO_MAXIMO
47.812525956,13.3486529110273,20.554,0.3267,-0.0295,1.0906,2.717,2.234,1.37519263038937,1.35833910753139,-156,156,1880,165.234375,127.44140625,-255,0,41.007499141262,155.658694905445,Giro_Off_intento4_180deg_2000_pulsos_Mu_1.00,TIEMPO_MAXIMO
47.86029651,13.0226529110273,20.228,0.3171,-0.0264,1.0942,2.722,2.234,1.36098078832916,1.35899952773084,-155,155,1880,165.234375,127.44140625,-255,0,40.023543629844,154.803081417256,Giro_Off_intento4_180deg_2000_pulsos_Mu_1.00,TIEMPO_MAXIMO
47.908310588,12.7116529110273,19.917,0.3179,-0.0181,1.1045,2.722,2.234,1.36098078832916,1.35949484288042,-155,155,1880,165.234375,127.44140625,-255,0,39.083654045226,153.985786126284,Giro_Off_intento4_180deg_2000_pulsos_Mu_1.00,TIEMPO_MAXIMO
47.95649722,12.4656529110273,19.671,0.3384,-0.0295,1.0767,2.727,2.234,1.34676894626896,1.35631336872755,-154,154,1880,165.234375,127.44140625,-255,0,38.3393873782854,153.338597720248,Giro_Off_intento4_180deg_2000_pulsos_Mu_1.00,TIEMPO_MAXIMO
48.00433888,12.3716529110273,19.577,0.3098,-0.0327,1.094,2.727,2.239,1.34676894626896,1.3539272631129,-153,153,1880,165.234375,127.44140625,-255,0,38.0548054239645,153.091135151273,Giro_Off_intento4_180deg_2000_pulsos_Mu_1.00,TIEMPO_MAXIMO
48.052378503,12.2686529110273,19.474,0.2917,-0.0308,1.0872,2.727,2.234,1.34676894626896,1.35213768390192,-153,153,1880,165.234375,127.44140625,-255,0,37.7428586811293,152.819877114026,Giro_Off_intento4_180deg_2000_pulsos_Mu_1.00,TIEMPO_MAXIMO
48.10035913,12.0766529110273,19.282,0.2898,-0.0264,1.0959,2.727,2.239,1.34676894626896,1.35079549949368,-152,152,1880,165.234375,127.44140625,-255,0,37.161040900311,152.313948608966,Giro_Off_intento4_180deg_2000_pulsos_Mu_1.00,TIEMPO_MAXIMO
48.148345138,11.8236529110273,19.029,0.2732,-0.0171,1.1011,2.727,2.234,1.34676894626896,1.3497888611875,-152,152,1880,165.234375,127.44140625,-255,0,36.3937385943506,151.646729212479,Giro_Off_intento4_180deg_2000_pulsos_Mu_1.00,TIEMPO_MAXIMO
48.196412279,11.3976529110273,18.603,0.2883,-0.0178,1.1089,2.722,2.234,1.36098078832916,1.35258684297291,-152,152,1880,165.234375,127.44140625,-255,0,35.1001635726827,150.52188136755,Giro_Off_intento4_180deg_2000_pulsos_Mu_1.00,TIEMPO_MAXIMO
48.244430423,11.1496529110273,18.355,0.2874,-0.0205,1.0984,2.722,2.239,1.36098078832916,1.35468532931198,-151,151,1880,165.234375,127.44140625,-255,0,34.3461982319646,149.866259332143,Giro_Off_intento4_180deg_2000_pulsos_Mu_1.00,TIEMPO_MAXIMO
48.292677499,10.8396529110273,18.045,0.2598,-0.0229,1.1113,2.722,2.239,1.36098078832916,1.35625919406627,-150,150,1880,165.234375,127.44140625,-255,0,33.4028383166573,149.045946362311,Giro_Off_intento4_180deg_2000_pulsos_Mu_1.00,TIEMPO_MAXIMO
48.340354892,10.5036529110273,17.709,0.2825,-0.021,1.1143,2.722,2.239,1.36098078832916,1.357439592632,-149,149,1880,165.234375,127.44140625,-255,0,32.3792544858324,148.155873465941,Giro_Off_intento4_180deg_2000_pulsos_Mu_1.00,TIEMPO_MAXIMO
48.388191399,10.2866529110273,17.492,0.2656,-0.022,1.1035,2.727,2.234,1.34676894626896,1.35477193104124,-148,148,1880,165.234375,127.44140625,-255,0,31.7175959178831,147.580518189464,Giro_Off_intento4_180deg_2000_pulsos_Mu_1.00,TIEMPO_MAXIMO
48.436493096,9.92265291102728,17.128,0.2412,-0.0134,1.1133,2.722,2.239,1.36098078832916,1.35632414536322,-148,148,1880,165.234375,127.44140625,-255,0,30.6067001956022,146.614521909219,Giro_Off_intento4_180deg_2000_pulsos_Mu_1.00,TIEMPO_MAXIMO
48.484263109,9.58265291102728,16.788,0.269,-0.0225,1.114,2.722,2.239,1.36098078832916,1.3574883061047,-147,147,1880,165.234375,127.44140625,-255,0,29.5679336414274,145.711246644719,Giro_Off_intento4_180deg_2000_pulsos_Mu_1.00,TIEMPO_MAXIMO
48.532336077,9.25665291102728,16.462,0.2681,-0.0239,1.1079,2.722,2.234,1.36098078832916,1.35836142666082,-146,146,1880,165.234375,127.44140625,-255,0,28.570961586877,144.844314423371,Giro_Off_intento4_180deg_2000_pulsos_Mu_1.00,TIEMPO_MAXIMO
48.580371447,9.00765291102728,16.213,0.2634,-0.0286,1.1135,2.722,2.239,1.36098078832916,1.3590162670779,-145,145,1880,165.234375,127.44140625,-255,0,27.8088459094257,144.181605138631,Giro_Off_intento4_180deg_2000_pulsos_Mu_1.00,TIEMPO_MAXIMO
48.628306164,8.70865291102728,15.914,0.2473,-0.0164,1.1091,2.722,2.239,1.36098078832916,1.35950739739072,-144,144,1880,165.234375,127.44140625,-255,0,26.8930022302567,143.385219330658,Giro_Off_intento4_180deg_2000_pulsos_Mu_1.00,TIEMPO_MAXIMO
48.676344226,8.49865291102728,15.704,0.2432,-0.0222,1.1155,2.722,2.234,1.36098078832916,1.35987574512533,-143,143,1880,165.234375,127.44140625,-255,0,26.2493282344562,142.825502812571,Giro_Off_intento4_180deg_2000_pulsos_Mu_1.00,TIEMPO_MAXIMO
48.724306787,8.29565291102728,15.501,0.252,-0.0232,1.113,2.722,2.239,1.36098078832916,1.36015200592629,-142,142,1880,165.234375,127.44140625,-255,0,25.6267747590952,142.284151964431,Giro_Off_intento4_180deg_2000_pulsos_Mu_1.00,TIEMPO_MAXIMO
48.772410804,8.04665291102728,15.252,0.2346,-0.0276,1.1094,2.727,2.234,1.34676894626896,1.35680624101196,-142,142,1880,165.234375,127.44140625,-255,0,24.8627115645277,141.619749186546,Giro_Off_intento4_180deg_2000_pulsos_Mu_1.00,TIEMPO_MAXIMO
48.820482654,7.80465291102728,15.01,0.2451,-0.0339,1.1208,2.722,2.234,1.36098078832916,1.35784987784126,-142,142,1880,165.234375,127.44140625,-255,0,24.1196779731891,140.973633020164,Giro_Off_intento4_180deg_2000_pulsos_Mu_1.00,TIEMPO_MAXIMO
48.868315298,7.59265291102728,14.798,0.2241,-0.0232,1.1223,2.727,2.239,1.34676894626896,1.35507964494818,-141,141,1880,165.234375,127.44140625,-255,0,23.4684019541023,140.407306047045,Giro_Off_intento4_180deg_2000_pulsos_Mu_1.00,TIEMPO_MAXIMO
48.91657971,7.42865291102728,14.634,0.2407,-0.0288,1.1169,2.717,2.239,1.37519263038937,1.36010789130848,-140,140,1880,165.234375,127.44140625,-255,0,22.9643637803758,139.969011982935,Giro_Off_intento4_180deg_2000_pulsos_Mu_1.00,TIEMPO_MAXIMO
48.964295916,7.23265291102728,14.438,0.2236,-0.019,1.1218,2.727,2.234,1.34676894626896,1.3567731550486,-139,139,1880,165.234375,127.44140625,-255,0,22.3617302515116,139.444982827401,Giro_Off_intento4_180deg_2000_pulsos_Mu_1.00,TIEMPO_MAXIMO
49.012442284,6.98765291102728,14.193,0.2151,-0.0276,1.1057,2.717,2.239,1.37519263038937,1.36137802388379,-139,139,1880,165.234375,127.44140625,-255,0,21.6080711785196,138.789627111756,Giro_Off_intento4_180deg_2000_pulsos_Mu_1.00,TIEMPO_MAXIMO
49.06026467,6.76465291102728,13.97,0.2239,-0.033,1.1201,2.722,2.239,1.36098078832916,1.36127871499513,-139,139,1880,165.234375,127.44140625,-255,0,20.9217437838355,138.192820681596,Giro_Off_intento4_180deg_2000_pulsos_Mu_1.00,TIEMPO_MAXIMO
49.108245479,6.63865291102728,13.844,0.21,-0.0142,1.1245,2.722,2.243,1.36098078832916,1.36120423332864,-138,138,1880,165.234375,127.44140625,-255,0,20.533812624858,137.855489239007,Giro_Off_intento4_180deg_2000_pulsos_Mu_1.00,TIEMPO_MAXIMO
49.156328355,6.39465291102728,13.6,0.2056,-0.021,1.115,2.722,2.243,1.36098078832916,1.36114837207877,-137,137,1880,165.234375,127.44140625,-255,0,19.782300173632,137.202000150984,Giro_Off_intento4_180deg_2000_pulsos_Mu_1.00,TIEMPO_MAXIMO
49.204366729,6.12865291102728,13.334,0.2205,-0.0186,1.1108,2.722,2.243,1.36098078832916,1.36110647614137,-136,136,1880,165.234375,127.44140625,-255,0,18.9626201246747,136.489234891021,Giro_Off_intento4_180deg_2000_pulsos_Mu_1.00,TIEMPO_MAXIMO
49.252482025,5.91265291102728,13.118,0.1868,-0.0256,1.1274,2.722,2.248,1.36098078832916,1.36107505418832,-136,136,1880,165.234375,127.44140625,-255,0,18.2967137653595,135.910185882921,Giro_Off_intento4_180deg_2000_pulsos_Mu_1.00,TIEMPO_MAXIMO
49.300267065,5.67265291102728,12.878,0.2131,-0.0322,1.1196,2.722,2.243,1.36098078832916,1.36105148772353,-136,136,1880,165.234375,127.44140625,-255,0,17.5565132403576,135.266533252485,Giro_Off_intento4_180deg_2000_pulsos_Mu_1.00,TIEMPO_MAXIMO
49.348452458,5.53565291102728,12.741,0.1892,-0.0254,1.1235,2.722,2.248,1.36098078832916,1.36103381287494,-135,135,1880,165.234375,127.44140625,-255,0,17.133843164385,134.898994055987,Giro_Off_intento4_180deg_2000_pulsos_Mu_1.00,TIEMPO_MAXIMO
49.396301247,5.27065291102728,12.476,0.1956,-0.0144,1.1221,2.727,2.248,1.34676894626896,1.35746759622344,-135,135,1880,165.234375,127.44140625,-255,0,16.3159937919515,134.187820688653,Giro_Off_intento4_180deg_2000_pulsos_Mu_1.00,TIEMPO_MAXIMO
49.444212335,5.14465291102728,12.35,0.1865,-0.009,1.1218,2.717,2.248,1.37519263038937,1.36189885476492,-134,134,1880,165.234375,127.44140625,-255,0,15.9270060596302,133.849570486635,Giro_Off_intento4_180deg_2000_pulsos_Mu_1.00,TIEMPO_MAXIMO
49.492280351,4.91565291102728,12.121,0.1804,-0.0234,1.1235,2.727,2.248,1.34676894626896,1.35811637764093,-134,134,1880,165.234375,127.44140625,-255,0,15.2198403977171,133.234643824102,Giro_Off_intento4_180deg_2000_pulsos_Mu_1.00,TIEMPO_MAXIMO
49.540254515,4.62365291102728,11.829,0.1863,-0.0291,1.1279,2.722,2.248,1.36098078832916,1.35883248031299,-133,133,1880,165.234375,127.44140625,-255,0,14.3177758214455,132.450239844735,Giro_Off_intento4_180deg_2000_pulsos_Mu_1.00,TIEMPO_MAXIMO
49.588384795,4.44965291102728,11.655,0.1946,-0.0217,1.116,2.722,2.248,1.36098078832916,1.35936955731703,-132,132,1880,165.234375,127.44140625,-255,0,13.780065868061,131.982665972227,Giro_Off_intento4_180deg_2000_pulsos_Mu_1.00,TIEMPO_MAXIMO
49.636974759,4.28565291102728,11.491,0.1838,-0.0154,1.1294,2.722,2.248,1.36098078832916,1.35977236507007,-132,132,1880,165.234375,127.44140625,-255,0,13.2731423566512,131.541862918827,Giro_Off_intento4_180deg_2000_pulsos_Mu_1.00,TIEMPO_MAXIMO
49.685423921,4.10565291102728,11.311,0.1729,-0.0293,1.1887,2.722,2.248,1.36098078832916,1.36007447088484,-132,132,1880,165.234375,127.44140625,255,0,12.71663787008,131.057945973983,Giro_Off_intento4_180deg_2000_pulsos_Mu_1.00,TIEMPO_MAXIMO
49.732203196,3.71865291102728,10.924,0.1694,-0.0251,1.1125,2.727,2.248,1.34676894626896,1.35674808973087,-130,130,1880,165.234375,127.44140625,255,0,11.5197353534509,130.017161176914,Giro_Off_intento4_180deg_2000_pulsos_Mu_1.00,TIEMPO_MAXIMO
49.780845906,3.44465291102728,10.65,0.1841,-0.0159,1.1338,2.727,2.248,1.34676894626896,1.35425330386539,-129,129,1880,165.234375,127.44140625,255,0,10.6719950126451,129.27999566317,Giro_Off_intento4_180deg_2000_pulsos_Mu_1.00,TIEMPO_MAXIMO
49.844492047,3.16465291102728,10.37,0.1643,-0.0242,1.1362,2.722,2.248,1.36098078832916,1.35593517498133,-129,129,1880,165.234375,127.44140625,255,0,9.80543902353924,128.526468716121,Giro_Off_intento4_180deg_2000_pulsos_Mu_1.00,TIEMPO_MAXIMO
49.892428033,2.93865291102728,10.144,0.1804,-0.0229,1.137,2.722,2.248,1.36098078832916,1.35719657831829,-129,129,1880,165.234375,127.44140625,255,0,9.10583279109811,127.91811547052,Giro_Off_intento4_180deg_2000_pulsos_Mu_1.00,TIEMPO_MAXIMO
49.940246608,2.77565291102728,9.981,0.1694,-0.0205,1.1355,2.722,2.248,1.36098078832916,1.35814263082101,-127,127,1880,165.234375,127.44140625,255,0,8.60116096815714,127.479270407093,Giro_Off_intento4_180deg_2000_pulsos_Mu_1.00,TIEMPO_MAXIMO
49.988212818,2.60765291102728,9.813,0.1672,-0.0142,1.123,2.727,2.248,1.34676894626896,1.355299209683,-127,127,1880,165.234375,127.44140625,255,0,8.08093560996548,127.026900530405,Giro_Off_intento4_180deg_2000_pulsos_Mu_1.00,TIEMPO_MAXIMO
50.036351478,2.50465291102728,9.71,0.1731,-0.0313,1.1179,2.722,2.248,1.36098078832916,1.35671960434454,-127,127,1880,165.234375,127.44140625,255,0,7.7619532796512,126.749524591001,Giro_Off_intento4_180deg_2000_pulsos_Mu_1.00,TIEMPO_MAXIMO
50.084005672,2.35265291102728,9.558,0.1592,-0.0269,1.1301,2.722,2.248,1.36098078832916,1.35778490034069,-127,127,1880,165.234375,127.44140625,255,0,7.29117654981965,126.340153521582,Giro_Off_intento4_180deg_2000_pulsos_Mu_1.00,TIEMPO_MAXIMO
50.132189007,2.05965291102728,9.265,0.1643,-0.009,1.1274,2.727,2.248,1.34676894626896,1.35503091182276,-126,126,1880,165.234375,127.44140625,255,0,6.38355055617312,125.550913527107,Giro_Off_intento4_180deg_2000_pulsos_Mu_1.00,TIEMPO_MAXIMO
50.180163834,1.82965291102728,9.035,0.156,-0.0125,1.1328,2.727,2.248,1.34676894626896,1.35296542043431,-125,125,1880,165.234375,127.44140625,255,0,5.67096149353195,124.931270863941,Giro_Off_intento4_180deg_2000_pulsos_Mu_1.00,TIEMPO_MAXIMO
50.228216333,1.43765291102728,8.643,0.1626,-0.0242,1.1169,2.722,2.248,1.36098078832916,1.35496926240802,-125,125,1880,165.234375,127.44140625,255,0,4.45625748804567,123.875006511344,Giro_Off_intento4_180deg_2000_pulsos_Mu_1.00,TIEMPO_MAXIMO
50.276208379,1.05965291102728,8.265,0.1765,-0.0225,1.1233,2.722,2.253,1.36098078832916,1.35647214388831,-124,124,1880,165.234375,127.44140625,255,0,3.28473757786604,122.85629354597,Giro_Off_intento4_180deg_2000_pulsos_Mu_1.00,TIEMPO_MAXIMO
50.324058306,0.505652911027282,7.711,0.1924,-0.009,1.1384,2.727,2.248,1.34676894626896,1.35404634448347,-123,123,1880,165.234375,127.44140625,255,0,1.56750406526195,121.363047013271,Giro_Off_intento4_180deg_2000_pulsos_Mu_1.00,TIEMPO_MAXIMO
50.372243049,0.301652911027281,7.507,0.2119,-0.0188,1.1187,2.722,2.243,1.36098078832916,1.35577995544489,-121,121,1880,165.234375,127.44140625,255,0,0.935119936241503,120.813147770645,Giro_Off_intento4_180deg_2000_pulsos_Mu_1.00,TIEMPO_MAXIMO
50.420185409,0.195652911027281,7.401,0.1831,-0.0103,1.1338,2.722,2.248,1.36098078832916,1.35708016366596,-121,121,1880,165.234375,127.44140625,255,0,0.606522995963759,120.527411300838,Giro_Off_intento4_180deg_2000_pulsos_Mu_1.00,TIEMPO_MAXIMO
50.468566657,-0.197347088972719,7.008,0.1892,-0.0344,1.1316,2.727,2.248,1.34676894626896,1.35450235931671,-121,121,1880,165.234375,127.44140625,255,0,0.611774918011315,120.531978189575,Giro_Off_intento4_180deg_2000_pulsos_Mu_1.00,TIEMPO_MAXIMO
50.516109365,-0.464347088972719,6.741,0.2307,-0.0283,1.1218,2.722,2.253,1.36098078832916,1.35612196656982,-121,121,1880,165.234375,127.44140625,255,0,1.43946057541259,121.251704848185,Giro_Off_intento4_180deg_2000_pulsos_Mu_1.00,TIEMPO_MAXIMO
50.564179103,-0.497347088972719,6.708,0.218,-0.011,1.1218,2.722,2.248,1.36098078832916,1.35733667200966,-121,121,1880,165.234375,127.44140625,255,0,1.54175699682311,121.340658258107,Giro_Off_intento4_180deg_2000_pulsos_Mu_1.00,TIEMPO_MAXIMO
50.61215582,-0.497347088972719,6.708,0.2371,-0.0134,1.1272,2.722,2.248,1.36098078832916,1.35824770108953,-121,121,1880,165.234375,127.44140625,255,0,1.54175699682311,121.340658258107,Giro_Off_intento4_180deg_2000_pulsos_Mu_1.00,TIEMPO_MAXIMO
50.660154932,-0.357347088972719,6.848,0.2124,-0.0154,1.1162,2.722,2.248,1.36098078832916,1.35893097289944,-121,121,1879,165.146484375,127.44140625,255,0,1.10776906892717,120.963277451241,Giro_Off_intento4_180deg_2000_pulsos_Mu_1.00,TIEMPO_MAXIMO
50.708172343,-0.331347088972719,6.874,0.2268,-0.0251,1.123,2.722,2.248,1.36098078832916,1.35944342675687,-121,121,1880,165.234375,127.44140625,255,0,1.02717050524571,120.893191743692,Giro_Off_intento4_180deg_2000_pulsos_Mu_1.00,TIEMPO_MAXIMO
50.756204662,-0.285347088972719,6.92,0.2322,-0.0103,1.1189,2.722,2.243,1.36098078832916,1.35982776714994,-121,121,1880,165.234375,127.44140625,255,0,0.884572538697216,120.769193511911,Giro_Off_intento4_180deg_2000_pulsos_Mu_1.00,TIEMPO_MAXIMO
50.804106512,-0.246347088972719,6.959,0.241,-0.0186,1.1174,2.722,2.248,1.36098078832916,1.36011602244475,-120,120,1880,165.234375,127.44140625,255,0,0.763673812434726,120.664064184726,Giro_Off_intento4_180deg_2000_pulsos_Mu_1.00,TIEMPO_MAXIMO
50.852165978,-0.240347088972719,6.965,0.2295,-0.0315,1.1042,2.722,2.248,1.36098078832916,1.36033221391585,-121,121,1880,165.234375,127.44140625,255,0,0.745073975587223,120.647890413554,Giro_Off_intento4_180deg_2000_pulsos_Mu_1.00,TIEMPO_MAXIMO
50.900370509,-0.189347088972719,7.016,0.2646,-0.0208,1.103,2.722,2.248,1.36098078832916,1.36049435751918,-121,121,1880,165.234375,127.44140625,255,0,0.586975053081688,120.510413089636,Giro_Off_intento4_180deg_2000_pulsos_Mu_1.00,TIEMPO_MAXIMO
50.948416242,-0.0993470889727188,7.106,0.2456,-0.0244,1.1204,2.722,2.248,1.36098078832916,1.36061596522168,-121,121,1880,165.234375,127.44140625,255,0,0.307975897930077,120.267805128635,Giro_Off_intento4_180deg_2000_pulsos_Mu_1.00,TIEMPO_MAXIMO
50.996230969,-0.163347088972719,7.042,0.292,-0.0183,1.095,2.722,2.248,1.36098078832916,1.36070717099855,-120,120,1880,165.234375,127.44140625,255,0,0.506375415533862,120.44032644829,Giro_Off_intento4_180deg_2000_pulsos_Mu_1.00,TIEMPO_MAXIMO
51.044557492,-0.0363470889727191,7.169,0.2837,-0.0144,1.1106,2.727,2.248,1.34676894626896,1.35722261481615,-120,120,1880,165.234375,127.44140625,255,0,0.112675996223448,120.097979127151,Giro_Off_intento4_180deg_2000_pulsos_Mu_1.00,TIEMPO_MAXIMO