Tiempo_s,Phi_rel_deg,Phi_raw_deg,AX_g,AY_g,AZ_g,A0_V,A2_V,Theta0_raw,Theta0_filtrado,DXL_Corriente_mA,DXL_Corriente_abs_mA,DXL_Posicion_pulsos,DXL_Posicion_deg,DXL_Goal_Position_deg,Pulsos_Objetivo,Edad_dato_Arduino_s,Tau_calculado_Nmm,Corriente_calculada_mA,Test_ID,Motivo_detencion
0.000273518,-0.987332579558803,0,0.1519,-0.0159,1.1006,3.006,1.911,0.624011772173807,0.624011772173807,-132,132,1902,167.16796875,127.265625,0,0.000273518,0.3215458731148,134.192648585317,Giro_Off_intento5_180deg_2000_pulsos_Mu_1.70,TIEMPO_MAXIMO
0.060449636,-1.05233257955879,7.935,0.447,-0.021,0.9812,2.81,2.175,1.0933983495874,0.741358416527205,-134,134,1902,167.16796875,127.265625,255,0,1.91885199931255,121.668566955924,Giro_Off_intento5_180deg_2000_pulsos_Mu_1.70,TIEMPO_MAXIMO
0.114514211,-0.644332579558785,8.343,0.4634,-0.0403,1.0698,2.81,2.185,1.0933983495874,0.829368399792254,-121,121,1902,167.16796875,127.265625,255,0,1.17493493608394,121.021682553116,Giro_Off_intento5_180deg_2000_pulsos_Mu_1.70,TIEMPO_MAXIMO
0.17824681,0.337667420441214,9.325,0.4482,-0.0171,1.0571,2.81,2.18,1.0933983495874,0.89537588724104,-121,121,1902,167.16796875,127.265625,255,0,0.615743061021016,120.535428748714,Giro_Off_intento5_180deg_2000_pulsos_Mu_1.70,TIEMPO_MAXIMO
0.231526018,1.11666742044121,10.104,0.4519,-0.0337,1.0435,2.805,2.18,1.1053724969704,0.947875039673379,-122,122,1902,167.16796875,127.265625,255,0,2.03614748178894,121.770563027643,Giro_Off_intento5_180deg_2000_pulsos_Mu_1.70,TIEMPO_MAXIMO
0.279841914,1.72966742044122,10.717,0.4912,-0.0242,1.0869,2.81,2.185,1.0933983495874,0.984255867151884,-122,122,1902,167.16796875,127.265625,255,0,3.15362114266058,122.742279254487,Giro_Off_intento5_180deg_2000_pulsos_Mu_1.70,TIEMPO_MAXIMO
0.327327765,2.15766742044121,11.145,0.4604,-0.0239,1.0293,2.805,2.185,1.1053724969704,1.01453502460651,-123,123,1902,167.16796875,127.265625,255,0,3.93364107244677,123.420557454302,Giro_Off_intento5_180deg_2000_pulsos_Mu_1.70,TIEMPO_MAXIMO
0.375387586,2.46966742044122,11.457,0.4866,-0.0356,1.0291,2.805,2.185,1.1053724969704,1.03724439269748,-124,124,1902,167.16796875,127.265625,255,0,4.50211788314544,123.914885115779,Giro_Off_intento5_180deg_2000_pulsos_Mu_1.70,TIEMPO_MAXIMO
0.423289549,2.88566742044121,11.873,0.5132,-0.0247,1.0361,2.81,2.185,1.0933983495874,1.05128288191996,-124,124,1902,167.16796875,127.265625,255,0,5.25987638518952,124.573805552339,Giro_Off_intento5_180deg_2000_pulsos_Mu_1.70,TIEMPO_MAXIMO
0.471490293,3.35066742044121,12.338,0.5181,-0.0325,1.0237,2.805,2.19,1.1053724969704,1.06480528568257,-125,125,1902,167.16796875,127.265625,255,0,6.10656004812953,125.310052215765,Giro_Off_intento5_180deg_2000_pulsos_Mu_1.70,TIEMPO_MAXIMO
0.519370302,3.94966742044121,12.937,0.5366,-0.0359,0.9927,2.81,2.19,1.0933983495874,1.07195355165878,-126,126,1902,167.16796875,127.265625,255,0,7.19663360853051,126.257942268287,Giro_Off_intento5_180deg_2000_pulsos_Mu_1.70,TIEMPO_MAXIMO
0.5673995,4.55666742044122,13.544,0.5532,-0.0278,0.9539,2.805,2.195,1.1053724969704,1.08030828798668,-127,127,1902,167.16796875,127.265625,255,0,8.30046281534755,127.217793752476,Giro_Off_intento5_180deg_2000_pulsos_Mu_1.70,TIEMPO_MAXIMO
0.615273097,5.30766742044121,14.295,0.5598,-0.0706,0.968,2.81,2.195,1.0933983495874,1.08358080338686,-127,127,1902,167.16796875,127.265625,255,0,9.66485307722809,128.404220067155,Giro_Off_intento5_180deg_2000_pulsos_Mu_1.70,TIEMPO_MAXIMO
0.663251595,5.92966742044121,14.917,0.5786,-0.0203,0.9856,2.81,2.195,1.0933983495874,1.086035189937,-128,128,1902,167.16796875,127.265625,255,0,10.7936337362624,129.385768466315,Giro_Off_intento5_180deg_2000_pulsos_Mu_1.70,TIEMPO_MAXIMO
0.711232203,6.74566742044122,15.733,0.5593,-0.0239,0.9724,2.81,2.195,1.0933983495874,1.0878759798496,-130,130,1902,167.16796875,127.265625,255,0,12.2725278400855,130.671763339205,Giro_Off_intento5_180deg_2000_pulsos_Mu_1.70,TIEMPO_MAXIMO
0.759375282,7.60366742044122,16.591,0.5757,-0.0388,0.9895,2.81,2.195,1.0933983495874,1.08925657228405,-131,131,1902,167.16796875,127.265625,255,0,13.8248512596655,132.021609791014,Giro_Off_intento5_180deg_2000_pulsos_Mu_1.70,TIEMPO_MAXIMO
0.807664847,8.40866742044122,17.396,0.5876,-0.0232,0.9785,2.81,2.19,1.0933983495874,1.09029201660989,-132,132,1902,167.16796875,127.265625,255,0,15.2784729387919,133.285628642428,Giro_Off_intento5_180deg_2000_pulsos_Mu_1.70,TIEMPO_MAXIMO
0.855408414,9.17766742044121,18.165,0.5713,-0.0298,0.9673,2.805,2.19,1.1053724969704,1.09406213670001,-133,133,1902,167.16796875,127.265625,255,0,16.6642753005468,134.490674174389,Giro_Off_intento5_180deg_2000_pulsos_Mu_1.70,TIEMPO_MAXIMO
0.903590097,9.67166742044121,18.659,0.5918,-0.0371,0.9592,2.805,2.195,1.1053724969704,1.09688972676761,-134,134,1902,167.16796875,127.265625,255,0,17.5529367602123,135.26342326975,Giro_Off_intento5_180deg_2000_pulsos_Mu_1.70,TIEMPO_MAXIMO
0.951269164,10.1546674204412,19.142,0.5974,-0.0176,0.9758,2.805,2.19,1.1053724969704,1.09901041931831,-136,136,1902,167.16796875,127.265625,255,0,18.420549108897,136.017868790345,Giro_Off_intento5_180deg_2000_pulsos_Mu_1.70,TIEMPO_MAXIMO
0.999258261,10.7646674204412,19.752,0.6274,-0.0273,0.9436,2.805,2.195,1.1053724969704,1.10060093873133,-136,136,1902,167.16796875,127.265625,255,0,19.5144131266713,136.969054892758,Giro_Off_intento5_180deg_2000_pulsos_Mu_1.70,TIEMPO_MAXIMO
1.047230794,11.4636674204412,20.451,0.6182,-0.021,0.9595,2.81,2.19,1.0933983495874,1.09880029144535,-137,137,1902,167.16796875,127.265625,255,0,20.7651467713885,138.056649366425,Giro_Off_intento5_180deg_2000_pulsos_Mu_1.70,TIEMPO_MAXIMO
1.095299333,11.9616674204412,20.949,0.624,-0.0388,0.9402,2.81,2.199,1.0933983495874,1.09744980598086,-139,139,1902,167.16796875,127.265625,255,0,21.6543529716272,138.829872149241,Giro_Off_intento5_180deg_2000_pulsos_Mu_1.70,TIEMPO_MAXIMO
1.15934984,12.7936674204412,21.781,0.6506,-0.0273,0.9451,2.81,2.195,1.0933983495874,1.09643694188249,-139,139,1902,167.16796875,127.265625,255,0,23.1362513930234,140.118479472194,Giro_Off_intento5_180deg_2000_pulsos_Mu_1.70,TIEMPO_MAXIMO
1.207266187,13.4486674204412,22.436,0.6311,-0.0308,0.9375,2.81,2.195,1.0933983495874,1.09567729380872,-141,141,1902,167.16796875,127.265625,255,0,24.2994736087555,141.129977051092,Giro_Off_intento5_180deg_2000_pulsos_Mu_1.70,TIEMPO_MAXIMO
1.255214684,14.1806674204412,23.168,0.6399,-0.0266,0.9302,2.815,2.195,1.0814242022044,1.09211402090764,-142,142,1902,167.16796875,127.265625,255,0,25.5956764509051,142.257109957309,Giro_Off_intento5_180deg_2000_pulsos_Mu_1.70,TIEMPO_MAXIMO
1.338105701,15.5356674204412,24.523,0.6519,-0.0242,0.9268,2.815,2.195,1.0814242022044,1.08944156623183,-144,144,1902,167.16796875,127.265625,255,0,27.9838862288299,144.333814112026,Giro_Off_intento5_180deg_2000_pulsos_Mu_1.70,TIEMPO_MAXIMO
1.415236752,16.1056674204412,25.093,0.6448,-0.0359,0.9241,2.805,2.195,1.1053724969704,1.09342429891647,-144,144,1902,167.16796875,127.265625,255,0,28.9839209044549,145.203409482135,Giro_Off_intento5_180deg_2000_pulsos_Mu_1.70,TIEMPO_MAXIMO
1.463327753,16.5236674204412,25.511,0.6482,0.0056,0.9556,2.805,2.195,1.1053724969704,1.09641134842995,-146,146,1902,167.16796875,127.265625,255,0,29.7154621427503,145.839532298044,Giro_Off_intento5_180deg_2000_pulsos_Mu_1.70,TIEMPO_MAXIMO
1.511290709,17.0166674204412,26.004,0.6682,-0.0229,0.926,2.81,2.19,1.0933983495874,1.09565809871931,-146,146,1902,167.16796875,127.265625,255,0,30.5762251050789,146.588021830503,Giro_Off_intento5_180deg_2000_pulsos_Mu_1.70,TIEMPO_MAXIMO
1.559204519,17.5396674204412,26.527,0.6777,-0.0247,0.8977,2.81,2.195,1.0933983495874,1.09509316143634,-147,147,1902,167.16796875,127.265625,255,0,31.4868911631214,147.379905359236,Giro_Off_intento5_180deg_2000_pulsos_Mu_1.70,TIEMPO_MAXIMO
1.607403358,18.0156674204412,27.003,0.6748,-0.0261,0.9092,2.815,2.195,1.0814242022044,1.09167592162835,-147,147,1902,167.16796875,127.265625,255,0,32.3134406662099,148.098644057574,Giro_Off_intento5_180deg_2000_pulsos_Mu_1.70,TIEMPO_MAXIMO
1.655257475,18.2756674204412,27.263,0.6665,-0.0339,0.8926,2.81,2.195,1.0933983495874,1.09210652861811,-148,148,1902,167.16796875,127.265625,255,0,32.7639791277516,148.490416632827,Giro_Off_intento5_180deg_2000_pulsos_Mu_1.70,TIEMPO_MAXIMO
1.703248421,18.5386674204412,27.526,0.6992,-0.0369,0.8989,2.81,2.195,1.0933983495874,1.09242948386043,-148,148,1902,167.16796875,127.265625,255,0,33.2190296724812,148.886112758679,Giro_Off_intento5_180deg_2000_pulsos_Mu_1.70,TIEMPO_MAXIMO
1.751339848,18.9806674204412,27.968,0.7197,-0.0271,0.8838,2.81,2.195,1.0933983495874,1.09267170029218,-149,149,1902,167.16796875,127.265625,255,0,33.9822099288265,149.549747764197,Giro_Off_intento5_180deg_2000_pulsos_Mu_1.70,TIEMPO_MAXIMO
1.799188996,19.3736674204412,28.361,0.7112,-0.0322,0.8833,2.81,2.195,1.0933983495874,1.09285336261598,-150,150,1902,167.16796875,127.265625,255,0,34.6590871842065,150.138336681919,Giro_Off_intento5_180deg_2000_pulsos_Mu_1.70,TIEMPO_MAXIMO
1.84739836,19.8666674204412,28.854,0.7151,-0.0183,0.8813,2.81,2.195,1.0933983495874,1.09298960935884,-151,151,1902,167.16796875,127.265625,255,0,35.5058882303661,150.87468541771,Giro_Off_intento5_180deg_2000_pulsos_Mu_1.70,TIEMPO_MAXIMO
1.895257097,20.3576674204412,29.345,0.7168,-0.0339,0.8594,2.805,2.195,1.1053724969704,1.09608533126173,-151,151,1902,167.16796875,127.265625,255,0,36.3466413051593,151.605775047965,Giro_Off_intento5_180deg_2000_pulsos_Mu_1.70,TIEMPO_MAXIMO
1.943287952,20.7796674204412,29.767,0.7319,-0.0344,0.8708,2.81,2.19,1.0933983495874,1.09541358584314,-152,152,1902,167.16796875,127.265625,255,0,37.067113154492,152.232272308254,Giro_Off_intento5_180deg_2000_pulsos_Mu_1.70,TIEMPO_MAXIMO
1.991235805,21.3336674204412,30.321,0.7268,-0.0413,0.8447,2.805,2.19,1.1053724969704,1.09790331362496,-152,152,1902,167.16796875,127.265625,255,0,38.0098870858946,153.052075726865,Giro_Off_intento5_180deg_2000_pulsos_Mu_1.70,TIEMPO_MAXIMO
2.039107922,21.7066674204412,30.694,0.7288,-0.0259,0.8494,2.81,2.195,1.0933983495874,1.09677707261557,-154,154,1902,167.16796875,127.265625,255,0,38.6426464784442,153.602301285604,Giro_Off_intento5_180deg_2000_pulsos_Mu_1.70,TIEMPO_MAXIMO
2.087149184,22.0806674204412,31.068,0.728,-0.0398,0.8457,2.81,2.195,1.0933983495874,1.09593239185853,-154,154,1902,167.16796875,127.265625,255,0,39.2754579482578,154.15257212892,Giro_Off_intento5_180deg_2000_pulsos_Mu_1.70,TIEMPO_MAXIMO
2.135094789,22.3176674204412,31.305,0.7205,-0.0317,0.8145,2.81,2.195,1.0933983495874,1.09529888129074,-154,154,1902,167.16796875,127.265625,255,0,39.6755996166893,154.500521405817,Giro_Off_intento5_180deg_2000_pulsos_Mu_1.70,TIEMPO_MAXIMO
2.183355128,22.4576674204412,31.445,0.7573,-0.0339,0.8167,2.81,2.195,1.0933983495874,1.09482374836491,-155,155,1902,167.16796875,127.265625,255,0,39.9116517149899,154.705784099991,Giro_Off_intento5_180deg_2000_pulsos_Mu_1.70,TIEMPO_MAXIMO
2.231312764,22.6336674204412,31.621,0.792,-0.0254,0.8289,2.815,2.195,1.0814242022044,1.09147386182478,-155,155,1902,167.16796875,127.265625,255,0,40.2080646695334,154.963534495246,Giro_Off_intento5_180deg_2000_pulsos_Mu_1.70,TIEMPO_MAXIMO
2.27918913,23.0756674204412,32.063,0.7742,-0.0388,0.8103,2.81,2.195,1.0933983495874,1.09195498376544,-156,156,1902,167.16796875,127.265625,255,0,40.9507863646681,155.609379447537,Giro_Off_intento5_180deg_2000_pulsos_Mu_1.70,TIEMPO_MAXIMO
2.327292509,23.4416674204412,32.429,0.7805,-0.0288,0.7917,2.81,2.195,1.0933983495874,1.09231582522093,-156,156,1902,167.16796875,127.265625,255,0,41.5639576758525,156.142571892046,Giro_Off_intento5_180deg_2000_pulsos_Mu_1.70,TIEMPO_MAXIMO
2.375353131,23.9276674204412,32.915,0.7759,-0.0342,0.792,2.805,2.195,1.1053724969704,1.09557999315829,-157,157,1902,167.16796875,127.265625,255,0,42.3755432488729,156.848298477281,Giro_Off_intento5_180deg_2000_pulsos_Mu_1.70,TIEMPO_MAXIMO
2.423169071,24.3886674204412,33.376,0.7888,-0.0356,0.7944,2.805,2.199,1.1053724969704,1.09802811911132,-157,157,1902,167.16796875,127.265625,255,0,43.1425638573299,157.515272919417,Giro_Off_intento5_180deg_2000_pulsos_Mu_1.70,TIEMPO_MAXIMO
2.471197708,24.9516674204412,33.939,0.7957,-0.0286,0.7742,2.805,2.195,1.1053724969704,1.09986421357609,-158,158,1902,167.16796875,127.265625,255,0,44.0755008288711,158.326522459888,Giro_Off_intento5_180deg_2000_pulsos_Mu_1.70,TIEMPO_MAXIMO
2.519157409,25.3646674204412,34.352,0.7869,-0.0237,0.7905,2.805,2.195,1.1053724969704,1.10124128442467,-159,159,1902,167.16796875,127.265625,255,0,44.7571746818427,158.919282332037,Giro_Off_intento5_180deg_2000_pulsos_Mu_1.70,TIEMPO_MAXIMO
2.56712596,25.8086674204412,34.796,0.8118,-0.0376,0.7778,2.81,2.19,1.0933983495874,1.09928055071535,-160,160,1902,167.16796875,127.265625,255,0,45.487420474854,159.554278673786,Giro_Off_intento5_180deg_2000_pulsos_Mu_1.70,TIEMPO_MAXIMO
2.615152433,26.3196674204412,35.307,0.8206,-0.0408,0.7639,2.81,2.195,1.0933983495874,1.09781000043336,-160,160,1902,167.16796875,127.265625,255,0,46.3244773484608,160.282154216053,Giro_Off_intento5_180deg_2000_pulsos_Mu_1.70,TIEMPO_MAXIMO
2.663252519,26.9176674204412,35.905,0.8269,-0.0337,0.7529,2.81,2.19,1.0933983495874,1.09670708772187,-160,160,1902,167.16796875,127.265625,255,0,47.2993629287856,161.12988080764,Giro_Off_intento5_180deg_2000_pulsos_Mu_1.70,TIEMPO_MAXIMO
2.711293538,27.4446674204412,36.432,0.8191,-0.0188,0.75,2.805,2.195,1.1053724969704,1.098873440034,-162,162,1902,167.16796875,127.265625,255,0,48.1542336003021,161.873246608958,Giro_Off_intento5_180deg_2000_pulsos_Mu_1.70,TIEMPO_MAXIMO
2.759169032,27.9476674204412,36.935,0.8394,-0.0342,0.7373,2.815,2.195,1.0814242022044,1.0945111305766,-163,163,1902,167.16796875,127.265625,255,0,48.9663739950993,162.579455647912,Giro_Off_intento5_180deg_2000_pulsos_Mu_1.70,TIEMPO_MAXIMO
2.807138143,28.5576674204412,37.545,0.844,-0.0469,0.7317,2.81,2.195,1.0933983495874,1.0942329353293,-163,163,1902,167.16796875,127.265625,255,0,49.9462065018373,163.431483914641,Giro_Off_intento5_180deg_2000_pulsos_Mu_1.70,TIEMPO_MAXIMO
2.855144629,29.1026674204412,38.09,0.8271,-0.0388,0.73,2.805,2.19,1.1053724969704,1.09701782573958,-163,163,1902,167.16796875,127.265625,255,0,50.8168454258937,164.188561239908,Giro_Off_intento5_180deg_2000_pulsos_Mu_1.70,TIEMPO_MAXIMO
2.903193551,29.5366674204412,38.524,0.8435,-0.0508,0.741,2.81,2.19,1.0933983495874,1.09611295670153,-164,164,1902,167.16796875,127.265625,255,0,51.506876842567,164.788588558754,Giro_Off_intento5_180deg_2000_pulsos_Mu_1.70,TIEMPO_MAXIMO
2.951123032,29.7486674204412,38.736,0.8369,-0.043,0.7109,2.81,2.195,1.0933983495874,1.095434304923,-165,165,1902,167.16796875,127.265625,255,0,51.8428709519441,165.080757349517,Giro_Off_intento5_180deg_2000_pulsos_Mu_1.70,TIEMPO_MAXIMO
2.999147337,29.9906674204412,38.978,0.8708,-0.0532,0.7095,2.81,2.19,1.0933983495874,1.0949253160891,-165,165,1902,167.16796875,127.265625,255,0,52.2255436027732,165.413516176325,Giro_Off_intento5_180deg_2000_pulsos_Mu_1.70,TIEMPO_MAXIMO
3.047076546,30.4006674204412,39.388,0.8748,-0.0278,0.6838,2.805,2.19,1.1053724969704,1.09753711130942,-165,165,1902,167.16796875,127.265625,255,0,52.8717433347153,165.975428986709,Giro_Off_intento5_180deg_2000_pulsos_Mu_1.70,TIEMPO_MAXIMO
3.095065615,30.7586674204412,39.746,0.8643,-0.0334,0.6641,2.81,2.19,1.0933983495874,1.09650242087892,-166,166,1902,167.16796875,127.265625,255,0,53.4337731010434,166.464150522646,Giro_Off_intento5_180deg_2000_pulsos_Mu_1.70,TIEMPO_MAXIMO
3.143384596,31.1936674204412,40.181,0.8877,-0.0527,0.6655,2.81,2.195,1.0933983495874,1.09572640305604,-167,167,1902,167.16796875,127.265625,255,0,54.1138768711942,167.055545105386,Giro_Off_intento5_180deg_2000_pulsos_Mu_1.70,TIEMPO_MAXIMO
3.20715344,32.0446674204412,41.032,0.8906,-0.0332,0.6611,2.805,2.195,1.1053724969704,1.09813792653463,-167,167,1902,167.16796875,127.265625,255,0,55.4353228543116,168.204628568967,Giro_Off_intento5_180deg_2000_pulsos_Mu_1.70,TIEMPO_MAXIMO
3.255144339,32.6506674204412,41.638,0.8916,-0.04,0.656,2.805,2.195,1.1053724969704,1.09994656914357,-169,169,1902,167.16796875,127.265625,255,0,56.3688911975119,169.016427128271,Giro_Off_intento5_180deg_2000_pulsos_Mu_1.70,TIEMPO_MAXIMO
3.3032444,33.3916674204412,42.379,0.8965,-0.0339,0.6516,2.81,2.195,1.0933983495874,1.09830951425453,-169,169,1902,167.16796875,127.265625,255,0,57.5018528922275,170.001611210633,Giro_Off_intento5_180deg_2000_pulsos_Mu_1.70,TIEMPO_MAXIMO
3.351230238,33.9966674204412,42.984,0.8801,-0.0215,0.645,2.81,2.19,1.0933983495874,1.09708172308775,-170,170,1902,167.16796875,127.265625,255,0,58.4197523144022,170.799784621219,Giro_Off_intento5_180deg_2000_pulsos_Mu_1.70,TIEMPO_MAXIMO
3.399106681,34.4296674204412,43.417,0.9041,-0.0505,0.6379,2.81,2.19,1.0933983495874,1.09616087971266,-171,171,1902,167.16796875,127.265625,255,0,59.0727020013462,171.367566957692,Giro_Off_intento5_180deg_2000_pulsos_Mu_1.70,TIEMPO_MAXIMO
3.447139334,34.9146674204412,43.902,0.9097,-0.0461,0.6299,2.81,2.195,1.0933983495874,1.09547024718134,-171,171,1902,167.16796875,127.265625,255,0,59.8000583610126,172.000050748707,Giro_Off_intento5_180deg_2000_pulsos_Mu_1.70,TIEMPO_MAXIMO
3.495095027,35.4636674204412,44.451,0.9045,-0.0305,0.6387,2.81,2.19,1.0933983495874,1.09495227278286,-172,172,1902,167.16796875,127.265625,255,0,60.6182227019936,172.711498001734,Giro_Off_intento5_180deg_2000_pulsos_Mu_1.70,TIEMPO_MAXIMO
3.543244045,35.8926674204412,44.88,0.9165,-0.0442,0.5825,2.805,2.195,1.1053724969704,1.09755732882974,-173,173,1902,167.16796875,127.265625,255,0,61.2536834451556,173.264072561005,Giro_Off_intento5_180deg_2000_pulsos_Mu_1.70,TIEMPO_MAXIMO
3.591131102,36.0286674204412,45.016,0.8936,-0.0254,0.6252,2.81,2.19,1.0933983495874,1.09651758401916,-173,173,1902,167.16796875,127.265625,255,0,61.4544196843129,173.438625812446,Giro_Off_intento5_180deg_2000_pulsos_Mu_1.70,TIEMPO_MAXIMO
3.639076195,35.9556674204412,44.943,0.9197,-0.0234,0.5942,2.81,2.19,1.0933983495874,1.09573777541122,-173,173,1902,167.16796875,127.265625,255,0,61.3467145307786,173.344969157199,Giro_Off_intento5_180deg_2000_pulsos_Mu_1.70,TIEMPO_MAXIMO
3.687163331,35.9346674204412,44.922,0.9429,-0.0205,0.5706,2.81,2.195,1.0933983495874,1.09515291895526,-173,173,1902,167.16796875,127.265625,255,0,61.3157124044404,173.31801078647,Giro_Off_intento5_180deg_2000_pulsos_Mu_1.70,TIEMPO_MAXIMO
3.735172506,36.0506674204412,45.038,0.9639,-0.0193,0.5515,2.81,2.195,1.0933983495874,1.0947142766133,-173,173,1902,167.16796875,127.265625,255,0,61.4868592171714,173.466834101888,Giro_Off_intento5_180deg_2000_pulsos_Mu_1.70,TIEMPO_MAXIMO
3.783098258,36.4066674204412,45.394,0.9292,-0.0093,0.5354,2.81,2.195,1.0933983495874,1.09438529485682,-174,174,1902,167.16796875,127.265625,255,0,62.0105262522127,173.922196741055,Giro_Off_intento5_180deg_2000_pulsos_Mu_1.70,TIEMPO_MAXIMO
3.831096881,36.5516674204412,45.539,0.9304,-0.0745,0.5195,2.815,2.19,1.0814242022044,1.09114502169372,-174,174,1902,167.16796875,127.265625,255,0,62.2231326311576,174.107071853181,Giro_Off_intento5_180deg_2000_pulsos_Mu_1.70,TIEMPO_MAXIMO
3.879181039,36.6486674204412,45.636,0.9922,0.0137,0.5002,2.815,2.195,1.0814242022044,1.08871481682139,-174,174,1902,167.16796875,127.265625,255,0,62.3651365852741,174.230553552412,Giro_Off_intento5_180deg_2000_pulsos_Mu_1.70,TIEMPO_MAXIMO
3.927025638,36.6106674204412,45.598,0.9629,-0.0125,0.459,2.815,2.195,1.0814242022044,1.08689216316714,-174,174,1902,167.16796875,127.265625,255,0,62.3095274439752,174.18219777737,Giro_Off_intento5_180deg_2000_pulsos_Mu_1.70,TIEMPO_MAXIMO
3.991028808,36.9456674204412,45.933,1.0693,0.0725,0.469,2.825,2.19,1.0574759074384,1.07953809923496,-174,174,1902,167.16796875,127.265625,255,0,62.7988189358026,174.607668639828,Giro_Off_intento5_180deg_2000_pulsos_Mu_1.70,TIEMPO_MAXIMO
4.039084191,38.1516674204412,47.139,1.0222,0.0034,0.3979,2.825,2.19,1.0574759074384,1.07402255128582,-175,175,1902,167.16796875,127.265625,255,0,64.5423733877305,176.123802945853,Giro_Off_intento5_180deg_2000_pulsos_Mu_1.70,TIEMPO_MAXIMO
4.087061676,39.3896674204412,48.377,0.9958,0.0151,0.4087,2.825,2.19,1.0574759074384,1.06988589032396,-177,177,1902,167.16796875,127.265625,255,0,66.3024419251707,177.654297326235,Giro_Off_intento5_180deg_2000_pulsos_Mu_1.70,TIEMPO_MAXIMO
4.134976131,40.7716674204412,49.759,0.9907,-0.0171,0.4075,2.825,2.19,1.0574759074384,1.06678339460257,-179,179,1902,167.16796875,127.265625,255,0,68.2306351902315,179.33098712194,Giro_Off_intento5_180deg_2000_pulsos_Mu_1.70,TIEMPO_MAXIMO
4.183134297,41.8556674204412,50.843,0.9817,-0.001,0.3909,2.825,2.19,1.0574759074384,1.06445652281153,-180,180,1902,167.16796875,127.265625,255,0,69.7153303968146,180.622026432013,Giro_Off_intento5_180deg_2000_pulsos_Mu_1.70,TIEMPO_MAXIMO
4.231057038,42.8486674204412,51.836,1.0522,-0.0071,0.3689,2.825,2.185,1.0574759074384,1.06271136896825,-182,182,1902,167.16796875,127.265625,255,0,71.0535017199751,181.785653669544,Giro_Off_intento5_180deg_2000_pulsos_Mu_1.70,TIEMPO_MAXIMO
4.279114119,44.0246674204412,53.012,1.0017,0.0044,0.3662,2.825,2.19,1.0574759074384,1.06140250358578,-183,183,1902,167.16796875,127.265625,255,0,72.6106495134997,183.13969522913,Giro_Off_intento5_180deg_2000_pulsos_Mu_1.70,TIEMPO_MAXIMO
4.327082403,45.3646674204412,54.352,1.01,-0.0027,0.3835,2.83,2.19,1.0455017600554,1.05742731770319,-185,185,1902,167.16796875,127.265625,255,0,74.3476297375188,184.650112815234,Giro_Off_intento5_180deg_2000_pulsos_Mu_1.70,TIEMPO_MAXIMO
4.375112959,46.6996674204412,55.687,0.9998,0.001,0.3718,2.825,2.195,1.0574759074384,1.05743946513699,-186,186,1902,167.16796875,127.265625,255,0,76.0376930145963,186.119733056171,Giro_Off_intento5_180deg_2000_pulsos_Mu_1.70,TIEMPO_MAXIMO
4.423066926,47.7556674204412,56.743,1.002,-0.0068,0.3687,2.825,2.195,1.0574759074384,1.05744857571234,-186,186,1902,167.16796875,127.265625,255,0,77.3453565531535,187.256831785351,Giro_Off_intento5_180deg_2000_pulsos_Mu_1.70,TIEMPO_MAXIMO
4.471258069,48.5586674204412,57.546,0.9934,-0.0137,0.3704,2.825,2.19,1.0574759074384,1.05745540864386,-187,187,1902,167.16796875,127.265625,255,0,78.3221641478066,188.106229693745,Giro_Off_intento5_180deg_2000_pulsos_Mu_1.70,TIEMPO_MAXIMO
4.519055181,49.1876674204412,58.175,1.0085,0.0081,0.3611,2.825,2.19,1.0574759074384,1.05746053334249,-188,188,1902,167.16796875,127.265625,255,0,79.0765746545778,188.762238830068,Giro_Off_intento5_180deg_2000_pulsos_Mu_1.70,TIEMPO_MAXIMO
4.566994446,49.6996674204412,58.687,1.02,0.0042,0.3745,2.825,2.195,1.0574759074384,1.05746437686647,-189,189,1902,167.16796875,127.265625,255,0,79.6836257682411,189.290109363688,Giro_Off_intento5_180deg_2000_pulsos_Mu_1.70,TIEMPO_MAXIMO
4.61503923,50.2646674204412,59.252,1.0273,-0.009,0.3425,2.825,2.19,1.0574759074384,1.05746725950945,-189,189,1902,167.16796875,127.265625,255,0,80.3461291537744,189.866199264152,Giro_Off_intento5_180deg_2000_pulsos_Mu_1.70,TIEMPO_MAXIMO
4.663062776,50.9226674204412,59.91,1.0149,0.0046,0.3364,2.83,2.19,1.0455017600554,1.05447588464594,-190,190,1902,167.16796875,127.265625,255,0,81.1078295710274,190.528547453067,Giro_Off_intento5_180deg_2000_pulsos_Mu_1.70,TIEMPO_MAXIMO
4.710948879,51.5996674204412,60.587,0.9971,0.0032,0.3428,2.825,2.195,1.0574759074384,1.05522589034405,-191,191,1902,167.16796875,127.265625,255,0,81.8803585341852,191.200311768857,Giro_Off_intento5_180deg_2000_pulsos_Mu_1.70,TIEMPO_MAXIMO
4.759095623,51.9426674204412,60.93,1.0027,-0.0027,0.3313,2.83,2.195,1.0455017600554,1.05279485777189,-191,191,1902,167.16796875,127.265625,255,0,82.2674016157316,191.536870970201,Giro_Off_intento5_180deg_2000_pulsos_Mu_1.70,TIEMPO_MAXIMO
4.806975926,52.2506674204412,61.238,0.998,0.0029,0.3206,2.83,2.195,1.0455017600554,1.05097158334277,-192,192,1902,167.16796875,127.265625,255,0,82.6124385389858,191.836903077379,Giro_Off_intento5_180deg_2000_pulsos_Mu_1.70,TIEMPO_MAXIMO
4.85496432,52.4516674204412,61.439,1.0095,-0.0095,0.2966,2.825,2.19,1.0574759074384,1.05259766436668,-192,192,1902,167.16796875,127.265625,255,0,82.8363220491535,192.031584390568,Giro_Off_intento5_180deg_2000_pulsos_Mu_1.70,TIEMPO_MAXIMO
4.903377111,52.5296674204412,61.517,0.9912,-0.0049,0.2563,2.825,2.195,1.0574759074384,1.05381722513461,-192,192,1902,167.16796875,127.265625,255,0,82.9229278040359,192.10689374264,Giro_Off_intento5_180deg_2000_pulsos_Mu_1.70,TIEMPO_MAXIMO
4.951049678,52.4276674204412,61.415,0.9709,0.0144,0.3027,2.825,2.195,1.0574759074384,1.05473189571055,-192,192,1902,167.16796875,127.265625,255,0,82.8096432314544,192.008385418656,Giro_Off_intento5_180deg_2000_pulsos_Mu_1.70,TIEMPO_MAXIMO
4.999009559,51.9506674204412,60.938,1.0193,0.0183,0.2263,2.83,2.185,1.0455017600554,1.05242436179677,-192,192,1902,167.16796875,127.265625,255,0,82.2763937290467,191.544690199171,Giro_Off_intento5_180deg_2000_pulsos_Mu_1.70,TIEMPO_MAXIMO
5.046926906,51.8426674204412,60.83,1.0386,0.0449,0.1938,2.825,2.185,1.0574759074384,1.05368724820717,-192,192,1902,167.16796875,127.265625,255,0,82.1548649315797,191.439012983982,Giro_Off_intento5_180deg_2000_pulsos_Mu_1.70,TIEMPO_MAXIMO
5.095083398,52.1256674204412,61.113,1.0725,-0.0239,0.2234,2.83,2.18,1.0455017600554,1.05164087616923,-191,191,1902,167.16796875,127.265625,255,0,82.4726945844916,191.71538659521,Giro_Off_intento5_180deg_2000_pulsos_Mu_1.70,TIEMPO_MAXIMO
5.142969292,52.3936674204412,61.381,1.0159,0.0315,0.0967,2.83,2.185,1.0455017600554,1.05010609714077,-192,192,1902,167.16796875,127.265625,255,0,82.7718233687215,191.975498581497,Giro_Off_intento5_180deg_2000_pulsos_Mu_1.70,TIEMPO_MAXIMO
5.191166705,52.5666674204412,61.554,1.0229,-0.0186,0.1011,2.825,2.18,1.0574759074384,1.05194854971518,-192,192,1902,167.16796875,127.265625,255,0,82.9639562907701,192.142570687626,Giro_Off_intento5_180deg_2000_pulsos_Mu_1.70,TIEMPO_MAXIMO
5.238967919,52.5676674204412,61.555,1.0574,-0.061,0.0823,2.84,2.17,1.0215534652894,1.04434977860873,-192,192,1902,167.16796875,127.265625,255,0,82.9650646886938,192.143534511908,Giro_Off_intento5_180deg_2000_pulsos_Mu_1.70,TIEMPO_MAXIMO
5.287277247,52.6046674204412,61.592,1.0925,0.0352,0.0015,2.854,2.136,0.988025852617,1.0302687971108,-192,192,1902,167.16796875,127.265625,255,0,83.0060576423855,192.179180558596,Giro_Off_intento5_180deg_2000_pulsos_Mu_1.70,TIEMPO_MAXIMO
5.335106499,53.8396674204412,62.827,1.0596,-0.0195,-0.0098,2.869,2.121,0.952103410468001,1.0107274504501,-192,192,1902,167.16796875,127.265625,255,0,84.3543704700737,193.351626495716,Giro_Off_intento5_180deg_2000_pulsos_Mu_1.70,TIEMPO_MAXIMO
5.382931263,54.9936674204412,63.981,1.0398,-0.0173,0.0032,2.864,2.116,0.964077557851001,0.999064977300326,-194,194,1902,167.16796875,127.265625,255,0,85.5788444623582,194.416386489007,Giro_Off_intento5_180deg_2000_pulsos_Mu_1.70,TIEMPO_MAXIMO
5.431023429,56.8936674204412,65.881,1.053,-0.0142,-0.0413,2.889,2.102,0.904206820936003,0.975350438209245,-196,196,1902,167.16796875,127.265625,255,0,87.5190181322448,196.103494028039,Giro_Off_intento5_180deg_2000_pulsos_Mu_1.70,TIEMPO_MAXIMO
5.479037018,58.6726674204412,67.66,1.0061,-0.0276,-0.0247,2.884,2.082,0.916180968319002,0.960558070736684,-198,198,1902,167.16796875,127.265625,255,0,89.248437466819,197.607336927669,Giro_Off_intento5_180deg_2000_pulsos_Mu_1.70,TIEMPO_MAXIMO
5.526926845,59.9736674204412,68.961,0.981,-0.0459,-0.0596,2.889,2.082,0.904206820936003,0.946470258286514,-198,198,1902,167.16796875,127.265625,255,0,90.4588048516075,198.659830305746,Giro_Off_intento5_180deg_2000_pulsos_Mu_1.70,TIEMPO_MAXIMO
5.575033571,60.8126674204412,69.8,1.0127,-0.0569,-0.0981,2.898,2.067,0.882653355646602,0.930516032626536,-199,199,1902,167.16796875,127.265625,255,0,91.2146589178948,199.317094711213,Giro_Off_intento5_180deg_2000_pulsos_Mu_1.70,TIEMPO_MAXIMO
5.623057596,61.6126674204412,70.6,1.0481,-0.0425,-0.0872,2.908,2.048,0.858705060880603,0.912563289690053,-200,200,1902,167.16796875,127.265625,255,0,91.9171643296442,199.927968982299,Giro_Off_intento5_180deg_2000_pulsos_Mu_1.70,TIEMPO_MAXIMO
5.686903552,63.5336674204412,72.521,1.0461,-0.0745,-0.1868,2.913,2.038,0.846730913497603,0.89610519564194,-200,200,1902,167.16796875,127.265625,255,0,93.530625299169,201.330978521017,Giro_Off_intento5_180deg_2000_pulsos_Mu_1.70,TIEMPO_MAXIMO
5.734984243,65.6156674204412,74.603,1.0142,-0.0698,-0.1389,2.903,2.038,0.870679208263603,0.889748698797356,-201,201,1902,167.16796875,127.265625,255,0,95.1605422967421,202.748297649341,Giro_Off_intento5_180deg_2000_pulsos_Mu_1.70,TIEMPO_MAXIMO
5.782896556,67.2376674204412,76.225,0.9644,-0.0635,-0.137,2.933,2.033,0.798834323965604,0.867020105089418,-204,204,1902,167.16796875,127.265625,255,0,96.3433796958855,203.776851909466,Giro_Off_intento5_180deg_2000_pulsos_Mu_1.70,TIEMPO_MAXIMO
5.830899726,68.6076674204412,77.595,0.9797,-0.073,-0.1438,2.908,2.033,0.858705060880603,0.864941344037214,-205,205,1903,167.255859375,127.265625,255,0,97.2823384806276,204.593337809241,Giro_Off_intento5_180deg_2000_pulsos_Mu_1.70,TIEMPO_MAXIMO
5.879092603,69.6876674204412,78.675,0.9834,-0.0601,-0.1553,2.928,2.023,0.810808471348604,0.851408125865061,-205,205,1902,167.16796875,127.265625,255,0,97.9833613904846,205.202922948248,Giro_Off_intento5_180deg_2000_pulsos_Mu_1.70,TIEMPO_MAXIMO
5.927043023,70.7816674204412,79.769,1.0144,-0.0872,-0.1938,2.918,2.028,0.834756766114603,0.847245285927447,-205,205,1902,167.16796875,127.265625,255,0,98.6579777115279,205.789545836111,Giro_Off_intento5_180deg_2000_pulsos_Mu_1.70,TIEMPO_MAXIMO
5.975010379,72.1376674204412,81.125,0.9937,-0.0781,-0.1819,2.918,2.028,0.834756766114603,0.844123155974236,-206,206,1902,167.16796875,127.265625,255,0,99.4442111313347,206.473227070726,Giro_Off_intento5_180deg_2000_pulsos_Mu_1.70,TIEMPO_MAXIMO
6.038981057,73.8346674204412,82.822,0.9753,-0.0972,-0.2356,2.923,2.028,0.822782618731603,0.838788021663578,-206,206,1902,167.16796875,127.265625,255,0,100.34964552254,207.260561323948,Giro_Off_intento5_180deg_2000_pulsos_Mu_1.70,TIEMPO_MAXIMO
6.087109791,75.2086674204412,84.196,0.9863,-0.0618,-0.2112,2.913,2.019,0.846730913497603,0.840773744622084,-207,207,1902,167.16796875,127.265625,255,0,101.018290179668,207.841991460581,Giro_Off_intento5_180deg_2000_pulsos_Mu_1.70,TIEMPO_MAXIMO
6.13491332,76.0616674204412,85.049,0.9614,-0.084,-0.1755,2.913,2.023,0.846730913497603,0.842263036840964,-207,207,1902,167.16796875,127.265625,255,0,101.404191710336,208.177558008988,Giro_Off_intento5_180deg_2000_pulsos_Mu_1.70,TIEMPO_MAXIMO
6.183026684,77.1036674204412,86.091,0.9451,-0.0583,-0.2417,2.923,2.019,0.822782618731603,0.837392932313624,-209,209,1902,167.16796875,127.265625,255,0,101.845093161725,208.560950575413,Giro_Off_intento5_180deg_2000_pulsos_Mu_1.70,TIEMPO_MAXIMO
6.230908859,77.9096674204412,86.897,0.9814,-0.1082,-0.2151,2.918,2.009,0.834756766114603,0.836733890763869,-209,209,1902,167.16796875,127.265625,255,0,102.163038942358,208.837425167267,Giro_Off_intento5_180deg_2000_pulsos_Mu_1.70,TIEMPO_MAXIMO
6.278964053,78.7166674204412,87.704,0.9978,-0.1118,-0.1807,2.928,2.014,0.810808471348604,0.830252535910052,-209,209,1902,167.16796875,127.265625,255,0,102.461124776493,209.096630240429,Giro_Off_intento5_180deg_2000_pulsos_Mu_1.70,TIEMPO_MAXIMO
6.32696304,79.4766674204412,88.464,0.9929,-0.0732,-0.2681,2.918,2.019,0.834756766114603,0.83137859346119,-209,209,1902,167.16796875,127.265625,255,0,102.723266111614,209.324579227491,Giro_Off_intento5_180deg_2000_pulsos_Mu_1.70,TIEMPO_MAXIMO
6.375168721,80.3776674204412,89.365,0.9595,-0.0752,-0.2437,2.908,2.004,0.858705060880603,0.838210210316043,-210,210,1902,167.16796875,127.265625,255,0,103.010623747001,209.574455432175,Giro_Off_intento5_180deg_2000_pulsos_Mu_1.70,TIEMPO_MAXIMO
6.423026346,81.0316674204412,90.019,0.9924,-0.0752,-0.2815,2.923,1.999,0.822782618731603,0.834353312419933,-210,210,1903,167.255859375,127.265625,255,0,103.20325369078,209.741959731113,Giro_Off_intento5_180deg_2000_pulsos_Mu_1.70,TIEMPO_MAXIMO
6.470841811,81.7856674204412,90.773,0.9648,-0.072,-0.2964,2.923,1.999,0.822782618731603,0.831460638997851,-210,210,1902,167.16796875,127.265625,255,0,103.408648902689,209.920564263208,Giro_Off_intento5_180deg_2000_pulsos_Mu_1.70,TIEMPO_MAXIMO
6.518839373,82.4296674204412,91.417,0.9482,-0.0583,-0.2913,2.918,1.984,0.834756766114603,0.832284670777039,-210,210,1902,167.16796875,127.265625,255,0,103.569900836852,210.060783336393,Giro_Off_intento5_180deg_2000_pulsos_Mu_1.70,TIEMPO_MAXIMO
6.566920255,83.0396674204412,92.027,0.9761,-0.0796,-0.3079,2.913,1.979,0.846730913497603,0.83589623145718,-210,210,1903,167.255859375,127.265625,255,0,103.710573287057,210.183107206137,Giro_Off_intento5_180deg_2000_pulsos_Mu_1.70,TIEMPO_MAXIMO
6.630856513,84.2086674204412,93.196,0.9558,-0.0996,-0.3271,2.918,1.979,0.834756766114603,0.835611365121536,-210,210,1902,167.16796875,127.265625,255,0,103.947294645033,210.388951865246,Giro_Off_intento5_180deg_2000_pulsos_Mu_1.70,TIEMPO_MAXIMO
6.678903879,85.4386674204412,94.426,0.9402,-0.0774,-0.335,2.913,1.97,0.846730913497603,0.838391252215553,-210,210,1902,167.16796875,127.265625,255,0,104.149651649723,210.56491447802,Giro_Off_intento5_180deg_2000_pulsos_Mu_1.70,TIEMPO_MAXIMO
6.727266238,86.4266674204412,95.414,0.926,-0.0747,-0.3188,2.923,1.97,0.822782618731603,0.834489093844565,-211,211,1902,167.16796875,127.265625,255,0,104.277438650121,210.676033608801,Giro_Off_intento5_180deg_2000_pulsos_Mu_1.70,TIEMPO_MAXIMO
6.775329227,87.3736674204412,96.361,0.9219,-0.0977,-0.3062,2.923,1.96,0.822782618731603,0.831562475066325,-211,211,1902,167.16796875,127.265625,255,0,104.370820319537,210.757235060467,Giro_Off_intento5_180deg_2000_pulsos_Mu_1.70,TIEMPO_MAXIMO
6.823088491,88.1596674204412,97.147,0.946,-0.0613,-0.3369,2.928,1.95,0.810808471348604,0.826373974136895,-211,211,1902,167.16796875,127.265625,255,0,104.42667413028,210.805803591547,Giro_Off_intento5_180deg_2000_pulsos_Mu_1.70,TIEMPO_MAXIMO
6.871096867,88.8596674204412,97.847,0.9451,-0.0779,-0.3276,2.918,1.955,0.834756766114603,0.828469672131322,-211,211,1903,167.255859375,127.265625,255,0,104.459872733248,210.834671941955,Giro_Off_intento5_180deg_2000_pulsos_Mu_1.70,TIEMPO_MAXIMO
6.919105833,89.5306674204412,98.518,0.9363,-0.0803,-0.3433,2.923,1.94,0.822782618731603,0.827047908781392,-211,211,1902,167.16796875,127.265625,255,0,104.477059791622,210.849617210106,Giro_Off_intento5_180deg_2000_pulsos_Mu_1.70,TIEMPO_MAXIMO
6.982869294,90.4646674204412,99.452,0.9153,-0.0693,-0.3433,2.923,1.926,0.822782618731603,0.825981586268945,-212,212,1902,167.16796875,127.265625,255,0,104.477129129218,210.849677503668,Giro_Off_intento5_180deg_2000_pulsos_Mu_1.70,TIEMPO_MAXIMO
7.030973223,91.1106674204412,100.098,0.9219,-0.0872,-0.3494,2.918,1.921,0.834756766114603,0.828175381230359,-211,211,1902,167.16796875,127.265625,255,0,104.46093529577,210.835595909365,Giro_Off_intento5_180deg_2000_pulsos_Mu_1.70,TIEMPO_MAXIMO
7.078789357,91.5696674204412,100.557,0.9238,-0.0752,-0.342,2.923,1.911,0.822782618731603,0.82682719060567,-211,211,1902,167.16796875,127.265625,255,0,104.441359418825,210.818573407674,Giro_Off_intento5_180deg_2000_pulsos_Mu_1.70,TIEMPO_MAXIMO
7.126933273,92.1636674204412,101.151,0.9175,-0.0864,-0.373,2.923,1.901,0.822782618731603,0.825816047637154,-211,211,1902,167.16796875,127.265625,255,0,104.406076470839,210.787892583338,Giro_Off_intento5_180deg_2000_pulsos_Mu_1.70,TIEMPO_MAXIMO
7.174897431,92.8276674204412,101.815,0.9348,-0.0774,-0.3633,2.923,1.891,0.822782618731603,0.825057690410766,-211,211,1902,167.16796875,127.265625,255,0,104.353352845028,210.742045952198,Giro_Off_intento5_180deg_2000_pulsos_Mu_1.70,TIEMPO_MAXIMO
7.222794498,93.6326674204412,102.62,0.9265,-0.0715,-0.3677,2.918,1.887,0.834756766114603,0.827482459336725,-211,211,1902,167.16796875,127.265625,255,0,104.270639134057,210.670120986137,Giro_Off_intento5_180deg_2000_pulsos_Mu_1.70,TIEMPO_MAXIMO
7.270783978,94.4156674204412,103.403,0.9089,-0.0706,-0.3616,2.918,1.887,0.834756766114603,0.829301036031195,-211,211,1902,167.16796875,127.265625,255,0,104.170439172835,210.582990585074,Giro_Off_intento5_180deg_2000_pulsos_Mu_1.70,TIEMPO_MAXIMO
7.318905749,94.9456674204412,103.933,0.9163,-0.0786,-0.3662,2.918,1.882,0.834756766114603,0.830664968552047,-211,211,1902,167.16796875,127.265625,255,0,104.091573287515,210.514411554361,Giro_Off_intento5_180deg_2000_pulsos_Mu_1.70,TIEMPO_MAXIMO
7.36675789,95.4836674204412,104.471,0.9124,-0.061,-0.3679,2.928,1.887,0.810808471348604,0.825700844251186,-211,211,1902,167.16796875,127.265625,255,0,104.00240759105,210.436876166131,Giro_Off_intento5_180deg_2000_pulsos_Mu_1.70,TIEMPO_MAXIMO
7.414903326,95.9006674204412,104.888,0.9314,-0.0691,-0.3691,2.928,1.882,0.810808471348604,0.82197775102554,-210,210,1902,167.16796875,127.265625,255,0,103.926987270901,210.371293279044,Giro_Off_intento5_180deg_2000_pulsos_Mu_1.70,TIEMPO_MAXIMO
7.462830455,96.4386674204412,105.426,0.907,-0.0725,-0.3564,2.923,1.877,0.822782618731603,0.822178967952056,-210,210,1902,167.16796875,127.265625,255,0,103.821550264066,210.279608925275,Giro_Off_intento5_180deg_2000_pulsos_Mu_1.70,TIEMPO_MAXIMO
7.510789303,96.8026674204412,105.79,0.9102,-0.0728,-0.3765,2.913,1.877,0.846730913497603,0.828316954338443,-210,210,1903,167.255859375,127.265625,255,0,103.745021312026,210.213062010457,Giro_Off_intento5_180deg_2000_pulsos_Mu_1.70,TIEMPO_MAXIMO
7.558842801,97.1876674204412,106.175,0.9175,-0.0623,-0.3562,2.923,1.887,0.822782618731603,0.826933370436733,-210,210,1902,167.16796875,127.265625,255,0,103.659520777479,210.138713719547,Giro_Off_intento5_180deg_2000_pulsos_Mu_1.70,TIEMPO_MAXIMO
7.606896623,97.3606674204412,106.348,0.9209,-0.0776,-0.3804,2.913,1.872,0.846730913497603,0.831882756201951,-210,210,1902,167.16796875,127.265625,255,0,103.619576721296,210.103979757649,Giro_Off_intento5_180deg_2000_pulsos_Mu_1.70,TIEMPO_MAXIMO
7.654815063,97.6886674204412,106.676,0.9148,-0.0718,-0.3899,2.933,1.867,0.798834323965604,0.823620648142864,-210,210,1903,167.255859375,127.265625,255,0,103.541251493866,210.035870864231,Giro_Off_intento5_180deg_2000_pulsos_Mu_1.70,TIEMPO_MAXIMO
7.702737611,97.9826674204412,106.97,0.907,-0.0803,-0.3728,2.923,1.862,0.822782618731603,0.823411140790049,-209,209,1902,167.16796875,127.265625,255,0,103.468161403791,209.972314264166,Giro_Off_intento5_180deg_2000_pulsos_Mu_1.70,TIEMPO_MAXIMO
7.751135923,98.1136674204412,107.101,0.9192,-0.0759,-0.3804,2.933,1.862,0.798834323965604,0.817266936583938,-210,210,1903,167.255859375,127.265625,255,0,103.434716547489,209.943231780426,Giro_Off_intento5_180deg_2000_pulsos_Mu_1.70,TIEMPO_MAXIMO
7.79874369,98.3506674204412,107.338,0.9094,-0.0732,-0.3887,2.928,1.857,0.810808471348604,0.815652320275104,-211,211,1902,167.16796875,127.265625,255,0,103.372835561742,209.889422227601,Giro_Off_intento5_180deg_2000_pulsos_Mu_1.70,TIEMPO_MAXIMO
7.846829066,98.5276674204412,107.515,0.9001,-0.0742,-0.3906,2.928,1.848,0.810808471348604,0.814441358043479,-210,210,1902,167.16796875,127.265625,255,0,103.325466858984,209.848232051291,Giro_Off_intento5_180deg_2000_pulsos_Mu_1.70,TIEMPO_MAXIMO
7.894847762,98.7706674204412,107.758,0.8965,-0.0747,-0.3879,2.928,1.833,0.810808471348604,0.81353313636976,-210,210,1903,167.255859375,127.265625,255,0,103.258829188684,209.79028625103,Giro_Off_intento5_180deg_2000_pulsos_Mu_1.70,TIEMPO_MAXIMO
7.942775786,98.9476674204412,107.935,0.8984,-0.0759,-0.4011,2.928,1.838,0.810808471348604,0.812851970114471,-210,210,1903,167.255859375,127.265625,255,0,103.209121409391,209.747062095123,Giro_Off_intento5_180deg_2000_pulsos_Mu_1.70,TIEMPO_MAXIMO
7.99080254,99.2216674204412,108.209,0.9036,-0.0698,-0.3979,2.928,1.828,0.810808471348604,0.812341095423004,-210,210,1903,167.255859375,127.265625,255,0,103.130230279362,209.678461112488,Giro_Off_intento5_180deg_2000_pulsos_Mu_1.70,TIEMPO_MAXIMO
8.03874306,99.4626674204412,108.45,0.8862,-0.0833,-0.3948,2.923,1.823,0.822782618731603,0.814951476250154,-210,210,1903,167.255859375,127.265625,255,0,103.058891025565,209.616426978752,Giro_Off_intento5_180deg_2000_pulsos_Mu_1.70,TIEMPO_MAXIMO
8.086839267,99.6416674204412,108.629,0.9097,-0.0686,-0.4036,2.913,1.823,0.846730913497603,0.822896335562016,-210,210,1903,167.255859375,127.265625,255,0,103.004724456383,209.569325614246,Giro_Off_intento5_180deg_2000_pulsos_Mu_1.70,TIEMPO_MAXIMO
8.134762436,99.9586674204412,108.946,0.9106,-0.0647,-0.4099,2.923,1.813,0.822782618731603,0.822867906354413,-210,210,1902,167.16796875,127.265625,255,0,102.906331790154,209.483766774047,Giro_Off_intento5_180deg_2000_pulsos_Mu_1.70,TIEMPO_MAXIMO
8.182999679,100.335667420441,109.323,0.8857,-0.072,-0.4282,2.923,1.813,0.822782618731603,0.822846584448711,-209,209,1903,167.255859375,127.265625,255,0,102.785215379286,209.378448155901,Giro_Off_intento5_180deg_2000_pulsos_Mu_1.70,TIEMPO_MAXIMO
8.230787543,100.665667420441,109.653,0.8892,-0.0757,-0.4114,2.923,1.808,0.822782618731603,0.822830593019434,-210,210,1902,167.16796875,127.265625,255,0,102.675545703873,209.283083220759,Giro_Off_intento5_180deg_2000_pulsos_Mu_1.70,TIEMPO_MAXIMO
8.278747543,100.823667420441,109.811,0.8625,-0.0837,-0.3945,2.923,1.818,0.822782618731603,0.822818599447476,-209,209,1902,167.16796875,127.265625,255,0,102.621831186237,209.236374944554,Giro_Off_intento5_180deg_2000_pulsos_Mu_1.70,TIEMPO_MAXIMO
8.326868181,100.597667420441,109.585,0.8906,-0.0989,-0.4216,2.918,1.799,0.834756766114603,0.825803141114258,-209,209,1902,167.16796875,127.265625,255,0,102.698423037566,209.302976554406,Giro_Off_intento5_180deg_2000_pulsos_Mu_1.70,TIEMPO_MAXIMO
8.374725249,100.500667420441,109.488,0.8838,-0.0759,-0.4216,2.933,1.784,0.798834323965604,0.819060936827094,-209,209,1903,167.255859375,127.265625,255,0,102.730806525323,209.331136108976,Giro_Off_intento5_180deg_2000_pulsos_Mu_1.70,TIEMPO_MAXIMO
8.422696156,100.494667420441,109.482,0.9099,-0.0771,-0.4939,2.942,1.779,0.777280858676204,0.808615917289372,-209,209,1902,167.16796875,127.265625,255,0,102.732799958889,209.332869529469,Giro_Off_intento5_180deg_2000_pulsos_Mu_1.70,TIEMPO_MAXIMO
8.470744595,100.700667420441,109.688,0.8752,-0.0754,-0.4541,2.933,1.764,0.798834323965604,0.80617051895843,-208,208,1903,167.255859375,127.265625,255,0,102.663714227256,209.272794980222,Giro_Off_intento5_180deg_2000_pulsos_Mu_1.70,TIEMPO_MAXIMO
8.518800156,101.127667420441,110.115,0.8662,-0.0803,-0.4482,2.928,1.76,0.810808471348604,0.807330007055973,-209,209,1902,167.16796875,127.265625,255,0,102.51628686479,209.144597273731,Giro_Off_intento5_180deg_2000_pulsos_Mu_1.70,TIEMPO_MAXIMO
8.566827588,101.504667420441,110.492,0.8892,-0.0859,-0.446,2.933,1.755,0.798834323965604,0.805206086283381,-209,209,1902,167.16796875,127.265625,255,0,102.381389642661,209.027295341444,Giro_Off_intento5_180deg_2000_pulsos_Mu_1.70,TIEMPO_MAXIMO
8.614726123,101.952667420441,110.94,0.8699,-0.0759,-0.4575,2.942,1.75,0.777280858676204,0.798224779381587,-209,209,1902,167.16796875,127.265625,255,0,102.215324497187,208.882890867119,Giro_Off_intento5_180deg_2000_pulsos_Mu_1.70,TIEMPO_MAXIMO
8.678717332,102.419667420441,111.407,0.8774,-0.0818,-0.4622,2.937,1.755,0.789255006059204,0.795982336050991,-209,209,1903,167.255859375,127.265625,255,0,102.03556419565,208.726577561434,Giro_Off_intento5_180deg_2000_pulsos_Mu_1.70,TIEMPO_MAXIMO
8.72666189,102.798667420441,111.786,0.8606,-0.0847,-0.4639,2.937,1.75,0.789255006059204,0.794300503553044,-209,209,1903,167.255859375,127.265625,255,0,101.884693874624,208.595385977934,Giro_Off_intento5_180deg_2000_pulsos_Mu_1.70,TIEMPO_MAXIMO
8.790960338,103.190667420441,112.178,0.856,-0.0847,-0.4622,2.933,1.745,0.798834323965604,0.795433958656184,-209,209,1902,167.16796875,127.265625,255,0,101.723958666556,208.455616231788,Giro_Off_intento5_180deg_2000_pulsos_Mu_1.70,TIEMPO_MAXIMO
8.838855128,103.417667420441,112.405,0.8655,-0.084,-0.449,2.937,1.75,0.789255006059204,0.793889220506939,-208,208,1903,167.255859375,127.265625,255,0,101.628702346043,208.372784648733,Giro_Off_intento5_180deg_2000_pulsos_Mu_1.70,TIEMPO_MAXIMO
8.886687044,103.592667420441,112.58,0.8645,-0.0789,-0.4685,2.937,1.73,0.789255006059204,0.792730666895006,-208,208,1903,167.255859375,127.265625,255,0,101.554177836059,208.307980727008,Giro_Off_intento5_180deg_2000_pulsos_Mu_1.70,TIEMPO_MAXIMO
8.934910985,103.749667420441,112.737,0.8589,-0.0857,-0.4612,2.942,1.735,0.777280858676204,0.788868214840305,-208,208,1903,167.255859375,127.265625,255,0,101.486512451957,208.249141262572,Giro_Off_intento5_180deg_2000_pulsos_Mu_1.70,TIEMPO_MAXIMO
8.98278521,103.933667420441,112.921,0.8799,-0.0764,-0.4707,2.937,1.725,0.789255006059204,0.78896491264503,-208,208,1902,167.16796875,127.265625,255,0,101.406240532193,208.179339593211,Giro_Off_intento5_180deg_2000_pulsos_Mu_1.70,TIEMPO_MAXIMO
9.030713529,104.233667420441,113.221,0.8682,-0.0808,-0.4673,2.942,1.72,0.777280858676204,0.786043899152823,-207,207,1903,167.255859375,127.265625,255,0,101.273120159743,208.063582747603,Giro_Off_intento5_180deg_2000_pulsos_Mu_1.70,TIEMPO_MAXIMO
9.07872045,104.691667420441,113.679,0.844,-0.0854,-0.4634,2.942,1.725,0.777280858676204,0.783853139033668,-208,208,1903,167.255859375,127.265625,255,0,101.064536067416,207.882205276014,Giro_Off_intento5_180deg_2000_pulsos_Mu_1.70,TIEMPO_MAXIMO
9.126777805,105.036667420441,114.024,0.8528,-0.0867,-0.4622,2.947,1.73,0.765306711293204,0.779216532098552,-208,208,1902,167.16796875,127.265625,255,0,100.903149743676,207.741869342327,Giro_Off_intento5_180deg_2000_pulsos_Mu_1.70,TIEMPO_MAXIMO
9.19073467,105.368667420441,114.356,0.8657,-0.0771,-0.4727,2.942,1.725,0.777280858676204,0.778732613742965,-208,208,1902,167.16796875,127.265625,255,0,100.744390314129,207.60381766446,Giro_Off_intento5_180deg_2000_pulsos_Mu_1.70,TIEMPO_MAXIMO
9.238716834,105.585667420441,114.573,0.8538,-0.0811,-0.4597,2.937,1.72,0.789255006059204,0.781363211822025,-208,208,1903,167.255859375,127.265625,255,0,100.638794517151,207.511995232305,Giro_Off_intento5_180deg_2000_pulsos_Mu_1.70,TIEMPO_MAXIMO
9.286955382,105.728667420441,114.716,0.8369,-0.093,-0.4668,2.947,1.72,0.765306711293204,0.77734908668982,-207,207,1902,167.16796875,127.265625,255,0,100.568419158833,207.450799268551,Giro_Off_intento5_180deg_2000_pulsos_Mu_1.70,TIEMPO_MAXIMO
9.334710641,105.850667420441,114.838,0.8665,-0.0889,-0.4641,2.952,1.725,0.753332563910205,0.771344955994916,-207,207,1902,167.16796875,127.265625,255,0,100.507883413496,207.398159489997,Giro_Off_intento5_180deg_2000_pulsos_Mu_1.70,TIEMPO_MAXIMO
9.382710566,106.108667420441,115.096,0.8569,-0.0891,-0.4866,2.952,1.725,0.753332563910205,0.766841857973738,-207,207,1902,167.16796875,127.265625,255,0,100.378364718523,207.285534537846,Giro_Off_intento5_180deg_2000_pulsos_Mu_1.70,TIEMPO_MAXIMO
9.431114409,106.340667420441,115.328,0.8418,-0.0857,-0.4822,2.942,1.725,0.777280858676204,0.769451608149355,-207,207,1902,167.16796875,127.265625,255,0,100.260160225292,207.182748021993,Giro_Off_intento5_180deg_2000_pulsos_Mu_1.70,TIEMPO_MAXIMO
9.478764828,106.482667420441,115.47,0.8428,-0.095,-0.4827,2.937,1.735,0.789255006059204,0.774402457626817,-207,207,1902,167.16796875,127.265625,255,0,100.186999814264,207.119130273273,Giro_Off_intento5_180deg_2000_pulsos_Mu_1.70,TIEMPO_MAXIMO
9.526687029,106.534667420441,115.522,0.8274,-0.0903,-0.4753,2.942,1.716,0.777280858676204,0.775122057889164,-207,207,1902,167.16796875,127.265625,255,0,100.160054717693,207.095699754516,Giro_Off_intento5_180deg_2000_pulsos_Mu_1.70,TIEMPO_MAXIMO
9.574756831,106.382667420441,115.37,0.8369,-0.105,-0.4924,2.947,1.701,0.765306711293204,0.772668221240174,-207,207,1902,167.16796875,127.265625,255,0,100.238585346388,207.163987257729,Giro_Off_intento5_180deg_2000_pulsos_Mu_1.70,TIEMPO_MAXIMO
9.622593812,106.267667420441,115.255,0.8472,-0.1028,-0.5029,2.942,1.696,0.777280858676204,0.773821380599181,-207,207,1902,167.16796875,127.265625,255,0,100.297531217001,207.215244536522,Giro_Off_intento5_180deg_2000_pulsos_Mu_1.70,TIEMPO_MAXIMO
9.670622048,106.251667420441,115.239,0.8625,-0.0891,-0.5149,2.947,1.681,0.765306711293204,0.771692713272687,-207,207,1903,167.255859375,127.265625,255,0,100.305700368109,207.222348146182,Giro_Off_intento5_180deg_2000_pulsos_Mu_1.70,TIEMPO_MAXIMO
9.718699586,106.459667420441,115.447,0.843,-0.0964,-0.5093,2.942,1.676,0.777280858676204,0.773089749623566,-207,207,1902,167.16796875,127.265625,255,0,100.198891516679,207.129470884069,Giro_Off_intento5_180deg_2000_pulsos_Mu_1.70,TIEMPO_MAXIMO
9.766746588,106.897667420441,115.885,0.8225,-0.092,-0.4985,2.957,1.681,0.741358416527205,0.765156916349476,-207,207,1903,167.255859375,127.265625,255,0,99.9696603308397,206.930139418121,Giro_Off_intento5_180deg_2000_pulsos_Mu_1.70,TIEMPO_MAXIMO
9.814667429,107.228667420441,116.216,0.8271,-0.1042,-0.5068,2.947,1.672,0.765306711293204,0.765194365085408,-206,206,1903,167.255859375,127.265625,255,0,99.792552152327,206.776132306371,Giro_Off_intento5_180deg_2000_pulsos_Mu_1.70,TIEMPO_MAXIMO
9.862749713,107.516667420441,116.504,0.8259,-0.0996,-0.5105,2.957,1.686,0.741358416527205,0.759235377945857,-207,207,1903,167.255859375,127.265625,255,0,99.6357421762745,206.639775805456,Giro_Off_intento5_180deg_2000_pulsos_Mu_1.70,TIEMPO_MAXIMO
9.910712763,107.712667420441,116.7,0.8157,-0.1025,-0.5049,2.957,1.672,0.741358416527205,0.754766137591194,-207,207,1903,167.255859375,127.265625,255,0,99.5275844367617,206.545725597184,Giro_Off_intento5_180deg_2000_pulsos_Mu_1.70,TIEMPO_MAXIMO
9.974727575,107.778667420441,116.766,0.8154,-0.1086,-0.5168,2.952,1.667,0.753332563910205,0.754407744170947,-207,207,1903,167.255859375,127.265625,255,0,99.4909017823273,206.513827636806,Giro_Off_intento5_180deg_2000_pulsos_Mu_1.70,TIEMPO_MAXIMO
10.022843017,107.718667420441,116.706,0.8015,-0.1018,-0.5178,2.957,1.657,0.741358416527205,0.751145412260011,-207,207,1903,167.255859375,127.265625,255,0,99.5242551064747,206.542830527369,Giro_Off_intento5_180deg_2000_pulsos_Mu_1.70,TIEMPO_MAXIMO
10.07064873,107.572667420441,116.56,0.814,-0.1069,-0.5439,2.962,1.647,0.729384269144204,0.74570512648106,-207,207,1903,167.255859375,127.265625,255,0,99.6049588848424,206.61300772595,Giro_Off_intento5_180deg_2000_pulsos_Mu_1.70,TIEMPO_MAXIMO
10.134657548,107.475667420441,116.463,0.8208,-0.1157,-0.55,2.967,1.652,0.717410121761205,0.738631375301096,-207,207,1903,167.255859375,127.265625,255,0,99.6582195923505,206.659321384653,Giro_Off_intento5_180deg_2000_pulsos_Mu_1.70,TIEMPO_MAXIMO
10.18270103,107.562667420441,116.55,0.7788,-0.1008,-0.5571,2.972,1.642,0.705435974378205,0.730332525070373,-207,207,1902,167.16796875,127.265625,255,0,99.6104628805408,206.617793809166,Giro_Off_intento5_180deg_2000_pulsos_Mu_1.70,TIEMPO_MAXIMO
10.230710937,107.554667420441,116.542,0.7859,-0.1047,-0.5613,2.967,1.647,0.717410121761205,0.727101924243081,-207,207,1903,167.255859375,127.265625,255,0,99.6148638924056,206.621620776005,Giro_Off_intento5_180deg_2000_pulsos_Mu_1.70,TIEMPO_MAXIMO
10.278658461,107.685667420441,116.673,0.7922,-0.1121,-0.5762,2.981,1.662,0.683882509088806,0.716297070454512,-207,207,1903,167.255859375,127.265625,255,0,99.5425529159306,206.558741666027,Giro_Off_intento5_180deg_2000_pulsos_Mu_1.70,TIEMPO_MAXIMO
10.326768417,108.092667420441,117.08,0.7788,-0.1133,-0.5759,2.962,1.647,0.729384269144204,0.719568870126935,-207,207,1902,167.16796875,127.265625,255,0,99.314574019697,206.360499147563,Giro_Off_intento5_180deg_2000_pulsos_Mu_1.70,TIEMPO_MAXIMO
10.374740336,108.675667420441,117.663,0.772,-0.0967,-0.5808,2.967,1.657,0.717410121761205,0.719029183035503,-206,206,1903,167.255859375,127.265625,255,0,98.9792820874744,206.06894094563,Giro_Off_intento5_180deg_2000_pulsos_Mu_1.70,TIEMPO_MAXIMO
10.422660232,109.146667420441,118.134,0.7629,-0.1069,-0.5767,2.972,1.657,0.705435974378205,0.715630880871178,-206,206,1902,167.16796875,127.265625,255,0,98.7009174753871,205.826884761206,Giro_Off_intento5_180deg_2000_pulsos_Mu_1.70,TIEMPO_MAXIMO
10.470860854,109.637667420441,118.625,0.7517,-0.1062,-0.5737,2.977,1.652,0.693461826995206,0.710088617402185,-206,206,1903,167.255859375,127.265625,255,0,98.4036323167998,205.568375927652,Giro_Off_intento5_180deg_2000_pulsos_Mu_1.70,TIEMPO_MAXIMO
10.518648975,109.962667420441,118.95,0.7375,-0.1099,-0.6025,2.962,1.647,0.729384269144204,0.71491253033769,-205,205,1902,167.16796875,127.265625,255,0,98.2028788746084,205.393807717051,Giro_Off_intento5_180deg_2000_pulsos_Mu_1.70,TIEMPO_MAXIMO
10.566621593,110.019667420441,119.007,0.7256,-0.1138,-0.5991,2.972,1.647,0.705435974378205,0.712543391347819,-205,205,1903,167.255859375,127.265625,255,0,98.1673439485999,205.362907781391,Giro_Off_intento5_180deg_2000_pulsos_Mu_1.70,TIEMPO_MAXIMO
10.614614568,109.785667420441,118.773,0.7402,-0.1157,-0.606,2.972,1.647,0.705435974378205,0.710766537105415,-205,205,1903,167.255859375,127.265625,255,0,98.3126045190564,205.489221320919,Giro_Off_intento5_180deg_2000_pulsos_Mu_1.70,TIEMPO_MAXIMO
10.662740934,109.635667420441,118.623,0.7146,-0.1265,-0.6287,2.986,1.657,0.671908361705805,0.701051993255513,-205,205,1903,167.255859375,127.265625,255,0,98.4048579272208,205.569441675844,Giro_Off_intento5_180deg_2000_pulsos_Mu_1.70,TIEMPO_MAXIMO
10.710871717,109.720667420441,118.708,0.7156,-0.0857,-0.6423,2.986,1.652,0.671908361705805,0.693766085368086,-206,206,1903,167.255859375,127.265625,255,0,98.3526637636867,205.524055446684,Giro_Off_intento5_180deg_2000_pulsos_Mu_1.70,TIEMPO_MAXIMO
10.758730924,110.080667420441,119.068,0.7224,-0.1106,-0.6484,3.001,1.652,0.635985919556807,0.679321043915266,-206,206,1903,167.255859375,127.265625,255,0,98.12920772186,205.329745845096,Giro_Off_intento5_180deg_2000_pulsos_Mu_1.70,TIEMPO_MAXIMO
10.806819941,110.735667420441,119.723,0.7024,-0.1116,-0.6804,2.996,1.657,0.647960066939806,0.671480799671401,-205,205,1903,167.255859375,127.265625,255,0,97.7127117535263,204.967575437849,Giro_Off_intento5_180deg_2000_pulsos_Mu_1.70,TIEMPO_MAXIMO
10.854615909,111.477667420441,120.465,0.6863,-0.1021,-0.6819,2.991,1.647,0.659934214322806,0.668594153334252,-205,205,1903,167.255859375,127.265625,255,0,97.2254712864117,204.543888075141,Giro_Off_intento5_180deg_2000_pulsos_Mu_1.70,TIEMPO_MAXIMO
10.902714065,112.072667420441,121.06,0.6799,-0.1082,-0.6704,3.006,1.652,0.624011772173807,0.657448558044141,-204,204,1903,167.255859375,127.265625,255,0,96.8229755519609,204.193891784314,Giro_Off_intento5_180deg_2000_pulsos_Mu_1.70,TIEMPO_MAXIMO
10.950639756,112.729667420441,121.717,0.6699,-0.1096,-0.6765,3.001,1.657,0.635985919556807,0.652082898422307,-204,204,1902,167.16796875,127.265625,255,0,96.3664106443899,203.796878821209,Giro_Off_intento5_180deg_2000_pulsos_Mu_1.70,TIEMPO_MAXIMO
10.998466445,113.440667420441,122.428,0.6611,-0.1101,-0.6938,3.006,1.657,0.624011772173807,0.645065116860182,-204,204,1902,167.16796875,127.265625,255,0,95.8580459168923,203.354822536428,Giro_Off_intento5_180deg_2000_pulsos_Mu_1.70,TIEMPO_MAXIMO
11.046927318,114.232667420441,123.22,0.6658,-0.1123,-0.7007,2.996,1.657,0.647960066939806,0.645788854380088,-203,203,1903,167.255859375,127.265625,255,0,95.2743905148714,202.847296099888,Giro_Off_intento5_180deg_2000_pulsos_Mu_1.70,TIEMPO_MAXIMO
11.094616377,115.086667420441,124.074,0.6465,-0.1052,-0.7004,3.001,1.642,0.635985919556807,0.643338120674268,-203,203,1903,167.255859375,127.265625,255,0,94.6246505325522,202.282304810915,Giro_Off_intento5_180deg_2000_pulsos_Mu_1.70,TIEMPO_MAXIMO
11.142737772,115.713667420441,124.701,0.6421,-0.1213,-0.6838,3.006,1.652,0.624011772173807,0.638506533549153,-202,202,1903,167.255859375,127.265625,255,0,94.1342255936167,201.855848342275,Giro_Off_intento5_180deg_2000_pulsos_Mu_1.70,TIEMPO_MAXIMO
11.19063958,116.472667420441,125.46,0.6455,-0.1018,-0.7004,2.996,1.657,0.647960066939806,0.640869916896816,-201,201,1902,167.16796875,127.265625,255,0,93.5254764279265,201.326501241675,Giro_Off_intento5_180deg_2000_pulsos_Mu_1.70,TIEMPO_MAXIMO
11.238750166,117.228667420441,126.216,0.6553,-0.0981,-0.6868,3.001,1.652,0.635985919556807,0.639648917561814,-201,201,1902,167.16796875,127.265625,255,0,92.9028184054215,200.785059482975,Giro_Off_intento5_180deg_2000_pulsos_Mu_1.70,TIEMPO_MAXIMO
11.286463462,118.051667420441,127.039,0.6226,-0.0928,-0.7068,2.991,1.657,0.659934214322806,0.644720241752062,-200,200,1903,167.255859375,127.265625,255,0,92.206593661512,200.179646662184,Giro_Off_intento5_180deg_2000_pulsos_Mu_1.70,TIEMPO_MAXIMO
11.334625872,118.769667420441,127.757,0.6321,-0.1179,-0.7129,2.991,1.652,0.659934214322806,0.648523734894748,-201,201,1903,167.255859375,127.265625,255,0,91.5836511857837,199.637957552855,Giro_Off_intento5_180deg_2000_pulsos_Mu_1.70,TIEMPO_MAXIMO
11.398647983,119.650667420441,128.638,0.6226,-0.0918,-0.7153,2.996,1.657,0.647960066939806,0.648382817906012,-200,200,1903,167.255859375,127.265625,255,0,90.7996489774426,198.956216502124,Giro_Off_intento5_180deg_2000_pulsos_Mu_1.70,TIEMPO_MAXIMO
11.446576508,120.363667420441,129.351,0.6187,-0.1016,-0.7131,2.996,1.647,0.647960066939806,0.648277130164461,-198,198,1903,167.255859375,127.265625,255,0,90.1494239260995,198.390803414,Giro_Off_intento5_180deg_2000_pulsos_Mu_1.70,TIEMPO_MAXIMO
11.510926734,121.175667420441,130.163,0.6262,-0.0994,-0.7236,3.006,1.652,0.624011772173807,0.642210790666797,-198,198,1903,167.255859375,127.265625,255,0,89.3919186322902,197.732103158513,Giro_Off_intento5_180deg_2000_pulsos_Mu_1.70,TIEMPO_MAXIMO
11.558537589,121.757667420441,130.745,0.6167,-0.0918,-0.7195,3.006,1.657,0.624011772173807,0.63766103604355,-198,198,1902,167.16796875,127.265625,255,0,88.8379227558784,197.250367613807,Giro_Off_intento5_180deg_2000_pulsos_Mu_1.70,TIEMPO_MAXIMO
11.606561229,122.228667420441,131.216,0.6091,-0.1021,-0.7185,2.996,1.657,0.647960066939806,0.640235793767614,-197,197,1903,167.255859375,127.265625,255,0,88.3828724822051,196.854671723657,Giro_Off_intento5_180deg_2000_pulsos_Mu_1.70,TIEMPO_MAXIMO
11.670531051,122.786667420441,131.774,0.6038,-0.095,-0.7295,3.006,1.657,0.624011772173807,0.636179788369162,-197,197,1902,167.16796875,127.265625,255,0,87.8360415154695,196.379166535191,Giro_Off_intento5_180deg_2000_pulsos_Mu_1.70,TIEMPO_MAXIMO
11.718673176,123.209667420441,132.197,0.6052,-0.1021,-0.7222,2.996,1.652,0.647960066939806,0.639124858011823,-196,196,1903,167.255859375,127.265625,255,0,87.4159541350741,196.013873160934,Giro_Off_intento5_180deg_2000_pulsos_Mu_1.70,TIEMPO_MAXIMO
11.766545653,123.447667420441,132.435,0.6072,-0.093,-0.7271,2.986,1.647,0.671908361705805,0.647320733935319,-196,196,1903,167.255859375,127.265625,255,0,87.1774968803039,195.806519026351,Giro_Off_intento5_180deg_2000_pulsos_Mu_1.70,TIEMPO_MAXIMO
11.814536646,123.815667420441,132.803,0.6096,-0.1045,-0.731,2.991,1.652,0.659934214322806,0.65047410403219,-196,196,1902,167.16796875,127.265625,255,0,86.8058302755629,195.483330674403,Giro_Off_intento5_180deg_2000_pulsos_Mu_1.70,TIEMPO_MAXIMO
11.862688836,124.213667420441,133.201,0.6023,-0.0962,-0.7361,2.991,1.652,0.659934214322806,0.652839131604844,-195,195,1903,167.255859375,127.265625,255,0,86.3998345027155,195.130290871927,Giro_Off_intento5_180deg_2000_pulsos_Mu_1.70,TIEMPO_MAXIMO
11.910448725,124.673667420441,133.661,0.5862,-0.1045,-0.7285,2.986,1.652,0.671908361705805,0.657606439130085,-195,195,1903,167.255859375,127.265625,255,0,85.9254006849942,194.717739726082,Giro_Off_intento5_180deg_2000_pulsos_Mu_1.70,TIEMPO_MAXIMO
11.958524119,124.979667420441,133.967,0.592,-0.0903,-0.7346,3.006,1.657,0.624011772173807,0.649207772391015,-194,194,1902,167.16796875,127.265625,255,0,85.6067295857878,194.440634422424,Giro_Off_intento5_180deg_2000_pulsos_Mu_1.70,TIEMPO_MAXIMO
12.006561884,125.325667420441,134.313,0.5989,-0.0964,-0.7375,2.991,1.647,0.659934214322806,0.651889382873963,-194,194,1903,167.255859375,127.265625,255,0,85.2434612054434,194.124748874299,Giro_Off_intento5_180deg_2000_pulsos_Mu_1.70,TIEMPO_MAXIMO
12.05448285,125.753667420441,134.741,0.5784,-0.0979,-0.7434,2.991,1.647,0.659934214322806,0.653900590736173,-194,194,1903,167.255859375,127.265625,255,0,84.7898007789104,193.730261546879,Giro_Off_intento5_180deg_2000_pulsos_Mu_1.70,TIEMPO_MAXIMO
12.10249816,126.161667420441,135.149,0.5876,-0.0986,-0.7434,2.996,1.662,0.647960066939806,0.652415459787082,-194,194,1903,167.255859375,127.265625,255,0,84.3529342010476,193.350377566128,Giro_Off_intento5_180deg_2000_pulsos_Mu_1.70,TIEMPO_MAXIMO
12.150695869,126.565667420441,135.553,0.5715,-0.0942,-0.7422,2.986,1.652,0.671908361705805,0.657288685266763,-193,193,1902,167.16796875,127.265625,255,0,83.9161359169161,192.970552971231,Giro_Off_intento5_180deg_2000_pulsos_Mu_1.70,TIEMPO_MAXIMO
12.198452205,126.858667420441,135.846,0.5754,-0.0959,-0.741,2.996,1.657,0.647960066939806,0.654956530685023,-193,193,1903,167.255859375,127.265625,255,0,83.5967376199915,192.692815321732,Giro_Off_intento5_180deg_2000_pulsos_Mu_1.70,TIEMPO_MAXIMO
12.246559783,127.051667420441,136.039,0.5652,-0.0935,-0.7305,2.996,1.647,0.647960066939806,0.653207414748719,-193,193,1903,167.255859375,127.265625,255,0,83.3851541777558,192.508829719788,Giro_Off_intento5_180deg_2000_pulsos_Mu_1.70,TIEMPO_MAXIMO
12.294560344,127.226667420441,136.214,0.5757,-0.0911,-0.7432,3.001,1.652,0.635985919556807,0.648902040950741,-193,193,1902,167.16796875,127.265625,255,0,83.1924859439729,192.341292125194,Giro_Off_intento5_180deg_2000_pulsos_Mu_1.70,TIEMPO_MAXIMO
12.342474529,127.386667420441,136.374,0.5688,-0.0896,-0.7583,3.001,1.657,0.635985919556807,0.645673010602257,-192,192,1902,167.16796875,127.265625,255,0,83.0156529232897,192.187524281121,Giro_Off_intento5_180deg_2000_pulsos_Mu_1.70,TIEMPO_MAXIMO
12.390483031,127.514667420441,136.502,0.5703,-0.0935,-0.7463,2.996,1.657,0.647960066939806,0.646244774686645,-192,192,1903,167.255859375,127.265625,255,0,82.8737203320113,192.064104636532,Giro_Off_intento5_180deg_2000_pulsos_Mu_1.70,TIEMPO_MAXIMO
12.438499876,127.752667420441,136.74,0.5647,-0.0962,-0.7651,2.981,1.647,0.683882509088806,0.655654208287185,-192,192,1902,167.16796875,127.265625,255,0,82.6087154503978,191.833665609042,Giro_Off_intento5_180deg_2000_pulsos_Mu_1.70,TIEMPO_MAXIMO
12.486465329,128.080667420441,137.068,0.5632,-0.0913,-0.7554,2.986,1.647,0.671908361705805,0.65971774664184,-192,192,1903,167.255859375,127.265625,255,0,82.2411637628108,191.514055445922,Giro_Off_intento5_180deg_2000_pulsos_Mu_1.70,TIEMPO_MAXIMO
12.534496257,128.429667420441,137.417,0.554,-0.0874,-0.7444,2.996,1.657,0.647960066939806,0.656778326716332,-192,192,1903,167.255859375,127.265625,255,0,81.8471205281317,191.171409154897,Giro_Off_intento5_180deg_2000_pulsos_Mu_1.70,TIEMPO_MAXIMO
12.582907489,128.754667420441,137.742,0.5464,-0.0952,-0.7646,2.986,1.657,0.671908361705805,0.6605608354637,-191,191,1902,167.16796875,127.265625,255,0,81.4774438441454,190.849951168822,Giro_Off_intento5_180deg_2000_pulsos_Mu_1.70,TIEMPO_MAXIMO
12.630457264,128.984667420441,137.972,0.5474,-0.0928,-0.7588,2.996,1.652,0.647960066939806,0.657410643332727,-191,191,1903,167.255859375,127.265625,255,0,81.2142416978205,190.621079737235,Giro_Off_intento5_180deg_2000_pulsos_Mu_1.70,TIEMPO_MAXIMO
12.678454373,129.311667420441,138.299,0.5422,-0.0854,-0.7769,2.991,1.652,0.659934214322806,0.658041536080246,-191,191,1903,167.255859375,127.265625,255,0,80.8377849478221,190.293726041584,Giro_Off_intento5_180deg_2000_pulsos_Mu_1.70,TIEMPO_MAXIMO
12.72638832,129.629667420441,138.617,0.543,-0.0979,-0.76,2.996,1.652,0.647960066939806,0.655521168795136,-190,190,1903,167.255859375,127.265625,255,0,80.469163915583,189.97318601355,Giro_Off_intento5_180deg_2000_pulsos_Mu_1.70,TIEMPO_MAXIMO
12.774422684,129.936667420441,138.924,0.5322,-0.0938,-0.7573,2.986,1.652,0.671908361705805,0.659617967022804,-190,190,1902,167.16796875,127.265625,255,0,80.1109421568908,189.661688832079,Giro_Off_intento5_180deg_2000_pulsos_Mu_1.70,TIEMPO_MAXIMO
12.822533321,130.178667420441,139.166,0.5437,-0.0847,-0.7725,2.986,1.657,0.671908361705805,0.662690565693554,-190,190,1903,167.255859375,127.265625,255,0,79.8269438065609,189.414733744836,Giro_Off_intento5_180deg_2000_pulsos_Mu_1.70,TIEMPO_MAXIMO
12.870513346,130.435667420441,139.423,0.5386,-0.0901,-0.771,3.001,1.652,0.635985919556807,0.656014404159367,-189,189,1902,167.16796875,127.265625,255,0,79.5237831482218,189.151115781062,Giro_Off_intento5_180deg_2000_pulsos_Mu_1.70,TIEMPO_MAXIMO
12.934720814,130.713667420441,139.701,0.5295,-0.0818,-0.7688,2.991,1.647,0.659934214322806,0.656994356700227,-189,189,1902,167.16796875,127.265625,255,0,79.1940493558541,188.864390744221,Giro_Off_intento5_180deg_2000_pulsos_Mu_1.70,TIEMPO_MAXIMO
12.982495984,130.872667420441,139.86,0.5432,-0.0837,-0.7976,3.001,1.647,0.635985919556807,0.651742247414372,-189,189,1903,167.255859375,127.265625,255,0,79.0046220060112,188.699671309575,Giro_Off_intento5_180deg_2000_pulsos_Mu_1.70,TIEMPO_MAXIMO
13.030355562,131.109667420441,140.097,0.5344,-0.0876,-0.7754,2.996,1.657,0.647960066939806,0.65079670229573,-188,188,1903,167.255859375,127.265625,255,0,78.7211391467068,188.453164475397,Giro_Off_intento5_180deg_2000_pulsos_Mu_1.70,TIEMPO_MAXIMO
13.078478977,131.444667420441,140.432,0.5317,-0.0854,-0.7778,3.001,1.647,0.635985919556807,0.647094006610999,-188,188,1903,167.255859375,127.265625,255,0,78.3181391677529,188.102729711089,Giro_Off_intento5_180deg_2000_pulsos_Mu_1.70,TIEMPO_MAXIMO
13.126816469,131.835667420441,140.823,0.5203,-0.0901,-0.7747,3.001,1.652,0.635985919556807,0.644316984847451,-188,188,1903,167.255859375,127.265625,255,0,77.8443869083302,187.690771224635,Giro_Off_intento5_180deg_2000_pulsos_Mu_1.70,TIEMPO_MAXIMO
13.174642401,132.151667420441,141.139,0.5227,-0.0864,-0.7842,2.996,1.647,0.647960066939806,0.64522775537054,-188,188,1903,167.255859375,127.265625,255,0,77.4588579613019,187.355528662002,Giro_Off_intento5_180deg_2000_pulsos_Mu_1.70,TIEMPO_MAXIMO
13.222438557,132.356667420441,141.344,0.5227,-0.0801,-0.7813,2.986,1.647,0.671908361705805,0.651897906954356,-187,187,1902,167.16796875,127.265625,255,0,77.2074913740144,187.136949020882,Giro_Off_intento5_180deg_2000_pulsos_Mu_1.70,TIEMPO_MAXIMO
13.270390651,132.571667420441,141.559,0.521,-0.0815,-0.7825,2.996,1.657,0.647960066939806,0.650913446950719,-187,187,1902,167.16796875,127.265625,255,0,76.942801188078,186.906783641807,Giro_Off_intento5_180deg_2000_pulsos_Mu_1.70,TIEMPO_MAXIMO
13.318732643,132.739667420441,141.727,0.5176,-0.0823,-0.7734,2.991,1.652,0.659934214322806,0.653168638793741,-187,187,1903,167.255859375,127.265625,255,0,76.7352192681122,186.726277624445,Giro_Off_intento5_180deg_2000_pulsos_Mu_1.70,TIEMPO_MAXIMO
13.366404948,132.885667420441,141.873,0.5159,-0.0828,-0.7761,3.001,1.657,0.635985919556807,0.648872958984507,-187,187,1903,167.255859375,127.265625,255,0,76.5542848326769,186.568943332763,Giro_Off_intento5_180deg_2000_pulsos_Mu_1.70,TIEMPO_MAXIMO
13.414379179,133.017667420441,142.005,0.5242,-0.0859,-0.7805,3.001,1.652,0.635985919556807,0.645651199127582,-187,187,1902,167.16796875,127.265625,255,0,76.3902723713392,186.426323801165,Giro_Off_intento5_180deg_2000_pulsos_Mu_1.70,TIEMPO_MAXIMO
13.462576431,133.200667420441,142.188,0.5042,-0.083,-0.7915,2.996,1.657,0.647960066939806,0.646228416080638,-186,186,1903,167.255859375,127.265625,255,0,76.1622209511384,186.228018218381,Giro_Off_intento5_180deg_2000_pulsos_Mu_1.70,TIEMPO_MAXIMO
13.510387475,133.355667420441,142.343,0.5056,-0.0784,-0.7849,3.006,1.662,0.624011772173807,0.64067425510393,-186,186,1903,167.255859375,127.265625,255,0,75.9684548190068,186.059525929571,Giro_Off_intento5_180deg_2000_pulsos_Mu_1.70,TIEMPO_MAXIMO
13.558445222,133.489667420441,142.477,0.5117,-0.0808,-0.7891,2.996,1.652,0.647960066939806,0.642495708062899,-186,186,1902,167.16796875,127.265625,255,0,75.8004927357953,185.91347194417,Giro_Off_intento5_180deg_2000_pulsos_Mu_1.70,TIEMPO_MAXIMO
13.60658233,133.603667420441,142.591,0.51,-0.0781,-0.793,2.996,1.652,0.647960066939806,0.643861797782126,-186,186,1902,167.16796875,127.265625,255,0,75.657273181962,185.788933201706,Giro_Off_intento5_180deg_2000_pulsos_Mu_1.70,TIEMPO_MAXIMO
13.654393144,133.751667420441,142.739,0.5056,-0.0798,-0.7939,2.996,1.647,0.647960066939806,0.644886365071546,-186,186,1903,167.255859375,127.265625,255,0,75.4708922827416,185.626862854558,Giro_Off_intento5_180deg_2000_pulsos_Mu_1.70,TIEMPO_MAXIMO
13.702351153,134.039667420441,143.027,0.5054,-0.084,-0.8032,3.001,1.657,0.635985919556807,0.642661253692861,-185,185,1903,167.255859375,127.265625,255,0,75.1067628668893,185.310228579904,Giro_Off_intento5_180deg_2000_pulsos_Mu_1.70,TIEMPO_MAXIMO
13.750549922,134.424667420441,143.412,0.4902,-0.0806,-0.7942,2.996,1.652,0.647960066939806,0.643985957004597,-185,185,1903,167.255859375,127.265625,255,0,74.6170302579843,184.884374137378,Giro_Off_intento5_180deg_2000_pulsos_Mu_1.70,TIEMPO_MAXIMO
13.798383064,134.708667420441,143.696,0.5002,-0.0854,-0.7927,2.991,1.647,0.659934214322806,0.647973021334149,-185,185,1902,167.16796875,127.265625,255,0,74.2536124488523,184.568358651176,Giro_Off_intento5_180deg_2000_pulsos_Mu_1.70,TIEMPO_MAXIMO
13.84639304,134.926667420441,143.914,0.4978,-0.0815,-0.8035,2.991,1.657,0.659934214322806,0.650963319581314,-185,185,1902,167.16796875,127.265625,255,0,73.9734127594322,184.324706747332,Giro_Off_intento5_180deg_2000_pulsos_Mu_1.70,TIEMPO_MAXIMO
13.894723028,135.039667420441,144.027,0.5017,-0.0706,-0.7991,2.996,1.652,0.647960066939806,0.650212506420937,-184,184,1902,167.16796875,127.265625,255,0,73.8277499676953,184.19804345017,Giro_Off_intento5_180deg_2000_pulsos_Mu_1.70,TIEMPO_MAXIMO
13.958448557,135.197667420441,144.185,0.4897,-0.0898,-0.7971,3.001,1.652,0.635985919556807,0.646655859704904,-184,184,1903,167.255859375,127.265625,255,0,73.6235985242979,184.020520455911,Giro_Off_intento5_180deg_2000_pulsos_Mu_1.70,TIEMPO_MAXIMO
14.006579511,135.330667420441,144.318,0.4993,-0.0806,-0.8042,3.001,1.652,0.635985919556807,0.64398837466788,-184,184,1903,167.255859375,127.265625,255,0,73.4513154644721,183.870709099541,Giro_Off_intento5_180deg_2000_pulsos_Mu_1.70,TIEMPO_MAXIMO
14.070810546,135.507667420441,144.495,0.49,-0.0852,-0.7976,2.986,1.652,0.671908361705805,0.650968371427361,-184,184,1903,167.255859375,127.265625,255,0,73.2214228187249,183.670802451065,Giro_Off_intento5_180deg_2000_pulsos_Mu_1.70,TIEMPO_MAXIMO
14.11880082,135.662667420441,144.65,0.4893,-0.0833,-0.7964,2.996,1.657,0.647960066939806,0.650216295305472,-184,184,1902,167.16796875,127.265625,255,0,73.0195304304502,183.495243852565,Giro_Off_intento5_180deg_2000_pulsos_Mu_1.70,TIEMPO_MAXIMO
14.16644354,135.799667420441,144.787,0.4849,-0.0798,-0.7993,2.996,1.652,0.647960066939806,0.649652238214056,-183,183,1902,167.16796875,127.265625,255,0,72.8406386575038,183.339685789134,Giro_Off_intento5_180deg_2000_pulsos_Mu_1.70,TIEMPO_MAXIMO
14.214398624,135.905667420441,144.893,0.4871,-0.0889,-0.7957,2.991,1.652,0.659934214322806,0.652222732241243,-183,183,1902,167.16796875,127.265625,255,0,72.70194022593,183.21907845733,Giro_Off_intento5_180deg_2000_pulsos_Mu_1.70,TIEMPO_MAXIMO
14.262353586,136.025667420441,145.013,0.4895,-0.0808,-0.8018,2.996,1.657,0.647960066939806,0.651157065915884,-183,183,1903,167.255859375,127.265625,255,0,72.5446228554035,183.082280743829,Giro_Off_intento5_180deg_2000_pulsos_Mu_1.70,TIEMPO_MAXIMO
14.310475499,136.194667420441,145.182,0.4854,-0.0806,-0.804,2.996,1.652,0.647960066939806,0.650357816171865,-183,183,1903,167.255859375,127.265625,255,0,72.3225280654387,182.889154839512,Giro_Off_intento5_180deg_2000_pulsos_Mu_1.70,TIEMPO_MAXIMO
14.358528229,136.368667420441,145.356,0.4741,-0.0901,-0.7935,2.996,1.657,0.647960066939806,0.64975837886385,-183,183,1902,167.16796875,127.265625,255,0,72.0932050259538,182.689743500829,Giro_Off_intento5_180deg_2000_pulsos_Mu_1.70,TIEMPO_MAXIMO
14.406277716,136.500667420441,145.488,0.4744,-0.0796,-0.8035,2.996,1.657,0.647960066939806,0.649308800882839,-183,183,1903,167.255859375,127.265625,255,0,71.9187921889387,182.538080164295,Giro_Off_intento5_180deg_2000_pulsos_Mu_1.70,TIEMPO_MAXIMO
14.4543985,136.642667420441,145.63,0.4822,-0.0867,-0.8042,2.996,1.652,0.647960066939806,0.648971617397081,-182,182,1902,167.16796875,127.265625,255,0,71.7307400918184,182.374556601581,Giro_Off_intento5_180deg_2000_pulsos_Mu_1.70,TIEMPO_MAXIMO
14.502342413,136.794667420441,145.782,0.4814,-0.0913,-0.7961,2.991,1.652,0.659934214322806,0.651712266628512,-182,182,1903,167.255859375,127.265625,255,0,71.5289566935427,182.199092776994,Giro_Off_intento5_180deg_2000_pulsos_Mu_1.70,TIEMPO_MAXIMO
14.550307713,136.910667420441,145.898,0.4763,-0.0806,-0.8035,2.996,1.647,0.647960066939806,0.650774216706336,-182,182,1903,167.255859375,127.265625,255,0,71.3746253370699,182.064891597452,Giro_Off_intento5_180deg_2000_pulsos_Mu_1.70,TIEMPO_MAXIMO
14.598329829,136.971667420441,145.959,0.468,-0.0796,-0.8066,2.996,1.647,0.647960066939806,0.650070679264703,-182,182,1903,167.255859375,127.265625,255,0,71.2933509165899,181.994218188339,Giro_Off_intento5_180deg_2000_pulsos_Mu_1.70,TIEMPO_MAXIMO
14.646345907,136.968667420441,145.956,0.4895,-0.0845,-0.8098,2.996,1.657,0.647960066939806,0.649543026183479,-182,182,1903,167.255859375,127.265625,255,0,71.2973499093861,181.997695573379,Giro_Off_intento5_180deg_2000_pulsos_Mu_1.70,TIEMPO_MAXIMO
14.694372759,137.049667420441,146.037,0.4761,-0.0933,-0.7983,2.986,1.647,0.671908361705805,0.655134360064061,-182,182,1903,167.255859375,127.265625,255,0,71.1893085313457,181.903746548996,Giro_Off_intento5_180deg_2000_pulsos_Mu_1.70,TIEMPO_MAXIMO
14.742331826,137.166667420441,146.154,0.4653,-0.0879,-0.8064,2.991,1.642,0.659934214322806,0.656334323628747,-182,182,1903,167.255859375,127.265625,255,0,71.0329976364599,181.767824031704,Giro_Off_intento5_180deg_2000_pulsos_Mu_1.70,TIEMPO_MAXIMO
14.790466611,137.303667420441,146.291,0.4624,-0.0854,-0.8044,2.991,1.647,0.659934214322806,0.657234296302262,-182,182,1903,167.255859375,127.265625,255,0,70.8495905002684,181.608339565451,Giro_Off_intento5_180deg_2000_pulsos_Mu_1.70,TIEMPO_MAXIMO
14.838217759,137.438667420441,146.426,0.4685,-0.0833,-0.8096,2.991,1.647,0.659934214322806,0.657909275807398,-181,181,1903,167.255859375,127.265625,255,0,70.6684645898296,181.450838773765,Giro_Off_intento5_180deg_2000_pulsos_Mu_1.70,TIEMPO_MAXIMO
14.886352792,137.629667420441,146.617,0.4641,-0.0886,-0.8047,2.996,1.657,0.647960066939806,0.6554219735905,-181,181,1903,167.255859375,127.265625,255,0,70.411535011381,181.227421749027,Giro_Off_intento5_180deg_2000_pulsos_Mu_1.70,TIEMPO_MAXIMO
14.934355975,137.829667420441,146.817,0.469,-0.0889,-0.7998,2.991,1.652,0.659934214322806,0.656550033773576,-182,182,1903,167.255859375,127.265625,255,0,70.1416602130526,180.99274801135,Giro_Off_intento5_180deg_2000_pulsos_Mu_1.70,TIEMPO_MAXIMO
14.982385059,138.032667420441,147.02,0.4548,-0.0835,-0.8171,3.001,1.652,0.635985919556807,0.651409005219384,-181,181,1903,167.255859375,127.265625,255,0,69.8668633297452,180.753794199778,Giro_Off_intento5_180deg_2000_pulsos_Mu_1.70,TIEMPO_MAXIMO
15.030252805,138.132667420441,147.12,0.4658,-0.0869,-0.8203,3.006,1.652,0.624011772173807,0.64455969695799,-181,181,1903,167.255859375,127.265625,255,0,69.7311727600039,180.635802400003,Giro_Off_intento5_180deg_2000_pulsos_Mu_1.70,TIEMPO_MAXIMO
15.078344151,138.245667420441,147.233,0.4629,-0.0847,-0.8093,2.991,1.657,0.659934214322806,0.648403326299194,-181,181,1903,167.255859375,127.265625,255,0,69.5775868090579,180.502249399181,Giro_Off_intento5_180deg_2000_pulsos_Mu_1.70,TIEMPO_MAXIMO
15.126303743,138.377667420441,147.365,0.4595,-0.0813,-0.8008,2.986,1.652,0.671908361705805,0.654279585150847,-181,181,1903,167.255859375,127.265625,255,0,69.3978339984481,180.345942607346,Giro_Off_intento5_180deg_2000_pulsos_Mu_1.70,TIEMPO_MAXIMO
15.174277537,138.489667420441,147.477,0.4619,-0.0842,-0.8149,2.986,1.647,0.671908361705805,0.658686779289586,-180,180,1902,167.16796875,127.265625,255,0,69.2450275703801,180.213067452504,Giro_Off_intento5_180deg_2000_pulsos_Mu_1.70,TIEMPO_MAXIMO
15.222345256,138.559667420441,147.547,0.4675,-0.0874,-0.8113,2.991,1.657,0.659934214322806,0.658998638047891,-180,180,1902,167.16796875,127.265625,255,0,69.1493891518255,180.129903610283,Giro_Off_intento5_180deg_2000_pulsos_Mu_1.70,TIEMPO_MAXIMO
15.270290373,138.581667420441,147.569,0.4553,-0.0884,-0.8025,2.996,1.662,0.647960066939806,0.65623899527087,-180,180,1902,167.16796875,127.265625,255,0,69.1193100395187,180.103747860451,Giro_Off_intento5_180deg_2000_pulsos_Mu_1.70,TIEMPO_MAXIMO
15.318246773,138.585667420441,147.573,0.4626,-0.0857,-0.8042,3.001,1.652,0.635985919556807,0.651175726342354,-180,180,1902,167.16796875,127.265625,255,0,69.1138400150212,180.09899131741,Giro_Off_intento5_180deg_2000_pulsos_Mu_1.70,TIEMPO_MAXIMO
15.366396675,138.623667420441,147.611,0.46,-0.0857,-0.7991,3.001,1.647,0.635985919556807,0.647378274645967,-180,180,1902,167.16796875,127.265625,255,0,69.0618579855462,180.053789552649,Giro_Off_intento5_180deg_2000_pulsos_Mu_1.70,TIEMPO_MAXIMO
15.414471836,138.727667420441,147.715,0.4595,-0.0876,-0.823,2.991,1.652,0.659934214322806,0.650517259565177,-180,180,1902,167.16796875,127.265625,255,0,68.9194361058129,179.929944439837,Giro_Off_intento5_180deg_2000_pulsos_Mu_1.70,TIEMPO_MAXIMO
15.46228153,138.795667420441,147.783,0.4551,-0.0847,-0.8171,3.001,1.642,0.635985919556807,0.646884424563084,-180,180,1903,167.255859375,127.265625,255,0,68.8261913049866,179.848862004336,Giro_Off_intento5_180deg_2000_pulsos_Mu_1.70,TIEMPO_MAXIMO
15.526301191,138.833667420441,147.821,0.4458,-0.0811,-0.8149,3.001,1.657,0.635985919556807,0.644159798311515,-180,180,1903,167.255859375,127.265625,255,0,68.7740416830435,179.803514506994,Giro_Off_intento5_180deg_2000_pulsos_Mu_1.70,TIEMPO_MAXIMO
15.574373309,138.818667420441,147.806,0.4534,-0.0896,-0.8088,2.996,1.652,0.647960066939806,0.645109865468588,-180,180,1903,167.255859375,127.265625,255,0,68.7946306752359,179.821417978466,Giro_Off_intento5_180deg_2000_pulsos_Mu_1.70,TIEMPO_MAXIMO
15.622284984,138.912667420441,147.9,0.4487,-0.0869,-0.8181,2.981,1.647,0.683882509088806,0.654803026373642,-180,180,1902,167.16796875,127.265625,255,0,68.6655285707965,179.709155278953,Giro_Off_intento5_180deg_2000_pulsos_Mu_1.70,TIEMPO_MAXIMO
15.686271785,139.076667420441,148.064,0.4412,-0.0857,-0.8184,2.986,1.652,0.671908361705805,0.659079360206683,-180,180,1903,167.255859375,127.265625,255,0,68.4398442942023,179.512908081915,Giro_Off_intento5_180deg_2000_pulsos_Mu_1.70,TIEMPO_MAXIMO
15.734214299,139.158667420441,148.146,0.4434,-0.093,-0.8171,2.996,1.647,0.647960066939806,0.656299536889964,-180,180,1902,167.16796875,127.265625,255,0,68.3267917676918,179.414601537123,Giro_Off_intento5_180deg_2000_pulsos_Mu_1.70,TIEMPO_MAXIMO
15.78225925,139.167667420441,148.155,0.4373,-0.0889,-0.8193,2.991,1.652,0.659934214322806,0.657208206248174,-179,179,1902,167.16796875,127.265625,255,0,68.3143750362355,179.403804379335,Giro_Off_intento5_180deg_2000_pulsos_Mu_1.70,TIEMPO_MAXIMO
15.830304124,139.191667420441,148.179,0.4058,-0.0679,-0.7861,3.006,1.652,0.624011772173807,0.648909097729582,-179,179,1903,167.255859375,127.265625,255,0,68.281255512524,179.375004793499,Giro_Off_intento5_180deg_2000_pulsos_Mu_1.70,TIEMPO_MAXIMO
15.878578687,139.209667420441,148.197,0.4321,-0.0847,-0.8235,3.001,1.657,0.635985919556807,0.645678303186389,-179,179,1903,167.255859375,127.265625,255,0,68.2564080071512,179.353398267088,Giro_Off_intento5_180deg_2000_pulsos_Mu_1.70,TIEMPO_MAXIMO
15.926240964,139.207667420441,148.195,0.4368,-0.085,-0.8311,2.991,1.652,0.659934214322806,0.649242280970493,-179,179,1902,167.16796875,127.265625,255,0,68.2591691737998,179.355799281565,Giro_Off_intento5_180deg_2000_pulsos_Mu_1.70,TIEMPO_MAXIMO
15.97419371,139.213667420441,148.201,0.4233,-0.0837,-0.8186,2.996,1.652,0.647960066939806,0.648921727462821,-179,179,1902,167.16796875,127.265625,255,0,68.2508854243522,179.348596021176,Giro_Off_intento5_180deg_2000_pulsos_Mu_1.70,TIEMPO_MAXIMO
16.022448575,139.188667420441,148.176,0.4148,-0.0933,-0.8301,2.996,1.657,0.647960066939806,0.648681312332067,-179,179,1902,167.16796875,127.265625,255,0,68.2853961082964,179.378605311562,Giro_Off_intento5_180deg_2000_pulsos_Mu_1.70,TIEMPO_MAXIMO
16.070282355,139.165667420441,148.153,0.4053,-0.0837,-0.8403,3.001,1.652,0.635985919556807,0.645507464138252,-179,179,1903,167.255859375,127.265625,255,0,68.3171344555715,179.40620387441,Giro_Off_intento5_180deg_2000_pulsos_Mu_1.70,TIEMPO_MAXIMO
16.118235758,139.175667420441,148.163,0.4089,-0.0823,-0.8281,2.996,1.657,0.647960066939806,0.646120614838641,-179,179,1903,167.255859375,127.265625,255,0,68.3033365265353,179.394205675248,Giro_Off_intento5_180deg_2000_pulsos_Mu_1.70,TIEMPO_MAXIMO
16.16677766,139.206667420441,148.194,0.4011,-0.0884,-0.8311,2.991,1.657,0.659934214322806,0.649574014709682,-179,179,1903,167.255859375,127.265625,255,0,68.2605497259349,179.356999761683,Giro_Off_intento5_180deg_2000_pulsos_Mu_1.70,TIEMPO_MAXIMO
16.214230177,139.279667420441,148.267,0.4084,-0.0891,-0.8408,2.991,1.657,0.659934214322806,0.652164064612963,-179,179,1902,167.16796875,127.265625,255,0,68.1597148024087,179.269317219486,Giro_Off_intento5_180deg_2000_pulsos_Mu_1.70,TIEMPO_MAXIMO
16.262250355,139.527667420441,148.515,0.3892,-0.0845,-0.8257,3.006,1.652,0.624011772173807,0.645125991503174,-179,179,1903,167.255859375,127.265625,255,0,67.8163268650416,178.97071901308,Giro_Off_intento5_180deg_2000_pulsos_Mu_1.70,TIEMPO_MAXIMO
16.310291136,139.829667420441,148.817,0.3936,-0.0925,-0.853,2.996,1.657,0.647960066939806,0.645834510362332,-179,179,1903,167.255859375,127.265625,255,0,67.3964539588822,178.605612138158,Giro_Off_intento5_180deg_2000_pulsos_Mu_1.70,TIEMPO_MAXIMO
16.358108895,140.200667420441,149.188,0.3784,-0.0842,-0.854,3.001,1.647,0.635985919556807,0.643372362660951,-179,179,1902,167.16796875,127.265625,255,0,66.8780880394717,178.154859164758,Giro_Off_intento5_180deg_2000_pulsos_Mu_1.70,TIEMPO_MAXIMO
16.406185163,140.511667420441,149.499,0.3865,-0.0754,-0.8237,3.001,1.647,0.635985919556807,0.641525751884915,-178,178,1903,167.255859375,127.265625,255,0,66.4413934892208,177.775124773235,Giro_Off_intento5_180deg_2000_pulsos_Mu_1.70,TIEMPO_MAXIMO
16.470455878,140.740667420441,149.728,0.3762,-0.0833,-0.8574,3.006,1.657,0.624011772173807,0.637147256957138,-178,178,1903,167.255859375,127.265625,255,0,66.1185881552116,177.494424482793,Giro_Off_intento5_180deg_2000_pulsos_Mu_1.70,TIEMPO_MAXIMO
16.518226415,140.876667420441,149.864,0.3606,-0.0898,-0.845,2.991,1.652,0.659934214322806,0.642843996298555,-177,177,1903,167.255859375,127.265625,255,0,65.9263782102882,177.327285400251,Giro_Off_intento5_180deg_2000_pulsos_Mu_1.70,TIEMPO_MAXIMO
16.566163939,140.962667420441,149.95,0.3821,-0.0935,-0.8796,2.996,1.652,0.647960066939806,0.644123013958868,-177,177,1903,167.255859375,127.265625,255,0,65.8046419119424,177.221427749515,Giro_Off_intento5_180deg_2000_pulsos_Mu_1.70,TIEMPO_MAXIMO
16.614248348,141.203667420441,150.191,0.3596,-0.0852,-0.853,2.996,1.652,0.647960066939806,0.645082277204102,-177,177,1903,167.255859375,127.265625,255,0,65.462708195564,176.924094083099,Giro_Off_intento5_180deg_2000_pulsos_Mu_1.70,TIEMPO_MAXIMO
16.662340831,141.509667420441,150.497,0.3455,-0.0845,-0.845,3.011,1.652,0.612037624790806,0.636821114100778,-177,177,1903,167.255859375,127.265625,255,0,65.0268835919107,176.545116166879,Giro_Off_intento5_180deg_2000_pulsos_Mu_1.70,TIEMPO_MAXIMO
16.710226782,141.816667420441,150.804,0.3447,-0.0945,-0.8491,2.996,1.652,0.647960066939806,0.639605852310535,-177,177,1903,167.255859375,127.265625,255,0,64.5877708690133,176.163279016533,Giro_Off_intento5_180deg_2000_pulsos_Mu_1.70,TIEMPO_MAXIMO
16.758281224,142.072667420441,151.06,0.3274,-0.0957,-0.864,3.001,1.647,0.635985919556807,0.638700869122103,-176,176,1902,167.16796875,127.265625,255,0,64.2201868513489,175.843640740303,Giro_Off_intento5_180deg_2000_pulsos_Mu_1.70,TIEMPO_MAXIMO
16.806172086,142.191667420441,151.179,0.3347,-0.0955,-0.8616,3.006,1.652,0.624011772173807,0.635028594885029,-176,176,1903,167.255859375,127.265625,255,0,64.0488807819932,175.694678940864,Giro_Off_intento5_180deg_2000_pulsos_Mu_1.70,TIEMPO_MAXIMO
16.854195433,142.277667420441,151.265,0.3223,-0.0884,-0.8511,3.001,1.652,0.635985919556807,0.635267926052973,-176,176,1903,167.255859375,127.265625,255,0,63.9249077303572,175.586876287267,Giro_Off_intento5_180deg_2000_pulsos_Mu_1.70,TIEMPO_MAXIMO
16.902224173,142.478667420441,151.466,0.323,-0.0925,-0.856,3.006,1.652,0.624011772173807,0.632453887583182,-176,176,1903,167.255859375,127.265625,255,0,63.634595587969,175.33443094606,Giro_Off_intento5_180deg_2000_pulsos_Mu_1.70,TIEMPO_MAXIMO
16.95019175,142.807667420441,151.795,0.324,-0.0918,-0.8655,3.006,1.657,0.624011772173807,0.630343358730838,-175,175,1903,167.255859375,127.265625,255,0,63.157719681787,174.919756245032,Giro_Off_intento5_180deg_2000_pulsos_Mu_1.70,TIEMPO_MAXIMO
16.998206946,143.264667420441,152.252,0.3145,-0.0896,-0.8479,3.006,1.647,0.624011772173807,0.62876046209158,-175,175,1903,167.255859375,127.265625,255,0,62.4918595804818,174.340747461289,Giro_Off_intento5_180deg_2000_pulsos_Mu_1.70,TIEMPO_MAXIMO
17.046092734,143.696667420441,152.684,0.3088,-0.1003,-0.8755,3.011,1.657,0.612037624790806,0.624579752766387,-174,174,1903,167.255859375,127.265625,255,0,61.858769002699,173.79023391539,Giro_Off_intento5_180deg_2000_pulsos_Mu_1.70,TIEMPO_MAXIMO
17.094139138,144.304667420441,153.292,0.2981,-0.0986,-0.8735,3.011,1.647,0.612037624790806,0.621444220772492,-173,173,1903,167.255859375,127.265625,255,0,60.9618034968298,173.010263910287,Giro_Off_intento5_180deg_2000_pulsos_Mu_1.70,TIEMPO_MAXIMO
17.142096766,144.813667420441,153.801,0.2986,-0.0991,-0.8682,3.011,1.657,0.612037624790806,0.619092571777071,-173,173,1903,167.255859375,127.265625,255,0,60.2056067285412,172.352701503079,Giro_Off_intento5_180deg_2000_pulsos_Mu_1.70,TIEMPO_MAXIMO
17.190203287,145.252667420441,154.24,0.2913,-0.095,-0.8755,3.006,1.647,0.624011772173807,0.620322371876255,-172,172,1903,167.255859375,127.265625,255,0,59.5495871744931,171.782249716951,Giro_Off_intento5_180deg_2000_pulsos_Mu_1.70,TIEMPO_MAXIMO
17.238247288,145.528667420441,154.516,0.2925,-0.1018,-0.866,3.006,1.647,0.624011772173807,0.621244721950643,-171,171,1903,167.255859375,127.265625,255,0,59.1353543364584,171.422047249094,Giro_Off_intento5_180deg_2000_pulsos_Mu_1.70,TIEMPO_MAXIMO
17.286127031,145.851667420441,154.839,0.2881,-0.0947,-0.8762,3.001,1.652,0.635985919556807,0.624930021352184,-171,171,1903,167.255859375,127.265625,255,0,58.6488399321945,170.998991245386,Giro_Off_intento5_180deg_2000_pulsos_Mu_1.70,TIEMPO_MAXIMO
17.334146502,146.138667420441,155.126,0.2798,-0.1038,-0.8745,3.011,1.652,0.612037624790806,0.621706922211839,-171,171,1903,167.255859375,127.265625,255,0,58.2149857115315,170.62172670568,Giro_Off_intento5_180deg_2000_pulsos_Mu_1.70,TIEMPO_MAXIMO
17.382332774,146.393667420441,155.381,0.2764,-0.0981,-0.8735,3.011,1.652,0.612037624790806,0.619289597856581,-170,170,1903,167.255859375,127.265625,255,0,57.8282796833223,170.285460594193,Giro_Off_intento5_180deg_2000_pulsos_Mu_1.70,TIEMPO_MAXIMO
17.430135495,146.612667420441,155.6,0.2788,-0.094,-0.8748,3.001,1.652,0.635985919556807,0.623463678281638,-170,170,1903,167.255859375,127.265625,255,0,57.4952528631446,169.995872054908,Giro_Off_intento5_180deg_2000_pulsos_Mu_1.70,TIEMPO_MAXIMO
17.478156462,146.773667420441,155.761,0.2751,-0.1035,-0.8801,3.006,1.652,0.624011772173807,0.62360070175468,-170,170,1903,167.255859375,127.265625,255,0,57.2498888981158,169.782512085318,Giro_Off_intento5_180deg_2000_pulsos_Mu_1.70,TIEMPO_MAXIMO
17.526003282,147.034667420441,156.022,0.2764,-0.0928,-0.8777,3.016,1.652,0.600063477407807,0.617716395667962,-170,170,1903,167.255859375,127.265625,255,0,56.8511654086308,169.435796007505,Giro_Off_intento5_180deg_2000_pulsos_Mu_1.70,TIEMPO_MAXIMO
17.574084327,147.413667420441,156.401,0.2622,-0.1028,-0.8772,3.001,1.652,0.635985919556807,0.622283776640173,-169,169,1903,167.255859375,127.265625,255,0,56.2700780466858,168.930502649292,Giro_Off_intento5_180deg_2000_pulsos_Mu_1.70,TIEMPO_MAXIMO
17.622029546,147.822667420441,156.81,0.2625,-0.0984,-0.8806,3.006,1.662,0.624011772173807,0.622715775523581,-169,169,1903,167.255859375,127.265625,255,0,55.6402329100194,168.382811226104,Giro_Off_intento5_180deg_2000_pulsos_Mu_1.70,TIEMPO_MAXIMO
17.670102719,148.254667420441,157.242,0.2546,-0.0967,-0.8748,3.001,1.657,0.635985919556807,0.626033311531888,-168,168,1903,167.255859375,127.265625,255,0,54.9718903931538,167.801643820134,Giro_Off_intento5_180deg_2000_pulsos_Mu_1.70,TIEMPO_MAXIMO
17.734110685,148.610667420441,157.598,0.2607,-0.1011,-0.8831,3.001,1.657,0.635985919556807,0.628521463538117,-168,168,1903,167.255859375,127.265625,255,0,54.4187762072617,167.320674962836,Giro_Off_intento5_180deg_2000_pulsos_Mu_1.70,TIEMPO_MAXIMO
17.782299582,148.860667420441,157.848,0.2556,-0.1047,-0.8909,3.021,1.647,0.588089330024807,0.61841343015979,-167,167,1903,167.255859375,127.265625,255,0,54.0290963572373,166.981822919337,Giro_Off_intento5_180deg_2000_pulsos_Mu_1.70,TIEMPO_MAXIMO
17.83002423,149.039667420441,158.027,0.252,-0.0981,-0.8711,3.006,1.647,0.624011772173807,0.619813015663294,-167,167,1903,167.255859375,127.265625,255,0,53.7494532324201,166.738654984713,Giro_Off_intento5_180deg_2000_pulsos_Mu_1.70,TIEMPO_MAXIMO
17.894155187,149.301667420441,158.289,0.2412,-0.0989,-0.8904,3.001,1.652,0.635985919556807,0.623856241636672,-166,166,1903,167.255859375,127.265625,255,0,53.3391980607137,166.381911357142,Giro_Off_intento5_180deg_2000_pulsos_Mu_1.70,TIEMPO_MAXIMO
17.942084908,149.538667420441,158.526,0.2429,-0.1072,-0.8853,3.006,1.657,0.624011772173807,0.623895124270956,-166,166,1903,167.255859375,127.265625,255,0,52.9671283695224,166.058372495237,Giro_Off_intento5_180deg_2000_pulsos_Mu_1.70,TIEMPO_MAXIMO
17.990180966,149.733667420441,158.721,0.2346,-0.1045,-0.8923,3.006,1.652,0.624011772173807,0.623924286246669,-166,166,1903,167.255859375,127.265625,255,0,52.6603152038027,165.791578438089,Giro_Off_intento5_180deg_2000_pulsos_Mu_1.70,TIEMPO_MAXIMO
18.038057897,149.992667420441,158.98,0.2358,-0.0969,-0.8784,3.011,1.652,0.612037624790806,0.620952620882703,-166,166,1903,167.255859375,127.265625,255,0,52.2518618735691,165.436401629191,Giro_Off_intento5_180deg_2000_pulsos_Mu_1.70,TIEMPO_MAXIMO
18.086095876,150.299667420441,159.287,0.218,-0.0967,-0.8892,3.011,1.647,0.612037624790806,0.618723871859729,-165,165,1903,167.255859375,127.265625,255,0,51.7663284305148,165.01419863523,Giro_Off_intento5_180deg_2000_pulsos_Mu_1.70,TIEMPO_MAXIMO
18.134289665,150.614667420441,159.602,0.2305,-0.1052,-0.8928,3.011,1.652,0.612037624790806,0.617052310092498,-165,165,1903,167.255859375,127.265625,255,0,51.2665979772495,164.579650415,Giro_Off_intento5_180deg_2000_pulsos_Mu_1.70,TIEMPO_MAXIMO
18.182124495,150.961667420441,159.949,0.2146,-0.1038,-0.8887,3.006,1.657,0.624011772173807,0.618792175612826,-164,164,1903,167.255859375,127.265625,255,0,50.7143081665454,164.099398405692,Giro_Off_intento5_180deg_2000_pulsos_Mu_1.70,TIEMPO_MAXIMO
18.246090002,151.390667420441,160.378,0.2222,-0.1091,-0.894,3.021,1.657,0.588089330024807,0.611116464215821,-164,164,1903,167.255859375,127.265625,255,0,50.0289368586466,163.503423355345,Giro_Off_intento5_180deg_2000_pulsos_Mu_1.70,TIEMPO_MAXIMO
18.294055493,151.801667420441,160.789,0.2202,-0.1082,-0.8845,3.016,1.657,0.600063477407807,0.608353217513817,-164,164,1903,167.255859375,127.265625,255,0,49.3696912210246,162.930166279152,Giro_Off_intento5_180deg_2000_pulsos_Mu_1.70,TIEMPO_MAXIMO
18.342124123,152.178667420441,161.166,0.2034,-0.0969,-0.8933,3.016,1.657,0.600063477407807,0.606280782487315,-163,163,1903,167.255859375,127.265625,255,0,48.7627470602335,162.402388748029,Giro_Off_intento5_180deg_2000_pulsos_Mu_1.70,TIEMPO_MAXIMO
18.390050527,152.442667420441,161.43,0.2041,-0.1011,-0.8965,3.006,1.657,0.624011772173807,0.610713529908938,-162,162,1903,167.255859375,127.265625,255,0,48.3364667672785,162.031710232416,Giro_Off_intento5_180deg_2000_pulsos_Mu_1.70,TIEMPO_MAXIMO
18.438151031,152.658667420441,161.646,0.2053,-0.106,-0.8816,3.021,1.657,0.588089330024807,0.605057479937905,-162,162,1903,167.255859375,127.265625,255,0,47.9869282759303,161.7277637182,Giro_Off_intento5_180deg_2000_pulsos_Mu_1.70,TIEMPO_MAXIMO
18.486186756,152.826667420441,161.814,0.2107,-0.1021,-0.9019,3.016,1.657,0.600063477407807,0.603808979305381,-162,162,1903,167.255859375,127.265625,255,0,47.7145932436334,161.490950646638,Giro_Off_intento5_180deg_2000_pulsos_Mu_1.70,TIEMPO_MAXIMO
18.534020933,152.912667420441,161.9,0.2073,-0.1025,-0.884,3.011,1.652,0.612037624790806,0.605866140676737,-161,161,1903,167.255859375,127.265625,255,0,47.5750247483728,161.369586737715,Giro_Off_intento5_180deg_2000_pulsos_Mu_1.70,TIEMPO_MAXIMO
18.582354475,152.981667420441,161.969,0.2151,-0.0986,-0.8796,3.001,1.652,0.635985919556807,0.613396085396754,-161,161,1903,167.255859375,127.265625,255,0,47.4629678623551,161.272145967265,Giro_Off_intento5_180deg_2000_pulsos_Mu_1.70,TIEMPO_MAXIMO
18.630106249,153.233667420441,162.221,0.1965,-0.1016,-0.885,3.021,1.652,0.588089330024807,0.607069396553768,-161,161,1903,167.255859375,127.265625,255,0,47.0531330779655,160.915767893883,Giro_Off_intento5_180deg_2000_pulsos_Mu_1.70,TIEMPO_MAXIMO
18.678028285,153.555667420441,162.543,0.198,-0.103,-0.8945,3.016,1.652,0.600063477407807,0.605317916767278,-161,161,1903,167.255859375,127.265625,255,0,46.5281317815402,160.459245027426,Giro_Off_intento5_180deg_2000_pulsos_Mu_1.70,TIEMPO_MAXIMO
18.726008755,153.861667420441,162.849,0.1948,-0.1072,-0.8989,3.021,1.647,0.588089330024807,0.60101077008166,-160,160,1903,167.255859375,127.265625,255,0,46.0278554292184,160.024222112364,Giro_Off_intento5_180deg_2000_pulsos_Mu_1.70,TIEMPO_MAXIMO
18.784615556,154.228667420441,163.216,0.2026,-0.1069,-0.8994,3.011,1.657,0.612037624790806,0.603767483758947,-160,160,1903,167.255859375,127.265625,255,0,45.4261205253419,159.500974369862,Giro_Off_intento5_180deg_2000_pulsos_Mu_1.70,TIEMPO_MAXIMO
18.854040999,154.408667420441,163.396,0.1877,-0.1006,-0.8975,3.025,1.662,0.578510012118407,0.597453115848812,-159,159,1903,167.255859375,127.265625,255,0,45.1303089319275,159.243746897328,Giro_Off_intento5_180deg_2000_pulsos_Mu_1.70,TIEMPO_MAXIMO
18.901977518,154.603667420441,163.591,0.1863,-0.1052,-0.8987,3.021,1.652,0.588089330024807,0.595112169392811,-159,159,1903,167.255859375,127.265625,255,0,44.8093438222583,158.964646801964,Giro_Off_intento5_180deg_2000_pulsos_Mu_1.70,TIEMPO_MAXIMO
18.950086574,154.769667420441,163.757,0.1851,-0.0938,-0.8921,3.016,1.652,0.600063477407807,0.59634999639656,-159,159,1903,167.255859375,127.265625,255,0,44.5357028541501,158.726698134044,Giro_Off_intento5_180deg_2000_pulsos_Mu_1.70,TIEMPO_MAXIMO
18.998042401,154.863667420441,163.851,0.1929,-0.1089,-0.8928,3.011,1.657,0.612037624790806,0.600271903495121,-159,159,1903,167.255859375,127.265625,255,0,44.3805836067701,158.591811831974,Giro_Off_intento5_180deg_2000_pulsos_Mu_1.70,TIEMPO_MAXIMO
19.045940042,155.064667420441,164.052,0.1904,-0.1016,-0.8977,3.016,1.647,0.600063477407807,0.600219796973293,-159,159,1903,167.255859375,127.265625,255,0,44.048492174717,158.303036673667,Giro_Off_intento5_180deg_2000_pulsos_Mu_1.70,TIEMPO_MAXIMO
19.094265856,155.265667420441,164.253,0.1797,-0.1138,-0.8979,3.021,1.652,0.588089330024807,0.597187180236171,-158,158,1903,167.255859375,127.265625,255,0,43.7158586451053,158.013790126179,Giro_Off_intento5_180deg_2000_pulsos_Mu_1.70,TIEMPO_MAXIMO
19.141951307,155.529667420441,164.517,0.1755,-0.1077,-0.8936,3.021,1.652,0.588089330024807,0.59491271768333,-158,158,1903,167.255859375,127.265625,255,0,43.2781501228657,157.633174019883,Giro_Off_intento5_180deg_2000_pulsos_Mu_1.70,TIEMPO_MAXIMO
19.190289714,155.729667420441,164.717,0.1736,-0.1028,-0.897,3.011,1.647,0.612037624790806,0.599193944460199,-158,158,1903,167.255859375,127.265625,255,0,42.9459405538379,157.344296133772,Giro_Off_intento5_180deg_2000_pulsos_Mu_1.70,TIEMPO_MAXIMO
19.237921019,155.882667420441,164.87,0.1697,-0.106,-0.8989,3.016,1.657,0.600063477407807,0.599411327697101,-156,156,1903,167.255859375,127.265625,255,0,42.6914467445174,157.122997169146,Giro_Off_intento5_180deg_2000_pulsos_Mu_1.70,TIEMPO_MAXIMO
19.286034117,155.995667420441,164.983,0.175,-0.115,-0.8931,3.021,1.647,0.588089330024807,0.596580828279028,-157,157,1903,167.255859375,127.265625,255,0,42.503291717423,156.959384102107,Giro_Off_intento5_180deg_2000_pulsos_Mu_1.70,TIEMPO_MAXIMO
19.333976359,156.204667420441,165.192,0.1646,-0.106,-0.8975,3.016,1.652,0.600063477407807,0.597451490561223,-157,157,1903,167.255859375,127.265625,255,0,42.1548530567093,156.656393962356,Giro_Off_intento5_180deg_2000_pulsos_Mu_1.70,TIEMPO_MAXIMO
19.38210613,156.376667420441,165.364,0.1677,-0.1064,-0.9019,3.011,1.657,0.612037624790806,0.601098024118619,-157,157,1903,167.255859375,127.265625,255,0,41.8676787525738,156.406677176151,Giro_Off_intento5_180deg_2000_pulsos_Mu_1.70,TIEMPO_MAXIMO
19.429940502,156.519667420441,165.507,0.1702,-0.1106,-0.8901,3.025,1.652,0.578510012118407,0.595451021118566,-156,156,1903,167.255859375,127.265625,255,0,41.6286360176899,156.198813928426,Giro_Off_intento5_180deg_2000_pulsos_Mu_1.70,TIEMPO_MAXIMO
19.477992032,156.705667420441,165.693,0.1545,-0.1072,-0.887,3.016,1.652,0.600063477407807,0.596604135190876,-156,156,1903,167.255859375,127.265625,255,0,41.3173255286337,155.928109155334,Giro_Off_intento5_180deg_2000_pulsos_Mu_1.70,TIEMPO_MAXIMO
19.541954223,156.873667420441,165.861,0.1702,-0.1187,-0.8928,3.011,1.652,0.612037624790806,0.600462507590859,-156,156,1903,167.255859375,127.265625,255,0,41.0357675137565,155.683276098919,Giro_Off_intento5_180deg_2000_pulsos_Mu_1.70,TIEMPO_MAXIMO
19.589983837,157.051667420441,166.039,0.1594,-0.1011,-0.886,3.021,1.647,0.588089330024807,0.597369213199346,-156,156,1903,167.255859375,127.265625,255,0,40.7370652145062,155.423534969136,Giro_Off_intento5_180deg_2000_pulsos_Mu_1.70,TIEMPO_MAXIMO
19.638158418,157.247667420441,166.235,0.1553,-0.1042,-0.9009,3.011,1.657,0.612037624790806,0.601036316097211,-155,155,1903,167.255859375,127.265625,255,0,40.4077023549446,155.137132482561,Giro_Off_intento5_180deg_2000_pulsos_Mu_1.70,TIEMPO_MAXIMO
19.701907824,157.425667420441,166.413,0.1587,-0.1033,-0.907,3.025,1.647,0.578510012118407,0.59540474010251,-155,155,1903,167.255859375,127.265625,255,0,40.1081772892819,154.876675903723,Giro_Off_intento5_180deg_2000_pulsos_Mu_1.70,TIEMPO_MAXIMO
19.749936509,157.606667420441,166.594,0.1475,-0.1052,-0.894,3.016,1.657,0.600063477407807,0.596569424428834,-155,155,1903,167.255859375,127.265625,255,0,39.8032071200218,154.611484452193,Giro_Off_intento5_180deg_2000_pulsos_Mu_1.70,TIEMPO_MAXIMO
19.798103347,157.679667420441,166.667,0.1543,-0.1057,-0.9011,3.021,1.652,0.588089330024807,0.594449400827828,-155,155,1903,167.255859375,127.265625,255,0,39.680095521578,154.504430888329,Giro_Off_intento5_180deg_2000_pulsos_Mu_1.70,TIEMPO_MAXIMO
19.846136204,157.742667420441,166.73,0.1499,-0.0974,-0.8936,3.021,1.652,0.588089330024807,0.592859383127073,-154,154,1903,167.255859375,127.265625,255,0,39.5737967365572,154.411997162224,Giro_Off_intento5_180deg_2000_pulsos_Mu_1.70,TIEMPO_MAXIMO
19.893894113,157.821667420441,166.809,0.1545,-0.1082,-0.8982,3.016,1.657,0.600063477407807,0.594660406697256,-153,153,1903,167.255859375,127.265625,255,0,39.4404338343399,154.296029421165,Giro_Off_intento5_180deg_2000_pulsos_Mu_1.70,TIEMPO_MAXIMO
19.941898589,158.004667420441,166.992,0.1528,-0.1125,-0.8955,3.011,1.642,0.612037624790806,0.599004711220644,-154,154,1903,167.255859375,127.265625,255,0,39.1312169900524,154.027145208741,Giro_Off_intento5_180deg_2000_pulsos_Mu_1.70,TIEMPO_MAXIMO
19.989936857,158.227667420441,167.215,0.1416,-0.1135,-0.9016,3.011,1.657,0.612037624790806,0.602262939613184,-154,154,1903,167.255859375,127.265625,255,0,38.7538724671971,153.699019536693,Giro_Off_intento5_180deg_2000_pulsos_Mu_1.70,TIEMPO_MAXIMO
20.054259408,158.487667420441,167.475,0.1492,-0.1057,-0.9121,3.021,1.662,0.588089330024807,0.59871953721609,-154,154,1903,167.255859375,127.265625,255,0,38.3131783699284,153.315807278199,Giro_Off_intento5_180deg_2000_pulsos_Mu_1.70,TIEMPO_MAXIMO
20.10194329,158.663667420441,167.651,0.1438,-0.1079,-0.9041,3.025,1.662,0.578510012118407,0.59366715594167,-153,153,1903,167.255859375,127.265625,255,0,38.0144140234264,153.056012194284,Giro_Off_intento5_180deg_2000_pulsos_Mu_1.70,TIEMPO_MAXIMO
20.150086214,158.841667420441,167.829,0.1416,-0.1057,-0.8933,3.021,1.657,0.588089330024807,0.592272699462454,-153,153,1903,167.255859375,127.265625,255,0,37.7118898038505,152.792947655522,Giro_Off_intento5_180deg_2000_pulsos_Mu_1.70,TIEMPO_MAXIMO
20.213920526,159.004667420441,167.992,0.1455,-0.1018,-0.9058,3.011,1.652,0.612037624790806,0.597213930794542,-153,153,1903,167.255859375,127.265625,255,0,37.4345398661617,152.551773796662,Giro_Off_intento5_180deg_2000_pulsos_Mu_1.70,TIEMPO_MAXIMO
20.26191407,159.121667420441,168.109,0.137,-0.1013,-0.9019,3.021,1.662,0.588089330024807,0.594932780602108,-153,153,1903,167.255859375,127.265625,255,0,37.2352735482561,152.378498737614,Giro_Off_intento5_180deg_2000_pulsos_Mu_1.70,TIEMPO_MAXIMO
20.309906459,159.197667420441,168.185,0.1343,-0.1055,-0.9033,3.016,1.657,0.600063477407807,0.596215454803533,-152,152,1903,167.255859375,127.265625,255,0,37.1057523601753,152.265871617544,Giro_Off_intento5_180deg_2000_pulsos_Mu_1.70,TIEMPO_MAXIMO
20.357836919,159.270667420441,168.258,0.1423,-0.1128,-0.8994,3.016,1.657,0.600063477407807,0.597177460454602,-152,152,1903,167.255859375,127.265625,255,0,36.9812823760722,152.157636848758,Giro_Off_intento5_180deg_2000_pulsos_Mu_1.70,TIEMPO_MAXIMO
20.406234842,159.372667420441,168.36,0.1353,-0.1086,-0.9026,3.025,1.652,0.578510012118407,0.592510598370553,-152,152,1903,167.255859375,127.265625,255,0,36.8072649154258,152.006317317762,Giro_Off_intento5_180deg_2000_pulsos_Mu_1.70,TIEMPO_MAXIMO
20.453935479,159.465667420441,168.453,0.1311,-0.1123,-0.9062,3.016,1.647,0.600063477407807,0.594398818129867,-152,152,1903,167.255859375,127.265625,255,0,36.6485002564585,151.868261092573,Giro_Off_intento5_180deg_2000_pulsos_Mu_1.70,TIEMPO_MAXIMO
20.501922678,159.464667420441,168.452,0.1431,-0.1057,-0.9023,3.03,1.657,0.566535864735408,0.587433079781252,-152,152,1903,167.255859375,127.265625,255,0,36.6502079176122,151.869746015315,Giro_Off_intento5_180deg_2000_pulsos_Mu_1.70,TIEMPO_MAXIMO
20.549831582,159.489667420441,168.477,0.1277,-0.1074,-0.8984,3.021,1.652,0.588089330024807,0.587597142342141,-152,152,1903,167.255859375,127.265625,255,0,36.6075130408333,151.832620035507,Giro_Off_intento5_180deg_2000_pulsos_Mu_1.70,TIEMPO_MAXIMO
20.59814542,159.529667420441,168.517,0.137,-0.1069,-0.9028,3.021,1.652,0.588089330024807,0.587720189262807,-152,152,1903,167.255859375,127.265625,255,0,36.5391867446973,151.773205864954,Giro_Off_intento5_180deg_2000_pulsos_Mu_1.70,TIEMPO_MAXIMO
20.645873873,159.594667420441,168.582,0.1389,-0.1138,-0.9014,3.025,1.657,0.578510012118407,0.585417644976707,-152,152,1903,167.255859375,127.265625,255,0,36.4281185455399,151.676624822209,Giro_Off_intento5_180deg_2000_pulsos_Mu_1.70,TIEMPO_MAXIMO
20.693842343,159.691667420441,168.679,0.1313,-0.1055,-0.8965,3.03,1.647,0.566535864735408,0.580697199916383,-152,152,1903,167.255859375,127.265625,255,0,36.2622834749186,151.532420412973,Giro_Off_intento5_180deg_2000_pulsos_Mu_1.70,TIEMPO_MAXIMO
20.741884478,159.780667420441,168.768,0.1316,-0.1074,-0.8997,3.025,1.652,0.578510012118407,0.580150402966889,-152,152,1903,167.255859375,127.265625,255,0,36.1100340832837,151.400029637638,Giro_Off_intento5_180deg_2000_pulsos_Mu_1.70,TIEMPO_MAXIMO
20.789743853,159.911667420441,168.899,0.1279,-0.105,-0.8992,3.035,1.647,0.554561717352407,0.573753231563268,-152,152,1903,167.255859375,127.265625,255,0,35.8857782630149,151.205024576535,Giro_Off_intento5_180deg_2000_pulsos_Mu_1.70,TIEMPO_MAXIMO
20.837820543,160.046667420441,169.034,0.1238,-0.1079,-0.9045,3.03,1.662,0.566535864735408,0.571948889856303,-151,151,1903,167.255859375,127.265625,255,0,35.6544786754783,151.003894500416,Giro_Off_intento5_180deg_2000_pulsos_Mu_1.70,TIEMPO_MAXIMO
20.885830563,160.171667420441,169.159,0.1235,-0.1099,-0.9021,3.025,1.657,0.578510012118407,0.573589170421829,-151,151,1903,167.255859375,127.265625,255,0,35.4401358716675,150.817509453624,Giro_Off_intento5_180deg_2000_pulsos_Mu_1.70,TIEMPO_MAXIMO
20.933871421,160.280667420441,169.268,0.116,-0.1064,-0.9077,3.025,1.647,0.578510012118407,0.574819380845974,-151,151,1903,167.255859375,127.265625,255,0,35.2530912339093,150.65486194253,Giro_Off_intento5_180deg_2000_pulsos_Mu_1.70,TIEMPO_MAXIMO
20.981993776,160.378667420441,169.366,0.126,-0.1113,-0.9028,3.035,1.652,0.554561717352407,0.569754964972582,-151,151,1903,167.255859375,127.265625,255,0,35.0848137184028,150.508533668176,Giro_Off_intento5_180deg_2000_pulsos_Mu_1.70,TIEMPO_MAXIMO
21.029746635,160.481667420441,169.469,0.1138,-0.1147,-0.906,3.03,1.652,0.566535864735408,0.568950189913289,-150,150,1903,167.255859375,127.265625,255,0,34.9078399933344,150.354643472465,Giro_Off_intento5_180deg_2000_pulsos_Mu_1.70,TIEMPO_MAXIMO
21.077809311,160.504667420441,169.492,0.1196,-0.1099,-0.908,3.016,1.647,0.600063477407807,0.576728511786918,-150,150,1903,167.255859375,127.265625,255,0,34.8683061604868,150.32026622651,Giro_Off_intento5_180deg_2000_pulsos_Mu_1.70,TIEMPO_MAXIMO
21.125808486,160.503667420441,169.491,0.1108,-0.1118,-0.8933,3.021,1.657,0.588089330024807,0.579568716346391,-150,150,1903,167.255859375,127.265625,255,0,34.870025139667,150.321760991015,Giro_Off_intento5_180deg_2000_pulsos_Mu_1.70,TIEMPO_MAXIMO
21.173831738,160.489667420441,169.477,0.1145,-0.1052,-0.8953,3.016,1.657,0.600063477407807,0.584692406611745,-150,150,1903,167.255859375,127.265625,255,0,34.8940897326402,150.342686724035,Giro_Off_intento5_180deg_2000_pulsos_Mu_1.70,TIEMPO_MAXIMO
21.221933978,160.479667420441,169.467,0.1106,-0.1013,-0.8945,3.021,1.657,0.588089330024807,0.58554163746501,-150,150,1903,167.255859375,127.265625,255,0,34.9112774521831,150.357632567116,Giro_Off_intento5_180deg_2000_pulsos_Mu_1.70,TIEMPO_MAXIMO
21.269919292,160.501667420441,169.489,0.093,-0.1033,-0.9041,3.035,1.652,0.554561717352407,0.577796657436859,-150,150,1903,167.255859375,127.265625,255,0,34.8734630661609,150.324750492314,Giro_Off_intento5_180deg_2000_pulsos_Mu_1.70,TIEMPO_MAXIMO
21.317945425,160.508667420441,169.496,0.1099,-0.1118,-0.9065,3.021,1.652,0.588089330024807,0.580369825583847,-150,150,1903,167.255859375,127.265625,255,0,34.8614301375561,150.314287076136,Giro_Off_intento5_180deg_2000_pulsos_Mu_1.70,TIEMPO_MAXIMO
21.365825119,160.571667420441,169.559,0.082,-0.1003,-0.9058,3.025,1.657,0.578510012118407,0.579904872217487,-150,150,1903,167.255859375,127.265625,255,0,34.7531103858944,150.220095987734,Giro_Off_intento5_180deg_2000_pulsos_Mu_1.70,TIEMPO_MAXIMO
21.413742787,160.582667420441,169.57,0.0989,-0.0984,-0.9141,3.03,1.657,0.566535864735408,0.576562620346967,-150,150,1903,167.255859375,127.265625,255,0,34.7341931010208,150.203646174801,Giro_Off_intento5_180deg_2000_pulsos_Mu_1.70,TIEMPO_MAXIMO
21.477789391,160.754667420441,169.742,0.0779,-0.1111,-0.9011,3.021,1.657,0.588089330024807,0.579444297766427,-150,150,1903,167.255859375,127.265625,255,0,34.4382294802023,149.946286504524,Giro_Off_intento5_180deg_2000_pulsos_Mu_1.70,TIEMPO_MAXIMO
21.52576574,160.895667420441,169.883,0.0808,-0.1162,-0.9036,3.025,1.652,0.578510012118407,0.579210726354422,-150,150,1903,167.255859375,127.265625,255,0,34.1953765321674,149.735110027972,Giro_Off_intento5_180deg_2000_pulsos_Mu_1.70,TIEMPO_MAXIMO
21.574107711,161.071667420441,170.059,0.0842,-0.1096,-0.9124,3.035,1.657,0.554561717352407,0.573048474103918,-149,149,1903,167.255859375,127.265625,255,0,33.8919505295855,149.471261330074,Giro_Off_intento5_180deg_2000_pulsos_Mu_1.70,TIEMPO_MAXIMO
21.621759985,161.318667420441,170.306,0.0742,-0.1077,-0.8967,3.021,1.652,0.588089330024807,0.576808688084141,-149,149,1903,167.255859375,127.265625,255,0,33.465581034417,149.100505247319,Giro_Off_intento5_180deg_2000_pulsos_Mu_1.70,TIEMPO_MAXIMO
21.669764414,161.559667420441,170.547,0.0718,-0.1077,-0.9128,3.03,1.657,0.566535864735408,0.574240482246958,-149,149,1903,167.255859375,127.265625,255,0,33.0489691723221,148.738234062889,Giro_Off_intento5_180deg_2000_pulsos_Mu_1.70,TIEMPO_MAXIMO
21.717714247,161.873667420441,170.861,0.0203,-0.1172,-0.9778,3.03,1.657,0.566535864735408,0.57231432786907,-149,149,1903,167.255859375,127.265625,255,0,32.5052875812874,148.265467461989,Giro_Off_intento5_180deg_2000_pulsos_Mu_1.70,TIEMPO_MAXIMO
21.765771798,162.033667420441,171.021,0.0652,-0.1082,-0.9028,3.03,1.652,0.566535864735408,0.570869712085655,-148,148,1903,167.255859375,127.265625,255,0,32.2278758771734,148.024239893194,Giro_Off_intento5_180deg_2000_pulsos_Mu_1.70,TIEMPO_MAXIMO
21.8138432,162.184667420441,171.172,0.0703,-0.1106,-0.8975,3.021,1.647,0.588089330024807,0.575174616570443,-148,148,1903,167.255859375,127.265625,255,0,31.9658380322204,147.796380897583,Giro_Off_intento5_180deg_2000_pulsos_Mu_1.70,TIEMPO_MAXIMO
21.861771615,162.298667420441,171.286,0.0684,-0.1099,-0.9038,3.035,1.657,0.554561717352407,0.570021391765934,-148,148,1903,167.255859375,127.265625,255,0,31.7678609548911,147.624226917297,Giro_Off_intento5_180deg_2000_pulsos_Mu_1.70,TIEMPO_MAXIMO
21.909779293,162.485667420441,171.473,0.0686,-0.1003,-0.9028,3.03,1.647,0.566535864735408,0.569150010008302,-148,148,1903,167.255859375,127.265625,255,0,31.442837099126,147.341597477501,Giro_Off_intento5_180deg_2000_pulsos_Mu_1.70,TIEMPO_MAXIMO
21.957930672,162.689667420441,171.677,0.0698,-0.1082,-0.9087,3.021,1.657,0.588089330024807,0.573884840012429,-147,147,1903,167.255859375,127.265625,255,0,31.0878837489716,147.03294239041,Giro_Off_intento5_180deg_2000_pulsos_Mu_1.70,TIEMPO_MAXIMO
22.005640995,162.902667420441,171.89,0.0593,-0.1111,-0.9019,3.021,1.652,0.588089330024807,0.577435962515523,-147,147,1903,167.255859375,127.265625,255,0,30.7168501998331,146.710304521594,Giro_Off_intento5_180deg_2000_pulsos_Mu_1.70,TIEMPO_MAXIMO
22.053770092,163.125667420441,172.113,0.0671,-0.1143,-0.9072,3.025,1.657,0.578510012118407,0.577704474916244,-146,146,1903,167.255859375,127.265625,255,0,30.3279424460907,146.372123866166,Giro_Off_intento5_180deg_2000_pulsos_Mu_1.70,TIEMPO_MAXIMO
22.102222475,163.336667420441,172.324,0.0508,-0.1072,-0.907,3.016,1.657,0.600063477407807,0.583294225539135,-146,146,1903,167.255859375,127.265625,255,0,29.9595393674855,146.051773363031,Giro_Off_intento5_180deg_2000_pulsos_Mu_1.70,TIEMPO_MAXIMO
22.149831835,163.473667420441,172.461,0.0503,-0.1094,-0.8977,3.021,1.657,0.588089330024807,0.584493001660553,-146,146,1903,167.255859375,127.265625,255,0,29.7201214012999,145.843583827217,Giro_Off_intento5_180deg_2000_pulsos_Mu_1.70,TIEMPO_MAXIMO
22.1977616,163.526667420441,172.514,0.061,-0.1082,-0.9094,3.03,1.657,0.566535864735408,0.580003717429267,-146,146,1903,167.255859375,127.265625,255,0,29.62745419408,145.763003647026,Giro_Off_intento5_180deg_2000_pulsos_Mu_1.70,TIEMPO_MAXIMO
22.261767968,163.711667420441,172.699,0.0615,-0.1133,-0.9053,3.021,1.657,0.588089330024807,0.582025120578152,-146,146,1903,167.255859375,127.265625,255,0,29.3037950176412,145.481560884905,Giro_Off_intento5_180deg_2000_pulsos_Mu_1.70,TIEMPO_MAXIMO
22.309808618,163.960667420441,172.948,0.0549,-0.1121,-0.8979,3.025,1.652,0.578510012118407,0.581146343463216,-145,145,1903,167.255859375,127.265625,255,0,28.8676855537811,145.102335264157,Giro_Off_intento5_180deg_2000_pulsos_Mu_1.70,TIEMPO_MAXIMO
22.357715818,164.165667420441,173.153,0.0525,-0.1128,-0.9041,3.04,1.662,0.542587569969408,0.571506650089764,-145,145,1903,167.255859375,127.265625,255,0,28.5082300356559,144.789765248396,Giro_Off_intento5_180deg_2000_pulsos_Mu_1.70,TIEMPO_MAXIMO
22.422029102,164.365667420441,173.353,0.0525,-0.1118,-0.9043,3.03,1.657,0.566535864735408,0.570263953751175,-145,145,1903,167.255859375,127.265625,255,0,28.1571899833933,144.484513029038,Giro_Off_intento5_180deg_2000_pulsos_Mu_1.70,TIEMPO_MAXIMO
22.469681422,164.490667420441,173.478,0.0525,-0.1155,-0.8975,3.025,1.662,0.578510012118407,0.572325468342983,-144,144,1903,167.255859375,127.265625,255,0,27.9376154554453,144.293578656909,Giro_Off_intento5_180deg_2000_pulsos_Mu_1.70,TIEMPO_MAXIMO
22.517827738,164.589667420441,173.577,0.0469,-0.1138,-0.9028,3.025,1.657,0.578510012118407,0.573871604286839,-144,144,1903,167.255859375,127.265625,255,0,27.7636180158734,144.142276535542,Giro_Off_intento5_180deg_2000_pulsos_Mu_1.70,TIEMPO_MAXIMO
22.565784771,164.662667420441,173.65,0.053,-0.1079,-0.8999,3.025,1.652,0.578510012118407,0.575031206244731,-144,144,1903,167.255859375,127.265625,255,0,27.6352637496224,144.030664130106,Giro_Off_intento5_180deg_2000_pulsos_Mu_1.70,TIEMPO_MAXIMO
22.613750807,164.749667420441,173.737,0.0466,-0.1086,-0.8945,3.025,1.647,0.578510012118407,0.57590090771315,-144,144,1903,167.255859375,127.265625,255,0,27.4822350235505,143.897595672653,Giro_Off_intento5_180deg_2000_pulsos_Mu_1.70,TIEMPO_MAXIMO
22.661925591,164.846667420441,173.834,0.0474,-0.1121,-0.8958,3.03,1.657,0.566535864735408,0.573559646968715,-144,144,1903,167.255859375,127.265625,255,0,27.311542096824,143.749167040717,Giro_Off_intento5_180deg_2000_pulsos_Mu_1.70,TIEMPO_MAXIMO
22.709829514,164.892667420441,173.88,0.0505,-0.1123,-0.9124,3.025,1.662,0.578510012118407,0.574797238256138,-144,144,1903,167.255859375,127.265625,255,0,27.2305675426517,143.678754384915,Giro_Off_intento5_180deg_2000_pulsos_Mu_1.70,TIEMPO_MAXIMO
22.773689189,164.981667420441,173.969,0.0422,-0.1108,-0.8994,3.025,1.657,0.578510012118407,0.575725431721705,-144,144,1903,167.255859375,127.265625,255,0,27.0738495980345,143.542477911334,Giro_Off_intento5_180deg_2000_pulsos_Mu_1.70,TIEMPO_MAXIMO
22.821788565,165.011667420441,173.999,0.0339,-0.1128,-0.9001,3.025,1.657,0.578510012118407,0.576421576820881,-144,144,1903,167.255859375,127.265625,255,0,27.0210085845446,143.496529203952,Giro_Off_intento5_180deg_2000_pulsos_Mu_1.70,TIEMPO_MAXIMO
22.869808351,165.061667420441,174.049,0.042,-0.1047,-0.9026,3.03,1.652,0.566535864735408,0.573950148799513,-143,143,1903,167.255859375,127.265625,255,0,26.9329237737435,143.419933716299,Giro_Off_intento5_180deg_2000_pulsos_Mu_1.70,TIEMPO_MAXIMO
22.917714374,165.152667420441,174.14,0.0325,-0.1145,-0.8984,3.021,1.647,0.588089330024807,0.577484944105836,-144,144,1903,167.255859375,127.265625,255,0,26.7725568308641,143.280484200751,Giro_Off_intento5_180deg_2000_pulsos_Mu_1.70,TIEMPO_MAXIMO
22.965781405,165.282667420441,174.27,0.0298,-0.1143,-0.9033,3.03,1.657,0.566535864735408,0.574747674263229,-143,143,1903,167.255859375,127.265625,255,0,26.5433441463515,143.081168822914,Giro_Off_intento5_180deg_2000_pulsos_Mu_1.70,TIEMPO_MAXIMO
23.013688543,165.414667420441,174.402,0.0334,-0.1191,-0.8994,3.021,1.652,0.588089330024807,0.578083088203624,-143,143,1903,167.255859375,127.265625,255,0,26.3104653035108,142.878665481314,Giro_Off_intento5_180deg_2000_pulsos_Mu_1.70,TIEMPO_MAXIMO
23.061718564,165.615667420441,174.603,0.0247,-0.1086,-0.8953,3.03,1.652,0.566535864735408,0.57519628233657,-143,143,1903,167.255859375,127.265625,255,0,25.9555865307953,142.57007524417,Giro_Off_intento5_180deg_2000_pulsos_Mu_1.70,TIEMPO_MAXIMO
23.1100547,165.738667420441,174.726,0.0276,-0.1082,-0.9077,3.025,1.657,0.578510012118407,0.576024714782029,-142,142,1903,167.255859375,127.265625,255,0,25.7382640846574,142.38109920405,Giro_Off_intento5_180deg_2000_pulsos_Mu_1.70,TIEMPO_MAXIMO
23.157727493,165.858667420441,174.846,0.0352,-0.1189,-0.9121,3.035,1.657,0.554561717352407,0.570658965424624,-142,142,1903,167.255859375,127.265625,255,0,25.5261278662618,142.196632927184,Giro_Off_intento5_180deg_2000_pulsos_Mu_1.70,TIEMPO_MAXIMO
23.205768774,165.941667420441,174.929,0.0159,-0.1157,-0.9055,3.025,1.652,0.578510012118407,0.57262172709807,-142,142,1903,167.255859375,127.265625,255,0,25.3793347528456,142.068986741605,Giro_Off_intento5_180deg_2000_pulsos_Mu_1.70,TIEMPO_MAXIMO
23.253734949,165.917667420441,174.905,0.0171,-0.1079,-0.9043,3.021,1.652,0.588089330024807,0.576488627829754,-142,142,1903,167.255859375,127.265625,255,0,25.42178644146,142.105901253443,Giro_Off_intento5_180deg_2000_pulsos_Mu_1.70,TIEMPO_MAXIMO
23.301769636,165.925667420441,174.913,0.0266,-0.1118,-0.9104,3.035,1.657,0.554561717352407,0.571006900210417,-141,141,1903,167.255859375,127.265625,255,0,25.4076363738315,142.09359684681,Giro_Off_intento5_180deg_2000_pulsos_Mu_1.70,TIEMPO_MAXIMO
23.349871748,166.018667420441,175.006,0.0181,-0.1187,-0.9009,3.021,1.652,0.588089330024807,0.575277507664015,-142,142,1903,167.255859375,127.265625,255,0,25.2431055602832,141.950526574159,Giro_Off_intento5_180deg_2000_pulsos_Mu_1.70,TIEMPO_MAXIMO
23.397919328,166.213667420441,175.201,0.0027,-0.1125,-0.8965,3.03,1.652,0.566535864735408,0.573092096931863,-142,142,1903,167.255859375,127.265625,255,0,24.8979061902931,141.650353208951,Giro_Off_intento5_180deg_2000_pulsos_Mu_1.70,TIEMPO_MAXIMO
23.445724508,166.320667420441,175.308,0.0054,-0.1055,-0.9001,3.021,1.642,0.588089330024807,0.576841405205099,-142,142,1903,167.255859375,127.265625,255,0,24.7083663043881,141.485535916859,Giro_Off_intento5_180deg_2000_pulsos_Mu_1.70,TIEMPO_MAXIMO
23.493778171,166.319667420441,175.307,0.009,-0.1133,-0.8909,3.025,1.652,0.578510012118407,0.577258556933426,-141,141,1903,167.255859375,127.265625,255,0,24.7101381051304,141.487076613157,Giro_Off_intento5_180deg_2000_pulsos_Mu_1.70,TIEMPO_MAXIMO
23.541690538,166.363667420441,175.351,-0.002,-0.1096,-0.8936,3.025,1.657,0.578510012118407,0.577571420729672,-141,141,1903,167.255859375,127.265625,255,0,24.6321717594569,141.419279790832,Giro_Off_intento5_180deg_2000_pulsos_Mu_1.70,TIEMPO_MAXIMO
23.589744834,166.479667420441,175.467,0.0068,-0.1187,-0.8975,3.03,1.657,0.566535864735408,0.574812531731106,-141,141,1903,167.255859375,127.265625,255,0,24.426554609664,141.240482269273,Giro_Off_intento5_180deg_2000_pulsos_Mu_1.70,TIEMPO_MAXIMO
23.637710999,166.692667420441,175.68,0.0012,-0.1169,-0.9009,3.025,1.657,0.578510012118407,0.575736901827931,-141,141,1903,167.255859375,127.265625,255,0,24.0487388803984,140.91194685252,Giro_Off_intento5_180deg_2000_pulsos_Mu_1.70,TIEMPO_MAXIMO
23.685702534,166.919667420441,175.907,-0.0056,-0.1157,-0.8867,3.035,1.647,0.554561717352407,0.57044310570905,-141,141,1903,167.255859375,127.265625,255,0,23.6457244751331,140.561499543594,Giro_Off_intento5_180deg_2000_pulsos_Mu_1.70,TIEMPO_MAXIMO
23.73370557,167.155667420441,176.143,-0.01,-0.1174,-0.8987,3.021,1.652,0.588089330024807,0.574854661787989,-141,141,1903,167.255859375,127.265625,255,0,23.2263380911678,140.19681573145,Giro_Off_intento5_180deg_2000_pulsos_Mu_1.70,TIEMPO_MAXIMO
23.781659525,167.393667420441,176.381,-0.0056,-0.1118,-0.8994,3.03,1.652,0.566535864735408,0.572774962524844,-140,140,1903,167.255859375,127.265625,255,0,22.8029985254872,139.828694369989,Giro_Off_intento5_180deg_2000_pulsos_Mu_1.70,TIEMPO_MAXIMO
23.829709985,167.654667420441,176.642,-0.0095,-0.1165,-0.9048,3.035,1.657,0.554561717352407,0.568221651231735,-139,139,1903,167.255859375,127.265625,255,0,22.3382959322741,139.424605158499,Giro_Off_intento5_180deg_2000_pulsos_Mu_1.70,TIEMPO_MAXIMO
23.877607614,167.878667420441,176.866,-0.0098,-0.1145,-0.9087,3.03,1.657,0.566535864735408,0.567800204607653,-139,139,1903,167.255859375,127.265625,255,0,21.9391007274787,139.07747889346,Giro_Off_intento5_180deg_2000_pulsos_Mu_1.70,TIEMPO_MAXIMO
23.925697961,168.062667420441,177.05,-0.0139,-0.1196,-0.9021,3.03,1.652,0.566535864735408,0.567484119639592,-139,139,1903,167.255859375,127.265625,255,0,21.6109392548487,138.792121091173,Giro_Off_intento5_180deg_2000_pulsos_Mu_1.70,TIEMPO_MAXIMO
23.973850072,168.130667420441,177.118,-0.0083,-0.1223,-0.9065,3.035,1.657,0.554561717352407,0.564253519067796,-139,139,1903,167.255859375,127.265625,255,0,21.4896056051345,138.686613569682,Giro_Off_intento5_180deg_2000_pulsos_Mu_1.70,TIEMPO_MAXIMO
24.021558385,168.179667420441,177.167,-0.0134,-0.1133,-0.8958,3.021,1.652,0.588089330024807,0.570212471807049,-139,139,1903,167.255859375,127.265625,255,0,21.4021552303188,138.610569765495,Giro_Off_intento5_180deg_2000_pulsos_Mu_1.70,TIEMPO_MAXIMO
24.069848524,168.203667420441,177.191,-0.0056,-0.1101,-0.9082,3.03,1.647,0.566535864735408,0.569293320039139,-139,139,1903,167.255859375,127.265625,255,0,21.3593166786505,138.573318851,Giro_Off_intento5_180deg_2000_pulsos_Mu_1.70,TIEMPO_MAXIMO
24.11793289,168.213667420441,177.201,-0.0208,-0.1079,-0.8921,3.021,1.642,0.588089330024807,0.573992322535556,-140,140,1903,167.255859375,127.265625,255,0,21.3414661755993,138.557796674434,Giro_Off_intento5_180deg_2000_pulsos_Mu_1.70,TIEMPO_MAXIMO
24.165631942,168.308667420441,177.296,-0.0291,-0.1113,-0.9055,3.025,1.652,0.578510012118407,0.575121744931269,-139,139,1903,167.255859375,127.265625,255,0,21.1718540498113,138.410307869401,Giro_Off_intento5_180deg_2000_pulsos_Mu_1.70,TIEMPO_MAXIMO
24.213877142,168.448667420441,177.436,-0.0352,-0.1147,-0.9004,3.025,1.652,0.578510012118407,0.575968811728053,-138,138,1903,167.255859375,127.265625,255,0,20.9217933811449,138.192863809691,Giro_Off_intento5_180deg_2000_pulsos_Mu_1.70,TIEMPO_MAXIMO
24.261776799,168.601667420441,177.589,-0.0242,-0.1221,-0.916,3.025,1.657,0.578510012118407,0.576604111825642,-138,138,1903,167.255859375,127.265625,255,0,20.6483699953765,137.955104343806,Giro_Off_intento5_180deg_2000_pulsos_Mu_1.70,TIEMPO_MAXIMO
24.309599315,168.809667420441,177.797,-0.0308,-0.1206,-0.8965,3.035,1.647,0.554561717352407,0.571093513207333,-138,138,1903,167.255859375,127.265625,255,0,20.2764213859672,137.631670770406,Giro_Off_intento5_180deg_2000_pulsos_Mu_1.70,TIEMPO_MAXIMO
24.357773487,169.020667420441,178.008,-0.0247,-0.1155,-0.9004,3.025,1.657,0.578510012118407,0.572947637935102,-138,138,1903,167.255859375,127.265625,255,0,19.8988351261888,137.303334892338,Giro_Off_intento5_180deg_2000_pulsos_Mu_1.70,TIEMPO_MAXIMO
24.405653668,169.232667420441,178.22,-0.0454,-0.1157,-0.8914,3.025,1.657,0.578510012118407,0.574338231480928,-137,137,1903,167.255859375,127.265625,255,0,19.5191875795658,136.973206590927,Giro_Off_intento5_180deg_2000_pulsos_Mu_1.70,TIEMPO_MAXIMO
24.469636168,169.407667420441,178.395,-0.0447,-0.1138,-0.8992,3.035,1.647,0.554561717352407,0.569394102948798,-137,137,1903,167.255859375,127.265625,255,0,19.205597704347,136.70051974291,Giro_Off_intento5_180deg_2000_pulsos_Mu_1.70,TIEMPO_MAXIMO
24.517623529,169.556667420441,178.544,-0.0408,-0.1174,-0.8975,3.025,1.657,0.578510012118407,0.5716730802412,-137,137,1903,167.255859375,127.265625,255,0,18.9384569947666,136.46822347371,Giro_Off_intento5_180deg_2000_pulsos_Mu_1.70,TIEMPO_MAXIMO
24.565787838,169.715667420441,178.703,-0.0483,-0.1094,-0.8926,3.03,1.647,0.566535864735408,0.570388776364752,-136,136,1903,167.255859375,127.265625,255,0,18.6532461638356,136.220214055509,Giro_Off_intento5_180deg_2000_pulsos_Mu_1.70,TIEMPO_MAXIMO
24.613620667,169.915667420441,178.903,-0.0576,-0.1162,-0.8992,3.021,1.657,0.588089330024807,0.574813914779766,-136,136,1903,167.255859375,127.265625,255,0,18.2942866824658,135.908075376057,Giro_Off_intento5_180deg_2000_pulsos_Mu_1.70,TIEMPO_MAXIMO
24.66191765,170.037667420441,179.025,-0.0557,-0.1165,-0.8918,3.021,1.647,0.588089330024807,0.578132768591026,-136,136,1903,167.255859375,127.265625,255,0,18.0752116594984,135.717575356086,Giro_Off_intento5_180deg_2000_pulsos_Mu_1.70,TIEMPO_MAXIMO
24.709632415,170.165667420441,179.153,-0.0613,-0.1196,-0.9011,3.03,1.657,0.566535864735408,0.575233542627122,-135,135,1903,167.255859375,127.265625,255,0,17.8452743762264,135.517629892371,Giro_Off_intento5_180deg_2000_pulsos_Mu_1.70,TIEMPO_MAXIMO
24.757852988,170.245667420441,179.233,-0.0576,-0.113,-0.9028,3.025,1.657,0.578510012118407,0.576052659999943,-136,136,1903,167.255859375,127.265625,255,0,17.7015182739716,135.392624586062,Giro_Off_intento5_180deg_2000_pulsos_Mu_1.70,TIEMPO_MAXIMO
24.805571544,170.361667420441,179.349,-0.0532,-0.115,-0.8965,3.03,1.652,0.566535864735408,0.573673461183809,-135,135,1903,167.255859375,127.265625,255,0,17.4930107019739,135.21131365389,Giro_Off_intento5_180deg_2000_pulsos_Mu_1.70,TIEMPO_MAXIMO
24.853550917,170.569667420441,179.557,-0.0632,-0.1162,-0.8992,3.03,1.657,0.566535864735408,0.571889062071709,-135,135,1903,167.255859375,127.265625,255,0,17.1189560666205,134.886048753583,Giro_Off_intento5_180deg_2000_pulsos_Mu_1.70,TIEMPO_MAXIMO
24.917710013,170.907667420441,179.895,-0.0713,-0.1143,-0.8867,3.03,1.652,0.566535864735408,0.570550762737634,-135,135,1903,167.255859375,127.265625,255,0,16.5106382921175,134.357076775754,Giro_Off_intento5_180deg_2000_pulsos_Mu_1.70,TIEMPO_MAXIMO
24.965572498,171.116667420441,180.104,-0.0681,-0.1194,-0.9023,3.021,1.652,0.588089330024807,0.574935404559427,-134,134,1903,167.255859375,127.265625,255,0,16.1342002985026,134.029739390002,Giro_Off_intento5_180deg_2000_pulsos_Mu_1.70,TIEMPO_MAXIMO
25.013767389,171.343667420441,180.331,-0.0984,-0.115,-0.876,3.025,1.657,0.578510012118407,0.575829056449172,-134,134,1903,167.255859375,127.265625,255,0,15.7250987593396,133.673998921165,Giro_Off_intento5_180deg_2000_pulsos_Mu_1.70,TIEMPO_MAXIMO
25.061634693,171.468667420441,180.456,-0.0645,-0.1155,-0.8975,3.03,1.647,0.566535864735408,0.573505758520731,-134,134,1903,167.255859375,127.265625,255,0,15.499716787667,133.478014597971,Giro_Off_intento5_180deg_2000_pulsos_Mu_1.70,TIEMPO_MAXIMO
25.109572267,171.583667420441,180.571,-0.0764,-0.1228,-0.8865,3.021,1.652,0.588089330024807,0.57715165139675,-133,133,1903,167.255859375,127.265625,255,0,15.2923001920074,133.297652340876,Giro_Off_intento5_180deg_2000_pulsos_Mu_1.70,TIEMPO_MAXIMO
25.157584054,171.810667420441,180.798,-0.0894,-0.1201,-0.8967,3.021,1.662,0.588089330024807,0.579886071053764,-133,133,1903,167.255859375,127.265625,255,0,14.8826978436197,132.941476385756,Giro_Off_intento5_180deg_2000_pulsos_Mu_1.70,TIEMPO_MAXIMO
25.221831456,172.020667420441,181.008,-0.0747,-0.1206,-0.8972,3.025,1.657,0.578510012118407,0.579542056319925,-133,133,1903,167.255859375,127.265625,255,0,14.5035623972849,132.611793388943,Giro_Off_intento5_180deg_2000_pulsos_Mu_1.70,TIEMPO_MAXIMO
25.269634154,172.179667420441,181.167,-0.0796,-0.1101,-0.896,3.021,1.647,0.588089330024807,0.581678874746146,-132,132,1903,167.255859375,127.265625,255,0,14.2163728226377,132.362063324033,Giro_Off_intento5_180deg_2000_pulsos_Mu_1.70,TIEMPO_MAXIMO
25.31774761,172.340667420441,181.328,-0.0757,-0.1167,-0.8938,3.016,1.657,0.600063477407807,0.586275025411561,-132,132,1903,167.255859375,127.265625,255,0,13.9254592549419,132.109095004297,Giro_Off_intento5_180deg_2000_pulsos_Mu_1.70,TIEMPO_MAXIMO
25.365556308,172.532667420441,181.52,-0.0833,-0.1169,-0.8894,3.025,1.652,0.578510012118407,0.584333772088273,-132,132,1903,167.255859375,127.265625,255,0,13.5783877157097,131.807293665834,Giro_Off_intento5_180deg_2000_pulsos_Mu_1.70,TIEMPO_MAXIMO
25.429620673,172.715667420441,181.703,-0.0796,-0.116,-0.8975,3.03,1.657,0.566535864735408,0.579884295250056,-132,132,1903,167.255859375,127.265625,255,0,13.2474431744879,131.519515803903,Giro_Off_intento5_180deg_2000_pulsos_Mu_1.70,TIEMPO_MAXIMO
25.493610855,172.910667420441,181.898,-0.092,-0.1174,-0.9019,3.025,1.652,0.578510012118407,0.579540724467144,-131,131,1903,167.255859375,127.265625,255,0,12.8946487084983,131.21273800739,Giro_Off_intento5_180deg_2000_pulsos_Mu_1.70,TIEMPO_MAXIMO
25.557533527,173.001667420441,181.989,-0.094,-0.1191,-0.8982,3.025,1.652,0.578510012118407,0.57928304637996,-131,131,1903,167.255859375,127.265625,255,0,12.72995992819,131.069530372339,Giro_Off_intento5_180deg_2000_pulsos_Mu_1.70,TIEMPO_MAXIMO
25.605740384,173.064667420441,182.052,-0.0947,-0.1206,-0.885,3.03,1.657,0.566535864735408,0.576096250968822,-131,131,1903,167.255859375,127.265625,255,0,12.6159257827362,130.970370245858,Giro_Off_intento5_180deg_2000_pulsos_Mu_1.70,TIEMPO_MAXIMO
25.653637229,173.091667420441,182.079,-0.0918,-0.1204,-0.8936,3.025,1.652,0.578510012118407,0.576699691256218,-131,131,1903,167.255859375,127.265625,255,0,12.5670493287914,130.927868981558,Giro_Off_intento5_180deg_2000_pulsos_Mu_1.70,TIEMPO_MAXIMO
25.701820088,173.161667420441,182.149,-0.084,-0.1172,-0.897,3.025,1.652,0.578510012118407,0.577152271471766,-131,131,1903,167.255859375,127.265625,255,0,12.440319626635,130.817669240552,Giro_Off_intento5_180deg_2000_pulsos_Mu_1.70,TIEMPO_MAXIMO
25.765479771,173.292667420441,182.28,-0.1016,-0.1201,-0.8933,3.025,1.652,0.578510012118407,0.577491706633426,-131,131,1903,167.255859375,127.265625,255,0,12.2031042976668,130.611395041449,Giro_Off_intento5_180deg_2000_pulsos_Mu_1.70,TIEMPO_MAXIMO
25.81350676,173.451667420441,182.439,-0.0969,-0.1199,-0.8911,3.03,1.652,0.566535864735408,0.574752746158921,-131,131,1903,167.255859375,127.265625,255,0,11.915100872546,130.360957280475,Giro_Off_intento5_180deg_2000_pulsos_Mu_1.70,TIEMPO_MAXIMO
25.861659141,173.560667420441,182.548,-0.1062,-0.114,-0.8997,3.025,1.657,0.578510012118407,0.575692062648793,-130,130,1903,167.255859375,127.265625,255,0,11.7176114147622,130.189227317185,Giro_Off_intento5_180deg_2000_pulsos_Mu_1.70,TIEMPO_MAXIMO
25.925469864,173.769667420441,182.757,-0.1128,-0.1177,-0.8948,3.021,1.652,0.588089330024807,0.578791379492797,-130,130,1903,167.255859375,127.265625,255,0,11.3388209653552,129.8598443177,Giro_Off_intento5_180deg_2000_pulsos_Mu_1.70,TIEMPO_MAXIMO
25.973455504,173.956667420441,182.944,-0.1052,-0.1279,-0.8821,3.021,1.652,0.588089330024807,0.581115867125799,-130,130,1903,167.255859375,127.265625,255,0,10.9997751571345,129.565021875769,Giro_Off_intento5_180deg_2000_pulsos_Mu_1.70,TIEMPO_MAXIMO
26.021488249,174.148667420441,183.136,-0.1096,-0.1169,-0.8884,3.025,1.657,0.578510012118407,0.580464403373951,-130,130,1903,167.255859375,127.265625,255,0,10.65154207387,129.262210499017,Giro_Off_intento5_180deg_2000_pulsos_Mu_1.70,TIEMPO_MAXIMO
26.069458139,174.268667420441,183.256,-0.1116,-0.1165,-0.8945,3.021,1.652,0.588089330024807,0.582370635036665,-129,129,1903,167.255859375,127.265625,255,0,10.4338354088488,129.072900355521,Giro_Off_intento5_180deg_2000_pulsos_Mu_1.70,TIEMPO_MAXIMO
26.118073091,174.426667420441,183.414,-0.1157,-0.1174,-0.8962,3.021,1.652,0.588089330024807,0.583800308783701,-129,129,1903,167.255859375,127.265625,255,0,10.1471186512539,128.823581435873,Giro_Off_intento5_180deg_2000_pulsos_Mu_1.70,TIEMPO_MAXIMO
26.165538085,174.586667420441,183.574,-0.1123,-0.1257,-0.8914,3.025,1.652,0.578510012118407,0.582477734617378,-129,129,1903,167.255859375,127.265625,255,0,9.85669394227755,128.571038210676,Giro_Off_intento5_180deg_2000_pulsos_Mu_1.70,TIEMPO_MAXIMO
26.213485768,174.798667420441,183.786,-0.1233,-0.1155,-0.8887,3.03,1.647,0.566535864735408,0.578492267146885,-128,128,1903,167.255859375,127.265625,255,0,9.47176318556826,128.236315813538,Giro_Off_intento5_180deg_2000_pulsos_Mu_1.70,TIEMPO_MAXIMO
26.277512823,174.949667420441,183.937,-0.1274,-0.1196,-0.8953,3.025,1.652,0.578510012118407,0.578496703389766,-128,128,1903,167.255859375,127.265625,255,0,9.19751142377653,127.997836020675,Giro_Off_intento5_180deg_2000_pulsos_Mu_1.70,TIEMPO_MAXIMO
26.325503426,174.984667420441,183.972,-0.1162,-0.1116,-0.8892,3.035,1.652,0.554561717352407,0.572512956880426,-128,128,1903,167.255859375,127.265625,255,0,9.13393394537696,127.94255125685,Giro_Off_intento5_180deg_2000_pulsos_Mu_1.70,TIEMPO_MAXIMO
26.373610245,174.987667420441,183.975,-0.1296,-0.1165,-0.894,3.021,1.657,0.588089330024807,0.576407050166521,-128,128,1903,167.255859375,127.265625,255,0,9.12848428829777,127.937812424607,Giro_Off_intento5_180deg_2000_pulsos_Mu_1.70,TIEMPO_MAXIMO
26.421479945,174.988667420441,183.976,-0.1304,-0.1165,-0.8906,3.03,1.652,0.566535864735408,0.573939253808743,-128,128,1903,167.255859375,127.265625,255,0,9.12666773037589,127.936232809023,Giro_Off_intento5_180deg_2000_pulsos_Mu_1.70,TIEMPO_MAXIMO
26.469496032,174.957667420441,183.945,-0.1365,-0.1167,-0.8862,3.03,1.657,0.566535864735408,0.572088406540409,-128,128,1903,167.255859375,127.265625,255,0,9.18297973044325,127.985199765603,Giro_Off_intento5_180deg_2000_pulsos_Mu_1.70,TIEMPO_MAXIMO
26.517463288,174.927667420441,183.915,-0.1321,-0.106,-0.8672,3.035,1.652,0.554561717352407,0.567706734243409,-128,128,1903,167.255859375,127.265625,255,0,9.23747265502275,128.032584917411,Giro_Off_intento5_180deg_2000_pulsos_Mu_1.70,TIEMPO_MAXIMO
26.581485377,174.997667420441,183.985,-0.1543,-0.1182,-0.8582,3.021,1.652,0.588089330024807,0.572802383188758,-128,128,1903,167.255859375,127.265625,255,0,9.11031858403904,127.922016160034,Giro_Off_intento5_180deg_2000_pulsos_Mu_1.70,TIEMPO_MAXIMO
26.629688697,175.075667420441,184.063,-0.1565,-0.1221,-0.8823,3.021,1.642,0.588089330024807,0.576624119897771,-128,128,1903,167.255859375,127.265625,255,0,8.96861660951476,127.798797051752,Giro_Off_intento5_180deg_2000_pulsos_Mu_1.70,TIEMPO_MAXIMO
26.677740706,175.239667420441,184.227,-0.168,-0.1169,-0.865,3.035,1.657,0.554561717352407,0.57110851926143,-128,128,1903,167.255859375,127.265625,255,0,8.67062522572373,127.539674109325,Giro_Off_intento5_180deg_2000_pulsos_Mu_1.70,TIEMPO_MAXIMO
26.725629251,175.494667420441,184.482,-0.167,-0.1243,-0.8745,3.021,1.652,0.588089330024807,0.575353721952274,-128,128,1903,167.255859375,127.265625,255,0,8.20714476079688,127.136647618084,Giro_Off_intento5_180deg_2000_pulsos_Mu_1.70,TIEMPO_MAXIMO
26.789518937,175.748667420441,184.736,-0.1721,-0.1145,-0.864,3.025,1.647,0.578510012118407,0.576142794493808,-127,127,1903,167.255859375,127.265625,255,0,7.7453202446163,126.735061082275,Giro_Off_intento5_180deg_2000_pulsos_Mu_1.70,TIEMPO_MAXIMO
26.837478295,175.978667420441,184.966,-0.2,-0.126,-0.8477,3.025,1.647,0.578510012118407,0.576734598899957,-127,127,1903,167.255859375,127.265625,255,0,7.32700112218046,126.371305323635,Giro_Off_intento5_180deg_2000_pulsos_Mu_1.70,TIEMPO_MAXIMO
26.885521658,176.223667420441,185.211,-0.1897,-0.1201,-0.8738,3.021,1.652,0.588089330024807,0.57957328168117,-126,126,1903,167.255859375,127.265625,255,0,6.88127060869112,125.983713572775,Giro_Off_intento5_180deg_2000_pulsos_Mu_1.70,TIEMPO_MAXIMO
26.949406608,176.490667420441,185.478,-0.1914,-0.1208,-0.8674,3.025,1.652,0.578510012118407,0.579307464290479,-126,126,1903,167.255859375,127.265625,255,0,6.39537231608639,125.561193318336,Giro_Off_intento5_180deg_2000_pulsos_Mu_1.70,TIEMPO_MAXIMO
26.997619336,176.758667420441,185.746,-0.1975,-0.1128,-0.856,3.025,1.647,0.578510012118407,0.579108101247461,-126,126,1903,167.255859375,127.265625,255,0,5.90751453090543,125.136969157309,Giro_Off_intento5_180deg_2000_pulsos_Mu_1.70,TIEMPO_MAXIMO
27.045433238,177.041667420441,186.029,-0.218,-0.1179,-0.8611,3.025,1.647,0.578510012118407,0.578958578965198,-125,125,1903,167.255859375,127.265625,255,0,5.39221118594233,124.688879292124,Giro_Off_intento5_180deg_2000_pulsos_Mu_1.70,TIEMPO_MAXIMO
27.09346879,177.236667420441,186.224,-0.1992,-0.1169,-0.8804,3.03,1.652,0.566535864735408,0.57585290040775,-124,124,1903,167.255859375,127.265625,255,0,5.03706620025904,124.380057565443,Giro_Off_intento5_180deg_2000_pulsos_Mu_1.70,TIEMPO_MAXIMO
27.141453354,177.526667420441,186.514,-0.21,-0.1233,-0.8652,3.025,1.657,0.578510012118407,0.576517178335415,-124,124,1903,167.255859375,127.265625,255,0,4.50879519320308,123.920691472351,Giro_Off_intento5_180deg_2000_pulsos_Mu_1.70,TIEMPO_MAXIMO
27.18954572,177.894667420441,186.882,-0.2166,-0.124,-0.8562,3.021,1.657,0.588089330024807,0.579410216257763,-124,124,1903,167.255859375,127.265625,255,0,3.83827296165528,123.337628662309,Giro_Off_intento5_180deg_2000_pulsos_Mu_1.70,TIEMPO_MAXIMO
27.237535923,178.222667420441,187.21,-0.2212,-0.1223,-0.8689,3.011,1.652,0.612037624790806,0.587567068391024,-123,123,1903,167.255859375,127.265625,255,0,3.24049927924291,122.817825460211,Giro_Off_intento5_180deg_2000_pulsos_Mu_1.70,TIEMPO_MAXIMO
27.285655455,178.453667420441,187.441,-0.2246,-0.1179,-0.8625,3.025,1.652,0.578510012118407,0.58530280432287,-122,122,1903,167.255859375,127.265625,255,0,2.81944133718136,122.451688119288,Giro_Off_intento5_180deg_2000_pulsos_Mu_1.70,TIEMPO_MAXIMO
27.333498391,178.742667420441,187.73,-0.2285,-0.1113,-0.8545,3.03,1.647,0.566535864735408,0.580611069426004,-122,122,1903,167.255859375,127.265625,255,0,2.29259949189821,121.993564775564,Giro_Off_intento5_180deg_2000_pulsos_Mu_1.70,TIEMPO_MAXIMO
27.381482909,178.980667420441,187.968,-0.2256,-0.1157,-0.8452,3.025,1.662,0.578510012118407,0.580085805099105,-122,122,1903,167.255859375,127.265625,255,0,1.85868534836381,121.616248129012,Giro_Off_intento5_180deg_2000_pulsos_Mu_1.70,TIEMPO_MAXIMO
27.429442567,179.266667420441,188.254,-0.2383,-0.1233,-0.8547,3.016,1.657,0.600063477407807,0.585080223176281,-122,122,1903,167.255859375,127.265625,255,0,1.3372173489994,121.162797694782,Giro_Off_intento5_180deg_2000_pulsos_Mu_1.70,TIEMPO_MAXIMO
27.477420633,179.546667420441,188.534,-0.2412,-0.1208,-0.8367,3.021,1.657,0.588089330024807,0.585832499888412,-121,121,1903,167.255859375,127.265625,255,0,0.82665687217666,120.718832062762,Giro_Off_intento5_180deg_2000_pulsos_Mu_1.70,TIEMPO_MAXIMO
27.525391665,179.919667420441,188.907,-0.2717,-0.1152,-0.8562,3.025,1.652,0.578510012118407,0.584001877945911,-121,121,1903,167.255859375,127.265625,255,0,0.14648880991145,120.127381573836,Giro_Off_intento5_180deg_2000_pulsos_Mu_1.70,TIEMPO_MAXIMO
27.573439773,180.101667420441,189.089,-0.262,-0.113,-0.856,3.03,1.647,0.566535864735408,0.579635374643285,-120,120,1903,167.255859375,127.265625,255,0,0.18539348011771,120.161211721841,Giro_Off_intento5_180deg_2000_pulsos_Mu_1.70,TIEMPO_MAXIMO
27.621588713,180.211667420441,189.199,-0.25,-0.1125,-0.8408,3.035,1.652,0.554561717352407,0.573366960320566,-120,120,1903,167.255859375,127.265625,255,0,0.385980984518258,120.335635638712,Giro_Off_intento5_180deg_2000_pulsos_Mu_1.70,TIEMPO_MAXIMO
27.669628832,180.474667420441,189.462,-0.2646,-0.1174,-0.844,3.025,1.657,0.578510012118407,0.574652723270026,-120,120,1903,167.255859375,127.265625,255,0,0.865560315716693,120.752661144101,Giro_Off_intento5_180deg_2000_pulsos_Mu_1.70,TIEMPO_MAXIMO
27.718069277,180.926667420441,189.914,-0.2808,-0.1174,-0.8386,3.025,1.652,0.578510012118407,0.575617045482122,-121,121,1903,167.255859375,127.265625,255,0,1.68973204690561,121.469332214701,Giro_Off_intento5_180deg_2000_pulsos_Mu_1.70,TIEMPO_MAXIMO
27.781412378,181.353667420441,190.341,-0.2959,-0.1084,-0.8386,3.03,1.652,0.566535864735408,0.573346750295443,-121,121,1903,167.255859375,127.265625,-255,0,2.46822333147007,122.1462811578,Giro_Off_intento5_180deg_2000_pulsos_Mu_1.70,TIEMPO_MAXIMO
27.829523836,181.906667420441,190.894,-0.2805,-0.1216,-0.8533,3.021,1.647,0.588089330024807,0.577032395227784,-123,123,1903,167.255859375,127.265625,-255,0,3.4762233045549,123.022802873526,Giro_Off_intento5_180deg_2000_pulsos_Mu_1.70,TIEMPO_MAXIMO
27.877382387,182.495667420441,191.483,-0.2864,-0.1292,-0.8518,3.025,1.652,0.578510012118407,0.57740179945044,-123,123,1903,167.255859375,127.265625,-255,0,4.54948515715308,123.956074049698,Giro_Off_intento5_180deg_2000_pulsos_Mu_1.70,TIEMPO_MAXIMO
27.925625508,183.112667420441,192.1,-0.2947,-0.1179,-0.8379,3.021,1.652,0.588089330024807,0.580073682094032,-125,125,1903,167.255859375,127.265625,-255,0,5.67325041666484,124.933261231882,Giro_Off_intento5_180deg_2000_pulsos_Mu_1.70,TIEMPO_MAXIMO
27.989332863,183.457667420441,192.445,-0.2859,-0.1167,-0.8381,3.025,1.652,0.578510012118407,0.579682764600126,-125,125,1903,167.255859375,127.265625,-255,0,6.30133343240568,125.479420376005,Giro_Off_intento5_180deg_2000_pulsos_Mu_1.70,TIEMPO_MAXIMO
28.053326042,183.714667420441,192.702,-0.3079,-0.1262,-0.8262,3.025,1.657,0.578510012118407,0.579389576479696,-126,126,1903,167.255859375,127.265625,-255,0,6.76906253794797,125.886141337346,Giro_Off_intento5_180deg_2000_pulsos_Mu_1.70,TIEMPO_MAXIMO
28.117452482,183.798667420441,192.786,-0.3105,-0.1265,-0.8408,3.03,1.657,0.566535864735408,0.576176148543624,-126,126,1903,167.255859375,127.265625,-255,0,6.92190990336211,126.01905208988,Giro_Off_intento5_180deg_2000_pulsos_Mu_1.70,TIEMPO_MAXIMO
28.165572047,183.808667420441,192.796,-0.3193,-0.1145,-0.8245,3.03,1.647,0.566535864735408,0.57376607759157,-126,126,1903,167.255859375,127.265625,-255,0,6.94010503370709,126.034873942354,Giro_Off_intento5_180deg_2000_pulsos_Mu_1.70,TIEMPO_MAXIMO
28.213437493,183.835667420441,192.823,-0.3081,-0.1125,-0.8354,3.021,1.657,0.588089330024807,0.57734689069988,-126,126,1903,167.255859375,127.265625,-255,0,6.98923082808838,126.077592024425,Giro_Off_intento5_180deg_2000_pulsos_Mu_1.70,TIEMPO_MAXIMO
28.261371218,184.036667420441,193.024,-0.3071,-0.134,-0.7996,3.025,1.647,0.578510012118407,0.577637671054511,-126,126,1903,167.255859375,127.265625,-255,0,7.35489555375289,126.395561351089,Giro_Off_intento5_180deg_2000_pulsos_Mu_1.70,TIEMPO_MAXIMO
28.309384086,184.458667420441,193.446,-0.3286,-0.1326,-0.8079,3.03,1.652,0.566535864735408,0.574862219474736,-127,127,1903,167.255859375,127.265625,-255,0,8.12230967901319,127.062877981751,Giro_Off_intento5_180deg_2000_pulsos_Mu_1.70,TIEMPO_MAXIMO
28.357523921,185.069667420441,194.057,-0.3262,-0.1245,-0.8293,3.03,1.657,0.566535864735408,0.572780630789904,-128,128,1903,167.255859375,127.265625,-255,0,9.23263168014219,128.028375374037,Giro_Off_intento5_180deg_2000_pulsos_Mu_1.70,TIEMPO_MAXIMO
28.421471007,185.672667420441,194.66,-0.3423,-0.1296,-0.8213,3.03,1.647,0.566535864735408,0.57121943927628,-129,129,1903,167.255859375,127.265625,-255,0,10.3273870584012,128.980336572523,Giro_Off_intento5_180deg_2000_pulsos_Mu_1.70,TIEMPO_MAXIMO
28.485358269,186.194667420441,195.182,-0.3413,-0.1169,-0.8027,3.03,1.647,0.566535864735408,0.570048545641062,-129,129,1903,167.255859375,127.265625,-255,0,11.2741664182776,129.803622972415,Giro_Off_intento5_180deg_2000_pulsos_Mu_1.70,TIEMPO_MAXIMO
28.53331781,186.594667420441,195.582,-0.3369,-0.1191,-0.8281,3.025,1.652,0.578510012118407,0.572163912260398,-130,130,1903,167.255859375,127.265625,-255,0,11.9990387019162,130.433946697318,Giro_Off_intento5_180deg_2000_pulsos_Mu_1.70,TIEMPO_MAXIMO
28.58147554,187.097667420441,196.085,-0.334,-0.1226,-0.8179,3.025,1.647,0.578510012118407,0.5737504372249,-131,131,1903,167.255859375,127.265625,-255,0,12.9097312071896,131.225853223643,Giro_Off_intento5_180deg_2000_pulsos_Mu_1.70,TIEMPO_MAXIMO
28.6453346,187.725667420441,196.713,-0.3564,-0.1333,-0.8232,3.025,1.652,0.578510012118407,0.574940330948277,-131,131,1903,167.255859375,127.265625,-255,0,14.0453342278729,132.213334111194,Giro_Off_intento5_180deg_2000_pulsos_Mu_1.70,TIEMPO_MAXIMO
28.693334694,182.144667420441,197.132,-0.3413,-0.1287,-0.8276,3.025,1.657,0.578510012118407,0.57583275124081,-133,133,1903,167.255859375,127.265625,-255,0,14.8020756247616,132.871370108488,Giro_Off_intento5_180deg_2000_pulsos_Mu_1.70,TIEMPO_MAXIMO
28.757665783,182.473667420441,197.461,-0.3416,-0.126,-0.824,3.016,1.647,0.600063477407807,0.581890432782559,-133,133,1903,167.255859375,127.265625,-255,0,15.3957183579925,133.387581180863,Giro_Off_intento5_180deg_2000_pulsos_Mu_1.70,TIEMPO_MAXIMO
28.805342864,182.830667420441,197.818,-0.354,-0.1243,-0.8171,3.025,1.657,0.578510012118407,0.581045327616521,-134,134,1903,167.255859375,127.265625,-255,0,16.039308979653,133.947225199698,Giro_Off_intento5_180deg_2000_pulsos_Mu_1.70,TIEMPO_MAXIMO
28.853365744,183.116667420441,198.104,-0.3469,-0.1267,-0.8228,3.03,1.657,0.566535864735408,0.577417961896243,-134,134,1903,167.255859375,127.265625,-255,0,16.5544545333136,134.395177855055,Giro_Off_intento5_180deg_2000_pulsos_Mu_1.70,TIEMPO_MAXIMO
28.901238671,183.380667420441,198.368,-0.3416,-0.1255,-0.8169,3.021,1.652,0.588089330024807,0.580085803928384,-134,134,1903,167.255859375,127.265625,-255,0,17.0296076931487,134.808354515781,Giro_Off_intento5_180deg_2000_pulsos_Mu_1.70,TIEMPO_MAXIMO
28.949337671,183.678667420441,198.666,-0.3506,-0.1343,-0.8235,3.04,1.652,0.542587569969408,0.57071124543864,-135,135,1903,167.255859375,127.265625,-255,0,17.5655199091589,135.274365138399,Giro_Off_intento5_180deg_2000_pulsos_Mu_1.70,TIEMPO_MAXIMO
29.013409729,183.948667420441,198.936,-0.3484,-0.1147,-0.8198,3.025,1.657,0.578510012118407,0.572660937108582,-136,136,1903,167.255859375,127.265625,-255,0,18.0506680534198,135.69623308993,Giro_Off_intento5_180deg_2000_pulsos_Mu_1.70,TIEMPO_MAXIMO
29.077331236,184.307667420441,199.295,-0.3347,-0.1135,-0.8179,3.035,1.657,0.554561717352407,0.568136132169538,-136,136,1903,167.255859375,127.265625,-255,0,18.6951127535283,136.256619785677,Giro_Off_intento5_180deg_2000_pulsos_Mu_1.70,TIEMPO_MAXIMO
29.141263109,184.643667420441,199.631,-0.356,-0.123,-0.812,3.021,1.652,0.588089330024807,0.573124431633355,-137,137,1903,167.255859375,127.265625,-255,0,19.2976054699322,136.780526495593,Giro_Off_intento5_180deg_2000_pulsos_Mu_1.70,TIEMPO_MAXIMO
29.189485889,184.909667420441,199.897,-0.3406,-0.1235,-0.812,3.025,1.657,0.578510012118407,0.574470826754618,-137,137,1903,167.255859375,127.265625,-255,0,19.7741092325205,137.194877593496,Giro_Off_intento5_180deg_2000_pulsos_Mu_1.70,TIEMPO_MAXIMO
29.237542247,185.189667420441,200.177,-0.3423,-0.1145,-0.8269,3.025,1.652,0.578510012118407,0.575480623095566,-137,137,1903,167.255859375,127.265625,-255,0,20.2752315075574,137.630636093528,Giro_Off_intento5_180deg_2000_pulsos_Mu_1.70,TIEMPO_MAXIMO
29.285348156,185.506667420441,200.494,-0.3423,-0.1201,-0.8245,3.025,1.647,0.578510012118407,0.576237970351276,-138,138,1903,167.255859375,127.265625,-255,0,20.8419884584258,138.123468224718,Giro_Off_intento5_180deg_2000_pulsos_Mu_1.70,TIEMPO_MAXIMO
29.349509847,185.702667420441,200.69,-0.3428,-0.1223,-0.8215,3.04,1.667,0.542587569969408,0.567825370255809,-138,138,1903,167.255859375,127.265625,-255,0,21.192094237602,138.427908032697,Giro_Off_intento5_180deg_2000_pulsos_Mu_1.70,TIEMPO_MAXIMO
29.39735712,185.731667420441,200.719,-0.3435,-0.1169,-0.8218,3.021,1.652,0.588089330024807,0.572891360198059,-138,138,1903,167.255859375,127.265625,-255,0,21.2438746406841,138.47293447016,Giro_Off_intento5_180deg_2000_pulsos_Mu_1.70,TIEMPO_MAXIMO
29.445275281,185.705667420441,200.693,-0.3481,-0.1235,-0.8235,3.035,1.657,0.554561717352407,0.568308949486646,-138,138,1903,167.255859375,127.265625,-255,0,21.1974510830144,138.432566159143,Giro_Off_intento5_180deg_2000_pulsos_Mu_1.70,TIEMPO_MAXIMO
29.493249418,185.609667420441,200.597,-0.3354,-0.1213,-0.8113,3.04,1.657,0.542587569969408,0.561878604607336,-138,138,1903,167.255859375,127.265625,-255,0,21.0260032854022,138.283481117741,Giro_Off_intento5_180deg_2000_pulsos_Mu_1.70,TIEMPO_MAXIMO
29.541268822,185.564667420441,200.552,-0.3499,-0.1216,-0.8315,3.035,1.657,0.554561717352407,0.560049382793604,-138,138,1903,167.255859375,127.265625,-255,0,20.945616781426,138.213579809936,Giro_Off_intento5_180deg_2000_pulsos_Mu_1.70,TIEMPO_MAXIMO
29.589300396,185.487667420441,200.475,-0.3369,-0.1084,-0.804,3.045,1.657,0.530613422586408,0.552690392741805,-138,138,1903,167.255859375,127.265625,-255,0,20.8080365998201,138.093944869409,Giro_Off_intento5_180deg_2000_pulsos_Mu_1.70,TIEMPO_MAXIMO
29.6533251,185.422667420441,200.41,-0.3398,-0.1201,-0.8164,3.035,1.657,0.554561717352407,0.553158223894456,-138,138,1903,167.255859375,127.265625,-255,0,20.6918682232992,137.992928889825,Giro_Off_intento5_180deg_2000_pulsos_Mu_1.70,TIEMPO_MAXIMO
29.701410857,185.414667420441,200.402,-0.3481,-0.1218,-0.8201,3.04,1.647,0.542587569969408,0.550515560413194,-138,138,1903,167.255859375,127.265625,-255,0,20.6775687334314,137.98049455081,Giro_Off_intento5_180deg_2000_pulsos_Mu_1.70,TIEMPO_MAXIMO
29.749224493,185.569667420441,200.557,-0.3513,-0.1111,-0.8301,3.05,1.652,0.518639275203409,0.542546489110747,-138,138,1903,167.255859375,127.265625,-255,0,20.9545492541481,138.22134717752,Giro_Off_intento5_180deg_2000_pulsos_Mu_1.70,TIEMPO_MAXIMO
29.797291831,185.751667420441,200.739,-0.3435,-0.1133,-0.803,3.055,1.662,0.506665127820408,0.533576148788163,-138,138,1903,167.255859375,127.265625,-255,0,21.2795820933844,138.50398442903,Giro_Off_intento5_180deg_2000_pulsos_Mu_1.70,TIEMPO_MAXIMO
29.861313395,185.962667420441,200.95,-0.3501,-0.0981,-0.8147,3.079,1.652,0.449189220382009,0.512479416686624,-139,139,1903,167.255859375,127.265625,-255,0,21.6561369029427,138.831423393863,Giro_Off_intento5_180deg_2000_pulsos_Mu_1.70,TIEMPO_MAXIMO
29.909400242,186.105667420441,201.093,-0.3369,-0.1057,-0.8262,3.104,1.657,0.38931848346701,0.481689183381721,-139,139,1903,167.255859375,127.265625,-255,0,21.9111708952498,139.053192082826,Giro_Off_intento5_180deg_2000_pulsos_Mu_1.70,TIEMPO_MAXIMO
29.957258853,186.298667420441,201.286,-0.3638,-0.0693,-0.8245,3.123,1.657,0.343816723411611,0.447221068389193,-139,139,1903,167.255859375,127.265625,-255,0,22.2551609040225,139.352313829585,Giro_Off_intento5_180deg_2000_pulsos_Mu_1.70,TIEMPO_MAXIMO
30.005194413,186.245667420441,201.233,-0.3435,-0.1199,-0.8196,3.152,1.652,0.274366668590212,0.404007468439448,-138,138,1903,167.255859375,127.265625,-255,0,22.1607223125812,139.270193315288,Giro_Off_intento5_180deg_2000_pulsos_Mu_1.70,TIEMPO_MAXIMO
30.053188155,186.181667420441,201.169,-0.3364,-0.0803,-0.8298,3.152,1.657,0.274366668590212,0.371597268477139,-139,139,1903,167.255859375,127.265625,-255,0,22.0466579921902,139.171006949731,Giro_Off_intento5_180deg_2000_pulsos_Mu_1.70,TIEMPO_MAXIMO
30.101143048,186.235667420441,201.223,-0.3376,-0.0845,-0.822,3.182,1.657,0.202521784292214,0.329328397430908,-139,139,1903,167.255859375,127.265625,-255,0,22.142901581551,139.254697027436,Giro_Off_intento5_180deg_2000_pulsos_Mu_1.70,TIEMPO_MAXIMO
30.165626631,186.341667420441,201.329,-0.3267,-0.0874,-0.821,3.182,1.647,0.202521784292214,0.297626744146234,-139,139,1903,167.255859375,127.265625,-255,0,22.3317669045447,139.418927743082,Giro_Off_intento5_180deg_2000_pulsos_Mu_1.70,TIEMPO_MAXIMO
30.213870959,181.599667420441,201.587,-0.3477,-0.0808,-0.8149,3.206,1.652,0.145045876853814,0.259481527323129,-139,139,1903,167.255859375,127.265625,-255,0,22.7911372581182,139.818380224451,Giro_Off_intento5_180deg_2000_pulsos_Mu_1.70,TIEMPO_MAXIMO
30.261638539,181.767667420441,201.755,-0.3342,-0.0535,-0.8064,3.216,1.642,0.121097582087814,0.2248855410143,-140,140,1903,167.255859375,127.265625,-255,0,23.0900142886052,140.078273294439,Giro_Off_intento5_180deg_2000_pulsos_Mu_1.70,TIEMPO_MAXIMO
30.309241985,181.721667420441,201.709,-0.3269,-0.0642,-0.8198,3.255,1.647,0.0276992325004165,0.175588963885829,-140,140,1903,167.255859375,127.265625,-255,0,23.008198539094,140.00712916443,Giro_Off_intento5_180deg_2000_pulsos_Mu_1.70,TIEMPO_MAXIMO
30.373192742,181.399667420441,201.387,-0.333,-0.0483,-0.8123,3.294,1.657,-0.0656991170869824,0.115266943642626,-140,140,1903,167.255859375,127.265625,-255,0,22.4350759956114,139.508761735314,Giro_Off_intento5_180deg_2000_pulsos_Mu_1.70,TIEMPO_MAXIMO
30.42146671,181.034667420441,201.022,-0.3396,-0.0591,-0.8115,3.338,1.652,-0.171071614057381,0.0436823042176247,-140,140,1903,167.255859375,127.265625,-255,0,21.7845625873838,138.943097902073,Giro_Off_intento5_180deg_2000_pulsos_Mu_1.70,TIEMPO_MAXIMO
30.469194912,180.926667420441,200.914,-0.241,-0.0442,-0.8538,3.358,1.652,-0.21896820358938,-0.0219803227341265,-139,139,1903,167.255859375,127.265625,-255,0,21.5919112237964,138.775574977214,Giro_Off_intento5_180deg_2000_pulsos_Mu_1.70,TIEMPO_MAXIMO
30.517215152,181.155667420441,201.143,-0.3145,-0.0635,-0.8333,3.358,1.657,-0.21896820358938,-0.0712272929479399,-139,139,1903,167.255859375,127.265625,-255,0,22.0003114965038,139.130705649134,Giro_Off_intento5_180deg_2000_pulsos_Mu_1.70,TIEMPO_MAXIMO
30.565304319,181.631667420441,201.619,-0.3228,-0.0496,-0.8066,3.358,1.652,-0.21896820358938,-0.1081625206083,-139,139,1903,167.255859375,127.265625,-255,0,22.8480814019823,139.867896871289,Giro_Off_intento5_180deg_2000_pulsos_Mu_1.70,TIEMPO_MAXIMO
30.613366831,181.992667420441,201.98,-0.353,-0.0364,-0.835,3.368,1.657,-0.242916498355379,-0.14185101504507,-140,140,1903,167.255859375,127.265625,-255,0,23.4899845971539,140.426073562743,Giro_Off_intento5_180deg_2000_pulsos_Mu_1.70,TIEMPO_MAXIMO
30.677235873,181.994667420441,201.982,-0.2964,-0.0452,-0.8269,3.358,1.657,-0.21896820358938,-0.161130312181147,-140,140,1903,167.255859375,127.265625,-255,0,23.4935382736314,140.429163716201,Giro_Off_intento5_180deg_2000_pulsos_Mu_1.70,TIEMPO_MAXIMO
30.725224868,181.901667420441,201.889,-0.2871,-0.054,-0.8301,3.358,1.647,-0.21896820358938,-0.175589785033205,-141,141,1903,167.255859375,127.265625,-255,0,23.3282621070563,140.285445310484,Giro_Off_intento5_180deg_2000_pulsos_Mu_1.70,TIEMPO_MAXIMO
30.773557447,181.729667420441,201.717,-0.2964,-0.0513,-0.8242,3.353,1.647,-0.20699405620638,-0.183440852826499,-140,140,1903,167.255859375,127.265625,-255,0,23.0224284319005,140.019502984261,Giro_Off_intento5_180deg_2000_pulsos_Mu_1.70,TIEMPO_MAXIMO
30.821209214,181.473667420441,201.461,-0.3091,-0.0625,-0.7996,3.363,1.657,-0.23094235097238,-0.195316227362969,-140,140,1902,167.16796875,127.265625,-255,0,22.5668507543375,139.623348482033,Giro_Off_intento5_180deg_2000_pulsos_Mu_1.70,TIEMPO_MAXIMO
30.885220859,181.145667420441,201.133,-0.3206,-0.0349,-0.8386,3.353,1.652,-0.20699405620638,-0.198235684573822,-140,140,1901,167.080078125,127.265625,-255,0,21.9824847144164,139.115204099493,Giro_Off_intento5_180deg_2000_pulsos_Mu_1.70,TIEMPO_MAXIMO
30.933233535,180.800667420441,200.788,-0.3103,-0.157,-0.9409,3.368,1.657,-0.242916498355379,-0.209405888019211,-139,139,1892,166.2890625,127.265625,-255,0,21.3670543855702,138.5800472918,Giro_Off_intento5_180deg_2000_pulsos_Mu_1.70,TIEMPO_MAXIMO
30.981394562,180.209667420441,200.197,-0.1809,-0.0647,-0.8247,3.368,1.652,-0.242916498355379,-0.217783540603253,-139,139,1877,164.970703125,127.265625,-255,0,20.3110075689215,137.661745712106,Giro_Off_intento5_180deg_2000_pulsos_Mu_1.70,TIEMPO_MAXIMO
31.029100789,180.248667420441,200.236,-0.3525,-0.0969,-0.7644,3.358,1.652,-0.21896820358938,-0.218079706349785,-140,140,1855,163.037109375,127.265625,-255,0,20.3807637663681,137.722403275103,Giro_Off_intento5_180deg_2000_pulsos_Mu_1.70,TIEMPO_MAXIMO
31.077308878,180.211667420441,200.199,-0.186,-0.2747,-0.9844,3.363,1.657,-0.23094235097238,-0.221295367505434,-141,141,1845,162.158203125,127.265625,-255,0,20.314585039014,137.664856555664,Giro_Off_intento5_180deg_2000_pulsos_Mu_1.70,TIEMPO_MAXIMO
31.125155986,180.614667420441,200.602,-0.1892,-0.1638,-0.9761,3.353,1.647,-0.20699405620638,-0.21772003968067,-138,138,1845,162.158203125,127.265625,-255,0,21.0349343194734,138.291247234325,Giro_Off_intento5_180deg_2000_pulsos_Mu_1.70,TIEMPO_MAXIMO
31.189159927,181.240667420441,201.228,-0.3132,0.0132,-0.771,3.363,1.652,-0.23094235097238,-0.221025617503598,-138,138,1845,162.158203125,127.265625,-255,0,22.1518120314139,139.262445244708,Giro_Off_intento5_180deg_2000_pulsos_Mu_1.70,TIEMPO_MAXIMO
31.237288659,181.861667420441,201.849,-0.2017,-0.1101,-0.8157,3.358,1.652,-0.21896820358938,-0.220511264025043,-139,139,1845,162.158203125,127.265625,-255,0,23.2571566558776,140.223614483372,Giro_Off_intento5_180deg_2000_pulsos_Mu_1.70,TIEMPO_MAXIMO
31.285377227,182.215667420441,202.203,-0.2637,-0.1074,-0.8855,3.363,1.657,-0.23094235097238,-0.223119035761877,-139,139,1844,162.0703125,127.265625,-255,0,23.8860422030881,140.770471480946,Giro_Off_intento5_180deg_2000_pulsos_Mu_1.70,TIEMPO_MAXIMO
31.333207953,182.346667420441,202.334,-0.3005,-0.053,-0.7563,3.353,1.652,-0.20699405620638,-0.219087790873003,-141,141,1835,161.279296875,127.265625,-255,0,24.1185355196835,140.972639582333,Giro_Off_intento5_180deg_2000_pulsos_Mu_1.70,TIEMPO_MAXIMO
31.381197085,182.166667420441,202.154,-0.0918,-0.0564,-0.7844,3.368,1.647,-0.242916498355379,-0.225044967743597,-143,143,1820,159.9609375,127.265625,-255,0,23.799046901338,140.694823392468,Giro_Off_intento5_180deg_2000_pulsos_Mu_1.70,TIEMPO_MAXIMO
31.429338366,176.161667420441,201.149,-0.0962,-0.1272,-1.0718,3.363,1.652,-0.23094235097238,-0.226519313550793,-138,138,1808,158.90625,127.265625,-255,0,22.0110072441104,139.140006299226,Giro_Off_intento5_180deg_2000_pulsos_Mu_1.70,TIEMPO_MAXIMO
31.49316201,175.222667420441,200.21,-0.2222,-0.2424,-0.9355,3.363,1.652,-0.23094235097238,-0.227625072906189,-139,139,1800,158.203125,127.265625,-255,0,20.3342606819508,137.681965810392,Giro_Off_intento5_180deg_2000_pulsos_Mu_1.70,TIEMPO_MAXIMO
31.541145032,174.666667420441,199.654,-0.282,-0.2256,-0.8359,3.368,1.652,-0.242916498355379,-0.231447929268487,-140,140,1793,157.587890625,127.265625,-255,0,19.3388234971718,136.81636825841,Giro_Off_intento5_180deg_2000_pulsos_Mu_1.70,TIEMPO_MAXIMO
31.589104404,174.337667420441,199.325,-0.1934,-0.0605,-0.9319,3.363,1.652,-0.23094235097238,-0.23132153469446,-136,136,1793,157.587890625,127.265625,-255,0,18.7489331914123,136.303420166445,Giro_Off_intento5_180deg_2000_pulsos_Mu_1.70,TIEMPO_MAXIMO
31.637307879,179.914667420441,198.902,-0.1003,-0.175,-0.8403,3.372,1.657,-0.252495816261779,-0.23661510508629,-136,136,1791,157.412109375,127.265625,-255,0,17.9895971618366,135.643127966814,Giro_Off_intento5_180deg_2000_pulsos_Mu_1.70,TIEMPO_MAXIMO
31.701153907,179.354667420441,198.342,-0.1309,-0.1873,-0.9277,3.368,1.657,-0.242916498355379,-0.238190453403562,-137,137,1791,157.412109375,127.265625,-255,0,16.9828281924212,134.767676689062,Giro_Off_intento5_180deg_2000_pulsos_Mu_1.70,TIEMPO_MAXIMO
31.749534071,185.180667420441,198.168,-0.2607,-0.1865,-0.8467,3.363,1.652,-0.23094235097238,-0.236378427795766,-136,136,1789,157.236328125,127.265625,-255,0,16.669675835586,134.495370291814,Giro_Off_intento5_180deg_2000_pulsos_Mu_1.70,TIEMPO_MAXIMO
31.797371061,184.161667420441,197.149,-0.0647,-0.1943,-0.8425,3.363,1.652,-0.23094235097238,-0.23501940858992,-134,134,1789,157.236328125,127.265625,-255,0,14.8327622992282,132.898054173242,Giro_Off_intento5_180deg_2000_pulsos_Mu_1.70,TIEMPO_MAXIMO
31.845119866,183.256667420441,196.244,-0.0505,-0.0486,-0.9138,3.358,1.652,-0.21896820358938,-0.231006607339785,-129,129,1787,157.060546875,127.265625,-255,0,13.1974005484642,131.476000476925,Giro_Off_intento5_180deg_2000_pulsos_Mu_1.70,TIEMPO_MAXIMO
31.909184336,182.228667420441,195.216,-0.2842,-0.0029,-0.8054,3.358,1.647,-0.21896820358938,-0.227997006402184,-131,131,1786,156.97265625,127.265625,-255,0,11.3358024276282,129.857219502285,Giro_Off_intento5_180deg_2000_pulsos_Mu_1.70,TIEMPO_MAXIMO
31.95717196,185.281667420441,194.269,-0.0059,-0.0071,-0.9165,3.368,1.657,-0.242916498355379,-0.231726879390482,-130,130,1785,156.884765625,127.265625,-255,0,9.61764359341802,128.363168342103,Giro_Off_intento5_180deg_2000_pulsos_Mu_1.70,TIEMPO_MAXIMO
32.005145971,184.787667420441,193.775,-0.0198,-0.2339,-0.8362,3.368,1.652,-0.242916498355379,-0.234524284131707,-128,128,1785,156.884765625,127.265625,-255,0,8.72029819498082,127.582867995635,Giro_Off_intento5_180deg_2000_pulsos_Mu_1.70,TIEMPO_MAXIMO
32.069056296,184.882667420441,193.87,-0.1755,-0.1741,-1.0469,3.368,1.662,-0.242916498355379,-0.236622337687625,-128,128,1785,156.884765625,127.265625,-255,0,8.89291702165851,127.732971323181,Giro_Off_intento5_180deg_2000_pulsos_Mu_1.70,TIEMPO_MAXIMO
32.117107228,184.621667420441,193.609,-0.0803,-0.0486,-0.8203,3.363,1.652,-0.23094235097238,-0.235202341008813,-128,128,1785,156.884765625,127.265625,-255,0,8.41861224757803,127.320532389198,Giro_Off_intento5_180deg_2000_pulsos_Mu_1.70,TIEMPO_MAXIMO
32.165057275,184.392667420441,193.38,-0.0903,-0.1162,-1.0413,3.368,1.657,-0.242916498355379,-0.237130880345455,-127,127,1784,156.796875,127.265625,-255,0,8.00231557303808,126.958535280903,Giro_Off_intento5_180deg_2000_pulsos_Mu_1.70,TIEMPO_MAXIMO
32.213109476,183.382667420441,192.37,-0.1099,-0.1685,-0.8618,3.368,1.652,-0.242916498355379,-0.238577284847936,-126,126,1784,156.796875,127.265625,-255,0,6.16481229524052,125.360706343687,Giro_Off_intento5_180deg_2000_pulsos_Mu_1.70,TIEMPO_MAXIMO
32.261357586,182.971667420441,191.959,-0.0393,-0.0315,-1.0247,3.368,1.657,-0.242916498355379,-0.239662088224797,-125,125,1784,156.796875,127.265625,-255,0,5.41649511445381,124.709995751699,Giro_Off_intento5_180deg_2000_pulsos_Mu_1.70,TIEMPO_MAXIMO
32.309303755,181.661667420441,190.649,0.0322,-0.2012,-0.8748,3.363,1.647,-0.23094235097238,-0.237482153911692,-125,125,1784,156.796875,127.265625,-255,0,3.02967541870329,122.63450036409,Giro_Off_intento5_180deg_2000_pulsos_Mu_1.70,TIEMPO_MAXIMO
32.35715371,180.457667420441,189.445,0.0349,0.0903,-0.9719,3.363,1.652,-0.23094235097238,-0.235847203176864,-121,121,1784,156.796875,127.265625,-255,0,0.83456133418513,120.725705507987,Giro_Off_intento5_180deg_2000_pulsos_Mu_1.70,TIEMPO_MAXIMO
32.421164468,180.086667420441,189.074,0.0286,-0.1868,-0.7603,3.363,1.652,-0.23094235097238,-0.234620990125743,-120,120,1784,156.796875,127.265625,-255,0,0.15804056917336,120.13742658189,Giro_Off_intento5_180deg_2000_pulsos_Mu_1.70,TIEMPO_MAXIMO
32.469095805,179.428667420441,188.416,-0.0374,-0.0229,-0.9375,3.368,1.652,-0.242916498355379,-0.236694867183152,-120,120,1784,156.796875,127.265625,-255,0,1.04182475572316,120.905934570194,Giro_Off_intento5_180deg_2000_pulsos_Mu_1.70,TIEMPO_MAXIMO
32.516958441,179.143667420441,188.131,0.0178,-0.0669,-1.0493,3.363,1.647,-0.23094235097238,-0.235256738130459,-121,121,1784,156.796875,127.265625,-255,0,1.56148989747793,121.357817302155,Giro_Off_intento5_180deg_2000_pulsos_Mu_1.70,TIEMPO_MAXIMO
32.565064145,178.706667420441,187.694,0.1089,-0.1409,-0.9014,3.368,1.652,-0.242916498355379,-0.237171678186689,-122,122,1784,156.796875,127.265625,-255,0,2.35823030411728,122.050635047059,Giro_Off_intento5_180deg_2000_pulsos_Mu_1.70,TIEMPO_MAXIMO
32.613063946,178.630667420441,187.618,-0.1736,-0.0847,-0.8828,3.368,1.657,-0.242916498355379,-0.238607883228862,-122,122,1784,156.796875,127.265625,-255,0,2.49678115217914,122.171114045373,Giro_Off_intento5_180deg_2000_pulsos_Mu_1.70,TIEMPO_MAXIMO
32.661107899,177.702667420441,186.69,-0.0046,-0.0281,-0.9983,3.368,1.652,-0.242916498355379,-0.239685037010491,-124,124,1784,156.796875,127.265625,-255,0,4.18813215319182,123.641854046254,Giro_Off_intento5_180deg_2000_pulsos_Mu_1.70,TIEMPO_MAXIMO
32.725049392,177.042667420441,186.03,-0.1323,-0.0986,-0.7888,3.363,1.657,-0.23094235097238,-0.237499365500963,-125,125,1784,156.796875,127.265625,-255,0,5.39039008541822,124.687295726451,Giro_Off_intento5_180deg_2000_pulsos_Mu_1.70,TIEMPO_MAXIMO
32.773026557,176.399667420441,185.387,-0.0635,0.0256,-0.7561,3.377,1.657,-0.264469963644778,-0.244242015036917,-125,125,1784,156.796875,127.265625,-255,0,6.56099423171639,125.705212375406,Giro_Off_intento5_180deg_2000_pulsos_Mu_1.70,TIEMPO_MAXIMO
32.821188965,175.551667420441,184.539,0.0325,0.0574,-0.8406,3.368,1.657,-0.242916498355379,-0.243910635866532,-126,126,1784,156.796875,127.265625,-255,0,8.10352068980124,127.046539730262,Giro_Off_intento5_180deg_2000_pulsos_Mu_1.70,TIEMPO_MAXIMO
32.869147,174.869667420441,183.857,0.1243,-0.0823,-0.8201,3.372,1.652,-0.252495816261779,-0.246056930965344,-128,128,1784,156.796875,127.265625,-255,0,9.34281844830437,128.124189955047,Giro_Off_intento5_180deg_2000_pulsos_Mu_1.70,TIEMPO_MAXIMO
32.933024225,174.380667420441,183.368,-0.0386,-0.0884,-0.8127,3.368,1.657,-0.242916498355379,-0.245271822812853,-128,128,1784,156.796875,127.265625,-255,0,10.2306012095236,128.896174964803,Giro_Off_intento5_180deg_2000_pulsos_Mu_1.70,TIEMPO_MAXIMO
32.981122002,173.901667420441,182.889,0.0002,0.0439,-0.9988,3.377,1.657,-0.264469963644778,-0.250071358020834,-129,129,1784,156.796875,127.265625,-255,0,11.0995068373549,129.651745075961,Giro_Off_intento5_180deg_2000_pulsos_Mu_1.70,TIEMPO_MAXIMO
33.029052406,173.493667420441,182.481,0.0913,-0.064,-0.8892,3.368,1.657,-0.242916498355379,-0.24828264310447,-130,130,1784,156.796875,127.265625,-255,0,11.839009084942,130.294790508645,Giro_Off_intento5_180deg_2000_pulsos_Mu_1.70,TIEMPO_MAXIMO
33.076999181,173.484667420441,182.472,-0.0488,0.072,-0.8059,3.372,1.652,-0.252495816261779,-0.249335936393798,-130,130,1784,156.796875,127.265625,-255,0,11.8553150049389,130.308969569512,Giro_Off_intento5_180deg_2000_pulsos_Mu_1.70,TIEMPO_MAXIMO
33.125120311,173.325667420441,182.313,-0.012,-0.0767,-0.8555,3.368,1.657,-0.242916498355379,-0.247731076884193,-131,131,1784,156.796875,127.265625,-255,0,12.1433376566982,130.559424049303,Giro_Off_intento5_180deg_2000_pulsos_Mu_1.70,TIEMPO_MAXIMO
33.173002085,173.011667420441,181.999,0.0842,-0.0378,-0.9114,3.368,1.652,-0.242916498355379,-0.24652743225199,-131,131,1784,156.796875,127.265625,-255,0,12.7118602942346,131.053791560204,Giro_Off_intento5_180deg_2000_pulsos_Mu_1.70,TIEMPO_MAXIMO
33.237331303,172.889667420441,181.877,0.0237,-0.1221,-0.7542,3.372,1.652,-0.252495816261779,-0.248019528254437,-130,130,1784,156.796875,127.265625,-255,0,12.9326492075218,131.245781919584,Giro_Off_intento5_180deg_2000_pulsos_Mu_1.70,TIEMPO_MAXIMO
33.284931053,172.615667420441,181.603,-0.0286,0.2131,-0.7705,3.368,1.657,-0.242916498355379,-0.246743770779672,-130,130,1784,156.796875,127.265625,-255,0,13.4283041486819,131.676786216245,Giro_Off_intento5_180deg_2000_pulsos_Mu_1.70,TIEMPO_MAXIMO
33.332953135,172.305667420441,181.293,0.0459,-0.167,-1.0588,3.372,1.657,-0.252495816261779,-0.248181782150199,-132,132,1783,156.708984375,127.265625,-255,0,13.9887107676484,132.164096319694,Giro_Off_intento5_180deg_2000_pulsos_Mu_1.70,TIEMPO_MAXIMO
33.381008737,171.351667420441,180.339,0.1123,0.0168,-0.7664,3.368,1.657,-0.242916498355379,-0.246865461201494,-132,132,1783,156.708984375,127.265625,-255,0,15.7106765435428,133.66145786395,Giro_Off_intento5_180deg_2000_pulsos_Mu_1.70,TIEMPO_MAXIMO
33.429156935,171.093667420441,180.081,0.0293,0.043,-1.0996,3.368,1.657,-0.242916498355379,-0.245878220489965,-135,135,1783,156.708984375,127.265625,-255,0,16.1756370926257,134.065771384892,Giro_Off_intento5_180deg_2000_pulsos_Mu_1.70,TIEMPO_MAXIMO
33.47730379,170.520667420441,179.508,0.2258,-0.0044,-1.2598,3.368,1.652,-0.242916498355379,-0.245137789956319,-135,135,1783,156.708984375,127.265625,-255,0,17.2070952035063,134.96269148131,Giro_Off_intento5_180deg_2000_pulsos_Mu_1.70,TIEMPO_MAXIMO
33.540976578,169.973667420441,178.961,0.0417,-0.1365,-1.1196,3.372,1.652,-0.252495816261779,-0.246977296532684,-135,135,1783,156.708984375,127.265625,-255,0,18.1901465438412,135.817518733775,Giro_Off_intento5_180deg_2000_pulsos_Mu_1.70,TIEMPO_MAXIMO
33.605365651,169.475667420441,178.463,-0.0503,-0.1812,-0.8423,3.377,1.652,-0.264469963644778,-0.251350463310707,-136,136,1783,156.708984375,127.265625,-255,0,19.0836971420071,136.594519253919,Giro_Off_intento5_180deg_2000_pulsos_Mu_1.70,TIEMPO_MAXIMO
33.653115066,169.444667420441,178.432,-0.0029,-0.0205,-0.896,3.368,1.657,-0.242916498355379,-0.249241972071875,-137,137,1783,156.708984375,127.265625,-255,0,19.1392728014122,136.642845914271,Giro_Off_intento5_180deg_2000_pulsos_Mu_1.70,TIEMPO_MAXIMO
33.70090688,169.827667420441,178.815,-0.1118,-0.2778,-0.9788,3.368,1.652,-0.242916498355379,-0.247660603642751,-135,135,1782,156.62109375,127.265625,-255,0,18.4522565755068,136.045440500441,Giro_Off_intento5_180deg_2000_pulsos_Mu_1.70,TIEMPO_MAXIMO
33.765013737,170.118667420441,179.106,-0.0413,0.0134,-0.8787,3.377,1.657,-0.264469963644778,-0.251862943643258,-136,136,1782,156.62109375,127.265625,-255,0,17.9297148805847,135.5910564179,Giro_Off_intento5_180deg_2000_pulsos_Mu_1.70,TIEMPO_MAXIMO
33.813025058,170.040667420441,179.028,-0.0205,-0.0115,-0.8882,3.368,1.657,-0.242916498355379,-0.249626332321288,-136,136,1782,156.62109375,127.265625,-255,0,18.0698235323214,135.712890028106,Giro_Off_intento5_180deg_2000_pulsos_Mu_1.70,TIEMPO_MAXIMO
33.87700773,170.327667420441,179.315,-0.1992,-0.0918,-0.6616,3.377,1.652,-0.264469963644778,-0.253337240152161,-135,135,1782,156.62109375,127.265625,-255,0,17.5541324566589,135.26446300579,Giro_Off_intento5_180deg_2000_pulsos_Mu_1.70,TIEMPO_MAXIMO
33.929288755,171.073667420441,180.061,0.0068,0.0195,-0.812,3.372,1.657,-0.252495816261779,-0.253126884179565,-134,134,1782,156.62109375,127.265625,-255,0,16.2116669689775,134.097101712154,Giro_Off_intento5_180deg_2000_pulsos_Mu_1.70,TIEMPO_MAXIMO
34.052935499,171.363667420441,180.351,-0.0823,-0.1548,-1.1726,3.368,1.652,-0.242916498355379,-0.250574287723519,-133,133,1782,156.62109375,127.265625,-255,0,15.6890426456461,133.642645778823,Giro_Off_intento5_180deg_2000_pulsos_Mu_1.70,TIEMPO_MAXIMO
34.11696238,171.547667420441,180.535,0.0808,0.0178,-0.8452,3.372,1.652,-0.252495816261779,-0.251054669858084,-134,134,1782,156.62109375,127.265625,-255,0,15.3572372679923,133.354119363472,Giro_Off_intento5_180deg_2000_pulsos_Mu_1.70,TIEMPO_MAXIMO
34.164921231,171.169667420441,180.157,-0.0059,-0.1965,-0.8892,3.363,1.652,-0.23094235097238,-0.246026590136658,-133,133,1781,156.533203125,127.265625,-255,0,16.0387056247754,133.946700543283,Giro_Off_intento5_180deg_2000_pulsos_Mu_1.70,TIEMPO_MAXIMO
34.212990857,170.861667420441,179.849,0.1353,-0.0715,-0.8213,3.372,1.657,-0.252495816261779,-0.247643896667938,-134,134,1782,156.62109375,127.265625,-255,0,16.5934613507064,134.429096826701,Giro_Off_intento5_180deg_2000_pulsos_Mu_1.70,TIEMPO_MAXIMO
34.260997193,170.941667420441,179.929,-0.0037,-0.0728,-0.8647,3.368,1.652,-0.242916498355379,-0.246462047089798,-134,134,1782,156.62109375,127.265625,-255,0,16.449414405807,134.303838613745,Giro_Off_intento5_180deg_2000_pulsos_Mu_1.70,TIEMPO_MAXIMO
34.308929926,170.678667420441,179.666,0.1313,-0.0359,-0.9583,3.368,1.657,-0.242916498355379,-0.245575659906194,-134,134,1782,156.62109375,127.265625,-255,0,16.9228466463195,134.715518822887,Giro_Off_intento5_180deg_2000_pulsos_Mu_1.70,TIEMPO_MAXIMO
34.357083382,170.355667420441,179.343,0.0034,-0.1621,-0.7981,3.363,1.647,-0.23094235097238,-0.24191733267274,-135,135,1781,156.533203125,127.265625,-255,0,17.5037973421992,135.220693341043,Giro_Off_intento5_180deg_2000_pulsos_Mu_1.70,TIEMPO_MAXIMO
34.405036836,170.920667420441,179.908,0.0103,-0.1794,-0.8215,3.368,1.657,-0.242916498355379,-0.2421671240934,-135,135,1782,156.62109375,127.265625,-255,0,16.4872298444604,134.336721603879,Giro_Off_intento5_180deg_2000_pulsos_Mu_1.70,TIEMPO_MAXIMO
34.468923985,171.190667420441,180.178,-0.0339,-0.3025,-0.9226,3.372,1.652,-0.252495816261779,-0.244749297135495,-126,126,1782,156.62109375,127.265625,-255,0,16.0008643118299,133.913795053765,Giro_Off_intento5_180deg_2000_pulsos_Mu_1.70,TIEMPO_MAXIMO
34.516976521,171.593667420441,180.581,-0.0247,-0.0549,-0.9148,3.368,1.652,-0.242916498355379,-0.244291097440466,-8,8,1791,157.412109375,127.265625,-255,0,15.2742610428404,133.281966124209,Giro_Off_intento5_180deg_2000_pulsos_Mu_1.70,TIEMPO_MAXIMO
34.564984668,171.694667420441,180.682,-0.0374,-0.0776,-0.9797,3.368,1.652,-0.242916498355379,-0.243947447669194,0,0,0,0,127.265625,-255,0,15.0920396483909,133.123512737731,Giro_Off_intento5_180deg_2000_pulsos_Mu_1.70,TIEMPO_MAXIMO
34.678484963,172.044667420441,181.032,0.0486,-0.075,-0.8767,3.368,1.652,-0.242916498355379,-0.24368971034074,0,0,0,0,127.265625,-255,0,14.4602201303816,132.574104461201,Giro_Off_intento5_180deg_2000_pulsos_Mu_1.70,TIEMPO_MAXIMO
34.795730232,171.205667420441,180.193,0.0588,-0.0601,-0.8835,3.368,1.652,-0.242916498355379,-0.2434964073444,0,0,0,0,127.265625,-255,0,15.9738334862683,133.890289988059,Giro_Off_intento5_180deg_2000_pulsos_Mu_1.70,TIEMPO_MAXIMO
34.916669386,169.057667420441,178.045,0.0469,-0.1174,-0.8821,3.368,1.657,-0.242916498355379,-0.243351430097145,0,0,0,0,127.265625,-255,0,19.8325953622117,137.245735097575,Giro_Off_intento5_180deg_2000_pulsos_Mu_1.70,TIEMPO_MAXIMO
35.036900182,168.280667420441,177.268,-0.0203,-0.1565,-0.8755,3.368,1.652,-0.242916498355379,-0.243242697161703,0,0,0,0,127.265625,-255,0,21.2218510625243,138.45378353263,Giro_Off_intento5_180deg_2000_pulsos_Mu_1.70,TIEMPO_MAXIMO
35.157669889,167.344667420441,176.332,-0.0105,-0.1931,-0.877,3.368,1.652,-0.242916498355379,-0.243161147460122,0,0,0,0,127.265625,-255,0,22.8901890757766,139.904512239806,Giro_Off_intento5_180deg_2000_pulsos_Mu_1.70,TIEMPO_MAXIMO
35.277960793,167.654667420441,176.642,-0.0193,-0.2266,-0.8613,3.368,1.657,-0.242916498355379,-0.243099985183936,0,0,0,0,127.265625,-255,0,22.3382959322741,139.424605158499,Giro_Off_intento5_180deg_2000_pulsos_Mu_1.70,TIEMPO_MAXIMO
35.39864989,168.787667420441,177.775,-0.0632,-0.2295,-0.886,3.368,1.657,-0.242916498355379,-0.243054113476797,0,0,0,0,127.265625,-255,0,20.3157748269541,137.665891153873,Giro_Off_intento5_180deg_2000_pulsos_Mu_1.70,TIEMPO_MAXIMO
35.519227374,168.549667420441,177.537,-0.0327,-0.3047,-0.9395,3.368,1.652,-0.242916498355379,-0.243019709696443,0,0,0,0,127.265625,-255,0,20.7413148197699,138.035925930235,Giro_Off_intento5_180deg_2000_pulsos_Mu_1.70,TIEMPO_MAXIMO
35.649501198,172.757667420441,177.745,-0.072,-0.1423,-0.875,3.368,1.652,-0.242916498355379,-0.242993906861177,0,0,0,0,127.265625,-255,0,10.3694337819244,137.712551114717,Giro_Off_intento5_180deg_2000_pulsos_Mu_1.70,TIEMPO_MAXIMO
35.769708649,175.138667420441,180.126,-0.0774,-0.2449,-0.8745,3.368,1.652,-0.242916498355379,-0.242974554734727,0,0,0,0,127.265625,-255,0,6.0945626712282,133.995271888024,Giro_Off_intento5_180deg_2000_pulsos_Mu_1.70,TIEMPO_MAXIMO
35.90037728,176.574667420441,181.562,-0.0232,-0.0479,-0.8469,3.368,1.652,-0.242916498355379,-0.24296004063989,0,0,0,0,127.265625,-255,0,3.502445355842,131.741256831167,Giro_Off_intento5_180deg_2000_pulsos_Mu_1.70,TIEMPO_MAXIMO
36.030659728,178.792667420441,183.78,0.0159,-0.0698,-0.9043,3.368,1.652,-0.242916498355379,-0.242949155068762,0,0,0,0,127.265625,-255,0,-0.51734073979864,128.245790661045,Giro_Off_intento5_180deg_2000_pulsos_Mu_1.70,TIEMPO_MAXIMO
36.161793267,179.512667420441,184.5,0.0498,-0.0496,-0.894,3.368,1.652,-0.242916498355379,-0.242940990890417,0,0,0,0,127.265625,-255,0,-1.82557775738942,127.108193254444,Giro_Off_intento5_180deg_2000_pulsos_Mu_1.70,TIEMPO_MAXIMO
36.281624762,180.728667420441,185.716,0.137,-0.0024,-0.9119,3.368,1.652,-0.242916498355379,-0.242934867756657,0,0,0,0,127.265625,-255,0,-4.03786790200814,125.184462693906,Giro_Off_intento5_180deg_2000_pulsos_Mu_1.70,TIEMPO_MAXIMO
36.41198789,179.961667420441,184.949,0.1711,0.0364,-0.926,3.368,1.652,-0.242916498355379,-0.242930275406338,0,0,0,0,127.265625,-255,0,-2.64207551482955,126.398195204496,Giro_Off_intento5_180deg_2000_pulsos_Mu_1.70,TIEMPO_MAXIMO
36.533429184,176.636667420441,181.624,0.2322,0.0447,-0.8867,3.368,1.657,-0.242916498355379,-0.242926831143598,0,0,0,0,127.265625,-255,0,3.3903267187357,131.643762364118,Giro_Off_intento5_180deg_2000_pulsos_Mu_1.70,TIEMPO_MAXIMO
36.653825857,173.774667420441,178.762,0.2244,0.0474,-0.8945,3.368,1.652,-0.242916498355379,-0.242924247946543,0,0,0,0,127.265625,-255,0,8.5473765552392,136.128153526295,Giro_Off_intento5_180deg_2000_pulsos_Mu_1.70,TIEMPO_MAXIMO
36.773479195,171.790667420441,191.778,0.2473,0.0576,-0.8923,3.368,1.652,-0.242916498355379,-0.242922310548752,0,0,0,0,127.265625,-255,0,12.0959677442501,139.213884995,Giro_Off_intento5_180deg_2000_pulsos_Mu_1.70,TIEMPO_MAXIMO
36.894100113,171.621667420441,187.609,0.2595,0.0798,-0.8782,3.368,1.652,-0.242916498355379,-0.242920857500409,0,0,0,0,127.265625,-255,0,9.9449882029295,142.560859306895,Giro_Off_intento5_180deg_2000_pulsos_Mu_1.70,TIEMPO_MAXIMO
37.014299962,168.602667420441,184.59,0.2703,0.0759,-0.8989,3.368,1.652,-0.242916498355379,-0.242919767714152,0,0,0,0,127.265625,-255,0,15.2393093718467,147.164616845084,Giro_Off_intento5_180deg_2000_pulsos_Mu_1.70,TIEMPO_MAXIMO
37.135096284,174.734667420441,180.722,0.2334,0.0913,-0.8862,3.368,1.652,-0.242916498355379,-0.242918950374458,0,0,0,0,127.265625,-255,0,21.8937880733393,152.951120063773,Giro_Off_intento5_180deg_2000_pulsos_Mu_1.70,TIEMPO_MAXIMO
37.256088281,172.234667420441,174.222,0.1956,0.1362,-0.8806,3.363,1.652,-0.23094235097238,-0.239924800523939,0,0,0,0,127.265625,-255,0,26.1047917939196,156.612862429495,Giro_Off_intento5_180deg_2000_pulsos_Mu_1.70,TIEMPO_MAXIMO
37.375537437,171.824667420441,173.812,0.1719,0.1299,-0.9048,3.368,1.657,-0.242916498355379,-0.240672724981799,0,0,0,0,127.265625,-255,0,26.7879574476716,157.206919519714,Giro_Off_intento5_180deg_2000_pulsos_Mu_1.70,TIEMPO_MAXIMO
37.495990715,173.097667420441,175.085,0.1863,0.1631,-0.8818,3.368,1.652,-0.242916498355379,-0.241233668325194,0,0,0,0,127.265625,-255,0,24.6598084372735,155.356355162846,Giro_Off_intento5_180deg_2000_pulsos_Mu_1.70,TIEMPO_MAXIMO
37.616601154,173.562667420441,175.55,0.1987,0.2368,-0.8591,3.368,1.657,-0.242916498355379,-0.24165437583274,0,0,0,0,127.265625,-255,0,23.8773801748138,154.675982760708,Giro_Off_intento5_180deg_2000_pulsos_Mu_1.70,TIEMPO_MAXIMO
37.737810791,173.397667420441,175.385,0.2012,0.2207,-0.8757,3.368,1.652,-0.242916498355379,-0.2419699064634,0,0,0,0,127.265625,-255,0,24.1553193227482,154.917668976303,Giro_Off_intento5_180deg_2000_pulsos_Mu_1.70,TIEMPO_MAXIMO
37.858074615,173.223667420441,175.211,0.2031,0.2295,-0.8721,3.368,1.652,-0.242916498355379,-0.242206554436395,0,0,0,0,127.265625,-255,0,24.448057984069,155.172224333973,Giro_Off_intento5_180deg_2000_pulsos_Mu_1.70,TIEMPO_MAXIMO
37.978674989,173.088667420441,175.076,0.2004,0.2263,-0.8613,3.368,1.652,-0.242916498355379,-0.242384040416141,0,0,0,0,127.265625,-255,0,24.6749259574671,155.36950083258,Giro_Off_intento5_180deg_2000_pulsos_Mu_1.70,TIEMPO_MAXIMO
38.098798467,172.963667420441,174.951,0.2085,0.2288,-0.8711,3.368,1.657,-0.242916498355379,-0.24251715490095,0,0,0,0,127.265625,-255,0,20.8847875813715,155.551989201193,Giro_Off_intento5_180deg_2000_pulsos_Mu_1.70,TIEMPO_MAXIMO
38.21998531,172.877667420441,174.865,0.1997,0.228,-0.8689,3.368,1.652,-0.242916498355379,-0.242616990764558,0,0,0,0,127.265625,-255,0,21.0290594418219,155.677442992889,Giro_Off_intento5_180deg_2000_pulsos_Mu_1.70,TIEMPO_MAXIMO
38.339476726,172.797667420441,174.785,0.199,0.2205,-0.8706,3.368,1.652,-0.242916498355379,-0.242691867662263,0,0,0,0,127.265625,-255,0,21.1631828426113,155.794072037053,Giro_Off_intento5_180deg_2000_pulsos_Mu_1.70,TIEMPO_MAXIMO
38.459348589,172.739667420441,174.727,0.2083,0.2273,-0.8616,3.368,1.652,-0.242916498355379,-0.242748025335542,0,0,0,0,127.265625,-255,0,21.2603721420056,155.878584471309,Giro_Off_intento5_180deg_2000_pulsos_Mu_1.70,TIEMPO_MAXIMO
38.58135057,172.703667420441,174.691,0.198,0.2231,-0.8701,3.368,1.652,-0.242916498355379,-0.242790143590501,0,0,0,0,127.265625,-255,0,21.3206752749479,155.931021978216,Giro_Off_intento5_180deg_2000_pulsos_Mu_1.70,TIEMPO_MAXIMO
38.702085819,172.679667420441,174.667,0.2046,0.2317,-0.8564,3.368,1.652,-0.242916498355379,-0.242821732281721,0,0,0,0,127.265625,-255,0,21.3608683024074,155.965972436876,Giro_Off_intento5_180deg_2000_pulsos_Mu_1.70,TIEMPO_MAXIMO
38.821175922,172.650667420441,174.638,0.2031,0.2244,-0.876,3.368,1.657,-0.242916498355379,-0.242845423800135,0,0,0,0,127.265625,-255,0,21.4094251940846,156.008195820943,Giro_Off_intento5_180deg_2000_pulsos_Mu_1.70,TIEMPO_MAXIMO
38.941903324,172.637667420441,174.625,0.198,0.2317,-0.8696,3.368,1.657,-0.242916498355379,-0.242863192438946,0,0,0,0,127.265625,-255,0,21.4311886336723,156.027120551019,Giro_Off_intento5_180deg_2000_pulsos_Mu_1.70,TIEMPO_MAXIMO
39.062419025,172.630667420441,174.618,0.1958,0.2239,-0.873,3.368,1.652,-0.242916498355379,-0.242876518918054,0,0,0,0,127.265625,-255,0,21.44290652546,156.037310022139,Giro_Off_intento5_180deg_2000_pulsos_Mu_1.70,TIEMPO_MAXIMO
39.182963022,172.615667420441,174.603,0.2002,0.2271,-0.8574,3.368,1.657,-0.242916498355379,-0.242886513777386,0,0,0,0,127.265625,-255,0,21.468014210354,156.059142791612,Giro_Off_intento5_180deg_2000_pulsos_Mu_1.70,TIEMPO_MAXIMO
39.303740002,172.596667420441,174.584,0.1973,0.2356,-0.8687,3.363,1.652,-0.23094235097238,-0.239900473076134,0,0,0,0,127.265625,-255,0,21.4998131975698,156.086794084843,Giro_Off_intento5_180deg_2000_pulsos_Mu_1.70,TIEMPO_MAXIMO
39.424277896,172.589667420441,174.577,0.1965,0.2185,-0.8652,3.368,1.652,-0.242916498355379,-0.240654479395945,0,0,0,0,127.265625,-255,0,21.5115274637155,156.096980403231,Giro_Off_intento5_180deg_2000_pulsos_Mu_1.70,TIEMPO_MAXIMO
39.544123796,172.578667420441,174.566,0.2019,0.2283,-0.8643,3.368,1.652,-0.242916498355379,-0.241219984135804,0,0,0,0,127.265625,-255,0,21.5299343442946,156.112986386343,Giro_Off_intento5_180deg_2000_pulsos_Mu_1.70,TIEMPO_MAXIMO
39.665208354,172.568667420441,174.556,0.1965,0.2258,-0.8682,3.363,1.652,-0.23094235097238,-0.238650575844948,0,0,0,0,127.265625,-255,0,21.5466665437838,156.127536125029,Giro_Off_intento5_180deg_2000_pulsos_Mu_1.70,TIEMPO_MAXIMO
39.785334189,172.550667420441,174.538,0.2041,0.2263,-0.8677,3.368,1.652,-0.242916498355379,-0.239717056472556,0,0,0,0,127.265625,-255,0,21.5767813132506,156.153722881087,Giro_Off_intento5_180deg_2000_pulsos_Mu_1.70,TIEMPO_MAXIMO
39.90601412,172.544667420441,174.532,0.199,0.2273,-0.8684,3.368,1.652,-0.242916498355379,-0.240516916943261,0,0,0,0,127.265625,-255,0,21.5868186580054,156.162451006961,Giro_Off_intento5_180deg_2000_pulsos_Mu_1.70,TIEMPO_MAXIMO
40.025668087,172.547667420441,174.535,0.2021,0.2268,-0.8657,3.368,1.652,-0.242916498355379,-0.241116812296291,0,0,0,0,127.265625,-255,0,21.5818000426274,156.158086993589,Giro_Off_intento5_180deg_2000_pulsos_Mu_1.70,TIEMPO_MAXIMO
40.147085352,172.564667420441,174.552,0.2046,0.2344,-0.8638,3.363,1.652,-0.23094235097238,-0.238573196965313,0,0,0,0,127.265625,-255,0,21.5533590692446,156.133355712387,Giro_Off_intento5_180deg_2000_pulsos_Mu_1.70,TIEMPO_MAXIMO
40.267140804,172.548667420441,174.536,0.2029,0.2261,-0.8662,3.368,1.652,-0.242916498355379,-0.23965902231283,0,0,0,0,127.265625,-255,0,21.580127145501,156.156632300436,Giro_Off_intento5_180deg_2000_pulsos_Mu_1.70,TIEMPO_MAXIMO
40.387742916,172.551667420441,174.539,0.1943,0.2346,-0.876,3.363,1.652,-0.23094235097238,-0.237479854477717,0,0,0,0,127.265625,-255,0,21.5751083781276,156.152268154894,Giro_Off_intento5_180deg_2000_pulsos_Mu_1.70,TIEMPO_MAXIMO
40.507218785,172.540667420441,174.528,0.2048,0.2319,-0.8672,3.368,1.652,-0.242916498355379,-0.238839015447133,0,0,0,0,127.265625,-255,0,21.5935099678208,156.168269537235,Giro_Off_intento5_180deg_2000_pulsos_Mu_1.70,TIEMPO_MAXIMO
40.628694543,172.539667420441,174.527,0.2048,0.23,-0.8643,3.368,1.652,-0.242916498355379,-0.239858386174194,0,0,0,0,127.265625,-255,0,21.5951827636006,156.169724142261,Giro_Off_intento5_180deg_2000_pulsos_Mu_1.70,TIEMPO_MAXIMO
40.74978394,172.544667420441,174.532,0.199,0.231,-0.8699,3.368,1.652,-0.242916498355379,-0.24062291421949,0,0,0,0,127.265625,-255,0,21.5868186580054,156.162451006961,Giro_Off_intento5_180deg_2000_pulsos_Mu_1.70,TIEMPO_MAXIMO
40.869889804,172.544667420441,174.532,0.2,0.2341,-0.8687,3.368,1.657,-0.242916498355379,-0.241196310253463,0,0,0,0,127.265625,-255,0,21.5868186580054,156.162451006961,Giro_Off_intento5_180deg_2000_pulsos_Mu_1.70,TIEMPO_MAXIMO
40.989426971,172.501667420441,174.489,0.2026,0.2205,-0.8652,3.363,1.652,-0.23094235097238,-0.238632820433192,0,0,0,0,127.265625,-255,0,21.6587396096502,156.224990964913,Giro_Off_intento5_180deg_2000_pulsos_Mu_1.70,TIEMPO_MAXIMO
41.109954955,172.501667420441,174.489,0.2014,0.2261,-0.8669,3.368,1.652,-0.242916498355379,-0.239703739913739,0,0,0,0,127.265625,-255,0,21.6587396096502,156.224990964913,Giro_Off_intento5_180deg_2000_pulsos_Mu_1.70,TIEMPO_MAXIMO
41.230663979,172.529667420441,174.517,0.2034,0.2275,-0.8657,3.368,1.652,-0.242916498355379,-0.240506929524149,0,0,0,0,127.265625,-255,0,21.6119100244309,156.184269586462,Giro_Off_intento5_180deg_2000_pulsos_Mu_1.70,TIEMPO_MAXIMO
41.351701754,172.548667420441,174.536,0.2009,0.2268,-0.8574,3.368,1.652,-0.242916498355379,-0.241109321731956,0,0,0,0,127.265625,-255,0,21.580127145501,156.156632300436,Giro_Off_intento5_180deg_2000_pulsos_Mu_1.70,TIEMPO_MAXIMO
41.472135935,172.516667420441,174.504,0.2078,0.2329,-0.8638,3.368,1.652,-0.242916498355379,-0.241561115887812,0,0,0,0,127.265625,-255,0,21.633653568415,156.203177016013,Giro_Off_intento5_180deg_2000_pulsos_Mu_1.70,TIEMPO_MAXIMO
41.592647859,172.529667420441,174.517,0.199,0.2324,-0.8638,3.368,1.657,-0.242916498355379,-0.241899961504704,0,0,0,0,127.265625,-255,0,21.6119100244309,156.184269586462,Giro_Off_intento5_180deg_2000_pulsos_Mu_1.70,TIEMPO_MAXIMO
41.71173402,172.497667420441,174.485,0.2017,0.2295,-0.8633,3.368,1.657,-0.242916498355379,-0.242154095717373,0,0,0,0,127.265625,-255,0,21.6654287384981,156.230807598694,Giro_Off_intento5_180deg_2000_pulsos_Mu_1.70,TIEMPO_MAXIMO
41.833352914,172.482667420441,174.47,0.2,0.2263,-0.8748,3.368,1.657,-0.242916498355379,-0.242344696376874,0,0,0,0,127.265625,-255,0,21.6905111627993,156.252618402434,Giro_Off_intento5_180deg_2000_pulsos_Mu_1.70,TIEMPO_MAXIMO
41.953558775,172.495667420441,174.483,0.2039,0.2366,-0.8601,3.368,1.652,-0.242916498355379,-0.2424876468715,0,0,0,0,127.265625,-255,0,21.6687732267719,156.233715849367,Giro_Off_intento5_180deg_2000_pulsos_Mu_1.70,TIEMPO_MAXIMO
42.07457216,172.492667420441,174.48,0.1992,0.2253,-0.8706,3.368,1.652,-0.242916498355379,-0.24259485974247,0,0,0,0,127.265625,-255,0,21.6737898639838,156.238078142595,Giro_Off_intento5_180deg_2000_pulsos_Mu_1.70,TIEMPO_MAXIMO
42.194353429,172.496667420441,174.484,0.2017,0.2297,-0.8667,3.368,1.652,-0.242916498355379,-0.242675269395697,0,0,0,0,127.265625,-255,0,21.6671009889812,156.232261729549,Giro_Off_intento5_180deg_2000_pulsos_Mu_1.70,TIEMPO_MAXIMO
42.315966892,172.508667420441,174.496,0.2061,0.2292,-0.8716,3.368,1.652,-0.242916498355379,-0.242735576635618,0,0,0,0,127.265625,-255,0,21.6470331456219,156.214811430976,Giro_Off_intento5_180deg_2000_pulsos_Mu_1.70,TIEMPO_MAXIMO
42.435038598,172.471667420441,174.459,0.2024,0.2319,-0.8582,3.368,1.652,-0.242916498355379,-0.242780807065558,0,0,0,0,127.265625,-255,0,21.7089031246665,156.268611412753,Giro_Off_intento5_180deg_2000_pulsos_Mu_1.70,TIEMPO_MAXIMO
42.555546917,172.464667420441,174.452,0.1992,0.2271,-0.8621,3.368,1.652,-0.242916498355379,-0.242814729888013,0,0,0,0,127.265625,-255,0,21.7206063000116,156.278788086967,Giro_Off_intento5_180deg_2000_pulsos_Mu_1.70,TIEMPO_MAXIMO
42.677504262,172.469667420441,174.457,0.1992,0.2283,-0.8608,3.368,1.652,-0.242916498355379,-0.242840172004855,0,0,0,0,127.265625,-255,0,21.7122469525847,156.271519089204,Giro_Off_intento5_180deg_2000_pulsos_Mu_1.70,TIEMPO_MAXIMO
42.797768212,172.474667420441,174.462,0.2056,0.2241,-0.8662,3.363,1.652,-0.23094235097238,-0.239865716746736,0,0,0,0,127.265625,-255,0,21.7038872875009,156.264249815218,Giro_Off_intento5_180deg_2000_pulsos_Mu_1.70,TIEMPO_MAXIMO
42.917708707,172.464667420441,174.452,0.2002,0.2322,-0.8645,3.368,1.657,-0.242916498355379,-0.240628412148897,0,0,0,0,127.265625,-255,0,21.7206063000116,156.278788086967,Giro_Off_intento5_180deg_2000_pulsos_Mu_1.70,TIEMPO_MAXIMO
43.038330481,172.473667420441,174.461,0.2031,0.2283,-0.8689,3.368,1.657,-0.242916498355379,-0.241200433700517,0,0,0,0,127.265625,-255,0,21.7055592459271,156.265703692111,Giro_Off_intento5_180deg_2000_pulsos_Mu_1.70,TIEMPO_MAXIMO
43.15811827,172.471667420441,174.459,0.2068,0.2283,-0.8618,3.368,1.657,-0.242916498355379,-0.241629449864233,0,0,0,0,127.265625,-255,0,21.7089031246665,156.268611412753,Giro_Off_intento5_180deg_2000_pulsos_Mu_1.70,TIEMPO_MAXIMO
43.278708153,172.475667420441,174.463,0.2063,0.2322,-0.866,3.368,1.652,-0.242916498355379,-0.241951211987019,0,0,0,0,127.265625,-255,0,21.7022153163709,156.262795927279,Giro_Off_intento5_180deg_2000_pulsos_Mu_1.70,TIEMPO_MAXIMO
43.400233995,172.453667420441,174.441,0.2041,0.231,-0.8669,3.368,1.652,-0.242916498355379,-0.242192533579109,0,0,0,0,127.265625,-255,0,21.7389957458848,156.294778909465,Giro_Off_intento5_180deg_2000_pulsos_Mu_1.70,TIEMPO_MAXIMO
43.519480798,172.455667420441,174.443,0.1982,0.2268,-0.8618,3.368,1.657,-0.242916498355379,-0.242373524773177,0,0,0,0,127.265625,-255,0,21.7356523246814,156.291871586679,Giro_Off_intento5_180deg_2000_pulsos_Mu_1.70,TIEMPO_MAXIMO
43.640984406,172.434667420441,174.422,0.2075,0.2278,-0.8689,3.368,1.652,-0.242916498355379,-0.242509268168727,0,0,0,0,127.265625,-255,0,21.7707557102128,156.32239626975,Giro_Off_intento5_180deg_2000_pulsos_Mu_1.70,TIEMPO_MAXIMO
43.760399786,172.466667420441,174.454,0.2009,0.2317,-0.8674,3.368,1.652,-0.242916498355379,-0.24261107571539,0,0,0,0,127.265625,-255,0,21.7172625991638,156.275880521012,Giro_Off_intento5_180deg_2000_pulsos_Mu_1.70,TIEMPO_MAXIMO
43.880967835,172.460667420441,174.448,0.2004,0.2295,-0.8538,3.368,1.657,-0.242916498355379,-0.242687431375387,0,0,0,0,127.265625,-255,0,21.7272935491974,156.284603086259,Giro_Off_intento5_180deg_2000_pulsos_Mu_1.70,TIEMPO_MAXIMO
44.001429862,172.467667420441,174.455,0.2021,0.2327,-0.8657,3.368,1.652,-0.242916498355379,-0.242744698120385,0,0,0,0,127.265625,-255,0,21.7155907296779,156.274426721459,Giro_Off_intento5_180deg_2000_pulsos_Mu_1.70,TIEMPO_MAXIMO
44.121990924,172.454667420441,174.442,0.198,0.2358,-0.8701,3.368,1.652,-0.242916498355379,-0.242787648179134,0,0,0,0,127.265625,-255,0,21.73732404164,156.2933252536,Giro_Off_intento5_180deg_2000_pulsos_Mu_1.70,TIEMPO_MAXIMO
44.243022821,172.470667420441,174.458,0.2014,0.2283,-0.8774,3.368,1.657,-0.242916498355379,-0.242819860723195,0,0,0,0,127.265625,-255,0,21.7105750449785,156.270065256503,Giro_Off_intento5_180deg_2000_pulsos_Mu_1.70,TIEMPO_MAXIMO
44.363651548,172.463667420441,174.451,0.2039,0.228,-0.8557,3.368,1.652,-0.242916498355379,-0.242844020131241,0,0,0,0,127.265625,-255,0,21.7222781313726,156.280241853367,Giro_Off_intento5_180deg_2000_pulsos_Mu_1.70,TIEMPO_MAXIMO
44.483557075,172.460667420441,174.448,0.2017,0.2258,-0.8594,3.368,1.652,-0.242916498355379,-0.242862139687276,0,0,0,0,127.265625,-255,0,21.7272935491974,156.284603086259,Giro_Off_intento5_180deg_2000_pulsos_Mu_1.70,TIEMPO_MAXIMO
44.602264243,172.467667420441,174.455,0.1997,0.2295,-0.874,3.368,1.657,-0.242916498355379,-0.242875729354301,0,0,0,0,127.265625,-255,0,21.7155907296779,156.274426721459,Giro_Off_intento5_180deg_2000_pulsos_Mu_1.70,TIEMPO_MAXIMO
44.72516716,172.501667420441,174.489,0.1985,0.2271,-0.8638,3.368,1.652,-0.242916498355379,-0.242885921604571,0,0,0,0,127.265625,-255,0,21.6587396096502,156.224990964913,Giro_Off_intento5_180deg_2000_pulsos_Mu_1.70,TIEMPO_MAXIMO
44.84505336,172.487667420441,174.475,0.2031,0.2319,-0.8657,3.368,1.652,-0.242916498355379,-0.242893565792273,0,0,0,0,127.265625,-255,0,21.6821506721054,156.245348410526,Giro_Off_intento5_180deg_2000_pulsos_Mu_1.70,TIEMPO_MAXIMO
44.965678184,172.501667420441,174.489,0.1992,0.2268,-0.8726,3.368,1.652,-0.242916498355379,-0.242899298933049,0,0,0,0,127.265625,-255,0,21.6587396096502,156.224990964913,Giro_Off_intento5_180deg_2000_pulsos_Mu_1.70,TIEMPO_MAXIMO
45.08542485,172.489667420441,174.477,0.1968,0.228,-0.8591,3.368,1.652,-0.242916498355379,-0.242903598788632,0,0,0,0,127.265625,-255,0,21.6788063869445,156.242440336473,Giro_Off_intento5_180deg_2000_pulsos_Mu_1.70,TIEMPO_MAXIMO
45.20560242,172.508667420441,174.496,0.2039,0.2273,-0.8696,3.368,1.652,-0.242916498355379,-0.242906823680319,0,0,0,0,127.265625,-255,0,21.6470331456219,156.214811430976,Giro_Off_intento5_180deg_2000_pulsos_Mu_1.70,TIEMPO_MAXIMO
45.32696471,172.496667420441,174.484,0.2024,0.2285,-0.8679,3.368,1.657,-0.242916498355379,-0.242909242349084,0,0,0,0,127.265625,-255,0,21.6671009889812,156.232261729549,Giro_Off_intento5_180deg_2000_pulsos_Mu_1.70,TIEMPO_MAXIMO
45.447664417,172.482667420441,174.47,0.1985,0.2319,-0.8638,3.368,1.652,-0.242916498355379,-0.242911056350658,0,0,0,0,127.265625,-255,0,21.6905111627993,156.252618402434,Giro_Off_intento5_180deg_2000_pulsos_Mu_1.70,TIEMPO_MAXIMO
45.567397874,172.378667420441,174.366,0.219,0.2307,-0.8679,3.368,1.652,-0.242916498355379,-0.242912416851838,0,0,0,0,127.265625,-255,0,21.8643372923321,156.40377155855,Giro_Off_intento5_180deg_2000_pulsos_Mu_1.70,TIEMPO_MAXIMO
45.688071518,172.360667420441,174.348,0.1868,0.2261,-0.8655,3.368,1.652,-0.242916498355379,-0.242913437227723,0,0,0,0,127.265625,-255,0,21.8944085976428,156.429920519689,Giro_Off_intento5_180deg_2000_pulsos_Mu_1.70,TIEMPO_MAXIMO
45.808528804,172.361667420441,174.349,0.1995,0.2314,-0.8677,3.368,1.652,-0.242916498355379,-0.242914202509637,0,0,0,0,127.265625,-255,0,21.8927380780177,156.428467893928,Giro_Off_intento5_180deg_2000_pulsos_Mu_1.70,TIEMPO_MAXIMO
45.929146724,172.433667420441,174.421,0.2061,0.23,-0.8618,3.363,1.652,-0.23094235097238,-0.239921239625323,0,0,0,0,127.265625,-255,0,21.7724271600723,156.323849704411,Giro_Off_intento5_180deg_2000_pulsos_Mu_1.70,TIEMPO_MAXIMO
46.050323177,172.478667420441,174.466,0.1995,0.2302,-0.8584,3.368,1.652,-0.242916498355379,-0.240670054307837,0,0,0,0,127.265625,-255,0,21.6971993267636,156.258434197186,Giro_Off_intento5_180deg_2000_pulsos_Mu_1.70,TIEMPO_MAXIMO
46.169782974,172.481667420441,174.469,0.2024,0.2205,-0.8606,3.363,1.652,-0.23094235097238,-0.238238128473973,0,0,0,0,127.265625,-255,0,21.6921832228411,156.254072367688,Giro_Off_intento5_180deg_2000_pulsos_Mu_1.70,TIEMPO_MAXIMO
46.290527243,172.486667420441,174.474,0.2024,0.2266,-0.8696,3.368,1.652,-0.242916498355379,-0.239407720944324,0,0,0,0,127.265625,-255,0,21.6838227956404,156.246802430992,Giro_Off_intento5_180deg_2000_pulsos_Mu_1.70,TIEMPO_MAXIMO
46.410761314,172.517667420441,174.505,0.2043,0.2261,-0.8623,3.368,1.652,-0.242916498355379,-0.240284915297088,0,0,0,0,127.265625,-255,0,21.6319810641883,156.201722664512,Giro_Off_intento5_180deg_2000_pulsos_Mu_1.70,TIEMPO_MAXIMO
46.530789733,172.491667420441,174.479,0.2,0.2212,-0.8569,3.368,1.652,-0.242916498355379,-0.240942811061661,0,0,0,0,127.265625,-255,0,21.6754620509992,156.23953221826,Giro_Off_intento5_180deg_2000_pulsos_Mu_1.70,TIEMPO_MAXIMO
46.651317932,172.478667420441,174.466,0.2019,0.217,-0.8708,3.372,1.657,-0.252495816261779,-0.24383106236169,0,0,0,0,127.265625,-255,0,21.6971993267636,156.258434197186,Giro_Off_intento5_180deg_2000_pulsos_Mu_1.70,TIEMPO_MAXIMO
46.773093426,172.510667420441,174.498,0.2004,0.2266,-0.8481,3.368,1.652,-0.242916498355379,-0.243602421360113,0,0,0,0,127.265625,-255,0,21.6436883274285,156.211902893416,Giro_Off_intento5_180deg_2000_pulsos_Mu_1.70,TIEMPO_MAXIMO
46.893862604,172.555667420441,174.543,0.2068,0.2297,-0.8757,3.368,1.657,-0.242916498355379,-0.243430940608929,0,0,0,0,127.265625,-255,0,21.5684165109957,156.146449139996,Giro_Off_intento5_180deg_2000_pulsos_Mu_1.70,TIEMPO_MAXIMO
47.014282671,172.374667420441,174.362,0.196,0.2085,-0.8682,3.377,1.657,-0.264469963644778,-0.248690696367891,0,0,0,0,127.265625,-255,0,21.8710201618009,156.409582749392,Giro_Off_intento5_180deg_2000_pulsos_Mu_1.70,TIEMPO_MAXIMO
47.133657228,172.289667420441,174.277,0.1892,0.1877,-0.8806,3.377,1.657,-0.264469963644778,-0.252635513187113,0,0,0,0,127.265625,-255,0,22.0129828416114,156.533028557923,Giro_Off_intento5_180deg_2000_pulsos_Mu_1.70,TIEMPO_MAXIMO
47.254443353,172.291667420441,174.279,0.189,0.1819,-0.8708,3.377,1.657,-0.264469963644778,-0.25559412580153,0,0,0,0,127.265625,-255,0,22.0096436042631,156.530124873272,Giro_Off_intento5_180deg_2000_pulsos_Mu_1.70,TIEMPO_MAXIMO
47.373946122,172.439667420441,174.427,0.1946,0.1841,-0.885,3.377,1.652,-0.264469963644778,-0.257813085262342,0,0,0,0,127.265625,-255,0,21.7623982700643,156.315128930491,Giro_Off_intento5_180deg_2000_pulsos_Mu_1.70,TIEMPO_MAXIMO
47.495828468,172.577667420441,174.565,0.1868,0.175,-0.8845,3.377,1.657,-0.264469963644778,-0.259477304857951,0,0,0,0,127.265625,-255,0,21.5316076211803,156.114441409722,Giro_Off_intento5_180deg_2000_pulsos_Mu_1.70,TIEMPO_MAXIMO
47.615330193,172.660667420441,174.648,0.1851,0.168,-0.8826,3.372,1.652,-0.252495816261779,-0.257731932708908,0,0,0,0,127.265625,-255,0,21.3926826360371,155.993637074815,Giro_Off_intento5_180deg_2000_pulsos_Mu_1.70,TIEMPO_MAXIMO
47.736354672,172.416667420441,174.404,0.1799,0.1411,-0.8945,3.372,1.652,-0.252495816261779,-0.256422903597126,0,0,0,0,127.265625,-255,0,21.8008398604024,156.34855640035,Giro_Off_intento5_180deg_2000_pulsos_Mu_1.70,TIEMPO_MAXIMO
47.856316446,172.235667420441,174.223,0.1677,0.1121,-0.905,3.377,1.652,-0.264469963644778,-0.258434668609039,0,0,0,0,127.265625,-255,0,22.103122886283,156.611411205463,Giro_Off_intento5_180deg_2000_pulsos_Mu_1.70,TIEMPO_MAXIMO
47.977284573,172.468667420441,174.456,0.1575,0.0808,-0.9028,3.372,1.652,-0.252495816261779,-0.256949955522224,0,0,0,0,127.265625,-255,0,21.7139188474847,156.272972910856,Giro_Off_intento5_180deg_2000_pulsos_Mu_1.70,TIEMPO_MAXIMO
48.097906506,172.727667420441,174.715,0.137,0.0615,-0.907,3.372,1.657,-0.252495816261779,-0.255836420707113,0,0,0,0,127.265625,-255,0,21.2804749973778,155.896065215111,Giro_Off_intento5_180deg_2000_pulsos_Mu_1.70,TIEMPO_MAXIMO
48.217531709,173.261667420441,175.249,0.1299,0.032,-0.8975,3.372,1.652,-0.252495816261779,-0.255001269595779,0,0,0,0,127.265625,-255,0,20.3841582966698,155.116659388409,Giro_Off_intento5_180deg_2000_pulsos_Mu_1.70,TIEMPO_MAXIMO
48.338421945,173.935667420441,175.923,0.1272,0.0151,-0.9043,3.377,1.657,-0.264469963644778,-0.257368443108029,0,0,0,0,127.265625,-255,0,19.2478539993894,154.128568695121,Giro_Off_intento5_180deg_2000_pulsos_Mu_1.70,TIEMPO_MAXIMO
48.459833091,174.511667420441,176.499,0.1245,-0.0137,-0.8989,3.377,1.652,-0.264469963644778,-0.259143823242216,0,0,0,0,127.265625,-255,0,18.2724590020148,153.280399132187,Giro_Off_intento5_180deg_2000_pulsos_Mu_1.70,TIEMPO_MAXIMO
48.579104704,175.133667420441,177.121,0.1228,-0.0349,-0.9133,3.372,1.652,-0.252495816261779,-0.257481821497107,0,0,0,0,127.265625,-255,0,17.2148271840268,152.360719290458,Giro_Off_intento5_180deg_2000_pulsos_Mu_1.70,TIEMPO_MAXIMO
48.698549258,175.704667420441,177.692,0.1233,-0.0518,-0.9055,3.372,1.652,-0.252495816261779,-0.256235320188275,0,0,0,0,127.265625,-255,0,16.2400502477697,151.513087171974,Giro_Off_intento5_180deg_2000_pulsos_Mu_1.70,TIEMPO_MAXIMO
48.830439515,176.464667420441,178.452,0.125,-0.0796,-0.9045,3.382,1.652,-0.276444111027779,-0.261287517898151,0,0,0,0,127.265625,-255,0,14.9370570373495,150.380049597695,Giro_Off_intento5_180deg_2000_pulsos_Mu_1.70,TIEMPO_MAXIMO
48.960767485,177.002667420441,178.99,0.1318,-0.0708,-0.9058,3.382,1.652,-0.276444111027779,-0.265076666180558,0,0,0,0,127.265625,-255,0,14.0109455843842,149.574735290769,Giro_Off_intento5_180deg_2000_pulsos_Mu_1.70,TIEMPO_MAXIMO
49.081375637,177.369667420441,179.357,0.1479,-0.0798,-0.9021,3.382,1.657,-0.276444111027779,-0.267918527392363,0,0,0,0,127.265625,-255,0,13.377467500857,149.023884783354,Giro_Off_intento5_180deg_2000_pulsos_Mu_1.70,TIEMPO_MAXIMO
49.210716577,177.874667420441,179.862,0.1309,-0.0884,-0.8926,3.382,1.652,-0.276444111027779,-0.270049923301217,0,0,0,0,127.265625,-255,0,12.5035545430672,148.263960472232,Giro_Off_intento5_180deg_2000_pulsos_Mu_1.70,TIEMPO_MAXIMO
49.332653468,177.598667420441,179.586,0.1765,-0.0884,-0.9021,3.382,1.652,-0.276444111027779,-0.271648470232858,0,0,0,0,127.265625,-255,0,12.9814954941466,148.679561299258,Giro_Off_intento5_180deg_2000_pulsos_Mu_1.70,TIEMPO_MAXIMO
49.453498027,177.175667420441,179.163,0.1775,-0.092,-0.9077,3.382,1.652,-0.276444111027779,-0.272847380431588,0,0,0,0,127.265625,-255,0,13.7125028441377,149.315219864468,Giro_Off_intento5_180deg_2000_pulsos_Mu_1.70,TIEMPO_MAXIMO
49.572794298,176.806667420441,178.794,0.188,-0.095,-0.8979,3.382,1.657,-0.276444111027779,-0.273746563080636,0,0,0,0,127.265625,-255,0,14.3486908877476,149.868426858911,Giro_Off_intento5_180deg_2000_pulsos_Mu_1.70,TIEMPO_MAXIMO
49.693233668,176.362667420441,178.35,0.1838,-0.0935,-0.8916,3.382,1.652,-0.276444111027779,-0.274420950067422,0,0,0,0,127.265625,-255,0,15.1122946224906,150.532430106514,Giro_Off_intento5_180deg_2000_pulsos_Mu_1.70,TIEMPO_MAXIMO
49.81398736,175.870667420441,177.858,0.1748,-0.093,-0.8914,3.382,1.652,-0.276444111027779,-0.274926740307511,0,0,0,0,127.265625,-255,0,15.9559854227953,151.266074280692,Giro_Off_intento5_180deg_2000_pulsos_Mu_1.70,TIEMPO_MAXIMO
49.934416332,175.588667420441,177.576,0.1875,-0.1045,-0.895,3.382,1.652,-0.276444111027779,-0.275306082987578,0,0,0,0,127.265625,-255,0,16.4383729609787,151.685541705199,Giro_Off_intento5_180deg_2000_pulsos_Mu_1.70,TIEMPO_MAXIMO
50.055084592,175.434667420441,177.422,0.1973,-0.1104,-0.9014,3.382,1.657,-0.276444111027779,-0.275590589997628,0,0,0,0,127.265625,-255,0,16.7014325584911,151.914289181297,Giro_Off_intento5_180deg_2000_pulsos_Mu_1.70,TIEMPO_MAXIMO
50.175423971,175.307667420441,177.295,0.2048,-0.1118,-0.8938,3.382,1.652,-0.276444111027779,-0.275803970255166,0,0,0,0,127.265625,-255,0,16.918171912633,152.102758184898,Giro_Off_intento5_180deg_2000_pulsos_Mu_1.70,TIEMPO_MAXIMO
50.296084662,175.338667420441,177.326,0.2187,-0.1099,-0.8896,3.382,1.657,-0.276444111027779,-0.275964005448319,0,0,0,0,127.265625,-255,0,16.8652837241072,152.056768455745,Giro_Off_intento5_180deg_2000_pulsos_Mu_1.70,TIEMPO_MAXIMO
50.415653977,175.097667420441,177.085,0.2258,-0.1121,-0.8789,3.382,1.652,-0.276444111027779,-0.276084031843184,0,0,0,0,127.265625,-255,0,17.2761613758524,152.414053370306,Giro_Off_intento5_180deg_2000_pulsos_Mu_1.70,TIEMPO_MAXIMO
50.537095272,174.627667420441,176.615,0.2271,-0.1292,-0.8845,3.382,1.652,-0.276444111027779,-0.276174051639333,0,0,0,0,127.265625,-255,0,18.0755541858236,153.10917755289,Giro_Off_intento5_180deg_2000_pulsos_Mu_1.70,TIEMPO_MAXIMO
50.657386347,174.170667420441,176.158,0.2346,-0.1267,-0.8831,3.382,1.652,-0.276444111027779,-0.276241566486444,0,0,0,0,127.265625,-255,0,18.8503798354296,153.78293898733,Giro_Off_intento5_180deg_2000_pulsos_Mu_1.70,TIEMPO_MAXIMO
50.777366467,173.597667420441,175.585,0.2476,-0.1313,-0.8748,3.382,1.657,-0.276444111027779,-0.276292202621778,0,0,0,0,127.265625,-255,0,19.8183807923064,154.624678949832,Giro_Off_intento5_180deg_2000_pulsos_Mu_1.70,TIEMPO_MAXIMO
50.898107151,172.896667420441,174.884,0.2542,-0.1365,-0.8809,3.377,1.652,-0.264469963644778,-0.273336642877528,0,0,0,0,127.265625,-255,0,20.9971933698413,155.649733365079,Giro_Off_intento5_180deg_2000_pulsos_Mu_1.70,TIEMPO_MAXIMO
51.08859752,172.011667420441,173.999,0.2522,-0.1331,-0.8755,3.382,1.657,-0.276444111027779,-0.274113509915091,0,0,0,0,127.265625,-255,0,22.4766369191742,156.936206016673,Giro_Off_intento5_180deg_2000_pulsos_Mu_1.70,TIEMPO_MAXIMO