Tiempo_s,Phi_rel_deg,Phi_raw_deg,AX_g,AY_g,AZ_g,A0_V,A2_V,Theta0_raw,Theta0_filtrado,DXL_Corriente_mA,DXL_Corriente_abs_mA,DXL_Posicion_pulsos,DXL_Posicion_deg,DXL_Goal_Position_deg,Pulsos_Objetivo,Edad_dato_Arduino_s,Tau_calculado_Nmm,Corriente_calculada_mA,Test_ID,Motivo_detencion
0.000269586,4.22189162667941,10.387,0.4792,-0.0085,1.0325,2.683,2.278,1.32696087626722,1.32696087626722,-170,170,1889,166.025390625,127.265625,0,0,6.1520536592641,142.740916225447,Giro_Off_intento5_180deg_2000_pulsos_Mu_0.50,TIEMPO_MAXIMO
0.060174286,4.90289162667941,11.068,0.5554,0.0325,0.9949,2.678,2.297,1.33680909543189,1.32942293105839,-146,146,1889,166.025390625,127.265625,255,0,10.3608510678253,146.400740058979,Giro_Off_intento5_180deg_2000_pulsos_Mu_0.50,TIEMPO_MAXIMO
0.130421017,5.80889162667941,11.974,0.5171,-0.0154,1.0347,2.678,2.307,1.33680909543189,1.33126947215176,-149,149,1889,166.025390625,127.265625,255,0,15.9534701547847,151.263887091117,Giro_Off_intento5_180deg_2000_pulsos_Mu_0.50,TIEMPO_MAXIMO
0.183468434,6.45689162667941,12.622,0.5042,-0.02,1.0134,2.688,2.317,1.31711265710254,1.32773026838946,-152,152,1889,166.025390625,127.265625,255,0,19.9480562382426,154.737440207167,Giro_Off_intento5_180deg_2000_pulsos_Mu_0.50,TIEMPO_MAXIMO
0.231560671,7.01089162667941,13.176,0.53,-0.0254,1.0068,2.683,2.322,1.32696087626722,1.3275379203589,-156,156,1889,166.025390625,127.265625,255,0,23.3591487008577,157.703607565963,Giro_Off_intento5_180deg_2000_pulsos_Mu_0.50,TIEMPO_MAXIMO
0.279558625,7.39889162667941,13.564,0.5122,-0.0286,1.0166,2.678,2.331,1.33680909543189,1.32985571412715,-158,158,1889,166.025390625,127.265625,255,0,45.7457501090462,159.778913138301,Giro_Off_intento5_180deg_2000_pulsos_Mu_0.50,TIEMPO_MAXIMO
0.327544775,7.59989162667941,13.765,0.5696,-0.0139,0.9912,2.678,2.336,1.33680909543189,1.33159405945333,-161,161,1889,166.025390625,127.265625,255,0,46.9812900954681,160.85329573519,Giro_Off_intento5_180deg_2000_pulsos_Mu_0.50,TIEMPO_MAXIMO
0.375590848,8.07289162667941,14.238,0.5813,-0.0144,0.9797,2.678,2.341,1.33680909543189,1.33289781844797,-163,163,1889,166.025390625,127.265625,255,0,49.8864963067919,163.379562005906,Giro_Off_intento5_180deg_2000_pulsos_Mu_0.50,TIEMPO_MAXIMO
0.423595336,8.64289162667941,14.808,0.5889,-0.0205,0.9861,2.678,2.346,1.33680909543189,1.33387563769395,-164,164,1889,166.025390625,127.265625,255,0,53.3829496494651,166.419956216926,Giro_Off_intento5_180deg_2000_pulsos_Mu_0.50,TIEMPO_MAXIMO
0.471519265,9.33989162667941,15.505,0.6091,-0.0334,0.9585,2.678,2.346,1.33680909543189,1.33460900212844,-165,165,1889,166.025390625,127.265625,255,0,57.6512223047267,170.131497656284,Giro_Off_intento5_180deg_2000_pulsos_Mu_0.50,TIEMPO_MAXIMO
0.519543731,10.1638916266794,16.329,0.5874,0.0503,0.9685,2.678,2.346,1.33680909543189,1.3351590254543,-170,170,1889,166.025390625,127.265625,255,0,62.6861603918698,174.509704688582,Giro_Off_intento5_180deg_2000_pulsos_Mu_0.50,TIEMPO_MAXIMO
0.567428697,10.8178916266794,16.983,0.6099,-0.02,0.937,2.678,2.351,1.33680909543189,1.3355715429487,-176,176,1888,165.9375,127.265625,255,0,66.6731591540714,177.976660133975,Giro_Off_intento5_180deg_2000_pulsos_Mu_0.50,TIEMPO_MAXIMO
0.615428664,11.6308916266794,17.796,0.6345,-0.0237,0.9426,2.683,2.351,1.32696087626722,1.33341887627833,-190,190,1888,165.9375,127.265625,255,0,71.617304212391,182.275916706427,Giro_Off_intento5_180deg_2000_pulsos_Mu_0.50,TIEMPO_MAXIMO
0.663479371,12.6978916266794,18.863,0.6306,-0.0234,0.9204,2.683,2.356,1.32696087626722,1.33180437627555,-183,183,1886,165.76171875,127.265625,255,0,78.0840770614578,187.899197444746,Giro_Off_intento5_180deg_2000_pulsos_Mu_0.50,TIEMPO_MAXIMO
0.711551322,13.5488916266794,19.714,0.6279,-0.0273,0.9431,2.683,2.351,1.32696087626722,1.33059350127347,-188,188,1886,165.76171875,127.265625,255,0,83.2224344538849,192.367334307726,Giro_Off_intento5_180deg_2000_pulsos_Mu_0.50,TIEMPO_MAXIMO
0.759597555,14.1398916266794,20.305,0.6565,-0.0325,0.9329,2.683,2.351,1.32696087626722,1.32968534502191,-194,194,1886,165.76171875,127.265625,255,0,86.7801715407927,195.461018731124,Giro_Off_intento5_180deg_2000_pulsos_Mu_0.50,TIEMPO_MAXIMO
0.807480297,14.9758916266794,21.141,0.6602,-0.0227,0.9097,2.678,2.351,1.33680909543189,1.3314662826244,-198,198,1885,165.673828125,127.265625,255,0,91.7969173063302,199.823406353331,Giro_Off_intento5_180deg_2000_pulsos_Mu_0.50,TIEMPO_MAXIMO
0.855516857,15.8018916266794,21.967,0.6572,-0.0269,0.9111,2.678,2.346,1.33680909543189,1.33280198582627,-203,203,1885,165.673828125,127.265625,255,0,96.7344647322279,204.116925854111,Giro_Off_intento5_180deg_2000_pulsos_Mu_0.50,TIEMPO_MAXIMO
0.903686043,16.6098916266794,22.775,0.6714,-0.0374,0.9036,2.688,2.356,1.31711265710254,1.32887965364534,-204,204,1885,165.673828125,127.265625,255,0,101.54496957019,208.299973539296,Giro_Off_intento5_180deg_2000_pulsos_Mu_0.50,TIEMPO_MAXIMO
0.951403921,17.4308916266794,23.596,0.6772,-0.0183,0.9038,2.683,2.351,1.32696087626722,1.32839995930081,-210,210,1884,165.5859375,127.265625,255,0,106.412181635804,212.532331857221,Giro_Off_intento5_180deg_2000_pulsos_Mu_0.50,TIEMPO_MAXIMO
0.999605582,18.1048916266794,24.27,0.6663,-0.0315,0.9194,2.683,2.361,1.32696087626722,1.32804018854241,-215,215,1884,165.5859375,127.265625,255,0,110.391633233144,215.99272455056,Giro_Off_intento5_180deg_2000_pulsos_Mu_0.50,TIEMPO_MAXIMO
1.047494995,18.7228916266794,24.888,0.6743,-0.0376,0.9001,2.683,2.361,1.32696087626722,1.32777036047361,-218,218,1884,165.5859375,127.265625,255,0,114.02703649748,219.153944780417,Giro_Off_intento5_180deg_2000_pulsos_Mu_0.50,TIEMPO_MAXIMO
1.095476468,19.0848916266794,25.25,0.6982,-0.042,0.8867,2.678,2.356,1.33680909543189,1.33003004421318,-220,220,1884,165.5859375,127.265625,255,0,116.150378088165,221.000328772318,Giro_Off_intento5_180deg_2000_pulsos_Mu_0.50,TIEMPO_MAXIMO
1.143540758,19.5658916266794,25.731,0.7158,-0.0352,0.8862,2.688,2.366,1.31711265710254,1.32680069743552,-220,220,1883,165.498046875,127.265625,255,0,118.96453663172,223.447423158017,Giro_Off_intento5_180deg_2000_pulsos_Mu_0.50,TIEMPO_MAXIMO
1.191424098,20.0568916266794,26.222,0.7061,-0.0374,0.8699,2.688,2.366,1.31711265710254,1.32437868735228,-225,225,1884,165.5859375,127.265625,255,0,121.828552737354,225.937871945525,Giro_Off_intento5_180deg_2000_pulsos_Mu_0.50,TIEMPO_MAXIMO
1.239440335,20.5788916266794,26.744,0.7007,-0.0378,0.8804,2.683,2.361,1.32696087626722,1.32502423458101,-228,228,1883,165.498046875,127.265625,255,0,124.863575972729,228.577022584981,Giro_Off_intento5_180deg_2000_pulsos_Mu_0.50,TIEMPO_MAXIMO
1.28755658,21.1528916266794,27.318,0.7366,-0.0493,0.8518,2.678,2.366,1.33680909543189,1.32797044979373,-230,230,1883,165.498046875,127.265625,255,0,128.188964958781,231.468665181548,Giro_Off_intento5_180deg_2000_pulsos_Mu_0.50,TIEMPO_MAXIMO
1.335417855,21.8998916266794,28.065,0.7283,-0.0476,0.8547,2.678,2.366,1.33680909543189,1.33018011120327,-233,233,1879,165.146484375,127.265625,255,0,132.497289117542,235.215034015254,Giro_Off_intento5_180deg_2000_pulsos_Mu_0.50,TIEMPO_MAXIMO
1.383382949,22.3618916266794,28.527,0.7385,-0.0481,0.8689,2.678,2.366,1.33680909543189,1.33183735726043,-238,238,1879,165.146484375,127.265625,255,0,135.150649782299,237.522304158521,Giro_Off_intento5_180deg_2000_pulsos_Mu_0.50,TIEMPO_MAXIMO
1.431532677,22.9048916266794,29.07,0.7522,-0.043,0.8464,2.678,2.361,1.33680909543189,1.33308029180329,-240,240,1879,165.146484375,127.265625,255,0,138.257963913637,240.224316446641,Giro_Off_intento5_180deg_2000_pulsos_Mu_0.50,TIEMPO_MAXIMO
1.479462365,23.6308916266794,29.796,0.7415,-0.0474,0.8289,2.678,2.361,1.33680909543189,1.33401249271044,-243,243,1879,165.146484375,127.265625,255,0,142.393045226224,243.820039327151,Giro_Off_intento5_180deg_2000_pulsos_Mu_0.50,TIEMPO_MAXIMO
1.527519212,24.3088916266794,30.474,0.7502,-0.0417,0.8311,2.678,2.366,1.33680909543189,1.33471164339081,-245,245,1879,165.146484375,127.265625,255,0,146.234101385585,247.160088161379,Giro_Off_intento5_180deg_2000_pulsos_Mu_0.50,TIEMPO_MAXIMO
1.575797642,24.8858916266794,31.051,0.7314,-0.0337,0.8284,2.683,2.361,1.32696087626722,1.33277395160991,-247,247,1879,165.146484375,127.265625,255,0,149.486857496455,249.988571736048,Giro_Off_intento5_180deg_2000_pulsos_Mu_0.50,TIEMPO_MAXIMO
1.62350299,25.1828916266794,31.348,0.75,-0.0378,0.8347,2.683,2.366,1.32696087626722,1.33132068277424,-251,251,1879,165.146484375,127.265625,255,0,151.155263783183,251.439359811463,Giro_Off_intento5_180deg_2000_pulsos_Mu_0.50,TIEMPO_MAXIMO
1.671409003,25.4568916266794,31.622,0.7617,-0.0483,0.8071,2.678,2.361,1.33680909543189,1.33269278593865,-252,252,1879,165.146484375,127.265625,255,0,152.690865996802,252.774666084176,Giro_Off_intento5_180deg_2000_pulsos_Mu_0.50,TIEMPO_MAXIMO
1.719450044,25.6218916266794,31.787,0.7583,-0.0615,0.8176,2.678,2.366,1.33680909543189,1.33372186331196,-253,253,1879,165.146484375,127.265625,255,0,153.613907644813,253.577310995489,Giro_Off_intento5_180deg_2000_pulsos_Mu_0.50,TIEMPO_MAXIMO
1.767394075,25.8338916266794,31.999,0.7939,-0.0308,0.7932,2.683,2.366,1.32696087626722,1.33203161655078,-254,254,1879,165.146484375,127.265625,255,0,154.798005282596,254.606961115301,Giro_Off_intento5_180deg_2000_pulsos_Mu_0.50,TIEMPO_MAXIMO
1.815355954,26.0658916266794,32.231,0.8303,-0.0259,0.76,2.678,2.366,1.33680909543189,1.33322598627105,-255,255,1879,165.146484375,127.265625,255,0,156.091381035766,255.731635683275,Giro_Off_intento5_180deg_2000_pulsos_Mu_0.50,TIEMPO_MAXIMO
1.863449651,26.4568916266794,32.622,0.8218,-0.0371,0.7798,2.678,2.366,1.33680909543189,1.33412176356126,-249,249,1878,165.05859375,127.265625,255,0,158.265363038381,257.622054815983,Giro_Off_intento5_180deg_2000_pulsos_Mu_0.50,TIEMPO_MAXIMO
1.91137065,27.0658916266794,33.231,0.8257,-0.0371,0.7498,2.683,2.361,1.32696087626722,1.33233154173775,-265,265,1874,164.70703125,127.265625,255,0,161.636719939441,260.553669512558,Giro_Off_intento5_180deg_2000_pulsos_Mu_0.50,TIEMPO_MAXIMO
1.959469914,27.5398916266794,33.705,0.823,-0.0251,0.741,2.683,2.361,1.32696087626722,1.33098887537012,-262,262,1874,164.70703125,127.265625,255,0,164.248113435391,262.824446465557,Giro_Off_intento5_180deg_2000_pulsos_Mu_0.50,TIEMPO_MAXIMO
2.007371362,28.1048916266794,34.27,0.856,-0.0366,0.7422,2.683,2.361,1.32696087626722,1.32998187559439,-264,264,1874,164.70703125,127.265625,255,0,167.346150088557,265.518391381354,Giro_Off_intento5_180deg_2000_pulsos_Mu_0.50,TIEMPO_MAXIMO
2.055435972,28.8268916266794,34.992,0.8423,-0.0427,0.7385,2.678,2.361,1.33680909543189,1.33168868055377,-266,266,1874,164.70703125,127.265625,255,0,171.281332794998,268.940289386955,Giro_Off_intento5_180deg_2000_pulsos_Mu_0.50,TIEMPO_MAXIMO
2.10333692,29.4568916266794,35.622,0.8538,-0.0376,0.7234,2.683,2.366,1.32696087626722,1.33050672948213,-271,271,1874,164.70703125,127.265625,255,0,174.692880941178,271.906852992329,Giro_Off_intento5_180deg_2000_pulsos_Mu_0.50,TIEMPO_MAXIMO
2.151395107,30.1898916266794,36.355,0.8525,-0.0742,0.7529,2.678,2.366,1.33680909543189,1.33208232096957,-274,274,1874,164.70703125,127.265625,255,0,178.635579506402,275.335286527306,Giro_Off_intento5_180deg_2000_pulsos_Mu_0.50,TIEMPO_MAXIMO
2.199391775,30.8488916266794,37.014,0.8535,-0.0339,0.7097,2.678,2.361,1.33680909543189,1.33326401458515,-276,276,1874,164.70703125,127.265625,255,0,182.15530336193,278.395915966895,Giro_Off_intento5_180deg_2000_pulsos_Mu_0.50,TIEMPO_MAXIMO
2.247416979,31.4028916266794,37.568,0.8733,-0.0332,0.7078,2.678,2.366,1.33680909543189,1.33415028479684,-278,278,1874,164.70703125,127.265625,255,0,185.095596774211,280.95269284714,Giro_Off_intento5_180deg_2000_pulsos_Mu_0.50,TIEMPO_MAXIMO
2.295359565,31.9618916266794,38.127,0.865,-0.0356,0.6855,2.688,2.366,1.31711265710254,1.32989087787326,-283,283,1874,164.70703125,127.265625,255,0,188.044886505066,283.517292613101,Giro_Off_intento5_180deg_2000_pulsos_Mu_0.50,TIEMPO_MAXIMO
2.343385373,32.5918916266794,38.757,0.8687,-0.0518,0.7012,2.688,2.366,1.31711265710254,1.32669632268058,-285,285,1874,164.70703125,127.265625,255,0,191.347304936071,286.388960813975,Giro_Off_intento5_180deg_2000_pulsos_Mu_0.50,TIEMPO_MAXIMO
2.391504002,33.3148916266794,39.48,0.8672,-0.0378,0.6746,2.678,2.361,1.33680909543189,1.32922451586841,-287,287,1874,164.70703125,127.265625,255,0,195.108690361457,289.659730749093,Giro_Off_intento5_180deg_2000_pulsos_Mu_0.50,TIEMPO_MAXIMO
2.439348276,34.0348916266794,40.2,0.8884,-0.061,0.6489,2.678,2.366,1.33680909543189,1.33112066075928,-290,290,1874,164.70703125,127.265625,255,0,198.823595088678,292.890082685807,Giro_Off_intento5_180deg_2000_pulsos_Mu_0.50,TIEMPO_MAXIMO
2.487369026,34.7108916266794,40.876,0.8748,-0.0422,0.6621,2.683,2.366,1.32696087626722,1.33008071463627,-293,293,1874,164.70703125,127.265625,255,0,202.282911510144,295.898183921864,Giro_Off_intento5_180deg_2000_pulsos_Mu_0.50,TIEMPO_MAXIMO
2.535503549,35.1348916266794,41.3,0.8931,-0.0447,0.6438,2.678,2.361,1.33680909543189,1.33176280983517,-298,298,1874,164.70703125,127.265625,255,0,204.438321283817,297.772453290276,Giro_Off_intento5_180deg_2000_pulsos_Mu_0.50,TIEMPO_MAXIMO
2.58335196,35.5138916266794,41.679,0.884,-0.0356,0.6475,2.683,2.361,1.32696087626722,1.33056232644318,-298,298,1874,164.70703125,127.265625,255,0,206.355500143797,299.439565342432,Giro_Off_intento5_180deg_2000_pulsos_Mu_0.50,TIEMPO_MAXIMO
2.631352532,35.8538916266794,42.019,0.9111,-0.0366,0.6179,2.688,2.366,1.31711265710254,1.32719990910802,-300,300,1874,164.70703125,127.265625,255,0,208.067715900343,300.928448608994,Giro_Off_intento5_180deg_2000_pulsos_Mu_0.50,TIEMPO_MAXIMO
2.679723573,36.3438916266794,42.509,0.9109,-0.0544,0.6133,2.683,2.366,1.32696087626722,1.32714015089782,-303,303,1873,164.619140625,127.265625,255,0,210.522416922542,303.062971236993,Giro_Off_intento5_180deg_2000_pulsos_Mu_0.50,TIEMPO_MAXIMO
2.727500901,36.8738916266794,43.039,0.9265,-0.0435,0.6028,2.683,2.366,1.32696087626722,1.32709533224017,-305,305,1873,164.619140625,127.265625,255,0,213.160162320709,305.356662887573,Giro_Off_intento5_180deg_2000_pulsos_Mu_0.50,TIEMPO_MAXIMO
2.775334876,37.7668916266794,43.932,0.9165,-0.051,0.5991,2.678,2.366,1.33680909543189,1.3295237730381,-308,308,1873,164.619140625,127.265625,255,0,217.563142954462,309.185341699532,Giro_Off_intento5_180deg_2000_pulsos_Mu_0.50,TIEMPO_MAXIMO
2.823451614,38.5628916266794,44.728,0.9243,-0.0471,0.5974,2.683,2.366,1.32696087626722,1.32888304884538,-310,310,1873,164.619140625,127.265625,255,0,221.443343037893,312.559428728603,Giro_Off_intento5_180deg_2000_pulsos_Mu_0.50,TIEMPO_MAXIMO
2.871342499,39.2408916266794,45.406,0.918,-0.0479,0.5908,2.678,2.366,1.33680909543189,1.33086456049201,-313,313,1873,164.619140625,127.265625,255,0,224.714660510455,315.404052617787,Giro_Off_intento5_180deg_2000_pulsos_Mu_0.50,TIEMPO_MAXIMO
2.919337077,39.6718916266794,45.837,0.9243,-0.0547,0.5808,2.683,2.361,1.32696087626722,1.32988863943581,-317,317,1873,164.619140625,127.265625,255,0,226.777884451963,317.198160393011,Giro_Off_intento5_180deg_2000_pulsos_Mu_0.50,TIEMPO_MAXIMO
2.967585904,40.3718916266794,46.537,0.9446,-0.0479,0.5823,2.678,2.361,1.33680909543189,1.33161875343483,-319,319,1873,164.619140625,127.265625,255,0,230.101431356617,320.088201179667,Giro_Off_intento5_180deg_2000_pulsos_Mu_0.50,TIEMPO_MAXIMO
3.015315305,40.9628916266794,47.128,0.9285,-0.0466,0.563,2.683,2.366,1.32696087626722,1.33045428414293,-322,322,1873,164.619140625,127.265625,255,0,232.880734984311,322.50498694288,Giro_Off_intento5_180deg_2000_pulsos_Mu_0.50,TIEMPO_MAXIMO
3.063249228,41.4088916266794,47.574,0.9502,-0.0557,0.5591,2.678,2.366,1.33680909543189,1.33204298696517,-323,323,1873,164.619140625,127.265625,255,0,234.961756388898,324.314570772955,Giro_Off_intento5_180deg_2000_pulsos_Mu_0.50,TIEMPO_MAXIMO
3.111480659,41.8388916266794,48.004,0.9431,-0.043,0.5591,2.674,2.361,1.34468767076363,1.33520415791479,-324,324,1873,164.619140625,127.265625,255,0,236.954643663186,326.047516228857,Giro_Off_intento5_180deg_2000_pulsos_Mu_0.50,TIEMPO_MAXIMO
3.159339275,42.2468916266794,48.412,0.9463,-0.0393,0.5437,2.683,2.356,1.32696087626722,1.33314333750289,-328,328,1873,164.619140625,127.265625,255,0,238.83323167913,327.68107102533,Giro_Off_intento5_180deg_2000_pulsos_Mu_0.50,TIEMPO_MAXIMO
3.207374948,42.8438916266794,49.009,0.9478,-0.0566,0.5393,2.678,2.361,1.33680909543189,1.33405977698514,-330,330,1873,164.619140625,127.265625,255,0,241.560196416136,330.052344709684,Giro_Off_intento5_180deg_2000_pulsos_Mu_0.50,TIEMPO_MAXIMO
3.255398451,43.3288916266794,49.494,0.9592,-0.0481,0.5264,2.678,2.366,1.33680909543189,1.33474710659683,-331,331,1873,164.619140625,127.265625,255,0,243.75627629944,331.961979390817,Giro_Off_intento5_180deg_2000_pulsos_Mu_0.50,TIEMPO_MAXIMO
3.303349656,43.6878916266794,49.853,0.9604,-0.0417,0.5076,2.683,2.356,1.32696087626722,1.33280054901443,-332,332,1873,164.619140625,127.265625,255,0,245.370587917589,333.36572862399,Giro_Off_intento5_180deg_2000_pulsos_Mu_0.50,TIEMPO_MAXIMO
3.351327182,44.0298916266794,50.195,0.9624,-0.051,0.4995,2.674,2.366,1.34468767076363,1.33577232945173,-333,333,1873,164.619140625,127.265625,255,0,246.899497109096,334.695214877475,Giro_Off_intento5_180deg_2000_pulsos_Mu_0.50,TIEMPO_MAXIMO
3.39951464,44.4058916266794,50.571,0.9712,-0.0493,0.4863,2.674,2.356,1.34468767076363,1.33800116477971,-336,336,1873,164.619140625,127.265625,255,0,248.570248945457,336.148042561267,Giro_Off_intento5_180deg_2000_pulsos_Mu_0.50,TIEMPO_MAXIMO
3.447350492,44.9718916266794,51.137,0.9797,-0.0364,0.5002,2.678,2.361,1.33680909543189,1.33770314744275,-338,338,1873,164.619140625,127.265625,255,0,251.06505544588,338.317439518157,Giro_Off_intento5_180deg_2000_pulsos_Mu_0.50,TIEMPO_MAXIMO
3.495323048,45.6078916266794,51.773,0.9739,-0.0493,0.4741,2.678,2.361,1.33680909543189,1.33747963444004,-339,339,1873,164.619140625,127.265625,255,0,253.839162327595,340.729706371822,Giro_Off_intento5_180deg_2000_pulsos_Mu_0.50,TIEMPO_MAXIMO
3.543202986,46.2278916266794,52.393,0.9741,-0.0503,0.4673,2.678,2.361,1.33680909543189,1.337311999688,-341,341,1873,164.619140625,127.265625,255,0,256.513376595377,343.055110082936,Giro_Off_intento5_180deg_2000_pulsos_Mu_0.50,TIEMPO_MAXIMO
3.591240262,46.6788916266794,52.844,0.9707,-0.0474,0.4626,2.674,2.351,1.34468767076363,1.33915591745691,-345,345,1873,164.619140625,127.265625,255,0,258.439798481364,344.730259549012,Giro_Off_intento5_180deg_2000_pulsos_Mu_0.50,TIEMPO_MAXIMO
3.639279574,47.1438916266794,53.309,0.9802,-0.062,0.4561,2.688,2.361,1.31711265710254,1.33364510236832,-346,346,1873,164.619140625,127.265625,255,0,260.409253285222,346.442828943671,Giro_Off_intento5_180deg_2000_pulsos_Mu_0.50,TIEMPO_MAXIMO
3.687272725,47.6148916266794,53.78,0.9827,-0.0491,0.4443,2.678,2.356,1.33680909543189,1.33443610063421,-348,348,1873,164.619140625,127.265625,255,0,262.386634446008,348.162290822615,Giro_Off_intento5_180deg_2000_pulsos_Mu_0.50,TIEMPO_MAXIMO
3.735319016,48.0178916266794,54.183,0.9792,-0.0542,0.3977,2.678,2.361,1.33680909543189,1.33502934933363,-349,349,1873,164.619140625,127.265625,255,0,264.064462858343,349.621272050733,Giro_Off_intento5_180deg_2000_pulsos_Mu_0.50,TIEMPO_MAXIMO
3.783321629,48.4928916266794,54.658,1.0029,-0.0493,0.3845,2.678,2.361,1.33680909543189,1.3354742858582,-350,350,1873,164.619140625,127.265625,255,0,266.025272473097,351.326323889649,Giro_Off_intento5_180deg_2000_pulsos_Mu_0.50,TIEMPO_MAXIMO
3.83118897,48.9418916266794,55.107,0.998,-0.0383,0.3962,2.678,2.361,1.33680909543189,1.33580798825162,-352,352,1873,164.619140625,127.265625,255,0,267.861945971323,352.923431279411,Giro_Off_intento5_180deg_2000_pulsos_Mu_0.50,TIEMPO_MAXIMO
3.879297247,49.5018916266794,55.667,1.0122,-0.043,0.3958,2.678,2.361,1.33680909543189,1.33605826504669,-354,354,1873,164.619140625,127.265625,255,0,270.129609461174,354.895312574934,Giro_Off_intento5_180deg_2000_pulsos_Mu_0.50,TIEMPO_MAXIMO
3.927453437,50.1438916266794,56.309,0.9985,-0.0608,0.396,2.683,2.356,1.32696087626722,1.33378391785182,-355,355,1873,164.619140625,127.265625,255,0,272.697561570295,357.128314408952,Giro_Off_intento5_180deg_2000_pulsos_Mu_0.50,TIEMPO_MAXIMO
3.975163156,50.7348916266794,56.9,1.0078,-0.0603,0.3911,2.683,2.361,1.32696087626722,1.33207815745567,-356,356,1871,164.443359375,127.265625,255,0,275.031259167934,359.157616667768,Giro_Off_intento5_180deg_2000_pulsos_Mu_0.50,TIEMPO_MAXIMO
4.023173452,51.4858916266794,57.651,0.9783,-0.0532,0.3594,2.678,2.361,1.33680909543189,1.33326089194973,-359,359,1867,164.091796875,127.265625,255,0,277.954503292638,361.699568080555,Giro_Off_intento5_180deg_2000_pulsos_Mu_0.50,TIEMPO_MAXIMO
4.071152936,51.9888916266794,58.154,1.0054,-0.0525,0.3779,2.683,2.356,1.32696087626722,1.3316858880291,-363,363,1867,164.091796875,127.265625,255,0,279.885742854542,363.378906830037,Giro_Off_intento5_180deg_2000_pulsos_Mu_0.50,TIEMPO_MAXIMO
4.119274204,52.6198916266794,58.785,1.019,-0.0564,0.3696,2.678,2.356,1.33680909543189,1.3329666898798,-364,364,1867,164.091796875,127.265625,255,0,282.277910179535,365.45905233003,Giro_Off_intento5_180deg_2000_pulsos_Mu_0.50,TIEMPO_MAXIMO
4.167235446,53.4048916266794,59.57,1.0166,-0.0447,0.3503,2.683,2.366,1.32696087626722,1.33146523647665,-365,365,1867,164.091796875,127.265625,255,0,285.206081002207,368.005287828006,Giro_Off_intento5_180deg_2000_pulsos_Mu_0.50,TIEMPO_MAXIMO
4.215258833,54.1988916266794,60.364,1.0007,-0.0474,0.3516,2.683,2.361,1.32696087626722,1.33033914642429,-368,368,1867,164.091796875,127.265625,255,0,288.113360886645,370.533357292735,Giro_Off_intento5_180deg_2000_pulsos_Mu_0.50,TIEMPO_MAXIMO
4.263162955,54.7538916266794,60.919,1.0178,-0.0483,0.356,2.683,2.361,1.32696087626722,1.32949457888502,-372,372,1867,164.091796875,127.265625,255,0,290.112706555086,372.271918743553,Giro_Off_intento5_180deg_2000_pulsos_Mu_0.50,TIEMPO_MAXIMO
4.311284252,55.4268916266794,61.592,1.0042,-0.0493,0.354,2.683,2.351,1.32696087626722,1.32886115323057,-374,374,1867,164.091796875,127.265625,255,0,292.500603147727,374.348350563241,Giro_Off_intento5_180deg_2000_pulsos_Mu_0.50,TIEMPO_MAXIMO
4.35951184,55.8438916266794,62.009,0.9878,-0.0425,0.3435,2.678,2.351,1.33680909543189,1.3308481387809,-374,374,1867,164.091796875,127.265625,255,0,293.959947992686,375.617346080596,Giro_Off_intento5_180deg_2000_pulsos_Mu_0.50,TIEMPO_MAXIMO
4.407318132,56.1238916266794,62.289,1.012,-0.0681,0.3335,2.678,2.351,1.33680909543189,1.33233837794365,-376,376,1867,164.091796875,127.265625,255,0,294.931110734645,376.46183542143,Giro_Off_intento5_180deg_2000_pulsos_Mu_0.50,TIEMPO_MAXIMO
4.455229864,56.3698916266794,62.535,1.0271,-0.0569,0.3188,2.678,2.361,1.33680909543189,1.33345605731571,-377,377,1867,164.091796875,127.265625,255,0,295.778534811476,377.198725923023,Giro_Off_intento5_180deg_2000_pulsos_Mu_0.50,TIEMPO_MAXIMO
4.503655445,56.8718916266794,63.037,1.0254,-0.0576,0.3044,2.683,2.361,1.32696087626722,1.33183226205359,-379,379,1867,164.091796875,127.265625,255,0,297.490898459548,378.687737790911,Giro_Off_intento5_180deg_2000_pulsos_Mu_0.50,TIEMPO_MAXIMO
4.551214236,57.3868916266794,63.552,1.012,-0.0464,0.3167,2.674,2.361,1.34468767076363,1.3350461142311,-380,380,1867,164.091796875,127.265625,255,0,299.22387359338,380.194672689896,Giro_Off_intento5_180deg_2000_pulsos_Mu_0.50,TIEMPO_MAXIMO
4.599412474,57.5258916266794,63.691,1.0012,-0.0522,0.3291,2.678,2.361,1.33680909543189,1.3354868595313,-380,380,1867,164.091796875,127.265625,255,0,299.68747146403,380.59780127307,Giro_Off_intento5_180deg_2000_pulsos_Mu_0.50,TIEMPO_MAXIMO
4.647185673,57.4228916266794,63.588,1.0408,-0.0461,0.2883,2.683,2.356,1.32696087626722,1.33335536371528,-381,381,1867,164.091796875,127.265625,255,0,299.344111206501,380.299227136088,Giro_Off_intento5_180deg_2000_pulsos_Mu_0.50,TIEMPO_MAXIMO
4.695318413,57.5778916266794,63.743,1.0481,-0.0557,0.2725,2.683,2.361,1.32696087626722,1.33175674185326,-381,381,1867,164.091796875,127.265625,255,0,299.860450560909,380.748217879052,Giro_Off_intento5_180deg_2000_pulsos_Mu_0.50,TIEMPO_MAXIMO
4.743173158,57.8178916266794,63.983,1.0037,-0.052,0.2493,2.678,2.351,1.33680909543189,1.33301983024792,-381,381,1867,164.091796875,127.265625,255,0,300.655612755029,381.439663265243,Giro_Off_intento5_180deg_2000_pulsos_Mu_0.50,TIEMPO_MAXIMO
4.791167982,57.9968916266794,64.162,1.0364,-0.0408,0.1941,2.678,2.351,1.33680909543189,1.33396714654391,-381,381,1867,164.091796875,127.265625,255,0,301.245237514963,381.952380447794,Giro_Off_intento5_180deg_2000_pulsos_Mu_0.50,TIEMPO_MAXIMO
4.83927595,58.3888916266794,64.554,1.0488,-0.0481,0.2231,2.683,2.356,1.32696087626722,1.33221557897474,-383,383,1867,164.091796875,127.265625,255,0,302.526204955143,383.066265178385,Giro_Off_intento5_180deg_2000_pulsos_Mu_0.50,TIEMPO_MAXIMO
4.887194432,59.2018916266794,65.367,1.0322,-0.0405,0.1963,2.683,2.356,1.32696087626722,1.33090190329786,-383,383,1867,164.091796875,127.265625,255,0,305.137697413084,385.33712818529,Giro_Off_intento5_180deg_2000_pulsos_Mu_0.50,TIEMPO_MAXIMO
4.935222888,59.6788916266794,65.844,0.9758,-0.0537,0.2261,2.678,2.351,1.33680909543189,1.33237870133137,-387,387,1867,164.091796875,127.265625,255,0,306.641337618528,386.644641407415,Giro_Off_intento5_180deg_2000_pulsos_Mu_0.50,TIEMPO_MAXIMO
4.983211651,59.3888916266794,65.554,1.0012,-0.0293,0.1892,2.678,2.346,1.33680909543189,1.3334862998565,-386,386,1867,164.091796875,127.265625,255,0,305.729700937346,385.851913858562,Giro_Off_intento5_180deg_2000_pulsos_Mu_0.50,TIEMPO_MAXIMO
5.031180949,59.0078916266794,65.173,1.0583,-0.0754,0.1367,2.688,2.356,1.31711265710254,1.32939288916801,-386,386,1867,164.091796875,127.265625,255,0,304.520098252958,384.800085437354,Giro_Off_intento5_180deg_2000_pulsos_Mu_0.50,TIEMPO_MAXIMO
5.079240281,59.5128916266794,65.678,1.0833,-0.0547,0.1467,2.683,2.356,1.32696087626722,1.32878488594281,-385,385,1867,164.091796875,127.265625,255,0,306.120464070589,386.191707887468,Giro_Off_intento5_180deg_2000_pulsos_Mu_0.50,TIEMPO_MAXIMO
5.127187386,60.9068916266794,67.072,1.0493,-0.0674,0.1245,2.674,2.356,1.34468767076363,1.33276058214802,-386,386,1867,164.091796875,127.265625,255,0,310.414310918413,389.925487755142,Giro_Off_intento5_180deg_2000_pulsos_Mu_0.50,TIEMPO_MAXIMO
5.175198236,62.0888916266794,68.254,1.0261,-0.0547,0.1265,2.678,2.351,1.33680909543189,1.33377271046899,-393,393,1867,164.091796875,127.265625,255,0,313.911297021771,392.966345236323,Giro_Off_intento5_180deg_2000_pulsos_Mu_0.50,TIEMPO_MAXIMO
5.223124787,63.3718916266794,69.537,1.0398,-0.0667,0.1326,2.678,2.346,1.33680909543189,1.33453180670971,-394,394,1867,164.091796875,127.265625,255,0,317.555845590821,396.135517905062,Giro_Off_intento5_180deg_2000_pulsos_Mu_0.50,TIEMPO_MAXIMO
5.271205865,64.5618916266794,70.727,1.0381,-0.0684,0.1431,2.683,2.351,1.32696087626722,1.33263907409909,-397,397,1867,164.091796875,127.265625,255,0,320.793921873342,398.951236411602,Giro_Off_intento5_180deg_2000_pulsos_Mu_0.50,TIEMPO_MAXIMO
5.319240075,65.5638916266794,71.729,1.042,-0.0593,0.1345,2.683,2.351,1.32696087626722,1.33121952464112,-399,399,1867,164.091796875,127.265625,255,0,323.413181014483,401.228853056072,Giro_Off_intento5_180deg_2000_pulsos_Mu_0.50,TIEMPO_MAXIMO
5.367351693,66.2688916266794,72.434,1.0325,-0.0654,0.1318,2.674,2.351,1.34468767076363,1.33458656117175,-402,402,1867,164.091796875,127.265625,255,0,325.196841084301,402.779861812435,Giro_Off_intento5_180deg_2000_pulsos_Mu_0.50,TIEMPO_MAXIMO
5.415198064,67.0828916266794,73.248,1.0415,-0.0591,0.1304,2.678,2.351,1.33680909543189,1.33514219473679,-405,405,1867,164.091796875,127.265625,255,0,327.195014002988,404.517403480859,Giro_Off_intento5_180deg_2000_pulsos_Mu_0.50,TIEMPO_MAXIMO
5.463469804,67.6528916266794,73.818,1.0298,-0.0693,0.1738,2.674,2.356,1.34468767076363,1.3375285637435,-405,405,1867,164.091796875,127.265625,255,0,328.554936554099,405.699944829652,Giro_Off_intento5_180deg_2000_pulsos_Mu_0.50,TIEMPO_MAXIMO
5.511493782,68.3768916266794,74.542,1.04,-0.0405,0.1248,2.674,2.356,1.34468767076363,1.33931834049853,-407,407,1867,164.091796875,127.265625,255,0,330.235378088905,407.161198338178,Giro_Off_intento5_180deg_2000_pulsos_Mu_0.50,TIEMPO_MAXIMO
5.559303051,69.0548916266794,75.22,1.0383,-0.0618,0.1277,2.678,2.351,1.33680909543189,1.33869102923187,-407,407,1867,164.091796875,127.265625,255,0,331.7612461053,408.488040091565,Giro_Off_intento5_180deg_2000_pulsos_Mu_0.50,TIEMPO_MAXIMO
5.607492678,69.4968916266794,75.662,1.0342,-0.0447,0.1106,2.678,2.341,1.33680909543189,1.33822054578188,-409,409,1867,164.091796875,127.265625,255,0,332.730984958784,409.331291268508,Giro_Off_intento5_180deg_2000_pulsos_Mu_0.50,TIEMPO_MAXIMO
5.655032258,69.8968916266794,76.062,1.0142,-0.05,0.1221,2.678,2.351,1.33680909543189,1.33786768319438,-410,410,1867,164.091796875,127.265625,255,0,333.591510026169,410.079573935799,Giro_Off_intento5_180deg_2000_pulsos_Mu_0.50,TIEMPO_MAXIMO
5.703060129,70.2108916266794,76.376,1.0388,-0.0608,0.1074,2.678,2.351,1.33680909543189,1.33760303625376,-411,411,1867,164.091796875,127.265625,255,0,334.255633178049,410.657072328738,Giro_Off_intento5_180deg_2000_pulsos_Mu_0.50,TIEMPO_MAXIMO
5.751380297,70.5358916266794,76.701,1.0359,-0.061,0.106,2.678,2.346,1.33680909543189,1.33740455104829,-411,411,1867,164.091796875,127.265625,255,0,334.932448831194,411.245607679299,Giro_Off_intento5_180deg_2000_pulsos_Mu_0.50,TIEMPO_MAXIMO
5.799148311,70.7368916266794,76.902,1.0332,-0.0554,0.1189,2.674,2.351,1.34468767076363,1.33922533097713,-412,412,1867,164.091796875,127.265625,255,0,335.345641253314,411.604905437664,Giro_Off_intento5_180deg_2000_pulsos_Mu_0.50,TIEMPO_MAXIMO
5.847168807,71.0158916266794,77.181,1.0261,-0.0549,0.0928,2.683,2.351,1.32696087626722,1.33615921729965,-412,412,1867,164.091796875,127.265625,255,0,335.912335823252,412.097683324567,Giro_Off_intento5_180deg_2000_pulsos_Mu_0.50,TIEMPO_MAXIMO
5.895102747,71.2618916266794,77.427,1.0457,-0.0562,0.0999,2.678,2.351,1.33680909543189,1.33632168683271,-413,413,1867,164.091796875,127.265625,255,0,336.405394830636,412.526430287509,Giro_Off_intento5_180deg_2000_pulsos_Mu_0.50,TIEMPO_MAXIMO
5.943093744,71.5218916266794,77.687,1.0334,-0.0618,0.1069,2.674,2.356,1.34468767076363,1.33841318281544,-413,413,1867,164.091796875,127.265625,255,0,336.919773129692,412.973715764949,Giro_Off_intento5_180deg_2000_pulsos_Mu_0.50,TIEMPO_MAXIMO
5.991101896,71.7218916266794,77.887,1.0378,-0.0591,0.0757,2.678,2.351,1.33680909543189,1.33801216096955,-413,413,1867,164.091796875,127.265625,255,0,337.310728246641,413.31367673621,Giro_Off_intento5_180deg_2000_pulsos_Mu_0.50,TIEMPO_MAXIMO
6.055133587,71.8788916266794,78.044,1.0312,-0.0554,0.0547,2.678,2.356,1.33680909543189,1.33771139458514,-414,414,1867,164.091796875,127.265625,255,0,337.61474871615,413.57804236187,Giro_Off_intento5_180deg_2000_pulsos_Mu_0.50,TIEMPO_MAXIMO
6.103077985,71.8908916266794,78.056,1.0364,-0.052,0.0308,2.678,2.351,1.33680909543189,1.33748581979683,-414,414,1867,164.091796875,127.265625,255,0,337.637881695198,413.598157995824,Giro_Off_intento5_180deg_2000_pulsos_Mu_0.50,TIEMPO_MAXIMO
6.151072498,71.8788916266794,78.044,1.019,-0.0776,0.0383,2.674,2.351,1.34468767076363,1.33928628253853,-414,414,1867,164.091796875,127.265625,255,0,337.61474871615,413.57804236187,Giro_Off_intento5_180deg_2000_pulsos_Mu_0.50,TIEMPO_MAXIMO
6.199058708,72.0588916266794,78.224,1.0339,-0.0481,0.0159,2.683,2.351,1.32696087626722,1.3362049309707,-414,414,1867,164.091796875,127.265625,255,0,337.960187843603,413.878424211829,Giro_Off_intento5_180deg_2000_pulsos_Mu_0.50,TIEMPO_MAXIMO
6.247099813,72.3258916266794,78.491,1.0293,-0.0557,0.0127,2.678,2.351,1.33680909543189,1.336355972086,-414,414,1867,164.091796875,127.265625,255,0,338.46644481401,414.318647664356,Giro_Off_intento5_180deg_2000_pulsos_Mu_0.50,TIEMPO_MAXIMO
6.294973831,72.6208916266794,78.786,1.0315,-0.0569,-0.0088,2.674,2.356,1.34468767076363,1.33843889675541,-415,415,1867,164.091796875,127.265625,255,0,339.017245272127,414.797604584458,Giro_Off_intento5_180deg_2000_pulsos_Mu_0.50,TIEMPO_MAXIMO
6.343081969,72.9178916266794,79.083,1.0371,-0.0417,-0.0115,2.674,2.351,1.34468767076363,1.34000109025746,-415,415,1867,164.091796875,127.265625,255,0,339.562701236428,415.271914118633,Giro_Off_intento5_180deg_2000_pulsos_Mu_0.50,TIEMPO_MAXIMO
6.3910528,73.3438916266794,79.509,1.0291,-0.0515,-0.0283,2.678,2.351,1.33680909543189,1.33920309155107,-416,416,1867,164.091796875,127.265625,255,0,340.329139651289,415.938382305468,Giro_Off_intento5_180deg_2000_pulsos_Mu_0.50,TIEMPO_MAXIMO
6.439069596,73.9568916266794,80.122,1.0127,-0.0303,-0.0313,2.683,2.356,1.32696087626722,1.33614253773011,-416,416,1867,164.091796875,127.265625,255,0,341.398994711761,416.868691053706,Giro_Off_intento5_180deg_2000_pulsos_Mu_0.50,TIEMPO_MAXIMO
6.487214166,74.4418916266794,80.607,1.04,-0.0271,-0.0242,2.678,2.351,1.33680909543189,1.33630917715555,-418,418,1867,164.091796875,127.265625,255,0,342.217769895617,417.58066947445,Giro_Off_intento5_180deg_2000_pulsos_Mu_0.50,TIEMPO_MAXIMO
6.535047606,74.8408916266794,81.006,1.0212,-0.0313,-0.05,2.678,2.356,1.33680909543189,1.33643415672464,-418,418,1867,164.091796875,127.265625,255,0,342.872978329375,418.150415938587,Giro_Off_intento5_180deg_2000_pulsos_Mu_0.50,TIEMPO_MAXIMO
6.583041529,75.2658916266794,81.431,1.0164,-0.0396,-0.0625,2.683,2.351,1.32696087626722,1.33406583661028,-419,419,1867,164.091796875,127.265625,255,0,343.552593045256,418.741385256745,Giro_Off_intento5_180deg_2000_pulsos_Mu_0.50,TIEMPO_MAXIMO
6.647247341,75.9598916266794,82.125,1.0469,-0.0471,-0.0598,2.674,2.356,1.34468767076363,1.33672129514862,-420,420,1867,164.091796875,127.265625,255,0,344.621711874384,419.671053803812,Giro_Off_intento5_180deg_2000_pulsos_Mu_0.50,TIEMPO_MAXIMO
6.695143814,76.7258916266794,82.891,1.0271,-0.0315,-0.0696,2.678,2.351,1.33680909543189,1.33674324521944,-420,420,1867,164.091796875,127.265625,255,0,345.74304110859,420.646122703122,Giro_Off_intento5_180deg_2000_pulsos_Mu_0.50,TIEMPO_MAXIMO
6.743096885,77.3918916266794,83.557,1.0205,-0.0347,-0.0801,2.678,2.346,1.33680909543189,1.33675970777255,-421,421,1867,164.091796875,127.265625,255,0,346.667768104816,421.450233134623,Giro_Off_intento5_180deg_2000_pulsos_Mu_0.50,TIEMPO_MAXIMO
6.791101619,78.1268916266794,84.292,1.0188,-0.0322,-0.0798,2.678,2.351,1.33680909543189,1.33677205468739,-422,422,1867,164.091796875,127.265625,255,0,347.633925406583,422.290369918768,Giro_Off_intento5_180deg_2000_pulsos_Mu_0.50,TIEMPO_MAXIMO
6.83904324,78.7068916266794,84.872,1.0088,-0.0295,-0.0928,2.678,2.351,1.33680909543189,1.33678131487351,-423,423,1867,164.091796875,127.265625,255,0,348.355960176336,422.918226240292,Giro_Off_intento5_180deg_2000_pulsos_Mu_0.50,TIEMPO_MAXIMO
6.886902968,79.0868916266794,85.252,1.0093,-0.051,-0.0952,2.674,2.351,1.34468767076363,1.33875790384604,-423,423,1867,164.091796875,127.265625,255,0,348.809666634943,423.312753595602,Giro_Off_intento5_180deg_2000_pulsos_Mu_0.50,TIEMPO_MAXIMO
6.935169388,79.3468916266794,85.512,0.9832,-0.0364,-0.0964,2.678,2.351,1.33680909543189,1.33827070174251,-423,423,1867,164.091796875,127.265625,255,0,349.111258293868,423.575007212059,Giro_Off_intento5_180deg_2000_pulsos_Mu_0.50,TIEMPO_MAXIMO
6.98305909,79.4318916266794,85.597,1.0024,-0.0303,-0.1306,2.669,2.351,1.35453588992831,1.34233699878896,-423,423,1867,164.091796875,127.265625,255,0,349.208296578687,423.659388329293,Giro_Off_intento5_180deg_2000_pulsos_Mu_0.50,TIEMPO_MAXIMO
7.031013992,79.5788916266794,85.744,1.0242,-0.0313,-0.1426,2.674,2.346,1.34468767076363,1.34292466678263,-424,424,1867,164.091796875,127.265625,255,0,349.374301703454,423.8037406117,Giro_Off_intento5_180deg_2000_pulsos_Mu_0.50,TIEMPO_MAXIMO
7.079030357,80.0878916266794,86.253,1.0217,-0.031,-0.1489,2.678,2.341,1.33680909543189,1.34139577394494,-424,424,1867,164.091796875,127.265625,255,0,349.93133382505,424.288116369609,Giro_Off_intento5_180deg_2000_pulsos_Mu_0.50,TIEMPO_MAXIMO
7.127054951,80.7938916266794,86.959,1.0195,-0.0195,-0.1516,2.669,2.346,1.35453588992831,1.34468080294078,-424,424,1867,164.091796875,127.265625,255,0,350.658229148133,424.920199259246,Giro_Off_intento5_180deg_2000_pulsos_Mu_0.50,TIEMPO_MAXIMO
7.17497575,81.5538916266794,87.719,0.9963,-0.0115,-0.1519,2.669,2.341,1.35453588992831,1.34714457468766,-425,425,1867,164.091796875,127.265625,255,0,351.381215087852,425.548882685089,Giro_Off_intento5_180deg_2000_pulsos_Mu_0.50,TIEMPO_MAXIMO
7.223014564,82.0798916266794,88.245,1.0051,-0.0286,-0.1672,2.674,2.351,1.34468767076363,1.34653034870666,-426,426,1867,164.091796875,127.265625,255,0,351.845403411957,425.95252470605,Giro_Off_intento5_180deg_2000_pulsos_Mu_0.50,TIEMPO_MAXIMO
7.271107319,82.9028916266794,89.068,1.011,-0.0151,-0.1775,2.678,2.346,1.33680909543189,1.34410003538797,-427,427,1867,164.091796875,127.265625,255,0,352.51218086476,426.532331186748,Giro_Off_intento5_180deg_2000_pulsos_Mu_0.50,TIEMPO_MAXIMO
7.31906549,83.7488916266794,89.914,0.9917,-0.0107,-0.1658,2.678,2.341,1.33680909543189,1.34227730039895,-427,427,1867,164.091796875,127.265625,255,0,353.121782678469,427.062419720407,Giro_Off_intento5_180deg_2000_pulsos_Mu_0.50,TIEMPO_MAXIMO
7.367035804,84.4138916266794,90.579,0.9841,-0.0105,-0.1672,2.678,2.341,1.33680909543189,1.34091024915718,-427,427,1867,164.091796875,127.265625,255,0,353.546925968411,427.432109537749,Giro_Off_intento5_180deg_2000_pulsos_Mu_0.50,TIEMPO_MAXIMO
7.415157562,84.7918916266794,90.957,0.9873,-0.009,-0.158,2.678,2.341,1.33680909543189,1.33988496072586,-428,428,1867,164.091796875,127.265625,255,0,353.767360113331,427.623791402897,Giro_Off_intento5_180deg_2000_pulsos_Mu_0.50,TIEMPO_MAXIMO
7.462959032,85.1168916266794,91.282,0.9897,-0.0056,-0.1758,2.674,2.341,1.34468767076363,1.3410856382353,-428,428,1867,164.091796875,127.265625,255,0,353.944576554766,427.777892656318,Giro_Off_intento5_180deg_2000_pulsos_Mu_0.50,TIEMPO_MAXIMO
7.511025,85.3318916266794,91.497,1.001,-0.0225,-0.1812,2.678,2.346,1.33680909543189,1.34001650253445,-428,428,1867,164.091796875,127.265625,255,0,354.05555358547,427.874394422147,Giro_Off_intento5_180deg_2000_pulsos_Mu_0.50,TIEMPO_MAXIMO
7.559111142,85.5898916266794,91.755,1.0039,-0.0286,-0.1951,2.678,2.346,1.33680909543189,1.33921465075881,-428,428,1867,164.091796875,127.265625,255,0,354.182145123148,427.984474020128,Giro_Off_intento5_180deg_2000_pulsos_Mu_0.50,TIEMPO_MAXIMO
7.607087627,86.1648916266794,92.33,0.9961,-0.0327,-0.1978,2.674,2.346,1.34468767076363,1.34058290576002,-428,428,1867,164.091796875,127.265625,255,0,354.438435595649,428.207335300564,Giro_Off_intento5_180deg_2000_pulsos_Mu_0.50,TIEMPO_MAXIMO
7.671003371,86.8468916266794,93.012,0.9753,-0.0085,-0.1885,2.678,2.341,1.33680909543189,1.33963945317799,-428,428,1867,164.091796875,127.265625,255,0,354.696137793327,428.43142416811,Giro_Off_intento5_180deg_2000_pulsos_Mu_0.50,TIEMPO_MAXIMO
7.719010471,87.3268916266794,93.492,0.9836,-0.0237,-0.2129,2.678,2.346,1.33680909543189,1.33893186374146,-428,428,1867,164.091796875,127.265625,255,0,354.847381964357,428.562940838571,Giro_Off_intento5_180deg_2000_pulsos_Mu_0.50,TIEMPO_MAXIMO
7.767057032,87.7668916266794,93.932,0.9797,-0.0156,-0.2043,2.674,2.346,1.34468767076363,1.34037081549701,-429,429,1867,164.091796875,127.265625,255,0,354.964144849102,428.664473781827,Giro_Off_intento5_180deg_2000_pulsos_Mu_0.50,TIEMPO_MAXIMO
7.814946563,88.0788916266794,94.244,0.9797,-0.0273,-0.1929,2.678,2.351,1.33680909543189,1.33948038548073,-429,429,1867,164.091796875,127.265625,255,0,355.034256024354,428.725440021178,Giro_Off_intento5_180deg_2000_pulsos_Mu_0.50,TIEMPO_MAXIMO
7.862993737,88.2998916266794,94.465,0.9758,-0.0259,-0.2148,2.669,2.341,1.35453588992831,1.34324426159262,-429,429,1867,164.091796875,127.265625,255,0,355.077548598387,428.763085737728,Giro_Off_intento5_180deg_2000_pulsos_Mu_0.50,TIEMPO_MAXIMO
7.911035223,88.5978916266794,94.763,0.9824,-0.0386,-0.2336,2.669,2.346,1.35453588992831,1.34606716867654,-429,429,1867,164.091796875,127.265625,255,0,355.127560576457,428.806574414311,Giro_Off_intento5_180deg_2000_pulsos_Mu_0.50,TIEMPO_MAXIMO
7.959059569,88.9068916266794,95.072,0.9858,-0.0212,-0.2227,2.678,2.341,1.33680909543189,1.34375265036538,-429,429,1867,164.091796875,127.265625,255,0,355.169273543139,428.842846559251,Giro_Off_intento5_180deg_2000_pulsos_Mu_0.50,TIEMPO_MAXIMO
8.006861865,89.3048916266794,95.47,0.9937,-0.0295,-0.2412,2.674,2.341,1.34468767076363,1.34398640546494,-429,429,1867,164.091796875,127.265625,255,0,355.207779143503,428.876329690002,Giro_Off_intento5_180deg_2000_pulsos_Mu_0.50,TIEMPO_MAXIMO
8.054992306,89.8608916266794,96.026,0.9851,-0.0242,-0.25,2.674,2.341,1.34468767076363,1.34416172178962,-429,429,1867,164.091796875,127.265625,255,0,355.232874150703,428.898151435394,Giro_Off_intento5_180deg_2000_pulsos_Mu_0.50,TIEMPO_MAXIMO
8.102960787,90.4398916266794,96.605,0.9797,-0.0242,-0.2432,2.674,2.341,1.34468767076363,1.34429320903312,-429,429,1867,164.091796875,127.265625,255,0,355.223451587943,428.889957902559,Giro_Off_intento5_180deg_2000_pulsos_Mu_0.50,TIEMPO_MAXIMO
8.150869907,90.9238916266794,97.089,0.9648,-0.0266,-0.2451,2.674,2.346,1.34468767076363,1.34439182446575,-429,429,1867,164.091796875,127.265625,255,0,355.187739245241,428.858903691514,Giro_Off_intento5_180deg_2000_pulsos_Mu_0.50,TIEMPO_MAXIMO
8.198975714,91.1868916266794,97.352,0.9717,-0.0444,-0.2529,2.678,2.346,1.33680909543189,1.34249614220728,-429,429,1867,164.091796875,127.265625,255,0,355.157705214788,428.832787143294,Giro_Off_intento5_180deg_2000_pulsos_Mu_0.50,TIEMPO_MAXIMO
8.246844523,91.3418916266794,97.507,0.9771,-0.0295,-0.2493,2.674,2.346,1.34468767076363,1.34304402434637,-429,429,1867,164.091796875,127.265625,255,0,355.136499784379,428.81434763859,Giro_Off_intento5_180deg_2000_pulsos_Mu_0.50,TIEMPO_MAXIMO
8.29485204,91.5788916266794,97.744,0.9595,-0.0378,-0.2498,2.674,2.346,1.34468767076363,1.34345493595069,-429,429,1867,164.091796875,127.265625,255,0,355.099050846078,428.781783344415,Giro_Off_intento5_180deg_2000_pulsos_Mu_0.50,TIEMPO_MAXIMO
8.343114406,91.8128916266794,97.978,0.988,-0.0432,-0.2715,2.678,2.341,1.33680909543189,1.34179347582099,-429,429,1867,164.091796875,127.265625,255,0,355.056115061759,428.74444787979,Giro_Off_intento5_180deg_2000_pulsos_Mu_0.50,TIEMPO_MAXIMO
8.390925214,92.1878916266794,98.353,0.9746,-0.0349,-0.2573,2.674,2.346,1.34468767076363,1.34251702455665,-429,429,1867,164.091796875,127.265625,255,0,354.974957974539,428.673876499599,Giro_Off_intento5_180deg_2000_pulsos_Mu_0.50,TIEMPO_MAXIMO
8.438933964,92.5298916266794,98.695,0.9619,-0.0388,-0.2732,2.674,2.346,1.34468767076363,1.3430596861084,-428,428,1867,164.091796875,127.265625,255,0,354.88768497162,428.597986931844,Giro_Off_intento5_180deg_2000_pulsos_Mu_0.50,TIEMPO_MAXIMO
8.487032516,92.8648916266794,99.03,0.9687,-0.031,-0.27,2.678,2.346,1.33680909543189,1.34149703843927,-429,429,1867,164.091796875,127.265625,255,0,354.789939438407,428.512990816006,Giro_Off_intento5_180deg_2000_pulsos_Mu_0.50,TIEMPO_MAXIMO
8.535073294,93.1938916266794,99.359,0.9687,-0.0293,-0.2737,2.674,2.346,1.34468767076363,1.34229469652036,-429,429,1867,164.091796875,127.265625,255,0,354.682139746377,428.419251953371,Giro_Off_intento5_180deg_2000_pulsos_Mu_0.50,TIEMPO_MAXIMO
8.582991301,93.5078916266794,99.673,0.9526,-0.0278,-0.2854,2.674,2.351,1.34468767076363,1.34289294008118,-428,428,1867,164.091796875,127.265625,255,0,354.568347925367,428.320302543797,Giro_Off_intento5_180deg_2000_pulsos_Mu_0.50,TIEMPO_MAXIMO
8.630978528,93.7668916266794,99.932,0.959,-0.031,-0.2864,2.674,2.346,1.34468767076363,1.34334162275179,-427,427,1867,164.091796875,127.265625,255,0,354.46647310369,428.231715742339,Giro_Off_intento5_180deg_2000_pulsos_Mu_0.50,TIEMPO_MAXIMO
8.67923152,94.0548916266794,100.22,0.9312,-0.0396,-0.291,2.678,2.346,1.33680909543189,1.34170849092182,-428,428,1867,164.091796875,127.265625,255,0,354.344686453713,428.125814307577,Giro_Off_intento5_180deg_2000_pulsos_Mu_0.50,TIEMPO_MAXIMO
8.726849697,94.0538916266794,100.219,0.9658,-0.0391,-0.2922,2.674,2.346,1.34468767076363,1.34245328588227,-427,427,1867,164.091796875,127.265625,255,0,354.345124815167,428.126195491449,Giro_Off_intento5_180deg_2000_pulsos_Mu_0.50,TIEMPO_MAXIMO
8.774918138,94.3528916266794,100.518,0.9119,-0.0464,-0.3103,2.678,2.341,1.33680909543189,1.34104223826968,-428,428,1867,164.091796875,127.265625,255,0,354.209246524938,428.008040456468,Giro_Off_intento5_180deg_2000_pulsos_Mu_0.50,TIEMPO_MAXIMO
8.822984981,94.4868916266794,100.652,0.9683,-0.04,-0.3,2.678,2.346,1.33680909543189,1.33998395256023,-429,429,1867,164.091796875,127.265625,255,0,354.145220776526,427.952365892631,Giro_Off_intento5_180deg_2000_pulsos_Mu_0.50,TIEMPO_MAXIMO
8.870900122,94.6458916266794,100.811,0.9519,-0.0476,-0.3101,2.678,2.346,1.33680909543189,1.33919023827815,-428,428,1867,164.091796875,127.265625,255,0,354.06673708097,427.884119200844,Giro_Off_intento5_180deg_2000_pulsos_Mu_0.50,TIEMPO_MAXIMO
8.93494297,95.0898916266794,101.255,0.9607,-0.0237,-0.322,2.678,2.346,1.33680909543189,1.33859495256658,-429,429,1867,164.091796875,127.265625,255,0,353.833138960747,427.680990400649,Giro_Off_intento5_180deg_2000_pulsos_Mu_0.50,TIEMPO_MAXIMO
8.982938212,95.7428916266794,101.908,0.9409,-0.0525,-0.3091,2.669,2.346,1.35453588992831,1.34258018690701,-428,428,1867,164.091796875,127.265625,255,0,353.450980917595,427.348679058778,Giro_Off_intento5_180deg_2000_pulsos_Mu_0.50,TIEMPO_MAXIMO
9.030913921,96.3258916266794,102.491,0.9419,-0.0383,-0.3064,2.683,2.341,1.32696087626722,1.33867535924707,-427,427,1867,164.091796875,127.265625,255,0,353.070996179758,427.018257547616,Giro_Off_intento5_180deg_2000_pulsos_Mu_0.50,TIEMPO_MAXIMO
9.078965453,96.8758916266794,103.041,0.9351,-0.2632,-0.2939,2.678,2.341,1.33680909543189,1.33820879329327,-428,428,1867,164.091796875,127.265625,255,0,352.679009190223,426.677399295846,Giro_Off_intento5_180deg_2000_pulsos_Mu_0.50,TIEMPO_MAXIMO
9.126881147,97.6468916266794,103.812,0.9314,-0.0466,-0.2959,2.678,2.341,1.33680909543189,1.33785886882793,-426,426,1867,164.091796875,127.265625,255,0,352.074814491053,426.152012600916,Giro_Off_intento5_180deg_2000_pulsos_Mu_0.50,TIEMPO_MAXIMO
9.174882872,98.0318916266794,104.197,0.979,-0.074,-0.3076,2.669,2.336,1.35453588992831,1.34202812410302,-425,425,1867,164.091796875,127.265625,255,0,351.749236116806,425.868900971136,Giro_Off_intento5_180deg_2000_pulsos_Mu_0.50,TIEMPO_MAXIMO
9.222963647,98.2918916266794,104.457,0.969,-0.0549,-0.3213,2.678,2.341,1.33680909543189,1.34072336693524,-426,426,1867,164.091796875,127.265625,255,0,351.520379672351,425.669895367262,Giro_Off_intento5_180deg_2000_pulsos_Mu_0.50,TIEMPO_MAXIMO
9.286928181,98.5198916266794,104.685,0.9609,-0.0525,-0.2983,2.678,2.336,1.33680909543189,1.3397447990594,-425,425,1867,164.091796875,127.265625,255,0,351.313732990615,425.490202600535,Giro_Off_intento5_180deg_2000_pulsos_Mu_0.50,TIEMPO_MAXIMO
9.334868642,98.8478916266794,105.013,0.9319,-0.0454,-0.3113,2.683,2.331,1.32696087626722,1.33654881836136,-425,425,1867,164.091796875,127.265625,255,0,351.006694498068,425.223212607015,Giro_Off_intento5_180deg_2000_pulsos_Mu_0.50,TIEMPO_MAXIMO
9.382856,98.9698916266794,105.135,0.9661,-0.0427,-0.3022,2.664,2.331,1.36438410909298,1.34350764104426,-425,425,1867,164.091796875,127.265625,255,0,350.889555585334,425.121352682899,Giro_Off_intento5_180deg_2000_pulsos_Mu_0.50,TIEMPO_MAXIMO
9.430918694,99.2128916266794,105.378,0.9253,-0.0383,-0.2976,2.674,2.336,1.34468767076363,1.34380264847411,-425,425,1867,164.091796875,127.265625,255,0,350.651498272541,424.914346323949,Giro_Off_intento5_180deg_2000_pulsos_Mu_0.50,TIEMPO_MAXIMO
9.478909519,99.1728916266794,105.338,0.9358,-0.0479,-0.3149,2.664,2.326,1.36438410909298,1.34894801362883,-425,425,1867,164.091796875,127.265625,255,0,350.691118443603,424.948798646611,Giro_Off_intento5_180deg_2000_pulsos_Mu_0.50,TIEMPO_MAXIMO
9.526804512,99.0648916266794,105.23,0.9548,-0.0615,-0.2986,2.674,2.336,1.34468767076363,1.34788292791253,-425,425,1867,164.091796875,127.265625,255,0,350.797239092748,425.041077471955,Giro_Off_intento5_180deg_2000_pulsos_Mu_0.50,TIEMPO_MAXIMO
9.574772779,98.9458916266794,105.111,0.9441,-0.0486,-0.3071,2.674,2.326,1.34468767076363,1.3470841136253,-425,425,1867,164.091796875,127.265625,255,0,350.912725021862,425.14150001901,Giro_Off_intento5_180deg_2000_pulsos_Mu_0.50,TIEMPO_MAXIMO
9.622916472,98.8058916266794,104.971,0.9402,-0.0439,-0.3208,2.674,2.336,1.34468767076363,1.34648500290989,-425,425,1867,164.091796875,127.265625,255,0,351.046652793832,425.257958951158,Giro_Off_intento5_180deg_2000_pulsos_Mu_0.50,TIEMPO_MAXIMO
9.670845507,98.6798916266794,104.845,0.9294,-0.0554,-0.3359,2.669,2.336,1.35453588992831,1.34849772466449,-425,425,1867,164.091796875,127.265625,255,0,351.165395796544,425.361213736125,Giro_Off_intento5_180deg_2000_pulsos_Mu_0.50,TIEMPO_MAXIMO
9.719010284,98.5268916266794,104.692,0.9392,-0.0615,-0.3574,2.674,2.336,1.34468767076363,1.34754521118928,-425,425,1867,164.091796875,127.265625,255,0,351.307300537214,425.484609162795,Giro_Off_intento5_180deg_2000_pulsos_Mu_0.50,TIEMPO_MAXIMO
9.766832818,98.4138916266794,104.579,0.9219,-0.0415,-0.3223,2.664,2.331,1.36438410909298,1.3517549356652,-425,425,1867,164.091796875,127.265625,255,0,351.410497737897,425.574345859041,Giro_Off_intento5_180deg_2000_pulsos_Mu_0.50,TIEMPO_MAXIMO
9.814908668,98.4048916266794,104.57,0.9326,-0.0439,-0.3645,2.664,2.331,1.36438410909298,1.35491222902215,-426,426,1867,164.091796875,127.265625,255,0,351.418658221124,425.581441931413,Giro_Off_intento5_180deg_2000_pulsos_Mu_0.50,TIEMPO_MAXIMO
9.862894592,98.5208916266794,104.686,0.9216,-0.0549,-0.3462,2.674,2.331,1.34468767076363,1.35235608945752,-424,424,1867,164.091796875,127.265625,255,0,351.312814389747,425.489403817172,Giro_Off_intento5_180deg_2000_pulsos_Mu_0.50,TIEMPO_MAXIMO
9.910841315,98.6938916266794,104.859,0.927,-0.0593,-0.3496,2.688,2.331,1.31711265710254,1.34354523136878,-425,425,1867,164.091796875,127.265625,255,0,351.15228598445,425.349813899522,Giro_Off_intento5_180deg_2000_pulsos_Mu_0.50,TIEMPO_MAXIMO
9.958875886,98.9178916266794,105.083,0.915,-0.0798,-0.3555,2.659,2.336,1.37423232825766,1.351217005591,-425,425,1867,164.091796875,127.265625,255,0,350.939678211934,425.164937575595,Giro_Off_intento5_180deg_2000_pulsos_Mu_0.50,TIEMPO_MAXIMO
10.006844511,99.1468916266794,105.312,0.9111,-0.0806,-0.3706,2.664,2.341,1.36438410909298,1.35450878146649,-425,425,1867,164.091796875,127.265625,255,0,350.716779898759,424.971112955442,Giro_Off_intento5_180deg_2000_pulsos_Mu_0.50,TIEMPO_MAXIMO
10.054926417,99.2708916266794,105.436,0.9243,-0.0676,-0.3621,2.664,2.336,1.36438410909298,1.35697761337312,-425,425,1867,164.091796875,127.265625,255,0,350.593745462713,424.864126489316,Giro_Off_intento5_180deg_2000_pulsos_Mu_0.50,TIEMPO_MAXIMO
10.102938185,99.6028916266794,105.768,0.9355,-0.0632,-0.405,2.669,2.336,1.35453588992831,1.35636718251191,-425,425,1867,164.091796875,127.265625,255,0,350.256248193659,424.570650603182,Giro_Off_intento5_180deg_2000_pulsos_Mu_0.50,TIEMPO_MAXIMO
10.150734248,100.036891626679,106.202,0.907,-0.0676,-0.3838,2.659,2.336,1.37423232825766,1.36083346894835,-424,424,1867,164.091796875,127.265625,255,0,349.79732893894,424.171590381687,Giro_Off_intento5_180deg_2000_pulsos_Mu_0.50,TIEMPO_MAXIMO
10.198799547,100.336891626679,106.502,0.9119,-0.0591,-0.3774,2.674,2.336,1.34468767076363,1.35679701940217,-424,424,1867,164.091796875,127.265625,255,0,349.46837043806,423.885539511357,Giro_Off_intento5_180deg_2000_pulsos_Mu_0.50,TIEMPO_MAXIMO
10.246919059,100.622891626679,106.788,0.907,-0.074,-0.3887,2.674,2.341,1.34468767076363,1.35376968224254,-425,425,1867,164.091796875,127.265625,255,0,349.145842575699,423.605080500608,Giro_Off_intento5_180deg_2000_pulsos_Mu_0.50,TIEMPO_MAXIMO
10.294840812,100.756891626679,106.922,0.9116,-0.061,-0.3799,2.678,2.331,1.33680909543189,1.34952953553988,-423,423,1867,164.091796875,127.265625,255,0,348.991734775797,423.471073718084,Giro_Off_intento5_180deg_2000_pulsos_Mu_0.50,TIEMPO_MAXIMO
10.342814732,100.756891626679,106.922,0.928,-0.0586,-0.3967,2.674,2.331,1.34468767076363,1.34831906934581,-423,423,1867,164.091796875,127.265625,255,0,348.991734775797,423.471073718084,Giro_Off_intento5_180deg_2000_pulsos_Mu_0.50,TIEMPO_MAXIMO
10.390911077,100.746891626679,106.912,0.8894,-0.0696,-0.4028,2.674,2.336,1.34468767076363,1.34741121970027,-423,423,1867,164.091796875,127.265625,255,0,349.003301279893,423.481131547733,Giro_Off_intento5_180deg_2000_pulsos_Mu_0.50,TIEMPO_MAXIMO
10.438820991,100.837891626679,107.003,0.9114,-0.0703,-0.4338,2.674,2.331,1.34468767076363,1.34673033246611,-422,422,1867,164.091796875,127.265625,255,0,348.897654321742,423.389264627601,Giro_Off_intento5_180deg_2000_pulsos_Mu_0.50,TIEMPO_MAXIMO
10.486772788,101.113891626679,107.279,0.894,-0.0635,-0.4207,2.669,2.336,1.35453588992831,1.34868172183166,-424,424,1867,164.091796875,127.265625,255,0,348.571849025506,423.105955674353,Giro_Off_intento5_180deg_2000_pulsos_Mu_0.50,TIEMPO_MAXIMO
10.534746643,101.563891626679,107.729,0.8936,-0.0718,-0.4194,2.669,2.336,1.35453588992831,1.35014526385582,-423,423,1867,164.091796875,127.265625,255,0,348.023303579596,422.628959634431,Giro_Off_intento5_180deg_2000_pulsos_Mu_0.50,TIEMPO_MAXIMO
10.583097824,102.007891626679,108.173,0.8811,-0.0718,-0.4268,2.664,2.326,1.36438410909298,1.35370497516511,-423,423,1867,164.091796875,127.265625,255,0,347.461031650657,422.14002752231,Giro_Off_intento5_180deg_2000_pulsos_Mu_0.50,TIEMPO_MAXIMO
10.630669959,102.271891626679,108.437,0.8811,-0.073,-0.4314,2.664,2.326,1.36438410909298,1.35637475864708,-422,422,1867,164.091796875,127.265625,255,0,347.11681400156,421.840707827444,Giro_Off_intento5_180deg_2000_pulsos_Mu_0.50,TIEMPO_MAXIMO
10.678712284,102.362891626679,108.528,0.8777,-0.0662,-0.4385,2.664,2.326,1.36438410909298,1.35837709625856,-422,422,1867,164.091796875,127.265625,255,0,346.996454919153,421.736047755785,Giro_Off_intento5_180deg_2000_pulsos_Mu_0.50,TIEMPO_MAXIMO
10.726875551,102.563891626679,108.729,0.8921,-0.0884,-0.4517,2.669,2.331,1.35453588992831,1.35741679467599,-422,422,1867,164.091796875,127.265625,255,0,346.727505367145,421.502178580126,Giro_Off_intento5_180deg_2000_pulsos_Mu_0.50,TIEMPO_MAXIMO
10.774870298,102.891891626679,109.057,0.8855,-0.061,-0.4387,2.654,2.331,1.38408054742233,1.36408273286258,-421,421,1867,164.091796875,127.265625,255,0,346.279460941417,421.112574731667,Giro_Off_intento5_180deg_2000_pulsos_Mu_0.50,TIEMPO_MAXIMO
10.822829882,103.445891626679,109.611,0.8594,-0.0637,-0.446,2.664,2.331,1.36438410909298,1.36415807692018,-421,421,1867,164.091796875,127.265625,255,0,345.496939972079,420.432121714851,Giro_Off_intento5_180deg_2000_pulsos_Mu_0.50,TIEMPO_MAXIMO
10.870791618,103.893891626679,110.059,0.8704,-0.0728,-0.4365,2.664,2.331,1.36438410909298,1.36421458496338,-420,420,1867,164.091796875,127.265625,255,0,344.840518012348,419.861320010737,Giro_Off_intento5_180deg_2000_pulsos_Mu_0.50,TIEMPO_MAXIMO
10.918807525,104.211891626679,110.377,0.8645,-0.0627,-0.4529,2.664,2.336,1.36438410909298,1.36425696599578,-419,419,1867,164.091796875,127.265625,255,0,344.36177951626,419.445025666313,Giro_Off_intento5_180deg_2000_pulsos_Mu_0.50,TIEMPO_MAXIMO
10.966755265,104.526891626679,110.692,0.8816,-0.0645,-0.4478,2.664,2.336,1.36438410909298,1.36428875177008,-419,419,1867,164.091796875,127.265625,255,0,343.877099273598,419.023564585738,Giro_Off_intento5_180deg_2000_pulsos_Mu_0.50,TIEMPO_MAXIMO
11.014994006,104.942891626679,111.108,0.8594,-0.0723,-0.4463,2.669,2.331,1.35453588992831,1.36185053630964,-419,419,1867,164.091796875,127.265625,255,0,343.221088928746,418.453120807605,Giro_Off_intento5_180deg_2000_pulsos_Mu_0.50,TIEMPO_MAXIMO
11.062736282,105.332891626679,111.498,0.8682,-0.0818,-0.4573,2.664,2.336,1.36438410909298,1.36248392950547,-418,418,1867,164.091796875,127.265625,255,0,342.589646335125,417.904040291413,Giro_Off_intento5_180deg_2000_pulsos_Mu_0.50,TIEMPO_MAXIMO
11.110736345,105.623891626679,111.789,0.8618,-0.075,-0.46,2.659,2.331,1.37423232825766,1.36542102919352,-417,417,1867,164.091796875,127.265625,255,0,342.108150973364,417.48534867249,Giro_Off_intento5_180deg_2000_pulsos_Mu_0.50,TIEMPO_MAXIMO
11.174783152,105.857891626679,112.023,0.8533,-0.0745,-0.4624,2.664,2.336,1.36438410909298,1.36516179916839,-417,417,1867,164.091796875,127.265625,255,0,341.714567325655,417.143102022309,Giro_Off_intento5_180deg_2000_pulsos_Mu_0.50,TIEMPO_MAXIMO
11.222751493,105.984891626679,112.15,0.8545,-0.0708,-0.4719,2.664,2.336,1.36438410909298,1.36496737664954,-417,417,1867,164.091796875,127.265625,255,0,341.498569110576,416.955277487457,Giro_Off_intento5_180deg_2000_pulsos_Mu_0.50,TIEMPO_MAXIMO
11.270855708,106.100891626679,112.266,0.8538,-0.0791,-0.481,2.664,2.331,1.36438410909298,1.3648215597604,-417,417,1867,164.091796875,127.265625,255,0,341.299813227725,416.782446284978,Giro_Off_intento5_180deg_2000_pulsos_Mu_0.50,TIEMPO_MAXIMO
11.318705969,106.227891626679,112.393,0.842,-0.0752,-0.4944,2.664,2.331,1.36438410909298,1.36471219709354,-417,417,1867,164.091796875,127.265625,255,0,341.080605589164,416.591830947099,Giro_Off_intento5_180deg_2000_pulsos_Mu_0.50,TIEMPO_MAXIMO
11.366708301,106.378891626679,112.544,0.8567,-0.0798,-0.5039,2.659,2.331,1.37423232825766,1.36709222988457,-415,415,1867,164.091796875,127.265625,255,0,340.817792236681,416.363297597114,Giro_Off_intento5_180deg_2000_pulsos_Mu_0.50,TIEMPO_MAXIMO
11.414715608,106.685891626679,112.851,0.8557,-0.073,-0.5159,2.664,2.336,1.36438410909298,1.36641519968667,-415,415,1867,164.091796875,127.265625,255,0,340.276166273144,415.892318498386,Giro_Off_intento5_180deg_2000_pulsos_Mu_0.50,TIEMPO_MAXIMO
11.462647451,107.296891626679,113.462,0.8328,-0.0735,-0.4951,2.669,2.326,1.35453588992831,1.36344537224708,-416,416,1867,164.091796875,127.265625,255,0,339.169153051118,414.92969830532,Giro_Off_intento5_180deg_2000_pulsos_Mu_0.50,TIEMPO_MAXIMO
11.511023801,107.765891626679,113.931,0.8372,-0.0725,-0.512,2.664,2.331,1.36438410909298,1.36368005645856,-414,414,1867,164.091796875,127.265625,255,0,338.293243675787,414.168037978946,Giro_Off_intento5_180deg_2000_pulsos_Mu_0.50,TIEMPO_MAXIMO
11.558687001,108.217891626679,114.383,0.824,-0.0676,-0.4951,2.659,2.326,1.37423232825766,1.36631812440833,-413,413,1867,164.091796875,127.265625,255,0,337.427633668247,413.415333624563,Giro_Off_intento5_180deg_2000_pulsos_Mu_0.50,TIEMPO_MAXIMO
11.606702325,108.603891626679,114.769,0.8472,-0.0671,-0.4917,2.674,2.326,1.34468767076363,1.36091051099716,-413,413,1867,164.091796875,127.265625,255,0,336.671791971799,412.758079975478,Giro_Off_intento5_180deg_2000_pulsos_Mu_0.50,TIEMPO_MAXIMO
11.654707318,109.027891626679,115.193,0.8315,-0.0735,-0.4854,2.659,2.322,1.37423232825766,1.36424096531228,-413,413,1867,164.091796875,127.265625,255,0,335.823931441305,412.020809948961,Giro_Off_intento5_180deg_2000_pulsos_Mu_0.50,TIEMPO_MAXIMO
11.702736824,109.351891626679,115.517,0.8411,-0.0759,-0.4944,2.664,2.331,1.36438410909298,1.36427675125746,-412,412,1867,164.091796875,127.265625,255,0,335.163639535747,411.446643074563,Giro_Off_intento5_180deg_2000_pulsos_Mu_0.50,TIEMPO_MAXIMO
11.750957512,109.516891626679,115.682,0.8374,-0.0762,-0.4924,2.659,2.326,1.37423232825766,1.36676564550751,-412,412,1867,164.091796875,127.265625,255,0,334.823259603699,411.150660524956,Giro_Off_intento5_180deg_2000_pulsos_Mu_0.50,TIEMPO_MAXIMO
11.798644474,109.644891626679,115.81,0.8367,-0.0742,-0.5002,2.674,2.326,1.34468767076363,1.36124615182154,-411,411,1867,164.091796875,127.265625,255,0,334.557294575256,410.919386587179,Giro_Off_intento5_180deg_2000_pulsos_Mu_0.50,TIEMPO_MAXIMO
11.846724039,109.804891626679,115.97,0.8411,-0.0706,-0.5054,2.659,2.326,1.37423232825766,1.36449269593057,-411,411,1867,164.091796875,127.265625,255,0,334.22249039501,410.6282525174,Giro_Off_intento5_180deg_2000_pulsos_Mu_0.50,TIEMPO_MAXIMO
11.894686258,110.033891626679,116.199,0.8203,-0.0623,-0.5117,2.664,2.331,1.36438410909298,1.36446554922117,-411,411,1867,164.091796875,127.265625,255,0,333.738767904356,410.207624264657,Giro_Off_intento5_180deg_2000_pulsos_Mu_0.50,TIEMPO_MAXIMO
11.942715031,110.200891626679,116.366,0.8303,-0.0657,-0.5217,2.664,2.322,1.36438410909298,1.36444518918913,-410,410,1867,164.091796875,127.265625,255,0,333.382647566001,409.897954405218,Giro_Off_intento5_180deg_2000_pulsos_Mu_0.50,TIEMPO_MAXIMO
11.990714232,110.483891626679,116.649,0.8342,-0.0732,-0.5212,2.674,2.322,1.34468767076363,1.35950580958275,-409,409,1867,164.091796875,127.265625,255,0,332.772697356609,409.36756291879,Giro_Off_intento5_180deg_2000_pulsos_Mu_0.50,TIEMPO_MAXIMO
12.038724846,110.850891626679,117.016,0.823,-0.0706,-0.5186,2.659,2.322,1.37423232825766,1.36318743925148,-409,409,1867,164.091796875,127.265625,255,0,331.969613385482,408.669229030854,Giro_Off_intento5_180deg_2000_pulsos_Mu_0.50,TIEMPO_MAXIMO
12.086749245,111.229891626679,117.395,0.822,-0.0662,-0.4922,2.664,2.322,1.36438410909298,1.36348660671185,-409,409,1867,164.091796875,127.265625,255,0,331.125975410641,407.935630791862,Giro_Off_intento5_180deg_2000_pulsos_Mu_0.50,TIEMPO_MAXIMO
12.134684672,111.520891626679,117.686,0.8167,-0.0811,-0.5012,2.664,2.326,1.36438410909298,1.36371098230714,-408,408,1867,164.091796875,127.265625,255,0,330.468386794581,407.363814603984,Giro_Off_intento5_180deg_2000_pulsos_Mu_0.50,TIEMPO_MAXIMO
12.182655884,111.677891626679,117.843,0.8159,-0.0645,-0.5178,2.664,2.326,1.36438410909298,1.3638792640036,-407,407,1867,164.091796875,127.265625,255,0,330.110063988056,407.052229554831,Giro_Off_intento5_180deg_2000_pulsos_Mu_0.50,TIEMPO_MAXIMO
12.230582172,111.752891626679,117.918,0.8267,-0.0725,-0.5156,2.669,2.322,1.35453588992831,1.36154342048478,-407,407,1867,164.091796875,127.265625,255,0,329.938015659049,406.902622312216,Giro_Off_intento5_180deg_2000_pulsos_Mu_0.50,TIEMPO_MAXIMO
12.278590781,111.828891626679,117.994,0.8281,-0.074,-0.5154,2.664,2.322,1.36438410909298,1.36225359263683,-407,407,1867,164.091796875,127.265625,255,0,329.763096656817,406.750518832015,Giro_Off_intento5_180deg_2000_pulsos_Mu_0.50,TIEMPO_MAXIMO
12.32668588,111.998891626679,118.164,0.8198,-0.075,-0.5188,2.669,2.322,1.35453588992831,1.3603241669597,-407,407,1867,164.091796875,127.265625,255,0,329.369730486267,406.408461292406,Giro_Off_intento5_180deg_2000_pulsos_Mu_0.50,TIEMPO_MAXIMO
12.374715989,112.151891626679,118.317,0.8123,-0.0776,-0.5164,2.659,2.322,1.37423232825766,1.36380120728419,-406,406,1867,164.091796875,127.265625,255,0,329.013221687807,406.098453641571,Giro_Off_intento5_180deg_2000_pulsos_Mu_0.50,TIEMPO_MAXIMO
12.422644701,112.291891626679,118.457,0.8047,-0.0691,-0.5295,2.669,2.322,1.35453588992831,1.36148487794522,-405,405,1867,164.091796875,127.265625,255,0,328.684948847452,405.812998997785,Giro_Off_intento5_180deg_2000_pulsos_Mu_0.50,TIEMPO_MAXIMO
12.470704341,112.283891626679,118.449,0.8049,-0.0608,-0.5454,2.664,2.322,1.36438410909298,1.36220968573216,-407,407,1867,164.091796875,127.265625,255,0,328.703760179135,405.829356677508,Giro_Off_intento5_180deg_2000_pulsos_Mu_0.50,TIEMPO_MAXIMO
12.518624323,112.244891626679,118.41,0.8188,-0.0769,-0.5132,2.669,2.317,1.35453588992831,1.3602912367812,-407,407,1867,164.091796875,127.265625,255,0,328.795373646178,405.909020561894,Giro_Off_intento5_180deg_2000_pulsos_Mu_0.50,TIEMPO_MAXIMO
12.566645793,112.272891626679,118.438,0.814,-0.0708,-0.5393,2.669,2.317,1.35453588992831,1.35885240006797,-406,406,1867,164.091796875,127.265625,255,0,328.729615296654,405.851839388395,Giro_Off_intento5_180deg_2000_pulsos_Mu_0.50,TIEMPO_MAXIMO
12.614708648,112.330891626679,118.496,0.8071,-0.0571,-0.5347,2.659,2.322,1.37423232825766,1.3626973821154,-406,406,1867,164.091796875,127.265625,255,0,328.593151849412,405.733175521228,Giro_Off_intento5_180deg_2000_pulsos_Mu_0.50,TIEMPO_MAXIMO
12.662668205,112.493891626679,118.659,0.7947,-0.0649,-0.5471,2.669,2.322,1.35453588992831,1.36065700906862,-406,406,1867,164.091796875,127.265625,255,0,328.20784009495,405.398121821696,Giro_Off_intento5_180deg_2000_pulsos_Mu_0.50,TIEMPO_MAXIMO
12.710595246,112.580891626679,118.746,0.7942,-0.0674,-0.552,2.669,2.322,1.35453588992831,1.35912672928354,-405,405,1867,164.091796875,127.265625,255,0,328.001095443485,405.2183438639,Giro_Off_intento5_180deg_2000_pulsos_Mu_0.50,TIEMPO_MAXIMO
12.758688047,112.648891626679,118.814,0.7998,-0.075,-0.5544,2.659,2.317,1.37423232825766,1.36290312902707,-405,405,1867,164.091796875,127.265625,255,0,327.838975347433,405.077369867333,Giro_Off_intento5_180deg_2000_pulsos_Mu_0.50,TIEMPO_MAXIMO
12.806674402,112.777891626679,118.943,0.7961,-0.0654,-0.5591,2.664,2.317,1.36438410909298,1.36327337404355,-405,405,1867,164.091796875,127.265625,255,0,327.530155236549,404.808830640477,Giro_Off_intento5_180deg_2000_pulsos_Mu_0.50,TIEMPO_MAXIMO
12.854592648,113.021891626679,119.187,0.7959,-0.064,-0.5571,2.664,2.317,1.36438410909298,1.36355105780591,-404,404,1867,164.091796875,127.265625,255,0,326.941491459398,404.296949095129,Giro_Off_intento5_180deg_2000_pulsos_Mu_0.50,TIEMPO_MAXIMO
12.902536277,113.418891626679,119.584,0.7944,-0.0613,-0.5708,2.659,2.317,1.37423232825766,1.36622137541885,-403,403,1867,164.091796875,127.265625,255,0,325.971039428882,403.453077764245,Giro_Off_intento5_180deg_2000_pulsos_Mu_0.50,TIEMPO_MAXIMO
12.950577001,113.850891626679,120.016,0.7783,-0.0627,-0.5662,2.659,2.312,1.37423232825766,1.36822411362855,-404,404,1867,164.091796875,127.265625,255,0,324.897252399337,402.519349912467,Giro_Off_intento5_180deg_2000_pulsos_Mu_0.50,TIEMPO_MAXIMO
12.998552805,114.251891626679,120.417,0.7715,-0.0583,-0.5647,2.664,2.317,1.36438410909298,1.36726411249466,-402,402,1867,164.091796875,127.265625,255,0,323.883988770172,401.638251104498,Giro_Off_intento5_180deg_2000_pulsos_Mu_0.50,TIEMPO_MAXIMO
13.04686039,114.433891626679,120.599,0.7788,-0.0457,-0.5537,2.669,2.317,1.35453588992831,1.36408205685307,-401,401,1867,164.091796875,127.265625,255,0,323.41886629731,401.233796780269,Giro_Off_intento5_180deg_2000_pulsos_Mu_0.50,TIEMPO_MAXIMO
13.094584452,114.614891626679,120.78,0.7729,-0.0598,-0.5713,2.669,2.317,1.35453588992831,1.36169551512188,-401,401,1867,164.091796875,127.265625,255,0,322.953062938977,400.828750381719,Giro_Off_intento5_180deg_2000_pulsos_Mu_0.50,TIEMPO_MAXIMO
13.142586512,114.694891626679,120.86,0.7803,-0.0613,-0.5681,2.664,2.317,1.36438410909298,1.36236766361466,-401,401,1867,164.091796875,127.265625,255,0,322.746155668522,400.648831016106,Giro_Off_intento5_180deg_2000_pulsos_Mu_0.50,TIEMPO_MAXIMO
13.190710402,114.762891626679,120.928,0.7725,-0.0657,-0.5791,2.664,2.317,1.36438410909298,1.36287177498424,-401,401,1867,164.091796875,127.265625,255,0,322.569789756266,400.495469353275,Giro_Off_intento5_180deg_2000_pulsos_Mu_0.50,TIEMPO_MAXIMO
13.238608776,114.787891626679,120.953,0.7729,-0.0522,-0.5764,2.659,2.317,1.37423232825766,1.36571191330259,-400,400,1867,164.091796875,127.265625,255,0,322.504835106489,400.438987049121,Giro_Off_intento5_180deg_2000_pulsos_Mu_0.50,TIEMPO_MAXIMO
13.286736444,114.974891626679,121.14,0.7734,-0.0742,-0.5881,2.669,2.317,1.35453588992831,1.36291790745902,-400,400,1867,164.091796875,127.265625,255,0,322.017027850257,400.014806826311,Giro_Off_intento5_180deg_2000_pulsos_Mu_0.50,TIEMPO_MAXIMO
13.334580887,115.248891626679,121.414,0.7651,-0.0681,-0.5964,2.659,2.317,1.37423232825766,1.36574651265868,-399,399,1867,164.091796875,127.265625,255,0,321.296079106665,399.387894875361,Giro_Off_intento5_180deg_2000_pulsos_Mu_0.50,TIEMPO_MAXIMO
13.382682451,115.602891626679,121.768,0.7554,-0.0659,-0.6052,2.659,2.307,1.37423232825766,1.36786796655843,-399,399,1867,164.091796875,127.265625,255,0,320.353757693445,398.568484950822,Giro_Off_intento5_180deg_2000_pulsos_Mu_0.50,TIEMPO_MAXIMO
13.430558238,115.910891626679,122.076,0.7659,-0.0615,-0.5801,2.664,2.307,1.36438410909298,1.36699700219206,-399,399,1867,164.091796875,127.265625,255,0,319.523934947994,397.846899954777,Giro_Off_intento5_180deg_2000_pulsos_Mu_0.50,TIEMPO_MAXIMO
13.478533711,116.163891626679,122.329,0.7419,-0.0674,-0.5979,2.659,2.312,1.37423232825766,1.36880583370846,-397,397,1867,164.091796875,127.265625,255,0,318.835386425244,397.248162108908,Giro_Off_intento5_180deg_2000_pulsos_Mu_0.50,TIEMPO_MAXIMO
13.526637436,116.376891626679,122.542,0.7532,-0.0681,-0.5977,2.659,2.302,1.37423232825766,1.37016245734576,-397,397,1867,164.091796875,127.265625,255,0,318.25087867667,396.739894501452,Giro_Off_intento5_180deg_2000_pulsos_Mu_0.50,TIEMPO_MAXIMO
13.574502988,116.588891626679,122.754,0.751,-0.0605,-0.5994,2.659,2.307,1.37423232825766,1.37117992507374,-397,397,1867,164.091796875,127.265625,255,0,317.66474772683,396.230215414635,Giro_Off_intento5_180deg_2000_pulsos_Mu_0.50,TIEMPO_MAXIMO
13.622531669,116.810891626679,122.976,0.7483,-0.0701,-0.603,2.664,2.302,1.36438410909298,1.36948097107855,-396,396,1867,164.091796875,127.265625,255,0,317.046307616319,395.692441405495,Giro_Off_intento5_180deg_2000_pulsos_Mu_0.50,TIEMPO_MAXIMO
13.670516434,116.995891626679,123.161,0.7415,-0.0715,-0.6064,2.659,2.307,1.37423232825766,1.37066881037333,-396,396,1867,164.091796875,127.265625,255,0,316.527304552156,395.241134393179,Giro_Off_intento5_180deg_2000_pulsos_Mu_0.50,TIEMPO_MAXIMO
13.718680082,117.172891626679,123.338,0.7402,-0.0662,-0.6123,2.659,2.297,1.37423232825766,1.37155968984441,-395,395,1867,164.091796875,127.265625,255,0,316.027655794157,394.80665721231,Giro_Off_intento5_180deg_2000_pulsos_Mu_0.50,TIEMPO_MAXIMO
13.766574441,117.377891626679,123.543,0.7288,-0.0657,-0.6201,2.659,2.307,1.37423232825766,1.37222784944772,-395,395,1867,164.091796875,127.265625,255,0,315.445197518307,394.300171755049,Giro_Off_intento5_180deg_2000_pulsos_Mu_0.50,TIEMPO_MAXIMO
13.814503011,117.567891626679,123.733,0.7339,-0.0525,-0.6245,2.654,2.302,1.38408054742233,1.37519102394137,-394,394,1867,164.091796875,127.265625,255,0,314.90175220024,393.827610608904,Giro_Off_intento5_180deg_2000_pulsos_Mu_0.50,TIEMPO_MAXIMO
13.862608487,117.722891626679,123.888,0.73,-0.0522,-0.6326,2.654,2.302,1.38408054742233,1.37741340481161,-394,394,1867,164.091796875,127.265625,255,0,314.455850176682,393.439869718854,Giro_Off_intento5_180deg_2000_pulsos_Mu_0.50,TIEMPO_MAXIMO
13.910541155,117.914891626679,124.08,0.7151,-0.0527,-0.6284,2.659,2.302,1.37423232825766,1.37661813567313,-393,393,1867,164.091796875,127.265625,255,0,313.90031647424,392.956796934122,Giro_Off_intento5_180deg_2000_pulsos_Mu_0.50,TIEMPO_MAXIMO
13.958492792,118.088891626679,124.254,0.7212,-0.0535,-0.6404,2.659,2.302,1.37423232825766,1.37602168381926,-393,393,1867,164.091796875,127.265625,255,0,313.393819173824,392.516364498977,Giro_Off_intento5_180deg_2000_pulsos_Mu_0.50,TIEMPO_MAXIMO
14.006517264,118.413891626679,124.579,0.7136,-0.0481,-0.6436,2.654,2.297,1.38408054742233,1.37803639972003,-393,393,1867,164.091796875,127.265625,255,0,312.440037974774,391.686989543281,Giro_Off_intento5_180deg_2000_pulsos_Mu_0.50,TIEMPO_MAXIMO
14.054603141,118.756891626679,124.922,0.7158,-0.0659,-0.6489,2.654,2.302,1.38408054742233,1.3795474366456,-392,392,1867,164.091796875,127.265625,255,0,311.422529218037,390.802199320032,Giro_Off_intento5_180deg_2000_pulsos_Mu_0.50,TIEMPO_MAXIMO
14.102463445,119.108891626679,125.274,0.7056,-0.0596,-0.6462,2.649,2.297,1.39392876658701,1.38314276913096,-391,391,1867,164.091796875,127.265625,255,0,310.366718496368,389.88410304032,Giro_Off_intento5_180deg_2000_pulsos_Mu_0.50,TIEMPO_MAXIMO
14.150659915,119.379891626679,125.545,0.6948,-0.0559,-0.6487,2.649,2.302,1.39392876658701,1.38583926849497,-389,389,1867,164.091796875,127.265625,255,0,309.54588114739,389.170331432513,Giro_Off_intento5_180deg_2000_pulsos_Mu_0.50,TIEMPO_MAXIMO
14.19862426,119.620891626679,125.786,0.6929,-0.0613,-0.6536,2.649,2.297,1.39392876658701,1.38786164301798,-389,389,1867,164.091796875,127.265625,255,0,308.81009333465,388.530515943174,Giro_Off_intento5_180deg_2000_pulsos_Mu_0.50,TIEMPO_MAXIMO
14.246467729,119.700891626679,125.866,0.718,-0.0703,-0.6726,2.654,2.297,1.38408054742233,1.38691636911907,-389,389,1867,164.091796875,127.265625,255,0,308.564639930598,388.31707820052,Giro_Off_intento5_180deg_2000_pulsos_Mu_0.50,TIEMPO_MAXIMO
14.294502684,119.960891626679,126.126,0.6843,-0.0525,-0.6553,2.649,2.302,1.39392876658701,1.38866946848605,-388,388,1867,164.091796875,127.265625,255,0,307.76276431261,387.619795054443,Giro_Off_intento5_180deg_2000_pulsos_Mu_0.50,TIEMPO_MAXIMO
14.342520777,120.185891626679,126.351,0.6946,-0.0635,-0.6692,2.649,2.297,1.39392876658701,1.38998429301129,-388,388,1867,164.091796875,127.265625,255,0,307.063717667829,387.011928406808,Giro_Off_intento5_180deg_2000_pulsos_Mu_0.50,TIEMPO_MAXIMO
14.390501463,120.492891626679,126.658,0.6917,-0.0522,-0.6772,2.649,2.297,1.39392876658701,1.39097041140522,-385,385,1867,164.091796875,127.265625,255,0,306.102271076262,386.175887892402,Giro_Off_intento5_180deg_2000_pulsos_Mu_0.50,TIEMPO_MAXIMO
14.438485697,120.926891626679,127.092,0.6746,-0.0542,-0.676,2.644,2.302,1.40377698575168,1.39417205499184,-385,385,1867,164.091796875,127.265625,255,0,304.728105718476,384.980961494327,Giro_Off_intento5_180deg_2000_pulsos_Mu_0.50,TIEMPO_MAXIMO
14.486690037,121.371891626679,127.537,0.6719,-0.0593,-0.6738,2.644,2.297,1.40377698575168,1.3965732876818,-384,384,1867,164.091796875,127.265625,255,0,303.300957492793,383.739963037212,Giro_Off_intento5_180deg_2000_pulsos_Mu_0.50,TIEMPO_MAXIMO
14.534560043,121.745891626679,127.911,0.6538,-0.0654,-0.6777,2.654,2.302,1.38408054742233,1.39345010261693,-384,384,1867,164.091796875,127.265625,255,0,302.087358144845,382.684659256387,Giro_Off_intento5_180deg_2000_pulsos_Mu_0.50,TIEMPO_MAXIMO
14.582507801,121.954891626679,128.12,0.6558,-0.0564,-0.6748,2.644,2.297,1.40377698575168,1.39603182340062,-382,382,1867,164.091796875,127.265625,255,0,301.403560713478,382.090052794329,Giro_Off_intento5_180deg_2000_pulsos_Mu_0.50,TIEMPO_MAXIMO
14.630428862,122.128891626679,128.294,0.6594,-0.0571,-0.6746,2.644,2.297,1.40377698575168,1.39796811398839,-382,382,1867,164.091796875,127.265625,255,0,300.83121513455,381.592360986565,Giro_Off_intento5_180deg_2000_pulsos_Mu_0.50,TIEMPO_MAXIMO
14.678484345,122.287891626679,128.453,0.6621,-0.0479,-0.6926,2.644,2.297,1.40377698575168,1.39942033192921,-382,382,1867,164.091796875,127.265625,255,0,300.305783570564,381.135463974404,Giro_Off_intento5_180deg_2000_pulsos_Mu_0.50,TIEMPO_MAXIMO
14.726488403,122.618891626679,128.784,0.6299,-0.0518,-0.6914,2.644,2.297,1.40377698575168,1.40050949538483,-381,381,1867,164.091796875,127.265625,255,0,299.204546896624,380.17786686663,Giro_Off_intento5_180deg_2000_pulsos_Mu_0.50,TIEMPO_MAXIMO
14.77453002,122.962891626679,129.128,0.6475,-0.0605,-0.7029,2.644,2.297,1.40377698575168,1.40132636797654,-379,379,1867,164.091796875,127.265625,255,0,298.049478085635,379.1734592049,Giro_Off_intento5_180deg_2000_pulsos_Mu_0.50,TIEMPO_MAXIMO
14.822563322,123.404891626679,129.57,0.6431,-0.061,-0.7009,2.649,2.292,1.39392876658701,1.39947696762916,-378,378,1867,164.091796875,127.265625,255,0,296.549583917122,377.869203406193,Giro_Off_intento5_180deg_2000_pulsos_Mu_0.50,TIEMPO_MAXIMO
14.870438408,123.840891626679,130.006,0.6311,-0.0471,-0.6992,2.644,2.297,1.40377698575168,1.40055197215979,-377,377,1867,164.091796875,127.265625,255,0,295.052759668194,376.567617102777,Giro_Off_intento5_180deg_2000_pulsos_Mu_0.50,TIEMPO_MAXIMO
14.918458467,124.197891626679,130.363,0.6328,-0.05,-0.7112,2.644,2.292,1.40377698575168,1.40135822555776,-377,377,1867,164.091796875,127.265625,255,0,293.814422813579,375.49080244659,Giro_Off_intento5_180deg_2000_pulsos_Mu_0.50,TIEMPO_MAXIMO
14.966503456,124.619891626679,130.785,0.6313,-0.0598,-0.699,2.639,2.292,1.41362520491636,1.40442497039741,-375,375,1867,164.091796875,127.265625,255,0,292.335911114178,374.205140099285,Giro_Off_intento5_180deg_2000_pulsos_Mu_0.50,TIEMPO_MAXIMO
15.014525437,124.948891626679,131.114,0.6331,-0.0481,-0.7085,2.644,2.292,1.40377698575168,1.40426297423598,-373,373,1867,164.091796875,127.265625,255,0,291.172227225816,373.193241065927,Giro_Off_intento5_180deg_2000_pulsos_Mu_0.50,TIEMPO_MAXIMO
15.062549515,125.335891626679,131.501,0.6138,-0.0559,-0.7175,2.639,2.292,1.41362520491636,1.40660353190608,-372,372,1867,164.091796875,127.265625,255,0,289.791109862207,371.992269445397,Giro_Off_intento5_180deg_2000_pulsos_Mu_0.50,TIEMPO_MAXIMO
15.110842474,125.581891626679,131.747,0.6245,-0.0579,-0.7241,2.644,2.292,1.40377698575168,1.40589689536748,-372,372,1867,164.091796875,127.265625,255,0,288.906313284675,371.222881117109,Giro_Off_intento5_180deg_2000_pulsos_Mu_0.50,TIEMPO_MAXIMO
15.158474485,125.860891626679,132.026,0.6216,-0.054,-0.7148,2.644,2.292,1.40377698575168,1.40536691796353,-371,371,1867,164.091796875,127.265625,255,0,287.896380048257,370.344678302832,Giro_Off_intento5_180deg_2000_pulsos_Mu_0.50,TIEMPO_MAXIMO
15.206445635,126.146891626679,132.312,0.6196,-0.0542,-0.7234,2.644,2.287,1.40377698575168,1.40496943491057,-369,369,1867,164.091796875,127.265625,255,0,286.854022627752,369.438280545871,Giro_Off_intento5_180deg_2000_pulsos_Mu_0.50,TIEMPO_MAXIMO
15.25444914,126.564891626679,132.73,0.6033,-0.0649,-0.7256,2.649,2.287,1.39392876658701,1.40220926782968,-367,367,1867,164.091796875,127.265625,255,0,285.317727572429,368.102371802112,Giro_Off_intento5_180deg_2000_pulsos_Mu_0.50,TIEMPO_MAXIMO
15.302432842,126.955891626679,133.121,0.6086,-0.0537,-0.7275,2.634,2.292,1.42347342408103,1.40752530689252,-367,367,1867,164.091796875,127.265625,255,0,283.866919265385,366.840799361204,Giro_Off_intento5_180deg_2000_pulsos_Mu_0.50,TIEMPO_MAXIMO
15.350531386,127.376891626679,133.542,0.5947,-0.0571,-0.7222,2.639,2.287,1.41362520491636,1.40905028139848,-366,366,1867,164.091796875,127.265625,255,0,282.290017636408,365.469580553398,Giro_Off_intento5_180deg_2000_pulsos_Mu_0.50,TIEMPO_MAXIMO
15.430188113,127.980891626679,134.146,0.5942,-0.0535,-0.7327,2.639,2.287,1.41362520491636,1.41019401227795,-363,363,1867,164.091796875,127.265625,255,0,280.001072953367,363.479193872493,Giro_Off_intento5_180deg_2000_pulsos_Mu_0.50,TIEMPO_MAXIMO
15.494431303,128.263891626679,134.429,0.5925,-0.0559,-0.7451,2.649,2.283,1.39392876658701,1.40612770085521,-363,363,1867,164.091796875,127.265625,255,0,278.917883111754,362.537289662394,Giro_Off_intento5_180deg_2000_pulsos_Mu_0.50,TIEMPO_MAXIMO
15.542507307,128.539891626679,134.705,0.595,-0.0552,-0.7405,2.649,2.287,1.39392876658701,1.40307796728816,-363,363,1867,164.091796875,127.265625,255,0,277.8549315195,361.61298393,Giro_Off_intento5_180deg_2000_pulsos_Mu_0.50,TIEMPO_MAXIMO
15.590435061,128.905891626679,135.071,0.5859,-0.0542,-0.7358,2.654,2.287,1.38408054742233,1.39832861232171,-362,362,1867,164.091796875,127.265625,255,0,276.435425501904,360.378630871221,Giro_Off_intento5_180deg_2000_pulsos_Mu_0.50,TIEMPO_MAXIMO
15.638318192,129.234891626679,135.4,0.574,-0.0571,-0.7466,2.644,2.287,1.40377698575168,1.3996907056792,-360,360,1867,164.091796875,127.265625,255,0,275.149792634972,359.260689247801,Giro_Off_intento5_180deg_2000_pulsos_Mu_0.50,TIEMPO_MAXIMO
15.68641548,129.383891626679,135.549,0.5813,-0.0552,-0.7473,2.644,2.292,1.40377698575168,1.40071227569732,-359,359,1867,164.091796875,127.265625,255,0,274.564558233991,358.751789768688,Giro_Off_intento5_180deg_2000_pulsos_Mu_0.50,TIEMPO_MAXIMO
15.734415266,129.536891626679,135.702,0.5815,-0.0422,-0.7476,2.644,2.287,1.40377698575168,1.40147845321091,-359,359,1867,164.091796875,127.265625,255,0,273.9616806114,358.227548357739,Giro_Off_intento5_180deg_2000_pulsos_Mu_0.50,TIEMPO_MAXIMO
15.782412764,129.782891626679,135.948,0.5847,-0.0464,-0.7463,2.644,2.283,1.40377698575168,1.4020530863461,-358,358,1867,164.091796875,127.265625,255,0,272.988254149782,357.381090565027,Giro_Off_intento5_180deg_2000_pulsos_Mu_0.50,TIEMPO_MAXIMO
15.830443728,130.221891626679,136.387,0.5627,-0.0535,-0.7434,2.639,2.283,1.41362520491636,1.40494611598867,-356,356,1867,164.091796875,127.265625,255,0,271.238631648363,355.859679694228,Giro_Off_intento5_180deg_2000_pulsos_Mu_0.50,TIEMPO_MAXIMO
15.878535513,130.594891626679,136.76,0.5762,-0.0625,-0.7561,2.639,2.283,1.41362520491636,1.40711588822059,-355,355,1867,164.091796875,127.265625,255,0,269.739533918124,354.556116450543,Giro_Off_intento5_180deg_2000_pulsos_Mu_0.50,TIEMPO_MAXIMO
15.942403852,130.939891626679,137.105,0.5464,-0.0461,-0.7603,2.644,2.283,1.40377698575168,1.40628116260336,-355,355,1867,164.091796875,127.265625,255,0,268.342790767715,353.341557189318,Giro_Off_intento5_180deg_2000_pulsos_Mu_0.50,TIEMPO_MAXIMO
15.990460791,131.079891626679,137.245,0.5593,-0.051,-0.7563,2.639,2.287,1.41362520491636,1.40811717318161,-353,353,1867,164.091796875,127.265625,255,0,267.773218444037,352.846276907859,Giro_Off_intento5_180deg_2000_pulsos_Mu_0.50,TIEMPO_MAXIMO
16.038345901,131.176891626679,137.342,0.5518,-0.0442,-0.7581,2.639,2.283,1.41362520491636,1.4094941811153,-353,353,1867,164.091796875,127.265625,255,0,267.377648399281,352.502302955896,Giro_Off_intento5_180deg_2000_pulsos_Mu_0.50,TIEMPO_MAXIMO
16.086339335,131.372891626679,137.538,0.5608,-0.043,-0.7693,2.644,2.283,1.40377698575168,1.4080648822744,-352,352,1867,164.091796875,127.265625,255,0,266.576014711628,351.805230184024,Giro_Off_intento5_180deg_2000_pulsos_Mu_0.50,TIEMPO_MAXIMO
16.134430043,131.708891626679,137.874,0.5425,-0.0522,-0.7693,2.644,2.278,1.40377698575168,1.40699290814372,-352,352,1867,164.091796875,127.265625,255,0,265.194533093351,350.603941820305,Giro_Off_intento5_180deg_2000_pulsos_Mu_0.50,TIEMPO_MAXIMO
16.18237027,132.031891626679,138.197,0.5483,-0.0522,-0.7651,2.639,2.273,1.41362520491636,1.40865098233688,-351,351,1867,164.091796875,127.265625,255,0,263.857903500781,349.441655218071,Giro_Off_intento5_180deg_2000_pulsos_Mu_0.50,TIEMPO_MAXIMO
16.230350683,132.301891626679,138.467,0.5432,-0.0498,-0.7712,2.639,2.278,1.41362520491636,1.40989453798175,-348,348,1867,164.091796875,127.265625,255,0,262.734160778739,348.464487633686,Giro_Off_intento5_180deg_2000_pulsos_Mu_0.50,TIEMPO_MAXIMO
16.278371709,132.641891626679,138.807,0.5454,-0.0605,-0.7825,2.644,2.278,1.40377698575168,1.40836514992423,-347,347,1867,164.091796875,127.265625,255,0,261.310780983222,347.226766072367,Giro_Off_intento5_180deg_2000_pulsos_Mu_0.50,TIEMPO_MAXIMO
16.32638532,132.990891626679,139.156,0.5425,-0.0627,-0.7778,2.639,2.278,1.41362520491636,1.40968016367226,-347,347,1867,164.091796875,127.265625,255,0,259.840153651882,345.947959697288,Giro_Off_intento5_180deg_2000_pulsos_Mu_0.50,TIEMPO_MAXIMO
16.374398506,133.374891626679,139.54,0.5291,-0.0464,-0.7729,2.639,2.283,1.41362520491636,1.41066642398329,-346,346,1867,164.091796875,127.265625,255,0,258.210904843998,344.531221603476,Giro_Off_intento5_180deg_2000_pulsos_Mu_0.50,TIEMPO_MAXIMO
16.422244554,133.668891626679,139.834,0.5369,-0.0466,-0.7781,2.639,2.278,1.41362520491636,1.41140611921656,-345,345,1867,164.091796875,127.265625,255,0,256.955668088386,343.439711381205,Giro_Off_intento5_180deg_2000_pulsos_Mu_0.50,TIEMPO_MAXIMO
16.470407949,133.856891626679,140.022,0.533,-0.0479,-0.7861,2.644,2.283,1.40377698575168,1.40949883585034,-343,343,1867,164.091796875,127.265625,255,0,256.149451204248,342.738653221085,Giro_Off_intento5_180deg_2000_pulsos_Mu_0.50,TIEMPO_MAXIMO
16.518349813,134.127891626679,140.293,0.5251,-0.0464,-0.7598,2.654,2.283,1.38408054742233,1.40314426374334,-342,342,1867,164.091796875,127.265625,255,0,254.982447514678,341.723867404068,Giro_Off_intento5_180deg_2000_pulsos_Mu_0.50,TIEMPO_MAXIMO
16.566326634,134.414891626679,140.58,0.5254,-0.061,-0.7764,2.639,2.278,1.41362520491636,1.40576449903659,-342,342,1867,164.091796875,127.265625,255,0,253.740324374476,340.643760325631,Giro_Off_intento5_180deg_2000_pulsos_Mu_0.50,TIEMPO_MAXIMO
16.614456028,134.725891626679,140.891,0.5171,-0.0537,-0.781,2.639,2.278,1.41362520491636,1.40772967550653,-341,341,1867,164.091796875,127.265625,255,0,252.387143843315,339.467081602882,Giro_Off_intento5_180deg_2000_pulsos_Mu_0.50,TIEMPO_MAXIMO
16.662305739,134.921891626679,141.087,0.5271,-0.052,-0.7781,2.649,2.278,1.39392876658701,1.40427944827665,-339,339,1867,164.091796875,127.265625,255,0,251.530513074893,338.722185282515,Giro_Off_intento5_180deg_2000_pulsos_Mu_0.50,TIEMPO_MAXIMO
16.71051592,135.113891626679,141.279,0.5244,-0.0623,-0.7791,2.639,2.278,1.41362520491636,1.40661588743658,-338,338,1867,164.091796875,127.265625,255,0,250.688510540333,337.990009165507,Giro_Off_intento5_180deg_2000_pulsos_Mu_0.50,TIEMPO_MAXIMO
16.758451888,135.362891626679,141.528,0.5249,-0.0525,-0.7725,2.639,2.278,1.41362520491636,1.40836821680653,-338,338,1867,164.091796875,127.265625,255,0,249.592347172632,337.036823628375,Giro_Off_intento5_180deg_2000_pulsos_Mu_0.50,TIEMPO_MAXIMO
16.80630985,135.618891626679,141.784,0.5068,-0.0479,-0.792,2.639,2.273,1.41362520491636,1.40968246383398,-336,336,1867,164.091796875,127.265625,255,0,248.460453587308,336.05256833679,Giro_Off_intento5_180deg_2000_pulsos_Mu_0.50,TIEMPO_MAXIMO
16.854406497,135.777891626679,141.943,0.5142,-0.0461,-0.7842,2.649,2.278,1.39392876658701,1.40574403952224,-336,336,1867,164.091796875,127.265625,255,0,247.754943069084,335.439080929638,Giro_Off_intento5_180deg_2000_pulsos_Mu_0.50,TIEMPO_MAXIMO
16.90262217,135.898891626679,142.064,0.5107,-0.0725,-0.7742,2.639,2.273,1.41362520491636,1.40771433087077,-335,335,1867,164.091796875,127.265625,255,0,247.216766368007,334.971101189571,Giro_Off_intento5_180deg_2000_pulsos_Mu_0.50,TIEMPO_MAXIMO
16.966263577,136.040891626679,142.206,0.5146,-0.0457,-0.7903,2.644,2.278,1.40377698575168,1.406729994591,-335,335,1867,164.091796875,127.265625,255,0,246.583781077981,334.420679198244,Giro_Off_intento5_180deg_2000_pulsos_Mu_0.50,TIEMPO_MAXIMO
17.014248587,136.217891626679,142.383,0.5063,-0.0532,-0.79,2.639,2.273,1.41362520491636,1.40845379717234,-334,334,1867,164.091796875,127.265625,255,0,245.792658163236,333.732746228901,Giro_Off_intento5_180deg_2000_pulsos_Mu_0.50,TIEMPO_MAXIMO
17.062215086,136.371891626679,142.537,0.5154,-0.052,-0.7861,2.644,2.273,1.40377698575168,1.40728459431718,-333,333,1867,164.091796875,127.265625,255,0,245.102427984958,333.132546073876,Giro_Off_intento5_180deg_2000_pulsos_Mu_0.50,TIEMPO_MAXIMO
17.110366136,136.643891626679,142.809,0.4929,-0.0537,-0.7778,2.644,2.273,1.40377698575168,1.4064076921758,-332,332,1867,164.091796875,127.265625,255,0,243.878997614178,332.068693577546,Giro_Off_intento5_180deg_2000_pulsos_Mu_0.50,TIEMPO_MAXIMO
17.158351643,136.835891626679,143.001,0.4998,-0.0554,-0.781,2.644,2.273,1.40377698575168,1.40575001556977,-332,332,1867,164.091796875,127.265625,255,0,243.012088914699,331.314859925825,Giro_Off_intento5_180deg_2000_pulsos_Mu_0.50,TIEMPO_MAXIMO
17.206459281,136.949891626679,143.115,0.4944,-0.0547,-0.7751,2.644,2.278,1.40377698575168,1.40525675811525,-331,331,1867,164.091796875,127.265625,255,0,242.496070094059,330.866147907877,Giro_Off_intento5_180deg_2000_pulsos_Mu_0.50,TIEMPO_MAXIMO
17.254346492,136.971891626679,143.137,0.5007,-0.0554,-0.7947,2.649,2.278,1.39392876658701,1.40242476023319,-331,331,1867,164.091796875,127.265625,255,0,242.396376944035,330.779458212204,Giro_Off_intento5_180deg_2000_pulsos_Mu_0.50,TIEMPO_MAXIMO
17.302389606,137.011891626679,143.177,0.499,-0.0579,-0.7959,2.639,2.278,1.41362520491636,1.40522487140398,-331,331,1867,164.091796875,127.265625,255,0,242.215025122221,330.621760975844,Giro_Off_intento5_180deg_2000_pulsos_Mu_0.50,TIEMPO_MAXIMO
17.350246846,137.157891626679,143.323,0.481,-0.0557,-0.8049,2.649,2.273,1.39392876658701,1.40240084519974,-331,331,1867,164.091796875,127.265625,255,0,241.552089811395,330.045295488169,Giro_Off_intento5_180deg_2000_pulsos_Mu_0.50,TIEMPO_MAXIMO
17.398167422,137.358891626679,143.524,0.479,-0.0518,-0.8057,2.634,2.273,1.42347342408103,1.40766898992006,-330,330,1867,164.091796875,127.265625,255,0,240.636853457172,329.249437788846,Giro_Off_intento5_180deg_2000_pulsos_Mu_0.50,TIEMPO_MAXIMO
17.446247742,137.554891626679,143.72,0.4836,-0.05,-0.7971,2.644,2.278,1.40377698575168,1.40669598887797,-329,329,1867,164.091796875,127.265625,255,0,239.741532194692,328.470897560601,Giro_Off_intento5_180deg_2000_pulsos_Mu_0.50,TIEMPO_MAXIMO
17.494352093,137.769891626679,143.935,0.4788,-0.0537,-0.8088,2.639,2.268,1.41362520491636,1.40842829288757,-328,328,1867,164.091796875,127.265625,255,0,238.756193355257,327.614081178484,Giro_Off_intento5_180deg_2000_pulsos_Mu_0.50,TIEMPO_MAXIMO
17.542271258,137.986891626679,144.152,0.4746,-0.0544,-0.8123,2.644,2.268,1.40377698575168,1.4072654661036,-327,327,1867,164.091796875,127.265625,255,0,237.758279653324,326.746330133325,Giro_Off_intento5_180deg_2000_pulsos_Mu_0.50,TIEMPO_MAXIMO
17.59037593,138.168891626679,144.334,0.4709,-0.0396,-0.7954,2.644,2.268,1.40377698575168,1.40639334601562,-326,326,1867,164.091796875,127.265625,255,0,236.91868949187,326.016251732061,Giro_Off_intento5_180deg_2000_pulsos_Mu_0.50,TIEMPO_MAXIMO
17.638270478,138.327891626679,144.493,0.4712,-0.0632,-0.804,2.639,2.268,1.41362520491636,1.4082013107408,-325,325,1867,164.091796875,127.265625,255,0,236.183244612086,325.376734445292,Giro_Off_intento5_180deg_2000_pulsos_Mu_0.50,TIEMPO_MAXIMO
17.686284855,138.564891626679,144.73,0.4648,-0.0569,-0.8086,2.639,2.263,1.41362520491636,1.40955728428469,-325,325,1867,164.091796875,127.265625,255,0,235.083641060636,324.420557444031,Giro_Off_intento5_180deg_2000_pulsos_Mu_0.50,TIEMPO_MAXIMO
17.734519073,138.804891626679,144.97,0.469,-0.0603,-0.8083,2.644,2.268,1.40377698575168,1.40811220965144,-323,323,1867,164.091796875,127.265625,255,0,233.966019574704,323.448712673656,Giro_Off_intento5_180deg_2000_pulsos_Mu_0.50,TIEMPO_MAXIMO
17.782427514,139.170891626679,145.336,0.4602,-0.0613,-0.8127,2.644,2.263,1.40377698575168,1.4070284036765,-322,322,1867,164.091796875,127.265625,255,0,232.253749734363,321.959782377707,Giro_Off_intento5_180deg_2000_pulsos_Mu_0.50,TIEMPO_MAXIMO
17.830202249,139.458891626679,145.624,0.4597,-0.0549,-0.8162,2.639,2.268,1.41362520491636,1.40867760398647,-322,322,1867,164.091796875,127.265625,255,0,230.899723565401,320.78236831774,Giro_Off_intento5_180deg_2000_pulsos_Mu_0.50,TIEMPO_MAXIMO
17.878213031,139.719891626679,145.885,0.4568,-0.0483,-0.822,2.639,2.263,1.41362520491636,1.40991450421894,-321,321,1867,164.091796875,127.265625,255,0,229.667597240903,319.710954122524,Giro_Off_intento5_180deg_2000_pulsos_Mu_0.50,TIEMPO_MAXIMO
17.926287178,139.915891626679,146.081,0.4539,-0.0474,-0.8088,2.644,2.268,1.40377698575168,1.40838012460213,-319,319,1867,164.091796875,127.265625,255,0,228.739187643998,318.903641429564,Giro_Off_intento5_180deg_2000_pulsos_Mu_0.50,TIEMPO_MAXIMO
17.99025622,140.077891626679,146.243,0.4436,-0.053,-0.8137,2.644,2.273,1.40377698575168,1.40722933988952,-319,319,1867,164.091796875,127.265625,255,0,227.969807697319,318.234615388973,Giro_Off_intento5_180deg_2000_pulsos_Mu_0.50,TIEMPO_MAXIMO
18.038248463,140.116891626679,146.282,0.4553,-0.0635,-0.8069,2.639,2.268,1.41362520491636,1.40882830614623,-318,318,1867,164.091796875,127.265625,255,0,227.784314182341,318.073316680296,Giro_Off_intento5_180deg_2000_pulsos_Mu_0.50,TIEMPO_MAXIMO
18.086259413,140.163891626679,146.329,0.449,-0.0518,-0.8123,2.644,2.263,1.40377698575168,1.40756547604759,-318,318,1867,164.091796875,127.265625,255,0,227.560630492121,317.878809123584,Giro_Off_intento5_180deg_2000_pulsos_Mu_0.50,TIEMPO_MAXIMO
18.134282628,140.298891626679,146.464,0.4531,-0.0557,-0.8215,2.644,2.268,1.40377698575168,1.40661835347361,-317,317,1867,164.091796875,127.265625,255,0,226.917283726003,317.319377153046,Giro_Off_intento5_180deg_2000_pulsos_Mu_0.50,TIEMPO_MAXIMO
18.182212357,140.563891626679,146.729,0.4368,-0.0608,-0.8186,2.649,2.263,1.39392876658701,1.40344595675196,-316,316,1867,164.091796875,127.265625,255,0,225.650757677175,316.218050154066,Giro_Off_intento5_180deg_2000_pulsos_Mu_0.50,TIEMPO_MAXIMO
18.230284723,140.809891626679,146.975,0.4419,-0.0549,-0.8301,2.644,2.263,1.40377698575168,1.40352871400189,-316,316,1867,164.091796875,127.265625,255,0,224.470718246735,315.191928910205,Giro_Off_intento5_180deg_2000_pulsos_Mu_0.50,TIEMPO_MAXIMO
18.278213217,141.022891626679,147.188,0.4316,-0.0532,-0.8086,2.644,2.263,1.40377698575168,1.40359078193934,-314,314,1867,164.091796875,127.265625,255,0,223.445633465246,314.300550839345,Giro_Off_intento5_180deg_2000_pulsos_Mu_0.50,TIEMPO_MAXIMO
18.326216199,141.243891626679,147.409,0.4338,-0.0698,-0.8264,2.644,2.263,1.40377698575168,1.40363733289243,-313,313,1867,164.091796875,127.265625,255,0,222.378783824624,313.372855499673,Giro_Off_intento5_180deg_2000_pulsos_Mu_0.50,TIEMPO_MAXIMO
18.374251908,141.396891626679,147.562,0.4141,-0.0547,-0.8196,2.649,2.258,1.39392876658701,1.40121019131607,-314,314,1867,164.091796875,127.265625,255,0,221.638256536599,312.728918727478,Giro_Off_intento5_180deg_2000_pulsos_Mu_0.50,TIEMPO_MAXIMO
18.422215552,141.516891626679,147.682,0.4236,-0.0491,-0.8311,2.649,2.263,1.39392876658701,1.39938983513381,-313,313,1867,164.091796875,127.265625,255,0,221.05634466148,312.222908401287,Giro_Off_intento5_180deg_2000_pulsos_Mu_0.50,TIEMPO_MAXIMO
18.470311926,141.651891626679,147.817,0.4209,-0.0547,-0.832,2.644,2.263,1.40377698575168,1.40048662278828,-312,312,1867,164.091796875,127.265625,255,0,220.400534881019,311.652639026973,Giro_Off_intento5_180deg_2000_pulsos_Mu_0.50,TIEMPO_MAXIMO
18.518171545,141.845891626679,148.011,0.4199,-0.0452,-0.8269,2.639,2.263,1.41362520491636,1.4037712683203,-311,311,1867,164.091796875,127.265625,255,0,219.455970298512,310.831278520445,Giro_Off_intento5_180deg_2000_pulsos_Mu_0.50,TIEMPO_MAXIMO
18.566098615,142.081891626679,148.247,0.4102,-0.0525,-0.8296,2.644,2.263,1.40377698575168,1.40377269767814,-310,310,1867,164.091796875,127.265625,255,0,218.303521437196,309.829149075822,Giro_Off_intento5_180deg_2000_pulsos_Mu_0.50,TIEMPO_MAXIMO
18.614158944,142.344891626679,148.51,0.4141,-0.0549,-0.8257,2.654,2.258,1.38408054742233,1.39884966011419,-310,310,1867,164.091796875,127.265625,255,0,217.014861931514,308.708575592621,Giro_Off_intento5_180deg_2000_pulsos_Mu_0.50,TIEMPO_MAXIMO
18.66212472,142.648891626679,148.814,0.4094,-0.0615,-0.8401,2.639,2.258,1.41362520491636,1.40254354631473,-309,309,1867,164.091796875,127.265625,255,0,215.519613188368,307.408359294233,Giro_Off_intento5_180deg_2000_pulsos_Mu_0.50,TIEMPO_MAXIMO
18.710214395,142.951891626679,149.117,0.4124,-0.0537,-0.8267,2.644,2.263,1.40377698575168,1.40285190617397,-307,307,1867,164.091796875,127.265625,255,0,214.023245693305,306.107170168092,Giro_Off_intento5_180deg_2000_pulsos_Mu_0.50,TIEMPO_MAXIMO
18.758594278,143.162891626679,149.328,0.4033,-0.062,-0.835,2.644,2.263,1.40377698575168,1.4030831760684,-305,305,1867,164.091796875,127.265625,255,0,212.977682963215,305.197985185404,Giro_Off_intento5_180deg_2000_pulsos_Mu_0.50,TIEMPO_MAXIMO
18.806146211,143.358891626679,149.524,0.4133,-0.0476,-0.8386,2.644,2.258,1.40377698575168,1.40325662848922,-305,305,1867,164.091796875,127.265625,255,0,212.003861365898,304.351183796433,Giro_Off_intento5_180deg_2000_pulsos_Mu_0.50,TIEMPO_MAXIMO
18.854141179,143.553891626679,149.719,0.407,-0.0532,-0.8467,2.654,2.263,1.38408054742233,1.3984626082225,-304,304,1867,164.091796875,127.265625,255,0,211.03254627556,303.506561978748,Giro_Off_intento5_180deg_2000_pulsos_Mu_0.50,TIEMPO_MAXIMO
18.902277628,143.743891626679,149.909,0.4041,-0.0542,-0.8347,2.644,2.263,1.40377698575168,1.39979120260479,-304,304,1867,164.091796875,127.265625,255,0,210.083785415721,302.68155253541,Giro_Off_intento5_180deg_2000_pulsos_Mu_0.50,TIEMPO_MAXIMO
18.950142464,143.901891626679,150.067,0.4038,-0.0464,-0.8584,2.649,2.263,1.39392876658701,1.39832559360035,-302,302,1867,164.091796875,127.265625,255,0,209.29305605787,301.993961789452,Giro_Off_intento5_180deg_2000_pulsos_Mu_0.50,TIEMPO_MAXIMO
18.99820414,144.081891626679,150.247,0.4045,-0.0569,-0.8342,2.644,2.263,1.40377698575168,1.39968844163818,-301,301,1867,164.091796875,127.265625,255,0,208.390286079579,301.208944417026,Giro_Off_intento5_180deg_2000_pulsos_Mu_0.50,TIEMPO_MAXIMO
19.046384796,144.288891626679,150.454,0.4043,-0.0603,-0.8398,2.644,2.263,1.40377698575168,1.40071057766656,-301,301,1867,164.091796875,127.265625,255,0,207.349558526301,300.303963935914,Giro_Off_intento5_180deg_2000_pulsos_Mu_0.50,TIEMPO_MAXIMO
19.094158264,144.489891626679,150.655,0.3938,-0.0625,-0.835,2.644,2.253,1.40377698575168,1.40147717968784,-299,299,1867,164.091796875,127.265625,255,0,206.336406959601,299.422962573566,Giro_Off_intento5_180deg_2000_pulsos_Mu_0.50,TIEMPO_MAXIMO
19.142145505,144.632891626679,150.798,0.3972,-0.0566,-0.8384,2.644,2.258,1.40377698575168,1.4020521312038,-299,299,1867,164.091796875,127.265625,255,0,205.614060907766,298.794835571971,Giro_Off_intento5_180deg_2000_pulsos_Mu_0.50,TIEMPO_MAXIMO
19.19032174,144.742891626679,150.908,0.4045,-0.063,-0.8425,2.649,2.263,1.39392876658701,1.4000212900496,-298,298,1867,164.091796875,127.265625,255,0,205.057538316412,298.310902883837,Giro_Off_intento5_180deg_2000_pulsos_Mu_0.50,TIEMPO_MAXIMO
19.238210248,144.953891626679,151.119,0.385,-0.0664,-0.834,2.649,2.258,1.39392876658701,1.39849815918395,-297,297,1867,164.091796875,127.265625,255,0,203.987913182461,297.380794071705,Giro_Off_intento5_180deg_2000_pulsos_Mu_0.50,TIEMPO_MAXIMO
19.28620107,145.073891626679,151.239,0.3911,-0.0479,-0.8538,2.644,2.263,1.40377698575168,1.39981786582589,-297,297,1867,164.091796875,127.265625,255,0,203.378360574248,296.850748325433,Giro_Off_intento5_180deg_2000_pulsos_Mu_0.50,TIEMPO_MAXIMO
19.334135454,145.199891626679,151.365,0.3901,-0.0574,-0.8435,2.644,2.258,1.40377698575168,1.40080764580734,-297,297,1867,164.091796875,127.265625,255,0,202.737370242729,296.29336542846,Giro_Off_intento5_180deg_2000_pulsos_Mu_0.50,TIEMPO_MAXIMO
19.382162761,145.328891626679,151.494,0.3879,-0.0588,-0.8396,2.644,2.258,1.40377698575168,1.40154998079342,-296,296,1867,164.091796875,127.265625,255,0,202.080102508815,295.721828268534,Giro_Off_intento5_180deg_2000_pulsos_Mu_0.50,TIEMPO_MAXIMO
19.43018607,145.474891626679,151.64,0.3835,-0.0549,-0.8486,2.649,2.263,1.39392876658701,1.39964467724182,-295,295,1867,164.091796875,127.265625,255,0,201.334982514913,295.073897839054,Giro_Off_intento5_180deg_2000_pulsos_Mu_0.50,TIEMPO_MAXIMO
19.478144016,145.505891626679,151.671,0.3831,-0.0557,-0.8342,2.644,2.263,1.40377698575168,1.40067775436929,-295,295,1867,164.091796875,127.265625,255,0,201.176603682437,294.936177115162,Giro_Off_intento5_180deg_2000_pulsos_Mu_0.50,TIEMPO_MAXIMO
19.526122539,145.528891626679,151.694,0.3901,-0.0632,-0.8645,2.644,2.263,1.40377698575168,1.40145256221488,-295,295,1867,164.091796875,127.265625,255,0,201.059058748093,294.833964128777,Giro_Off_intento5_180deg_2000_pulsos_Mu_0.50,TIEMPO_MAXIMO
19.574038154,145.544891626679,151.71,0.3806,-0.0488,-0.8418,2.649,2.253,1.39392876658701,1.39957161330792,-294,294,1867,164.091796875,127.265625,255,0,200.977269249071,294.762842825279,Giro_Off_intento5_180deg_2000_pulsos_Mu_0.50,TIEMPO_MAXIMO
19.62212115,145.633891626679,151.799,0.3896,-0.0713,-0.8406,2.644,2.263,1.40377698575168,1.40062295641886,-294,294,1867,164.091796875,127.265625,255,0,200.522029281919,294.366981984277,Giro_Off_intento5_180deg_2000_pulsos_Mu_0.50,TIEMPO_MAXIMO
19.670114724,145.814891626679,151.98,0.377,-0.0557,-0.8489,2.644,2.253,1.40377698575168,1.40141146375206,-294,294,1867,164.091796875,127.265625,255,0,199.594712798343,293.560619824646,Giro_Off_intento5_180deg_2000_pulsos_Mu_0.50,TIEMPO_MAXIMO
19.718170129,146.050891626679,152.216,0.3774,-0.0522,-0.8584,2.649,2.258,1.39392876658701,1.3995407894608,-294,294,1867,164.091796875,127.265625,255,0,198.382624749611,292.506630217053,Giro_Off_intento5_180deg_2000_pulsos_Mu_0.50,TIEMPO_MAXIMO
19.766148408,146.303891626679,152.469,0.3652,-0.053,-0.8545,2.644,2.258,1.40377698575168,1.40059983853352,-292,292,1867,164.091796875,127.265625,255,0,197.079487669659,291.373467538834,Giro_Off_intento5_180deg_2000_pulsos_Mu_0.50,TIEMPO_MAXIMO
19.814176089,146.463891626679,152.629,0.373,-0.054,-0.8577,2.639,2.258,1.41362520491636,1.40385618012923,-291,291,1867,164.091796875,127.265625,255,0,196.253384233051,290.655116724392,Giro_Off_intento5_180deg_2000_pulsos_Mu_0.50,TIEMPO_MAXIMO
19.862536123,146.578891626679,152.744,0.3579,-0.054,-0.8481,2.639,2.258,1.41362520491636,1.40629843632601,-291,291,1867,164.091796875,127.265625,255,0,195.658676709058,290.137979747007,Giro_Off_intento5_180deg_2000_pulsos_Mu_0.50,TIEMPO_MAXIMO
19.910050628,146.619891626679,152.785,0.3672,-0.0498,-0.8555,2.639,2.258,1.41362520491636,1.4081301284736,-290,290,1867,164.091796875,127.265625,255,0,195.446459819902,289.953443321654,Giro_Off_intento5_180deg_2000_pulsos_Mu_0.50,TIEMPO_MAXIMO
19.958211148,146.758891626679,152.924,0.3523,-0.0535,-0.8499,2.644,2.263,1.40377698575168,1.40704184279312,-290,290,1867,164.091796875,127.265625,255,0,194.726248649906,289.327172739049,Giro_Off_intento5_180deg_2000_pulsos_Mu_0.50,TIEMPO_MAXIMO
20.006122136,146.871891626679,153.037,0.3604,-0.0552,-0.8601,2.644,2.263,1.40377698575168,1.40622562853276,-289,289,1867,164.091796875,127.265625,255,0,194.139908488211,288.817311728879,Giro_Off_intento5_180deg_2000_pulsos_Mu_0.50,TIEMPO_MAXIMO
20.05413292,146.915891626679,153.081,0.3569,-0.054,-0.8564,2.649,2.258,1.39392876658701,1.40315141304632,-289,289,1867,164.091796875,127.265625,255,0,193.911394655095,288.618604047909,Giro_Off_intento5_180deg_2000_pulsos_Mu_0.50,TIEMPO_MAXIMO
20.102113635,146.973891626679,153.139,0.3533,-0.0471,-0.8613,2.639,2.258,1.41362520491636,1.40576986101383,-288,288,1867,164.091796875,127.265625,255,0,193.609997171457,288.356519279528,Giro_Off_intento5_180deg_2000_pulsos_Mu_0.50,TIEMPO_MAXIMO
20.150238804,147.034891626679,153.2,0.335,-0.0525,-0.8552,2.644,2.258,1.40377698575168,1.4052716421983,-288,288,1867,164.091796875,127.265625,255,0,193.292796111629,288.080692270982,Giro_Off_intento5_180deg_2000_pulsos_Mu_0.50,TIEMPO_MAXIMO
20.198292162,147.055891626679,153.221,0.3118,-0.0586,-0.8684,2.649,2.258,1.39392876658701,1.40243592329547,-288,288,1867,164.091796875,127.265625,255,0,193.1835450326,287.985691332695,Giro_Off_intento5_180deg_2000_pulsos_Mu_0.50,TIEMPO_MAXIMO
20.246079116,147.095891626679,153.261,0.3447,-0.0562,-0.8589,2.644,2.263,1.40377698575168,1.40277118890953,-287,287,1867,164.091796875,127.265625,255,0,192.975375958029,287.804674746112,Giro_Off_intento5_180deg_2000_pulsos_Mu_0.50,TIEMPO_MAXIMO
20.294186642,147.285891626679,153.451,0.3276,-0.0496,-0.8704,2.644,2.263,1.40377698575168,1.40302263812007,-287,287,1867,164.091796875,127.265625,255,0,191.985290164134,286.943730577508,Giro_Off_intento5_180deg_2000_pulsos_Mu_0.50,TIEMPO_MAXIMO
20.342054396,147.557891626679,153.723,0.3203,-0.0522,-0.8711,2.644,2.263,1.40377698575168,1.40321122502797,-287,287,1867,164.091796875,127.265625,255,0,190.564232374968,285.708028152146,Giro_Off_intento5_180deg_2000_pulsos_Mu_0.50,TIEMPO_MAXIMO
20.390060662,147.738891626679,153.904,0.3252,-0.0518,-0.8586,2.654,2.258,1.38408054742233,1.39842855562656,-286,286,1867,164.091796875,127.265625,255,0,189.616220215904,284.88366975296,Giro_Off_intento5_180deg_2000_pulsos_Mu_0.50,TIEMPO_MAXIMO
20.438069664,147.957891626679,154.123,0.324,-0.0562,-0.8708,2.639,2.258,1.41362520491636,1.40222771794901,-285,285,1867,164.091796875,127.265625,255,0,188.466648862806,283.884042489396,Giro_Off_intento5_180deg_2000_pulsos_Mu_0.50,TIEMPO_MAXIMO
20.486105576,148.194891626679,154.36,0.3169,-0.0676,-0.8699,2.639,2.258,1.41362520491636,1.40507708969085,-284,284,1867,164.091796875,127.265625,255,0,187.219490497288,282.799556954163,Giro_Off_intento5_180deg_2000_pulsos_Mu_0.50,TIEMPO_MAXIMO
20.534049804,148.357891626679,154.523,0.3176,-0.0649,-0.8662,2.639,2.258,1.41362520491636,1.40721411849723,-282,282,1867,164.091796875,127.265625,255,0,186.359879752065,282.052069349621,Giro_Off_intento5_180deg_2000_pulsos_Mu_0.50,TIEMPO_MAXIMO
20.582156034,148.565891626679,154.731,0.3025,-0.0667,-0.876,2.649,2.258,1.39392876658701,1.40389278051967,-282,282,1867,164.091796875,127.265625,255,0,185.260763735017,281.09631629132,Giro_Off_intento5_180deg_2000_pulsos_Mu_0.50,TIEMPO_MAXIMO
20.629965493,148.689891626679,154.855,0.2932,-0.0481,-0.8665,2.639,2.258,1.41362520491636,1.40632588661884,-281,281,1867,164.091796875,127.265625,255,0,184.604358935918,280.525529509494,Giro_Off_intento5_180deg_2000_pulsos_Mu_0.50,TIEMPO_MAXIMO
20.677981304,148.733891626679,154.899,0.3188,-0.0337,-0.8574,2.639,2.258,1.41362520491636,1.40815071619322,-281,281,1867,164.091796875,127.265625,255,0,184.37123310524,280.322811395861,Giro_Off_intento5_180deg_2000_pulsos_Mu_0.50,TIEMPO_MAXIMO
20.72638856,148.826891626679,154.992,0.2866,-0.0559,-0.8877,2.649,2.258,1.39392876658701,1.40459522879167,-280,280,1867,164.091796875,127.265625,255,0,183.878132255835,279.894028048553,Giro_Off_intento5_180deg_2000_pulsos_Mu_0.50,TIEMPO_MAXIMO
20.774085523,148.976891626679,155.142,0.2944,-0.0566,-0.8682,2.639,2.258,1.41362520491636,1.40685272282284,-279,279,1867,164.091796875,127.265625,255,0,183.081788037695,279.201554815387,Giro_Off_intento5_180deg_2000_pulsos_Mu_0.50,TIEMPO_MAXIMO
20.822089636,149.254891626679,155.42,0.2817,-0.0579,-0.8694,2.649,2.263,1.39392876658701,1.40362173376388,-279,279,1867,164.091796875,127.265625,255,0,181.602583003514,277.915289568273,Giro_Off_intento5_180deg_2000_pulsos_Mu_0.50,TIEMPO_MAXIMO
20.870019242,149.580891626679,155.746,0.2786,-0.0603,-0.8655,2.644,2.258,1.40377698575168,1.40366054676083,-278,278,1867,164.091796875,127.265625,255,0,179.862531934268,276.402201681972,Giro_Off_intento5_180deg_2000_pulsos_Mu_0.50,TIEMPO_MAXIMO
20.918028242,149.820891626679,155.986,0.2786,-0.0576,-0.864,2.644,2.258,1.40377698575168,1.40368965650855,-275,275,1867,164.091796875,127.265625,255,0,178.577788292672,275.285033297976,Giro_Off_intento5_180deg_2000_pulsos_Mu_0.50,TIEMPO_MAXIMO
20.965987444,150.108891626679,156.274,0.2815,-0.0671,-0.8848,2.639,2.258,1.41362520491636,1.4061735436105,-274,274,1867,164.091796875,127.265625,255,0,177.031961934858,273.940836465094,Giro_Off_intento5_180deg_2000_pulsos_Mu_0.50,TIEMPO_MAXIMO
21.01407308,150.379891626679,156.545,0.2683,-0.0605,-0.8926,2.649,2.258,1.39392876658701,1.40311234935463,-273,273,1867,164.091796875,127.265625,255,0,175.573296901974,272.672432088673,Giro_Off_intento5_180deg_2000_pulsos_Mu_0.50,TIEMPO_MAXIMO
21.062166591,150.612891626679,156.778,0.2688,-0.0625,-0.8811,2.644,2.253,1.40377698575168,1.40327850845389,-273,273,1867,164.091796875,127.265625,255,0,174.316026420114,271.579153408795,Giro_Off_intento5_180deg_2000_pulsos_Mu_0.50,TIEMPO_MAXIMO
21.110020955,150.913891626679,157.079,0.2654,-0.0596,-0.8831,2.644,2.263,1.40377698575168,1.40340312777834,-272,272,1867,164.091796875,127.265625,255,0,172.687562756307,270.163098048962,Giro_Off_intento5_180deg_2000_pulsos_Mu_0.50,TIEMPO_MAXIMO
21.158085612,151.210891626679,157.376,0.2529,-0.0632,-0.8894,2.644,2.258,1.40377698575168,1.40349659227168,-270,270,1867,164.091796875,127.265625,255,0,171.076068259797,268.76179848678,Giro_Off_intento5_180deg_2000_pulsos_Mu_0.50,TIEMPO_MAXIMO
21.206109003,151.512891626679,157.678,0.2595,-0.0637,-0.8853,2.649,2.258,1.39392876658701,1.40110463585051,-268,268,1867,164.091796875,127.265625,255,0,169.432730940391,267.332809513384,Giro_Off_intento5_180deg_2000_pulsos_Mu_0.50,TIEMPO_MAXIMO
21.25403184,151.805891626679,157.971,0.248,-0.0586,-0.8848,2.639,2.253,1.41362520491636,1.40423477811697,-267,267,1867,164.091796875,127.265625,255,0,167.833867922668,265.942493845799,Giro_Off_intento5_180deg_2000_pulsos_Mu_0.50,TIEMPO_MAXIMO
21.301951026,152.081891626679,158.247,0.2434,-0.0652,-0.8794,2.639,2.258,1.41362520491636,1.40658238481682,-266,266,1867,164.091796875,127.265625,255,0,166.323756522158,264.629353497528,Giro_Off_intento5_180deg_2000_pulsos_Mu_0.50,TIEMPO_MAXIMO
21.349989113,152.240891626679,158.406,0.2429,-0.0569,-0.8892,2.644,2.258,1.40377698575168,1.40588103505053,-265,265,1867,164.091796875,127.265625,255,0,165.452046666929,263.871344927764,Giro_Off_intento5_180deg_2000_pulsos_Mu_0.50,TIEMPO_MAXIMO
21.398073091,152.408891626679,158.574,0.2441,-0.0657,-0.8845,2.649,2.263,1.39392876658701,1.40289296793465,-263,263,1867,164.091796875,127.265625,255,0,164.529610507543,263.069226528298,Giro_Off_intento5_180deg_2000_pulsos_Mu_0.50,TIEMPO_MAXIMO
21.44601588,152.618891626679,158.784,0.2385,-0.0613,-0.8782,2.639,2.258,1.41362520491636,1.40557602718008,-262,262,1867,164.091796875,127.265625,255,0,163.374577033613,262.064849594446,Giro_Off_intento5_180deg_2000_pulsos_Mu_0.50,TIEMPO_MAXIMO
21.494059715,152.853891626679,159.019,0.2346,-0.0625,-0.8926,2.649,2.263,1.39392876658701,1.40266421203181,-262,262,1867,164.091796875,127.265625,255,0,162.079438130198,260.938641852346,Giro_Off_intento5_180deg_2000_pulsos_Mu_0.50,TIEMPO_MAXIMO
21.541990838,153.117891626679,159.283,0.2249,-0.0566,-0.8809,2.649,2.258,1.39392876658701,1.40048035067061,-261,261,1867,164.091796875,127.265625,255,0,160.621222600729,259.67062834846,Giro_Off_intento5_180deg_2000_pulsos_Mu_0.50,TIEMPO_MAXIMO
21.589958168,153.369891626679,159.535,0.2285,-0.0625,-0.9014,2.644,2.258,1.40377698575168,1.40130450944088,-259,259,1867,164.091796875,127.265625,255,0,159.22610805832,258.457485268104,Giro_Off_intento5_180deg_2000_pulsos_Mu_0.50,TIEMPO_MAXIMO
21.638014543,153.700891626679,159.866,0.2222,-0.0593,-0.8936,2.639,2.258,1.41362520491636,1.40438468330975,-257,257,1867,164.091796875,127.265625,255,0,157.388960590276,256.859965730675,Giro_Off_intento5_180deg_2000_pulsos_Mu_0.50,TIEMPO_MAXIMO
21.686084352,154.006891626679,160.172,0.2126,-0.0588,-0.8896,2.644,2.263,1.40377698575168,1.40423275892023,-257,257,1867,164.091796875,127.265625,255,0,155.685896507265,255.3790404411,Giro_Off_intento5_180deg_2000_pulsos_Mu_0.50,TIEMPO_MAXIMO
21.733947469,154.303891626679,160.469,0.21,-0.0627,-0.8916,2.644,2.258,1.40377698575168,1.4041188156281,-255,255,1867,164.091796875,127.265625,255,0,154.028675435365,253.937978639448,Giro_Off_intento5_180deg_2000_pulsos_Mu_0.50,TIEMPO_MAXIMO
21.781986188,154.603891626679,160.769,0.2065,-0.0598,-0.8853,2.649,2.263,1.39392876658701,1.40157130336782,-254,254,1867,164.091796875,127.265625,255,0,152.350513248908,252.478707172964,Giro_Off_intento5_180deg_2000_pulsos_Mu_0.50,TIEMPO_MAXIMO
21.830187235,154.786891626679,160.952,0.1985,-0.0588,-0.8945,2.639,2.258,1.41362520491636,1.40458477875496,-252,252,1867,164.091796875,127.265625,255,0,151.324780372336,251.586765541162,Giro_Off_intento5_180deg_2000_pulsos_Mu_0.50,TIEMPO_MAXIMO
21.878152599,154.967891626679,161.133,0.2104,-0.0537,-0.9055,2.644,2.263,1.40377698575168,1.40438283050414,-251,251,1867,164.091796875,127.265625,255,0,150.308739155048,250.703251439172,Giro_Off_intento5_180deg_2000_pulsos_Mu_0.50,TIEMPO_MAXIMO
21.925919775,155.169891626679,161.335,0.2019,-0.0642,-0.9014,2.644,2.263,1.40377698575168,1.40423136931603,-251,251,1867,164.091796875,127.265625,255,0,149.173044002257,249.715690436745,Giro_Off_intento5_180deg_2000_pulsos_Mu_0.50,TIEMPO_MAXIMO
21.973956552,155.434891626679,161.6,0.2024,-0.0681,-0.8994,2.639,2.258,1.41362520491636,1.40657982821611,-250,250,1867,164.091796875,127.265625,255,0,147.680337369847,248.417684669432,Giro_Off_intento5_180deg_2000_pulsos_Mu_0.50,TIEMPO_MAXIMO
22.021959852,155.784891626679,161.95,0.187,-0.0642,-0.8911,2.649,2.263,1.39392876658701,1.40341706280883,-248,248,1867,164.091796875,127.265625,255,0,145.70400167556,246.699131891791,Giro_Off_intento5_180deg_2000_pulsos_Mu_0.50,TIEMPO_MAXIMO
22.069925026,156.093891626679,162.259,0.1853,-0.0669,-0.9004,2.639,2.258,1.41362520491636,1.40596909833572,-246,246,1867,164.091796875,127.265625,255,0,143.954658230212,245.177963678445,Giro_Off_intento5_180deg_2000_pulsos_Mu_0.50,TIEMPO_MAXIMO
22.118073221,156.419891626679,162.585,0.177,-0.0615,-0.8962,2.644,2.258,1.40377698575168,1.40542107018971,-244,244,1867,164.091796875,127.265625,255,0,142.104534805432,243.569160700376,Giro_Off_intento5_180deg_2000_pulsos_Mu_0.50,TIEMPO_MAXIMO
22.165903349,156.585891626679,162.751,0.1792,-0.0781,-0.8855,2.644,2.263,1.40377698575168,1.4050100490802,-244,244,1867,164.091796875,127.265625,255,0,141.160675962076,242.748413880066,Giro_Off_intento5_180deg_2000_pulsos_Mu_0.50,TIEMPO_MAXIMO
22.213944893,156.706891626679,162.872,0.1724,-0.0625,-0.9001,2.639,2.258,1.41362520491636,1.40716383803924,-243,243,1867,164.091796875,127.265625,255,0,140.471935386333,242.149509031594,Giro_Off_intento5_180deg_2000_pulsos_Mu_0.50,TIEMPO_MAXIMO
22.262084987,156.801891626679,162.967,0.1704,-0.0559,-0.8943,2.649,2.258,1.39392876658701,1.40385507017618,-242,242,1867,164.091796875,127.265625,255,0,139.930749471761,241.67891258414,Giro_Off_intento5_180deg_2000_pulsos_Mu_0.50,TIEMPO_MAXIMO
22.309996094,157.006891626679,163.172,0.1765,-0.0588,-0.8965,2.639,2.258,1.41362520491636,1.40629760386123,-242,242,1867,164.091796875,127.265625,255,0,138.761618464041,240.662276925253,Giro_Off_intento5_180deg_2000_pulsos_Mu_0.50,TIEMPO_MAXIMO
22.357911022,157.309891626679,163.475,0.1646,-0.0645,-0.9026,2.644,2.258,1.40377698575168,1.40566744933384,-241,241,1867,164.091796875,127.265625,255,0,137.030337058067,239.156814833102,Giro_Off_intento5_180deg_2000_pulsos_Mu_0.50,TIEMPO_MAXIMO
22.405942022,157.641891626679,163.807,0.1572,-0.0735,-0.9065,2.639,2.253,1.41362520491636,1.40765688822947,-239,239,1867,164.091796875,127.265625,255,0,135.128957232289,237.503441071555,Giro_Off_intento5_180deg_2000_pulsos_Mu_0.50,TIEMPO_MAXIMO
22.453895786,157.864891626679,164.03,0.1448,-0.0713,-0.8999,2.639,2.258,1.41362520491636,1.40914896740119,-237,237,1867,164.091796875,127.265625,255,0,133.849274434008,236.390673420877,Giro_Off_intento5_180deg_2000_pulsos_Mu_0.50,TIEMPO_MAXIMO
22.501954721,157.962891626679,164.128,0.145,-0.0754,-0.8955,2.644,2.263,1.40377698575168,1.40780597198882,-236,236,1867,164.091796875,127.265625,255,0,133.286260159692,235.901095791037,Giro_Off_intento5_180deg_2000_pulsos_Mu_0.50,TIEMPO_MAXIMO
22.549888128,158.054891626679,164.22,0.1511,-0.0669,-0.8889,2.639,2.263,1.41362520491636,1.4092607802207,-236,236,1867,164.091796875,127.265625,255,0,132.757361261042,235.441183705254,Giro_Off_intento5_180deg_2000_pulsos_Mu_0.50,TIEMPO_MAXIMO
22.597938937,158.254891626679,164.42,0.1467,-0.0583,-0.8972,2.644,2.253,1.40377698575168,1.40788983160345,-235,235,1867,164.091796875,127.265625,255,0,131.606402034977,234.440349595632,Giro_Off_intento5_180deg_2000_pulsos_Mu_0.50,TIEMPO_MAXIMO
22.645955813,158.629891626679,164.795,0.137,-0.0691,-0.8955,2.639,2.263,1.41362520491636,1.40932367493168,-234,234,1867,164.091796875,127.265625,255,0,129.444042369881,232.560036843374,Giro_Off_intento5_180deg_2000_pulsos_Mu_0.50,TIEMPO_MAXIMO
22.693883352,158.973891626679,165.139,0.113,-0.0659,-0.9014,2.639,2.258,1.41362520491636,1.41039905742785,-232,232,1867,164.091796875,127.265625,255,0,127.45555919718,230.830921041026,Giro_Off_intento5_180deg_2000_pulsos_Mu_0.50,TIEMPO_MAXIMO
22.741952671,159.272891626679,165.438,0.1213,-0.062,-0.8999,2.639,2.258,1.41362520491636,1.41120559429998,-230,230,1867,164.091796875,127.265625,255,0,125.723462631088,229.324750113989,Giro_Off_intento5_180deg_2000_pulsos_Mu_0.50,TIEMPO_MAXIMO
22.78989495,159.467891626679,165.633,0.1216,-0.0684,-0.9045,2.639,2.258,1.41362520491636,1.41181049695407,-229,229,1867,164.091796875,127.265625,255,0,124.591986887852,228.34085816335,Giro_Off_intento5_180deg_2000_pulsos_Mu_0.50,TIEMPO_MAXIMO
22.837944487,159.709891626679,165.875,0.1111,-0.0789,-0.8999,2.649,2.263,1.39392876658701,1.40734006436231,-228,228,1867,164.091796875,127.265625,255,0,123.185791111036,227.118079226988,Giro_Off_intento5_180deg_2000_pulsos_Mu_0.50,TIEMPO_MAXIMO
22.885908853,159.926891626679,166.092,0.1108,-0.0696,-0.9011,2.644,2.253,1.40377698575168,1.40644929470965,-226,226,1867,164.091796875,127.265625,255,0,121.922993982064,226.019994767012,Giro_Off_intento5_180deg_2000_pulsos_Mu_0.50,TIEMPO_MAXIMO
22.949907857,160.261891626679,166.427,0.0999,-0.0732,-0.8979,2.644,2.253,1.40377698575168,1.40578121747016,-226,226,1867,164.091796875,127.265625,255,0,119.970087049949,224.321814826042,Giro_Off_intento5_180deg_2000_pulsos_Mu_0.50,TIEMPO_MAXIMO
22.997876358,160.598891626679,166.764,0.1057,-0.0737,-0.9031,2.644,2.258,1.40377698575168,1.40528015954054,-224,224,1867,164.091796875,127.265625,255,0,118.00138305703,222.609898310461,Giro_Off_intento5_180deg_2000_pulsos_Mu_0.50,TIEMPO_MAXIMO
23.045857368,161.005891626679,167.171,0.0913,-0.0662,-0.9082,2.644,2.258,1.40377698575168,1.40490436609333,-221,221,1867,164.091796875,127.265625,255,0,115.61831350545,220.537663917782,Giro_Off_intento5_180deg_2000_pulsos_Mu_0.50,TIEMPO_MAXIMO
23.109907554,161.415891626679,167.581,0.0942,-0.0688,-0.9019,2.639,2.258,1.41362520491636,1.40708457579908,-221,221,1867,164.091796875,127.265625,255,0,113.211779941493,218.44502603608,Giro_Off_intento5_180deg_2000_pulsos_Mu_0.50,TIEMPO_MAXIMO
23.157868241,161.687891626679,167.853,0.0776,-0.0645,-0.9102,2.644,2.258,1.40377698575168,1.40625767828723,-218,218,1867,164.091796875,127.265625,255,0,111.612044058922,217.053951355584,Giro_Off_intento5_180deg_2000_pulsos_Mu_0.50,TIEMPO_MAXIMO
23.205955762,161.819891626679,167.985,0.0862,-0.0725,-0.8921,2.639,2.258,1.41362520491636,1.40809955994452,-216,216,1867,164.091796875,127.265625,255,0,110.834792866939,216.37808075386,Giro_Off_intento5_180deg_2000_pulsos_Mu_0.50,TIEMPO_MAXIMO
23.253870253,162.005891626679,168.171,0.0979,-0.0742,-0.9067,2.644,2.258,1.40377698575168,1.40701891639631,-215,215,1867,164.091796875,127.265625,255,0,109.738577750564,215.424850217882,Giro_Off_intento5_180deg_2000_pulsos_Mu_0.50,TIEMPO_MAXIMO
23.301839759,162.362891626679,168.528,0.0693,-0.0659,-0.906,2.639,2.263,1.41362520491636,1.40867048852632,-215,215,1867,164.091796875,127.265625,255,0,107.63132184139,213.592453775122,Giro_Off_intento5_180deg_2000_pulsos_Mu_0.50,TIEMPO_MAXIMO
23.349969744,162.785891626679,168.951,0.0676,-0.0769,-0.9019,2.644,2.263,1.40377698575168,1.40744711283266,-214,214,1867,164.091796875,127.265625,255,0,105.129086994717,211.41659738671,Giro_Off_intento5_180deg_2000_pulsos_Mu_0.50,TIEMPO_MAXIMO
23.397884035,163.051891626679,169.217,0.0654,-0.0605,-0.9028,2.639,2.258,1.41362520491636,1.40899163585359,-211,211,1867,164.091796875,127.265625,255,0,103.552634372811,210.045769019835,Giro_Off_intento5_180deg_2000_pulsos_Mu_0.50,TIEMPO_MAXIMO
23.445775261,163.360891626679,169.526,0.063,-0.0725,-0.9026,2.644,2.263,1.40377698575168,1.40768797332811,-209,209,1867,164.091796875,127.265625,255,0,101.718541687357,208.450905815093,Giro_Off_intento5_180deg_2000_pulsos_Mu_0.50,TIEMPO_MAXIMO
23.49383165,163.646891626679,169.812,0.0637,-0.072,-0.8984,2.639,2.253,1.41362520491636,1.40917228122517,-207,207,1867,164.091796875,127.265625,255,0,100.018329674113,206.972460586185,Giro_Off_intento5_180deg_2000_pulsos_Mu_0.50,TIEMPO_MAXIMO
23.541871529,163.894891626679,170.06,0.0669,-0.0754,-0.8918,2.649,2.263,1.39392876658701,1.40536140256563,-207,207,1867,164.091796875,127.265625,255,0,98.5420010156406,205.68869653534,Giro_Off_intento5_180deg_2000_pulsos_Mu_0.50,TIEMPO_MAXIMO
23.589878647,164.248891626679,170.414,0.0571,-0.0713,-0.9041,2.644,2.258,1.40377698575168,1.40496529836215,-207,207,1867,164.091796875,127.265625,255,0,96.4314692574863,203.853451528249,Giro_Off_intento5_180deg_2000_pulsos_Mu_0.50,TIEMPO_MAXIMO
23.637935173,164.563891626679,170.729,0.0645,-0.0779,-0.9045,2.639,2.253,1.41362520491636,1.4071302750007,-203,203,1867,164.091796875,127.265625,255,0,94.5503560897403,202.2177009476,Giro_Off_intento5_180deg_2000_pulsos_Mu_0.50,TIEMPO_MAXIMO
23.685820778,164.978891626679,171.144,0.0535,-0.0713,-0.9092,2.644,2.263,1.40377698575168,1.40629195268844,-200,200,1867,164.091796875,127.265625,255,0,92.0677106108329,200.058878792029,Giro_Off_intento5_180deg_2000_pulsos_Mu_0.50,TIEMPO_MAXIMO
23.733927356,165.306891626679,171.472,0.0371,-0.0635,-0.9019,2.644,2.258,1.40377698575168,1.40566321095425,-200,200,1867,164.091796875,127.265625,255,0,90.1020995158829,198.349651752942,Giro_Off_intento5_180deg_2000_pulsos_Mu_0.50,TIEMPO_MAXIMO
23.781788496,165.466891626679,171.632,0.0459,-0.0781,-0.9062,2.644,2.263,1.40377698575168,1.40519165465361,-198,198,1867,164.091796875,127.265625,255,0,89.1421893256925,197.514947239733,Giro_Off_intento5_180deg_2000_pulsos_Mu_0.50,TIEMPO_MAXIMO
23.8298628,165.572891626679,171.738,0.0457,-0.0767,-0.8982,2.644,2.253,1.40377698575168,1.40483798742813,-198,198,1867,164.091796875,127.265625,255,0,88.5058655401442,196.961622208821,Giro_Off_intento5_180deg_2000_pulsos_Mu_0.50,TIEMPO_MAXIMO
23.878243391,165.649891626679,171.815,0.0354,-0.0676,-0.907,2.644,2.258,1.40377698575168,1.40457273700902,-197,197,1867,164.091796875,127.265625,255,0,88.0434402632082,196.559513272355,Giro_Off_intento5_180deg_2000_pulsos_Mu_0.50,TIEMPO_MAXIMO
23.925876372,165.794891626679,171.96,0.0386,-0.0747,-0.9072,2.644,2.258,1.40377698575168,1.40437379919468,-197,197,1867,164.091796875,127.265625,255,0,87.172208423806,195.801920368527,Giro_Off_intento5_180deg_2000_pulsos_Mu_0.50,TIEMPO_MAXIMO
23.973858321,166.063891626679,172.229,0.0466,-0.0728,-0.9158,2.644,2.258,1.40377698575168,1.40422459583393,-196,196,1867,164.091796875,127.265625,255,0,85.5544487492269,194.395172825415,Giro_Off_intento5_180deg_2000_pulsos_Mu_0.50,TIEMPO_MAXIMO
24.021899113,166.446891626679,172.612,0.0264,-0.0686,-0.896,2.639,2.263,1.41362520491636,1.40657474810454,-194,194,1867,164.091796875,127.265625,255,0,83.247850490683,192.38943520929,Giro_Off_intento5_180deg_2000_pulsos_Mu_0.50,TIEMPO_MAXIMO
24.06977422,166.734891626679,172.9,0.0305,-0.073,-0.9065,2.644,2.253,1.40377698575168,1.40587530751633,-192,192,1867,164.091796875,127.265625,255,0,81.5109290856488,190.879068770129,Giro_Off_intento5_180deg_2000_pulsos_Mu_0.50,TIEMPO_MAXIMO
24.117719562,166.961891626679,173.127,0.022,-0.0742,-0.9036,2.644,2.253,1.40377698575168,1.40535072707517,-190,190,1867,164.091796875,127.265625,255,0,80.1404437464537,189.687342388221,Giro_Off_intento5_180deg_2000_pulsos_Mu_0.50,TIEMPO_MAXIMO
24.165783492,167.192891626679,173.358,0.0261,-0.074,-0.8982,2.644,2.258,1.40377698575168,1.4049572917443,-189,189,1867,164.091796875,127.265625,255,0,78.7445176377016,188.473493598001,Giro_Off_intento5_180deg_2000_pulsos_Mu_0.50,TIEMPO_MAXIMO
24.213749852,167.412891626679,173.578,0.0208,-0.0776,-0.9023,2.644,2.258,1.40377698575168,1.40466221524614,-187,187,1867,164.091796875,127.265625,255,0,77.4138738746551,187.316412064917,Giro_Off_intento5_180deg_2000_pulsos_Mu_0.50,TIEMPO_MAXIMO
24.261882033,167.648891626679,173.814,0.022,-0.0737,-0.8962,2.639,2.258,1.41362520491636,1.4069029626637,-187,187,1867,164.091796875,127.265625,255,0,75.9851876708812,186.074076235549,Giro_Off_intento5_180deg_2000_pulsos_Mu_0.50,TIEMPO_MAXIMO
24.310093969,167.877891626679,174.043,0.0063,-0.0779,-0.9053,2.644,2.263,1.40377698575168,1.40612146843569,-186,186,1867,164.091796875,127.265625,255,0,74.5976451524756,184.867517523892,Giro_Off_intento5_180deg_2000_pulsos_Mu_0.50,TIEMPO_MAXIMO
24.35781231,168.089891626679,174.255,0.0093,-0.0764,-0.9033,2.639,2.268,1.41362520491636,1.40799740255586,-184,184,1867,164.091796875,127.265625,255,0,73.3120452419986,183.74960455826,Giro_Off_intento5_180deg_2000_pulsos_Mu_0.50,TIEMPO_MAXIMO
24.40577902,168.243891626679,174.409,0.0027,-0.0708,-0.9065,2.649,2.258,1.39392876658701,1.40448024356365,-184,184,1867,164.091796875,127.265625,255,0,72.3775356914755,182.936987557805,Giro_Off_intento5_180deg_2000_pulsos_Mu_0.50,TIEMPO_MAXIMO
24.453853045,168.260891626679,174.426,0.0093,-0.0703,-0.8918,2.644,2.258,1.40377698575168,1.40430442911066,-183,183,1867,164.091796875,127.265625,255,0,72.2743433775937,182.847255110951,Giro_Off_intento5_180deg_2000_pulsos_Mu_0.50,TIEMPO_MAXIMO
24.501900897,168.361891626679,174.527,0.0051,-0.0759,-0.9001,2.644,2.258,1.40377698575168,1.40417256827091,-183,183,1867,164.091796875,127.265625,255,0,71.6611287454875,182.314024996076,Giro_Off_intento5_180deg_2000_pulsos_Mu_0.50,TIEMPO_MAXIMO
24.549796835,168.554891626679,174.72,-0.0037,-0.0857,-0.9097,2.639,2.253,1.41362520491636,1.40653572743227,-181,181,1867,164.091796875,127.265625,255,0,70.4887246620991,181.294543184434,Giro_Off_intento5_180deg_2000_pulsos_Mu_0.50,TIEMPO_MAXIMO
24.597976957,168.711891626679,174.877,-0.0139,-0.0732,-0.9043,2.644,2.258,1.40377698575168,1.40584604201213,-181,181,1867,164.091796875,127.265625,255,0,69.5344167951496,180.464710256652,Giro_Off_intento5_180deg_2000_pulsos_Mu_0.50,TIEMPO_MAXIMO
24.645734055,168.807891626679,174.973,-0.0188,-0.0801,-0.8997,2.639,2.253,1.41362520491636,1.40779083273819,-180,180,1867,164.091796875,127.265625,255,0,68.95063328161,179.957072418791,Giro_Off_intento5_180deg_2000_pulsos_Mu_0.50,TIEMPO_MAXIMO
24.693728816,168.887891626679,175.053,-0.0159,-0.073,-0.8918,2.639,2.253,1.41362520491636,1.40924942578273,-180,180,1867,164.091796875,127.265625,255,0,68.4639990857032,179.533912248438,Giro_Off_intento5_180deg_2000_pulsos_Mu_0.50,TIEMPO_MAXIMO
24.741902943,169.027891626679,175.193,-0.0281,-0.0735,-0.916,2.644,2.258,1.40377698575168,1.40788131577497,-179,179,1867,164.091796875,127.265625,255,0,67.6120686417466,178.793103166736,Giro_Off_intento5_180deg_2000_pulsos_Mu_0.50,TIEMPO_MAXIMO
24.789744477,169.247891626679,175.413,-0.031,-0.0771,-0.8965,2.639,2.263,1.41362520491636,1.40931728806032,-178,178,1867,164.091796875,127.265625,255,0,66.2725071657155,177.628267100622,Giro_Off_intento5_180deg_2000_pulsos_Mu_0.50,TIEMPO_MAXIMO
24.837752876,169.507891626679,175.673,-0.0381,-0.0745,-0.8955,2.644,2.258,1.40377698575168,1.40793221248316,-178,178,1867,164.091796875,127.265625,255,0,64.6881308870756,176.250548597457,Giro_Off_intento5_180deg_2000_pulsos_Mu_0.50,TIEMPO_MAXIMO
24.885791457,169.777891626679,175.943,-0.0471,-0.0867,-0.8972,2.644,2.258,1.40377698575168,1.40689340580029,-176,176,1867,164.091796875,127.265625,255,0,63.0414076025183,174.818615306538,Giro_Off_intento5_180deg_2000_pulsos_Mu_0.50,TIEMPO_MAXIMO
24.933761672,169.988891626679,176.154,-0.0564,-0.0789,-0.9016,2.649,2.263,1.39392876658701,1.40365224599697,-174,174,1867,164.091796875,127.265625,255,0,61.7535475053239,173.698736961151,Giro_Off_intento5_180deg_2000_pulsos_Mu_0.50,TIEMPO_MAXIMO
24.981873435,170.251891626679,176.417,-0.0571,-0.0879,-0.9048,2.639,2.258,1.41362520491636,1.40614548572682,-173,173,1867,164.091796875,127.265625,255,0,60.1471295754402,172.301851804731,Giro_Off_intento5_180deg_2000_pulsos_Mu_0.50,TIEMPO_MAXIMO
25.029889786,170.518891626679,176.684,-0.0654,-0.0791,-0.8921,2.644,2.258,1.40377698575168,1.40555336073303,-172,172,1867,164.091796875,127.265625,255,0,58.5149832481607,170.882594128835,Giro_Off_intento5_180deg_2000_pulsos_Mu_0.50,TIEMPO_MAXIMO
25.077721164,170.741891626679,176.907,-0.0713,-0.0779,-0.8921,2.639,2.253,1.41362520491636,1.40757132177887,-171,171,1867,164.091796875,127.265625,255,0,57.1508295122093,169.696373488878,Giro_Off_intento5_180deg_2000_pulsos_Mu_0.50,TIEMPO_MAXIMO
25.125772827,170.893891626679,177.059,-0.0674,-0.073,-0.8955,2.644,2.263,1.40377698575168,1.40662273777207,-170,170,1867,164.091796875,127.265625,255,0,56.2205053332513,168.887395941958,Giro_Off_intento5_180deg_2000_pulsos_Mu_0.50,TIEMPO_MAXIMO
25.173841313,171.135891626679,177.301,-0.0815,-0.0818,-0.8879,2.649,2.263,1.39392876658701,1.4034492449758,-169,169,1867,164.091796875,127.265625,255,0,54.7385175267472,167.598710892824,Giro_Off_intento5_180deg_2000_pulsos_Mu_0.50,TIEMPO_MAXIMO
25.2217454,171.462891626679,177.628,-0.0706,-0.0752,-0.8914,2.644,2.263,1.40377698575168,1.40353118016977,-167,167,1867,164.091796875,127.265625,255,0,52.7344504994569,165.856043912571,Giro_Off_intento5_180deg_2000_pulsos_Mu_0.50,TIEMPO_MAXIMO
25.269876482,171.931891626679,178.097,-0.1318,-0.0837,-0.885,2.639,2.258,1.41362520491636,1.40605468635642,-166,166,1867,164.091796875,127.265625,255,0,49.8571338412507,163.354029427175,Giro_Off_intento5_180deg_2000_pulsos_Mu_0.50,TIEMPO_MAXIMO
25.317696268,171.931891626679,178.097,-0.0891,-0.0894,-0.8931,2.639,2.253,1.41362520491636,1.40794731599641,-163,163,1867,164.091796875,127.265625,255,0,49.8571338412507,163.354029427175,Giro_Off_intento5_180deg_2000_pulsos_Mu_0.50,TIEMPO_MAXIMO
25.365861164,172.074891626679,178.24,-0.1116,-0.0815,-0.8938,2.644,2.258,1.40377698575168,1.40690473343522,-163,163,1867,164.091796875,127.265625,255,0,48.9791548788815,162.590569459897,Giro_Off_intento5_180deg_2000_pulsos_Mu_0.50,TIEMPO_MAXIMO
25.414364898,172.233891626679,178.399,-0.1067,-0.0825,-0.8931,2.639,2.258,1.41362520491636,1.40858485130551,-163,163,1867,164.091796875,127.265625,255,0,48.0025825358996,161.741376118174,Giro_Off_intento5_180deg_2000_pulsos_Mu_0.50,TIEMPO_MAXIMO
25.461751015,172.732891626679,178.898,-0.1084,-0.0801,-0.8848,2.644,2.258,1.40377698575168,1.40738288491705,-160,160,1867,164.091796875,127.265625,255,0,44.9353765412451,159.074240470648,Giro_Off_intento5_180deg_2000_pulsos_Mu_0.50,TIEMPO_MAXIMO
25.509703638,173.443891626679,179.609,-0.1499,-0.0798,-0.8801,2.644,2.258,1.40377698575168,1.40648141012571,-159,159,1867,164.091796875,127.265625,255,0,40.5592380055164,155.268902613493,Giro_Off_intento5_180deg_2000_pulsos_Mu_0.50,TIEMPO_MAXIMO
25.557648485,173.776891626679,179.942,-0.1377,-0.0874,-0.884,2.644,2.263,1.40377698575168,1.4058053040322,-155,155,1867,164.091796875,127.265625,255,0,38.5074654320599,153.484752549617,Giro_Off_intento5_180deg_2000_pulsos_Mu_0.50,TIEMPO_MAXIMO
25.60569887,174.024891626679,180.19,-0.1428,-0.075,-0.8916,2.639,2.253,1.41362520491636,1.40776027925324,-152,152,1867,164.091796875,127.265625,255,0,36.9785696807192,152.155277983234,Giro_Off_intento5_180deg_2000_pulsos_Mu_0.50,TIEMPO_MAXIMO
25.653695703,174.345891626679,180.511,-0.1401,-0.071,-0.885,2.644,2.263,1.40377698575168,1.40676445587785,-152,152,1867,164.091796875,127.265625,255,0,34.99861153539,150.433575248165,Giro_Off_intento5_180deg_2000_pulsos_Mu_0.50,TIEMPO_MAXIMO
25.701597837,174.774891626679,180.94,-0.1506,-0.0879,-0.8896,2.644,2.263,1.40377698575168,1.40601758834631,-150,150,1867,164.091796875,127.265625,255,0,32.3507950205222,148.131126104802,Giro_Off_intento5_180deg_2000_pulsos_Mu_0.50,TIEMPO_MAXIMO
25.749645893,175.200891626679,181.366,-0.135,-0.072,-0.8816,2.644,2.263,1.40377698575168,1.40545743769765,-147,147,1867,164.091796875,127.265625,255,0,29.7196996975291,145.843217128286,Giro_Off_intento5_180deg_2000_pulsos_Mu_0.50,TIEMPO_MAXIMO
25.797693161,175.710891626679,181.876,-0.1609,-0.0776,-0.8784,2.639,2.258,1.41362520491636,1.40749937950233,-146,146,1867,164.091796875,127.265625,255,0,26.5676486327732,143.102303158933,Giro_Off_intento5_180deg_2000_pulsos_Mu_0.50,TIEMPO_MAXIMO
25.845685827,176.151891626679,182.317,-0.1746,-0.0815,-0.8777,2.644,2.263,1.40377698575168,1.40656878106467,-142,142,1867,164.091796875,127.265625,255,0,23.8403454031286,140.730735133155,Giro_Off_intento5_180deg_2000_pulsos_Mu_0.50,TIEMPO_MAXIMO
25.893716414,176.610891626679,182.776,-0.1885,-0.0867,-0.8894,2.639,2.263,1.41362520491636,1.40833288702759,-139,139,1867,164.091796875,127.265625,255,0,21.0002260131114,138.261066098358,Giro_Off_intento5_180deg_2000_pulsos_Mu_0.50,TIEMPO_MAXIMO
25.941630999,176.786891626679,182.952,-0.2004,-0.0913,-0.8662,2.644,2.258,1.40377698575168,1.40719391170861,-138,138,1867,164.091796875,127.265625,255,0,19.9108367960701,137.313771127017,Giro_Off_intento5_180deg_2000_pulsos_Mu_0.50,TIEMPO_MAXIMO
25.989724682,176.833891626679,182.999,-0.1863,-0.0623,-0.8918,2.644,2.258,1.40377698575168,1.40633968021938,-137,137,1867,164.091796875,127.265625,255,0,19.6198881479149,137.060772302535,Giro_Off_intento5_180deg_2000_pulsos_Mu_0.50,TIEMPO_MAXIMO
26.03755117,176.909891626679,183.075,-0.1987,-0.0891,-0.8606,2.644,2.263,1.40377698575168,1.40569900660246,-137,137,1867,164.091796875,127.265625,255,0,19.1493901442163,136.651643603666,Giro_Off_intento5_180deg_2000_pulsos_Mu_0.50,TIEMPO_MAXIMO
26.085606547,177.090891626679,183.256,-0.1816,-0.0933,-0.8667,2.639,2.263,1.41362520491636,1.40768055618093,-137,137,1867,164.091796875,127.265625,255,0,18.0287278667489,135.677154666738,Giro_Off_intento5_180deg_2000_pulsos_Mu_0.50,TIEMPO_MAXIMO
26.133796047,177.858891626679,184.024,-0.2112,-0.0781,-0.8755,2.639,2.263,1.41362520491636,1.40916671836479,-134,134,1867,164.091796875,127.265625,255,0,13.2717857611976,131.540683270607,Giro_Off_intento5_180deg_2000_pulsos_Mu_0.50,TIEMPO_MAXIMO
26.181719191,178.738891626679,184.904,-0.2271,-0.0864,-0.8708,2.644,2.258,1.40377698575168,1.40781928521151,-132,132,1867,164.091796875,127.265625,255,0,7.81824254616783,126.798471779276,Giro_Off_intento5_180deg_2000_pulsos_Mu_0.50,TIEMPO_MAXIMO
26.229606486,179.417891626679,185.583,-0.2231,-0.0767,-0.8665,2.644,2.263,1.40377698575168,1.40680871034656,-127,127,1867,164.091796875,127.265625,255,0,3.60901072277785,123.13827019372,Giro_Off_intento5_180deg_2000_pulsos_Mu_0.50,TIEMPO_MAXIMO
26.277717219,179.748891626679,185.914,-0.2273,-0.084,-0.8606,2.639,2.263,1.41362520491636,1.40851283398901,-122,122,1867,164.091796875,127.265625,255,0,1.55686731698854,121.353797666947,Giro_Off_intento5_180deg_2000_pulsos_Mu_0.50,TIEMPO_MAXIMO
26.325637215,180.084891626679,186.25,-0.2417,-0.0837,-0.8562,2.644,2.263,1.40377698575168,1.40732887192968,-120,120,1867,164.091796875,127.265625,255,0,0.526328023473059,120.45767654215,Giro_Off_intento5_180deg_2000_pulsos_Mu_0.50,TIEMPO_MAXIMO
26.37365187,180.213891626679,186.379,-0.2161,-0.0908,-0.8506,2.639,2.263,1.41362520491636,1.40890295517635,-121,121,1867,164.091796875,127.265625,255,0,1.32612533436717,121.153152464667,Giro_Off_intento5_180deg_2000_pulsos_Mu_0.50,TIEMPO_MAXIMO
26.421767833,180.601891626679,186.767,-0.2332,-0.0864,-0.8625,2.644,2.258,1.40377698575168,1.40762146282018,-121,121,1867,164.091796875,127.265625,255,0,3.73166037626306,123.244922066316,Giro_Off_intento5_180deg_2000_pulsos_Mu_0.50,TIEMPO_MAXIMO
26.47048002,181.132891626679,187.298,-0.2583,-0.0852,-0.8604,2.644,2.258,1.40377698575168,1.40666034355306,-126,126,1867,164.091796875,127.265625,255,0,7.02347215928821,126.107367095033,Giro_Off_intento5_180deg_2000_pulsos_Mu_0.50,TIEMPO_MAXIMO
26.533632916,181.895891626679,188.061,-0.2361,-0.0984,-0.8706,2.644,2.258,1.40377698575168,1.40593950410271,-126,126,1867,164.091796875,127.265625,-255,0,11.752386078203,130.219466154959,Giro_Off_intento5_180deg_2000_pulsos_Mu_0.50,TIEMPO_MAXIMO
26.581680626,182.526891626679,188.692,-0.25,-0.0813,-0.8699,2.644,2.258,1.40377698575168,1.40539887451496,-130,130,1867,164.091796875,127.265625,-255,0,15.6616537376175,133.618829337059,Giro_Off_intento5_180deg_2000_pulsos_Mu_0.50,TIEMPO_MAXIMO
26.629540832,183.094891626679,189.26,-0.2432,-0.0884,-0.8755,2.639,2.253,1.41362520491636,1.40745545711531,-134,134,1867,164.091796875,127.265625,-255,0,19.1790031353066,136.677394030701,Giro_Off_intento5_180deg_2000_pulsos_Mu_0.50,TIEMPO_MAXIMO
26.677570417,183.542891626679,189.708,-0.2581,-0.0818,-0.865,2.639,2.258,1.41362520491636,1.40899789406557,-138,138,1867,164.091796875,127.265625,-255,0,21.9519381197486,139.08864184326,Giro_Off_intento5_180deg_2000_pulsos_Mu_0.50,TIEMPO_MAXIMO
26.725676821,183.975891626679,190.141,-0.2451,-0.0779,-0.8738,2.634,2.258,1.42347342408103,1.41261677656944,-140,140,1867,164.091796875,127.265625,-255,0,24.6307556588387,141.41804839899,Giro_Off_intento5_180deg_2000_pulsos_Mu_0.50,TIEMPO_MAXIMO
26.773632747,184.472891626679,190.638,-0.2595,-0.084,-0.8511,2.644,2.258,1.40377698575168,1.410406828865,-142,142,1867,164.091796875,127.265625,-255,0,27.7037752652851,144.090239361117,Giro_Off_intento5_180deg_2000_pulsos_Mu_0.50,TIEMPO_MAXIMO
26.821663126,184.914891626679,191.08,-0.2522,-0.0881,-0.8496,2.644,2.258,1.40377698575168,1.40874936808667,-144,144,1867,164.091796875,127.265625,-255,0,30.4349781890081,146.465198425224,Giro_Off_intento5_180deg_2000_pulsos_Mu_0.50,TIEMPO_MAXIMO
26.869779319,185.316891626679,191.482,-0.27,-0.0793,-0.8567,2.644,2.253,1.40377698575168,1.40750627250292,-149,149,1867,164.091796875,127.265625,-255,0,32.9174449169948,148.623865145213,Giro_Off_intento5_180deg_2000_pulsos_Mu_0.50,TIEMPO_MAXIMO
26.917574837,185.608891626679,191.774,-0.2422,-0.0857,-0.8525,2.639,2.253,1.41362520491636,1.40903600560628,-150,150,1867,164.091796875,127.265625,-255,0,34.7196206955065,150.190974517832,Giro_Off_intento5_180deg_2000_pulsos_Mu_0.50,TIEMPO_MAXIMO
26.965589052,185.920891626679,192.086,-0.2556,-0.0869,-0.8682,2.649,2.258,1.39392876658701,1.40525919585146,-150,150,1867,164.091796875,127.265625,-255,0,36.6442354608253,151.864552574631,Giro_Off_intento5_180deg_2000_pulsos_Mu_0.50,TIEMPO_MAXIMO
27.013603823,186.187891626679,192.353,-0.2341,-0.0823,-0.8611,2.639,2.263,1.41362520491636,1.40735069811769,-152,152,1867,164.091796875,127.265625,-255,0,38.2904009179638,153.296000798229,Giro_Off_intento5_180deg_2000_pulsos_Mu_0.50,TIEMPO_MAXIMO
27.061622215,186.576891626679,192.742,-0.2554,-0.0923,-0.8552,2.639,2.263,1.41362520491636,1.40891932481736,-154,154,1867,164.091796875,127.265625,-255,0,40.6872488848837,155.380216421638,Giro_Off_intento5_180deg_2000_pulsos_Mu_0.50,TIEMPO_MAXIMO
27.109604806,186.992891626679,193.158,-0.2368,-0.0845,-0.8574,2.644,2.258,1.40377698575168,1.40763374005094,-157,157,1867,164.091796875,127.265625,-255,0,43.2483809723846,157.607287802074,Giro_Off_intento5_180deg_2000_pulsos_Mu_0.50,TIEMPO_MAXIMO
27.157688488,187.410891626679,193.576,-0.239,-0.0808,-0.8591,2.639,2.258,1.41362520491636,1.40913160626729,-159,159,1867,164.091796875,127.265625,-255,0,45.8195296433388,159.843069255077,Giro_Off_intento5_180deg_2000_pulsos_Mu_0.50,TIEMPO_MAXIMO
27.205712859,187.867891626679,194.033,-0.2341,-0.0881,-0.8547,2.639,2.258,1.41362520491636,1.41025500592956,-161,161,1867,164.091796875,127.265625,-255,0,48.6277747086713,162.285021485801,Giro_Off_intento5_180deg_2000_pulsos_Mu_0.50,TIEMPO_MAXIMO
27.253557428,188.192891626679,194.358,-0.2266,-0.084,-0.863,2.644,2.258,1.40377698575168,1.40863550088509,-162,162,1867,164.091796875,127.265625,-255,0,50.6230136551917,164.02001187408,Giro_Off_intento5_180deg_2000_pulsos_Mu_0.50,TIEMPO_MAXIMO
27.301709993,188.355891626679,194.521,-0.2092,-0.0774,-0.8682,2.644,2.258,1.40377698575168,1.40742087210174,-164,164,1867,164.091796875,127.265625,-255,0,51.6230934326799,164.8896464632,Giro_Off_intento5_180deg_2000_pulsos_Mu_0.50,TIEMPO_MAXIMO
27.349767569,188.695891626679,194.861,-0.21,-0.083,-0.8774,2.644,2.258,1.40377698575168,1.40650990051423,-166,166,1867,164.091796875,127.265625,-255,0,53.7077953162421,166.702430709776,Giro_Off_intento5_180deg_2000_pulsos_Mu_0.50,TIEMPO_MAXIMO
27.397595833,188.941891626679,195.107,-0.2039,-0.0825,-0.8687,2.644,2.263,1.40377698575168,1.40582667182359,-167,167,1867,164.091796875,127.265625,-255,0,55.2149634429796,168.013011689548,Giro_Off_intento5_180deg_2000_pulsos_Mu_0.50,TIEMPO_MAXIMO
27.445471144,189.125891626679,195.291,-0.188,-0.0886,-0.875,2.644,2.263,1.40377698575168,1.40531425030561,-168,168,1867,164.091796875,127.265625,-255,0,56.3416123373007,168.992706380261,Giro_Off_intento5_180deg_2000_pulsos_Mu_0.50,TIEMPO_MAXIMO
27.493519955,189.259891626679,195.425,-0.1851,-0.0876,-0.9045,2.649,2.258,1.39392876658701,1.40246787937596,-169,169,1867,164.091796875,127.265625,-255,0,57.1617416360533,169.70586229222,Giro_Off_intento5_180deg_2000_pulsos_Mu_0.50,TIEMPO_MAXIMO
27.541505718,189.316891626679,195.482,-0.1755,-0.0908,-0.896,2.649,2.258,1.39392876658701,1.40033310117872,-170,170,1867,164.091796875,127.265625,-255,0,57.5105080821464,170.009137462736,Giro_Off_intento5_180deg_2000_pulsos_Mu_0.50,TIEMPO_MAXIMO
27.589556382,189.247891626679,195.413,-0.1772,-0.0869,-0.885,2.644,2.263,1.40377698575168,1.40119407232196,-170,170,1867,164.091796875,127.265625,-255,0,57.088309900752,169.64200860935,Giro_Off_intento5_180deg_2000_pulsos_Mu_0.50,TIEMPO_MAXIMO
27.637762131,189.076891626679,195.242,-0.1531,-0.0737,-0.8745,2.644,2.258,1.40377698575168,1.40183980067939,-170,170,1867,164.091796875,127.265625,-255,0,56.0416371246104,168.731858369226,Giro_Off_intento5_180deg_2000_pulsos_Mu_0.50,TIEMPO_MAXIMO
27.685491072,188.865891626679,195.031,-0.1443,-0.0862,-0.8728,2.644,2.263,1.40377698575168,1.40232409694747,-169,169,1867,164.091796875,127.265625,-255,0,54.7494416253517,167.608210109002,Giro_Off_intento5_180deg_2000_pulsos_Mu_0.50,TIEMPO_MAXIMO
27.733694074,188.650891626679,194.816,-0.1277,-0.0808,-0.9148,2.644,2.263,1.40377698575168,1.40268731914852,-167,167,1867,164.091796875,127.265625,-255,0,53.4319858915393,166.462596427425,Giro_Off_intento5_180deg_2000_pulsos_Mu_0.50,TIEMPO_MAXIMO
27.781569178,188.585891626679,194.751,-0.1294,-0.0823,-0.8955,2.639,2.258,1.41362520491636,1.40542179059048,-166,166,1867,164.091796875,127.265625,-255,0,53.0335363569857,166.116118571292,Giro_Off_intento5_180deg_2000_pulsos_Mu_0.50,TIEMPO_MAXIMO
27.829831185,188.385891626679,194.551,-0.1201,-0.0779,-0.8989,2.639,2.263,1.41362520491636,1.40747264417195,-166,166,1867,164.091796875,127.265625,-255,0,51.8071119105319,165.049662530897,Giro_Off_intento5_180deg_2000_pulsos_Mu_0.50,TIEMPO_MAXIMO
27.877798932,187.999891626679,194.165,-0.0898,-0.0662,-0.8887,2.644,2.258,1.40377698575168,1.40654872956688,-165,165,1867,164.091796875,127.265625,-255,0,49.4383409965356,162.989861736118,Giro_Off_intento5_180deg_2000_pulsos_Mu_0.50,TIEMPO_MAXIMO
27.925500919,187.659891626679,193.825,-0.106,-0.071,-0.9001,2.649,2.258,1.39392876658701,1.40339373882191,-161,161,1867,164.091796875,127.265625,-255,0,47.3499966332513,161.173910115871,Giro_Off_intento5_180deg_2000_pulsos_Mu_0.50,TIEMPO_MAXIMO
27.989519898,187.192891626679,193.358,-0.064,-0.0781,-0.9014,2.639,2.258,1.41362520491636,1.40595160534553,-161,161,1867,164.091796875,127.265625,-255,0,44.4788912614242,158.677296749065,Giro_Off_intento5_180deg_2000_pulsos_Mu_0.50,TIEMPO_MAXIMO
28.037555865,186.868891626679,193.034,-0.0515,-0.0835,-0.9028,2.644,2.258,1.40377698575168,1.40540795044707,-157,157,1867,164.091796875,127.265625,-255,0,42.4851989958854,156.94365130077,Giro_Off_intento5_180deg_2000_pulsos_Mu_0.50,TIEMPO_MAXIMO
28.101490753,186.791891626679,192.957,-0.0486,-0.0823,-0.8948,2.644,2.253,1.40377698575168,1.40500020927322,-157,157,1867,164.091796875,127.265625,-255,0,42.0111872303649,156.531467156839,Giro_Off_intento5_180deg_2000_pulsos_Mu_0.50,TIEMPO_MAXIMO
28.149594066,186.587891626679,192.753,-0.0256,-0.0803,-0.896,2.649,2.263,1.39392876658701,1.40223234860167,-157,157,1867,164.091796875,127.265625,-255,0,40.7549993300349,155.439129852204,Giro_Off_intento5_180deg_2000_pulsos_Mu_0.50,TIEMPO_MAXIMO
28.197480283,186.354891626679,192.52,-0.021,-0.0776,-0.905,2.649,2.258,1.39392876658701,1.400156453098,-155,155,1867,164.091796875,127.265625,-255,0,39.3196045851679,154.190960508842,Giro_Off_intento5_180deg_2000_pulsos_Mu_0.50,TIEMPO_MAXIMO
28.245499894,185.926891626679,192.092,0.0178,-0.0757,-0.8918,2.644,2.258,1.40377698575168,1.40106158626142,-152,152,1867,164.091796875,127.265625,-255,0,36.6812368170602,151.896727667009,Giro_Off_intento5_180deg_2000_pulsos_Mu_0.50,TIEMPO_MAXIMO
28.293467718,185.332891626679,191.498,0.0022,-0.0752,-0.9089,2.644,2.263,1.40377698575168,1.40174043613399,-149,149,1867,164.091796875,127.265625,-255,0,33.0162168410751,148.709753774848,Giro_Off_intento5_180deg_2000_pulsos_Mu_0.50,TIEMPO_MAXIMO
28.357480356,184.378891626679,190.544,0.0295,-0.0649,-0.9065,2.639,2.258,1.41362520491636,1.40471162832958,-149,149,1867,164.091796875,127.265625,-255,0,27.1227131065904,143.584967918774,Giro_Off_intento5_180deg_2000_pulsos_Mu_0.50,TIEMPO_MAXIMO
28.405526709,183.688891626679,189.854,0.0327,-0.0706,-0.9019,2.644,2.258,1.40377698575168,1.40447796768511,-142,142,1867,164.091796875,127.265625,-255,0,22.8553360947245,139.87420529976,Giro_Off_intento5_180deg_2000_pulsos_Mu_0.50,TIEMPO_MAXIMO
28.453493135,182.780891626679,188.946,0.0471,-0.0815,-0.9031,2.644,2.258,1.40377698575168,1.40430272220175,-137,137,1867,164.091796875,127.265625,-255,0,17.2347638040492,134.986751133956,Giro_Off_intento5_180deg_2000_pulsos_Mu_0.50,TIEMPO_MAXIMO
28.501484324,182.052891626679,188.218,0.0525,-0.0708,-0.9038,2.644,2.258,1.40377698575168,1.40417128808923,-135,135,1867,164.091796875,127.265625,-255,0,12.7252081325817,131.065398376158,Giro_Off_intento5_180deg_2000_pulsos_Mu_0.50,TIEMPO_MAXIMO
28.549594675,181.072891626679,187.238,0.0581,-0.05,-0.928,2.639,2.258,1.41362520491636,1.40653476729602,-129,129,1867,164.091796875,127.265625,-255,0,6.65154099995379,125.783948695612,Giro_Off_intento5_180deg_2000_pulsos_Mu_0.50,TIEMPO_MAXIMO
28.613390505,180.274891626679,186.44,0.0835,-0.074,-0.8994,2.639,2.263,1.41362520491636,1.4083073767011,-126,126,1867,164.091796875,127.265625,-255,0,1.70432196989777,121.482019104259,Giro_Off_intento5_180deg_2000_pulsos_Mu_0.50,TIEMPO_MAXIMO
28.661505484,179.569891626679,185.735,0.0938,-0.0649,-0.9058,2.649,2.258,1.39392876658701,1.40471272417258,-121,121,1867,164.091796875,127.265625,-255,0,2.66664753105098,122.318823940044,Giro_Off_intento5_180deg_2000_pulsos_Mu_0.50,TIEMPO_MAXIMO
28.709563415,178.956891626679,185.122,0.0803,-0.071,-0.8933,2.639,2.258,1.41362520491636,1.40694084435852,-122,122,1867,164.091796875,127.265625,-255,0,6.46691626631532,125.62340544897,Giro_Off_intento5_180deg_2000_pulsos_Mu_0.50,TIEMPO_MAXIMO
28.757402761,178.315891626679,184.481,0.085,-0.0708,-0.8994,2.644,2.258,1.40377698575168,1.40614987970681,-128,128,1867,164.091796875,127.265625,-255,0,10.4399710642724,129.078235708063,Giro_Off_intento5_180deg_2000_pulsos_Mu_0.50,TIEMPO_MAXIMO
28.805403678,177.172891626679,183.338,0.105,-0.0649,-0.8962,2.644,2.263,1.40377698575168,1.40555665621803,-135,135,1867,164.091796875,127.265625,-255,0,17.5209646246065,135.235621412701,Giro_Off_intento5_180deg_2000_pulsos_Mu_0.50,TIEMPO_MAXIMO
28.869396323,176.041891626679,182.207,0.1265,-0.0708,-0.9102,2.649,2.263,1.39392876658701,1.40264968381028,-135,135,1867,164.091796875,127.265625,-255,0,24.5207636281451,141.322403154909,Giro_Off_intento5_180deg_2000_pulsos_Mu_0.50,TIEMPO_MAXIMO
28.917457887,175.500891626679,181.666,0.1123,-0.0703,-0.8977,2.639,2.253,1.41362520491636,1.4053935640868,-143,143,1867,164.091796875,127.265625,-255,0,27.8658211762048,144.231148848874,Giro_Off_intento5_180deg_2000_pulsos_Mu_0.50,TIEMPO_MAXIMO
28.965439821,174.892891626679,181.058,0.1079,-0.0659,-0.8938,2.644,2.258,1.40377698575168,1.40498941950302,-146,146,1867,164.091796875,127.265625,-255,0,31.6221668480641,147.497536389621,Giro_Off_intento5_180deg_2000_pulsos_Mu_0.50,TIEMPO_MAXIMO
29.013512143,174.128891626679,180.294,0.114,-0.0686,-0.9033,2.644,2.258,1.40377698575168,1.40468631106519,-148,148,1867,164.091796875,127.265625,-255,0,36.3372120173889,151.597575667295,Giro_Off_intento5_180deg_2000_pulsos_Mu_0.50,TIEMPO_MAXIMO
29.061383781,173.149891626679,179.315,0.1355,-0.0557,-0.9041,2.644,2.258,1.40377698575168,1.40445897973681,-155,155,1867,164.091796875,127.265625,-255,0,42.3695763885646,156.8431099031,Giro_Off_intento5_180deg_2000_pulsos_Mu_0.50,TIEMPO_MAXIMO
29.125403792,172.484891626679,178.65,0.1338,-0.0513,-0.8958,2.644,2.258,1.40377698575168,1.40428848124053,-158,158,1867,164.091796875,127.265625,-255,0,46.4602000231472,160.400173933171,Giro_Off_intento5_180deg_2000_pulsos_Mu_0.50,TIEMPO_MAXIMO
29.173501359,171.958891626679,178.124,0.1479,-0.061,-0.8999,2.649,2.258,1.39392876658701,1.40169855257715,-161,161,1867,164.091796875,127.265625,-255,0,49.6913852070539,163.209900180047,Giro_Off_intento5_180deg_2000_pulsos_Mu_0.50,TIEMPO_MAXIMO
29.22140923,171.551891626679,177.717,0.1604,-0.0703,-0.9185,2.644,2.258,1.40377698575168,1.40221816087078,-163,163,1867,164.091796875,127.265625,-255,0,52.1887009479415,165.381479085167,Giro_Off_intento5_180deg_2000_pulsos_Mu_0.50,TIEMPO_MAXIMO
29.269406336,171.161891626679,177.327,0.1528,-0.0662,-0.9006,2.639,2.253,1.41362520491636,1.40506992188218,-166,166,1867,164.091796875,127.265625,-255,0,54.5792371349924,167.460206204341,Giro_Off_intento5_180deg_2000_pulsos_Mu_0.50,TIEMPO_MAXIMO
29.317448206,170.567891626679,176.733,0.1558,-0.0579,-0.9045,2.644,2.258,1.40377698575168,1.40474668784955,-171,171,1867,164.091796875,127.265625,-255,0,58.2153117296285,170.622010199677,Giro_Off_intento5_180deg_2000_pulsos_Mu_0.50,TIEMPO_MAXIMO
29.381475974,170.022891626679,176.188,0.1655,-0.0664,-0.9119,2.644,2.258,1.40377698575168,1.40450426232509,-174,174,1867,164.091796875,127.265625,-255,0,61.5459462195742,173.518214103978,Giro_Off_intento5_180deg_2000_pulsos_Mu_0.50,TIEMPO_MAXIMO
29.445428513,169.409891626679,175.575,0.1738,-0.0488,-0.9001,2.644,2.253,1.40377698575168,1.40432244318174,-177,177,1867,164.091796875,127.265625,-255,0,65.2854770470733,176.769980040933,Giro_Off_intento5_180deg_2000_pulsos_Mu_0.50,TIEMPO_MAXIMO
29.509358635,168.943891626679,175.109,0.1765,-0.0674,-0.8882,2.644,2.253,1.40377698575168,1.40418607882422,-179,179,1867,164.091796875,127.265625,-255,0,68.1232756750379,179.237631021772,Giro_Off_intento5_180deg_2000_pulsos_Mu_0.50,TIEMPO_MAXIMO
29.55737437,168.458891626679,174.624,0.1777,-0.0581,-0.8884,2.639,2.253,1.41362520491636,1.40654586034726,-180,180,1867,164.091796875,127.265625,-255,0,71.0719901916749,181.801730601456,Giro_Off_intento5_180deg_2000_pulsos_Mu_0.50,TIEMPO_MAXIMO
29.605414632,168.016891626679,174.182,0.1833,-0.0596,-0.9038,2.654,2.258,1.38408054742233,1.40092953211603,-183,183,1867,164.091796875,127.265625,-255,0,73.7548424225818,184.134645584854,Giro_Off_intento5_180deg_2000_pulsos_Mu_0.50,TIEMPO_MAXIMO
29.653425739,167.431891626679,173.597,0.1965,-0.0591,-0.8843,2.649,2.253,1.39392876658701,1.39917934073377,-186,186,1867,164.091796875,127.265625,-255,0,77.2989008181791,187.216435494069,Giro_Off_intento5_180deg_2000_pulsos_Mu_0.50,TIEMPO_MAXIMO
29.717404146,166.907891626679,173.073,0.1931,-0.0554,-0.8999,2.654,2.253,1.38408054742233,1.39540464240591,-189,189,1868,164.1796875,127.265625,-255,0,80.4665771193748,189.970936625543,Giro_Off_intento5_180deg_2000_pulsos_Mu_0.50,TIEMPO_MAXIMO
29.765572697,166.391891626679,172.557,0.2046,-0.063,-0.8938,2.654,2.253,1.38408054742233,1.39257361866002,-191,191,1867,164.091796875,127.265625,-255,0,83.5793163803488,192.677666417695,Giro_Off_intento5_180deg_2000_pulsos_Mu_0.50,TIEMPO_MAXIMO
29.813349973,165.914891626679,172.08,0.2085,-0.0525,-0.8953,2.649,2.248,1.39392876658701,1.39291240564177,-193,193,1867,164.091796875,127.265625,-255,0,86.4507665167554,195.174579579787,Giro_Off_intento5_180deg_2000_pulsos_Mu_0.50,TIEMPO_MAXIMO
29.861400609,165.518891626679,171.684,0.2168,-0.0635,-0.8965,2.654,2.248,1.38408054742233,1.39070444108691,-196,196,1867,164.091796875,127.265625,-255,0,88.8300684768822,197.243537805985,Giro_Off_intento5_180deg_2000_pulsos_Mu_0.50,TIEMPO_MAXIMO
29.909448731,165.074891626679,171.24,0.2102,-0.0491,-0.8843,2.649,2.253,1.39392876658701,1.39151052246193,-199,199,1867,164.091796875,127.265625,-255,0,91.4927192443546,199.558886299439,Giro_Off_intento5_180deg_2000_pulsos_Mu_0.50,TIEMPO_MAXIMO
29.970098282,164.447891626679,170.613,0.2161,-0.0632,-0.8894,2.654,2.253,1.38408054742233,1.38965302870203,-201,201,1867,164.091796875,127.265625,-255,0,95.2434189250443,202.820364282647,Giro_Off_intento5_180deg_2000_pulsos_Mu_0.50,TIEMPO_MAXIMO
30.037309599,164.039891626679,170.205,0.2195,-0.0547,-0.8918,2.649,2.248,1.39392876658701,1.39072196317328,-204,204,1867,164.091796875,127.265625,-255,0,97.6779679347143,204.937363421491,Giro_Off_intento5_180deg_2000_pulsos_Mu_0.50,TIEMPO_MAXIMO
30.085346013,163.640891626679,169.806,0.2283,-0.0498,-0.8938,2.649,2.248,1.39392876658701,1.39152366402671,-205,205,1867,164.091796875,127.265625,-255,0,100.054024198274,207.003499302847,Giro_Off_intento5_180deg_2000_pulsos_Mu_0.50,TIEMPO_MAXIMO
30.133594087,163.398891626679,169.564,0.2263,-0.0498,-0.884,2.649,2.248,1.39392876658701,1.39212493966678,-208,208,1867,164.091796875,127.265625,-255,0,101.492784473122,208.254595194019,Giro_Off_intento5_180deg_2000_pulsos_Mu_0.50,TIEMPO_MAXIMO
30.181391656,163.196891626679,169.362,0.2305,-0.0488,-0.8882,2.649,2.253,1.39392876658701,1.39257589639684,-209,209,1867,164.091796875,127.265625,-255,0,102.692347798059,209.297693737443,Giro_Off_intento5_180deg_2000_pulsos_Mu_0.50,TIEMPO_MAXIMO
30.229529331,163.078891626679,169.244,0.2366,-0.0586,-0.886,2.654,2.253,1.38408054742233,1.39045205915321,-209,209,1867,164.091796875,127.265625,-255,0,103.392493164038,209.906515794816,Giro_Off_intento5_180deg_2000_pulsos_Mu_0.50,TIEMPO_MAXIMO
30.277483754,162.946891626679,169.112,0.2681,-0.032,-0.926,2.659,2.248,1.37423232825766,1.38639712642933,-211,211,1867,164.091796875,127.265625,-255,0,104.175186815316,210.58711896984,Giro_Off_intento5_180deg_2000_pulsos_Mu_0.50,TIEMPO_MAXIMO
30.325357552,162.718891626679,168.884,0.2507,-0.0491,-0.8887,2.654,2.248,1.38408054742233,1.38581798167758,-211,211,1868,164.1796875,127.265625,-255,0,105.525807497049,211.761571736564,Giro_Off_intento5_180deg_2000_pulsos_Mu_0.50,TIEMPO_MAXIMO
30.373412146,162.515891626679,168.681,0.2622,-0.0513,-0.884,2.649,2.248,1.39392876658701,1.38784567790494,-213,213,1867,164.091796875,127.265625,-255,0,106.726928233678,212.806024551025,Giro_Off_intento5_180deg_2000_pulsos_Mu_0.50,TIEMPO_MAXIMO
30.421349914,162.338891626679,168.504,0.2588,-0.0469,-0.8906,2.659,2.248,1.37423232825766,1.38444234049312,-214,214,1867,164.091796875,127.265625,-255,0,107.773118031503,213.715754810003,Giro_Off_intento5_180deg_2000_pulsos_Mu_0.50,TIEMPO_MAXIMO
30.469344105,162.148891626679,168.314,0.269,-0.043,-0.8796,2.654,2.253,1.38408054742233,1.38435189222542,-214,214,1867,164.091796875,127.265625,-255,0,108.895001754204,214.691305873221,Giro_Off_intento5_180deg_2000_pulsos_Mu_0.50,TIEMPO_MAXIMO
30.517441737,161.815891626679,167.981,0.2783,-0.0491,-0.8821,2.649,2.248,1.39392876658701,1.38674611081582,-216,216,1867,164.091796875,127.265625,-255,0,110.858354597309,216.398569215051,Giro_Off_intento5_180deg_2000_pulsos_Mu_0.50,TIEMPO_MAXIMO
30.565484492,161.536891626679,167.702,0.28,-0.0437,-0.8884,2.654,2.253,1.38408054742233,1.38607971996745,-218,218,1867,164.091796875,127.265625,-255,0,112.500445635108,217.826474465311,Giro_Off_intento5_180deg_2000_pulsos_Mu_0.50,TIEMPO_MAXIMO
30.613294176,161.187891626679,167.353,0.2976,-0.0503,-0.8706,2.649,2.248,1.39392876658701,1.38804198162234,-219,219,1867,164.091796875,127.265625,-255,0,114.550770801306,219.609365914179,Giro_Off_intento5_180deg_2000_pulsos_Mu_0.50,TIEMPO_MAXIMO
30.66124036,160.888891626679,167.054,0.2866,-0.0452,-0.8555,2.649,2.248,1.39392876658701,1.38951367786351,-221,221,1867,164.091796875,127.265625,-255,0,116.303975595996,221.133891822605,Giro_Off_intento5_180deg_2000_pulsos_Mu_0.50,TIEMPO_MAXIMO
30.709326948,160.470891626679,166.636,0.292,-0.0371,-0.8765,2.649,2.248,1.39392876658701,1.39061745004438,-222,222,1867,164.091796875,127.265625,-255,0,118.749624558456,223.260543094309,Giro_Off_intento5_180deg_2000_pulsos_Mu_0.50,TIEMPO_MAXIMO
30.757742855,159.999891626679,166.165,0.3127,-0.0493,-0.8662,2.654,2.253,1.38408054742233,1.38898322438887,-223,223,1868,164.1796875,127.265625,-255,0,121.497788018248,225.65025045065,Giro_Off_intento5_180deg_2000_pulsos_Mu_0.50,TIEMPO_MAXIMO
30.805353007,159.654891626679,165.82,0.3245,-0.0381,-0.8621,2.654,2.248,1.38408054742233,1.38775755514724,-227,227,1868,164.1796875,127.265625,-255,0,123.505574931733,227.39615211455,Giro_Off_intento5_180deg_2000_pulsos_Mu_0.50,TIEMPO_MAXIMO
30.8532852,159.345891626679,165.511,0.3274,-0.0527,-0.865,2.654,2.248,1.38408054742233,1.38683830321601,-229,229,1867,164.091796875,127.265625,-255,0,125.300054368437,228.956569016032,Giro_Off_intento5_180deg_2000_pulsos_Mu_0.50,TIEMPO_MAXIMO
30.901513957,159.108891626679,165.274,0.334,-0.0408,-0.853,2.649,2.253,1.39392876658701,1.38861091905876,-229,229,1867,164.091796875,127.265625,-255,0,126.673935878135,230.151248589683,Giro_Off_intento5_180deg_2000_pulsos_Mu_0.50,TIEMPO_MAXIMO
30.949399077,158.822891626679,164.988,0.333,-0.0413,-0.8611,2.649,2.243,1.39392876658701,1.38994038094082,-230,230,1867,164.091796875,127.265625,-255,0,128.32898079927,231.590418086321,Giro_Off_intento5_180deg_2000_pulsos_Mu_0.50,TIEMPO_MAXIMO
30.997282783,158.402891626679,164.568,0.3479,-0.0444,-0.8462,2.654,2.248,1.38408054742233,1.3884754225612,-232,232,1867,164.091796875,127.265625,-255,0,130.753659038054,233.698833946134,Giro_Off_intento5_180deg_2000_pulsos_Mu_0.50,TIEMPO_MAXIMO
31.045423052,157.982891626679,164.148,0.3564,-0.0374,-0.8494,2.654,2.248,1.38408054742233,1.38737670377648,-236,236,1867,164.091796875,127.265625,-255,0,133.171311324129,235.801140281852,Giro_Off_intento5_180deg_2000_pulsos_Mu_0.50,TIEMPO_MAXIMO
31.093262113,157.538891626679,163.704,0.3594,-0.0259,-0.8665,2.654,2.248,1.38408054742233,1.38655266468795,-236,236,1867,164.091796875,127.265625,-255,0,135.719331578576,238.016810068327,Giro_Off_intento5_180deg_2000_pulsos_Mu_0.50,TIEMPO_MAXIMO
31.141336472,157.206891626679,163.372,0.3623,-0.043,-0.8523,2.649,2.253,1.39392876658701,1.38839669016271,-239,239,1867,164.091796875,127.265625,-255,0,137.619290828331,239.668948546375,Giro_Off_intento5_180deg_2000_pulsos_Mu_0.50,TIEMPO_MAXIMO
31.18940836,156.829891626679,162.995,0.3645,-0.0447,-0.8499,2.654,2.253,1.38408054742233,1.38731765447762,-240,240,1868,164.1796875,127.265625,-255,0,139.771168576719,241.540146588452,Giro_Off_intento5_180deg_2000_pulsos_Mu_0.50,TIEMPO_MAXIMO
31.237289431,156.382891626679,162.548,0.3679,-0.0498,-0.8347,2.659,2.243,1.37423232825766,1.38404632292263,-244,244,1867,164.091796875,127.265625,-255,0,142.314750694708,243.751957125833,Giro_Off_intento5_180deg_2000_pulsos_Mu_0.50,TIEMPO_MAXIMO
31.285295703,155.739891626679,161.905,0.3948,-0.0513,-0.8547,2.654,2.253,1.38408054742233,1.38405487904755,-246,246,1867,164.091796875,127.265625,-255,0,145.958408119408,246.920354886442,Giro_Off_intento5_180deg_2000_pulsos_Mu_0.50,TIEMPO_MAXIMO
31.333308844,155.179891626679,161.345,0.3916,-0.0369,-0.8433,2.659,2.248,1.37423232825766,1.38159924135008,-247,247,1867,164.091796875,127.265625,-255,0,149.116773186558,249.666759292659,Giro_Off_intento5_180deg_2000_pulsos_Mu_0.50,TIEMPO_MAXIMO
31.381329132,154.762891626679,160.928,0.3906,-0.0334,-0.8289,2.649,2.248,1.39392876658701,1.38468162265931,-250,250,1867,164.091796875,127.265625,-255,0,151.459390893153,251.703818167959,Giro_Off_intento5_180deg_2000_pulsos_Mu_0.50,TIEMPO_MAXIMO
31.429323216,154.413891626679,160.579,0.3811,-0.0425,-0.8381,2.654,2.253,1.38408054742233,1.38453135385007,-252,252,1867,164.091796875,127.265625,-255,0,153.413837180215,253.403336678448,Giro_Off_intento5_180deg_2000_pulsos_Mu_0.50,TIEMPO_MAXIMO
31.477296939,154.072891626679,160.238,0.4009,-0.032,-0.8367,2.654,2.253,1.38408054742233,1.38441865224313,-254,254,1867,164.091796875,127.265625,-255,0,155.317985109102,255.059117486176,Giro_Off_intento5_180deg_2000_pulsos_Mu_0.50,TIEMPO_MAXIMO
31.525295532,153.660891626679,159.826,0.405,-0.0457,-0.8228,2.654,2.248,1.38408054742233,1.38433412603793,-256,256,1868,164.1796875,127.265625,-255,0,157.611252617331,257.053263145505,Giro_Off_intento5_180deg_2000_pulsos_Mu_0.50,TIEMPO_MAXIMO
31.573135379,153.361891626679,159.527,0.4229,-0.0474,-0.845,2.654,2.248,1.38408054742233,1.38427073138403,-258,258,1867,164.091796875,127.265625,-255,0,159.270444890572,258.49603903528,Giro_Off_intento5_180deg_2000_pulsos_Mu_0.50,TIEMPO_MAXIMO
31.621249891,153.210891626679,159.376,0.4204,-0.0369,-0.8367,2.654,2.248,1.38408054742233,1.38422318539361,-258,258,1868,164.1796875,127.265625,-255,0,160.106719216726,259.223234101501,Giro_Off_intento5_180deg_2000_pulsos_Mu_0.50,TIEMPO_MAXIMO
31.669165326,153.103891626679,159.269,0.4297,-0.0356,-0.8308,2.649,2.248,1.39392876658701,1.38664958069196,-260,260,1868,164.1796875,127.265625,-255,0,160.698638109196,259.737946181909,Giro_Off_intento5_180deg_2000_pulsos_Mu_0.50,TIEMPO_MAXIMO
31.717183219,152.845891626679,159.011,0.4326,-0.0374,-0.8218,2.654,2.248,1.38408054742233,1.38600732237455,-260,260,1868,164.1796875,127.265625,-255,0,162.123572918723,260.977019929324,Giro_Off_intento5_180deg_2000_pulsos_Mu_0.50,TIEMPO_MAXIMO
31.765235848,152.507891626679,158.673,0.437,-0.0305,-0.8083,2.649,2.243,1.39392876658701,1.38798768342767,-263,263,1867,164.091796875,127.265625,-255,0,163.985369155737,262.595973178902,Giro_Off_intento5_180deg_2000_pulsos_Mu_0.50,TIEMPO_MAXIMO
31.813249228,152.045891626679,158.211,0.4585,-0.0413,-0.8179,2.654,2.243,1.38408054742233,1.38701089942633,-263,263,1868,164.1796875,127.265625,-255,0,166.520947196972,264.800823649541,Giro_Off_intento5_180deg_2000_pulsos_Mu_0.50,TIEMPO_MAXIMO
31.861247047,151.626891626679,157.792,0.4644,-0.0364,-0.8108,2.654,2.248,1.38408054742233,1.38627831142533,-265,265,1867,164.091796875,127.265625,-255,0,168.811172017865,266.792323493796,Giro_Off_intento5_180deg_2000_pulsos_Mu_0.50,TIEMPO_MAXIMO
31.909289895,151.277891626679,157.443,0.4705,-0.0469,-0.8098,2.659,2.248,1.37423232825766,1.38326681563341,-268,268,1867,164.091796875,127.265625,-255,0,170.711895455192,268.445126482775,Giro_Off_intento5_180deg_2000_pulsos_Mu_0.50,TIEMPO_MAXIMO
31.957232063,150.810891626679,156.976,0.4609,-0.0393,-0.8032,2.654,2.248,1.38408054742233,1.38347024858064,-270,270,1868,164.1796875,127.265625,-255,0,173.245349783577,270.648130246589,Giro_Off_intento5_180deg_2000_pulsos_Mu_0.50,TIEMPO_MAXIMO
32.005321501,150.235891626679,156.401,0.4788,-0.0393,-0.8174,2.659,2.248,1.37423232825766,1.3811607684999,-271,271,1867,164.091796875,127.265625,-255,0,176.348872025477,273.346845239545,Giro_Off_intento5_180deg_2000_pulsos_Mu_0.50,TIEMPO_MAXIMO
32.053345221,149.605891626679,155.771,0.4707,-0.0293,-0.8074,2.649,2.248,1.39392876658701,1.38435276802168,-274,274,1868,164.1796875,127.265625,-255,0,179.728851330865,276.285957679013,Giro_Off_intento5_180deg_2000_pulsos_Mu_0.50,TIEMPO_MAXIMO
32.101200223,148.947891626679,155.113,0.4773,-0.0281,-0.7932,2.654,2.253,1.38408054742233,1.38428471287184,-279,279,1867,164.091796875,127.265625,-255,0,183.235845937523,279.335518206542,Giro_Off_intento5_180deg_2000_pulsos_Mu_0.50,TIEMPO_MAXIMO
32.165124242,148.150891626679,154.316,0.4827,-0.0378,-0.8074,2.654,2.248,1.38408054742233,1.38423367150946,-279,279,1868,164.1796875,127.265625,-255,0,187.451273235653,283.001107161437,Giro_Off_intento5_180deg_2000_pulsos_Mu_0.50,TIEMPO_MAXIMO
32.213255683,147.531891626679,153.697,0.4875,-0.0298,-0.8081,2.659,2.253,1.37423232825766,1.38173333569651,-283,283,1867,164.091796875,127.265625,-255,0,190.700254928517,285.826308633493,Giro_Off_intento5_180deg_2000_pulsos_Mu_0.50,TIEMPO_MAXIMO
32.261137512,147.104891626679,153.27,0.4954,-0.0393,-0.7925,2.654,2.248,1.38408054742233,1.38232013862797,-288,288,1867,164.091796875,127.265625,-255,0,192.928524950841,287.763934739862,Giro_Off_intento5_180deg_2000_pulsos_Mu_0.50,TIEMPO_MAXIMO
32.30917685,146.653891626679,152.819,0.4993,-0.0422,-0.7854,2.659,2.248,1.37423232825766,1.38029818603539,-289,289,1868,164.1796875,127.265625,-255,0,195.270399168959,289.800347103442,Giro_Off_intento5_180deg_2000_pulsos_Mu_0.50,TIEMPO_MAXIMO
32.357247802,146.310891626679,152.476,0.4897,-0.0076,-0.8044,2.649,2.248,1.39392876658701,1.3837058311733,-291,291,1867,164.091796875,127.265625,-255,0,197.043377745569,291.342067604843,Giro_Off_intento5_180deg_2000_pulsos_Mu_0.50,TIEMPO_MAXIMO
32.405415551,145.939891626679,152.105,0.4946,-0.0327,-0.7959,2.659,2.248,1.37423232825766,1.38133745544439,-292,292,1868,164.1796875,127.265625,-255,0,198.953137504678,293.002728264937,Giro_Off_intento5_180deg_2000_pulsos_Mu_0.50,TIEMPO_MAXIMO
32.4532085,145.578891626679,151.744,0.4983,-0.0371,-0.7991,2.659,2.248,1.37423232825766,1.3795611736477,-293,293,1867,164.091796875,127.265625,-255,0,200.803414533591,294.611664811818,Giro_Off_intento5_180deg_2000_pulsos_Mu_0.50,TIEMPO_MAXIMO
32.501309498,145.297891626679,151.463,0.5078,-0.0303,-0.7969,2.654,2.253,1.38408054742233,1.38069101709136,-296,296,1868,164.1796875,127.265625,-255,0,202.238144199951,295.859255826044,Giro_Off_intento5_180deg_2000_pulsos_Mu_0.50,TIEMPO_MAXIMO
32.549245394,145.033891626679,151.199,0.5173,-0.0417,-0.7861,2.649,2.248,1.39392876658701,1.38400045446527,-297,297,1868,164.1796875,127.265625,-255,0,203.581644033216,297.027516550622,Giro_Off_intento5_180deg_2000_pulsos_Mu_0.50,TIEMPO_MAXIMO
32.597207505,144.802891626679,150.968,0.5176,-0.0381,-0.7795,2.654,2.248,1.38408054742233,1.38402047770454,-298,298,1867,164.091796875,127.265625,-255,0,204.753661841396,298.046662470779,Giro_Off_intento5_180deg_2000_pulsos_Mu_0.50,TIEMPO_MAXIMO
32.645207607,144.562891626679,150.728,0.5139,-0.031,-0.7805,2.654,2.253,1.38408054742233,1.38403549513399,-298,298,1868,164.1796875,127.265625,-255,0,205.967817185345,299.102449726387,Giro_Off_intento5_180deg_2000_pulsos_Mu_0.50,TIEMPO_MAXIMO
32.693323571,144.380891626679,150.546,0.5349,-0.0332,-0.7773,2.644,2.253,1.40377698575168,1.38897086778841,-300,300,1868,164.1796875,127.265625,-255,0,206.886143405153,299.900994265351,Giro_Off_intento5_180deg_2000_pulsos_Mu_0.50,TIEMPO_MAXIMO
32.741156723,144.195891626679,150.361,0.5278,-0.0347,-0.7664,2.654,2.253,1.38408054742233,1.38774828769689,-301,301,1868,164.1796875,127.265625,-255,0,207.817467410474,300.710841226499,Giro_Off_intento5_180deg_2000_pulsos_Mu_0.50,TIEMPO_MAXIMO
32.789322364,144.068891626679,150.234,0.5459,-0.03,-0.7747,2.654,2.248,1.38408054742233,1.38683135262825,-301,301,1868,164.1796875,127.265625,-255,0,208.45555514711,301.265700127922,Giro_Off_intento5_180deg_2000_pulsos_Mu_0.50,TIEMPO_MAXIMO
32.837443538,143.975891626679,150.141,0.5352,-0.0378,-0.7695,2.654,2.248,1.38408054742233,1.38614365132677,-302,302,1868,164.1796875,127.265625,-255,0,208.922166826362,301.671449414228,Giro_Off_intento5_180deg_2000_pulsos_Mu_0.50,TIEMPO_MAXIMO
32.885169859,143.668891626679,149.834,0.5728,-0.0303,-0.7698,2.649,2.248,1.39392876658701,1.38808993014183,-302,302,1868,164.1796875,127.265625,-255,0,210.458572840422,303.007454643845,Giro_Off_intento5_180deg_2000_pulsos_Mu_0.50,TIEMPO_MAXIMO
32.93318815,143.479891626679,149.645,0.5586,-0.0383,-0.7466,2.654,2.253,1.38408054742233,1.38708758446196,-304,304,1868,164.1796875,127.265625,-255,0,211.401436309361,303.827335921183,Giro_Off_intento5_180deg_2000_pulsos_Mu_0.50,TIEMPO_MAXIMO
32.981210894,143.204891626679,149.37,0.5669,-0.0344,-0.7639,2.659,2.253,1.37423232825766,1.38387377041088,-304,304,1868,164.1796875,127.265625,-255,0,212.769216329867,305.016709852059,Giro_Off_intento5_180deg_2000_pulsos_Mu_0.50,TIEMPO_MAXIMO
33.029150171,142.999891626679,149.165,0.5598,-0.0479,-0.7192,2.659,2.253,1.37423232825766,1.38146340987258,-305,305,1868,164.1796875,127.265625,-255,0,213.785647094589,305.900562690947,Giro_Off_intento5_180deg_2000_pulsos_Mu_0.50,TIEMPO_MAXIMO
33.077177127,142.723891626679,148.889,0.5901,-0.0269,-0.7573,2.649,2.253,1.39392876658701,1.38457974905118,-306,306,1867,164.091796875,127.265625,-255,0,215.149784891739,307.086769471078,Giro_Off_intento5_180deg_2000_pulsos_Mu_0.50,TIEMPO_MAXIMO
33.125130779,142.526891626679,148.692,0.5903,-0.0413,-0.7461,2.654,2.248,1.38408054742233,1.38445494864397,-308,308,1868,164.1796875,127.265625,-255,0,216.120411340053,307.930792469611,Giro_Off_intento5_180deg_2000_pulsos_Mu_0.50,TIEMPO_MAXIMO
33.173127703,142.255891626679,148.421,0.5991,-0.0264,-0.7346,2.664,2.248,1.36438410909298,1.37943723875622,-308,308,1868,164.1796875,127.265625,-255,0,217.451461447928,309.088227346025,Giro_Off_intento5_180deg_2000_pulsos_Mu_0.50,TIEMPO_MAXIMO
33.221125122,141.966891626679,148.132,0.6179,-0.0322,-0.7197,2.664,2.248,1.36438410909298,1.37567395634041,-309,309,1868,164.1796875,127.265625,-255,0,218.865559973077,310.317878237459,Giro_Off_intento5_180deg_2000_pulsos_Mu_0.50,TIEMPO_MAXIMO
33.26910053,141.602891626679,147.768,0.6191,-0.0386,-0.7249,2.669,2.248,1.35453588992831,1.37038943973739,-311,311,1868,164.1796875,127.265625,-255,0,220.638711192821,311.859748863323,Giro_Off_intento5_180deg_2000_pulsos_Mu_0.50,TIEMPO_MAXIMO
33.317147766,141.280891626679,147.446,0.6079,-0.0425,-0.7249,2.669,2.253,1.35453588992831,1.36642605228512,-312,312,1868,164.1796875,127.265625,-255,0,222.199847232886,313.217258463379,Giro_Off_intento5_180deg_2000_pulsos_Mu_0.50,TIEMPO_MAXIMO
33.365338705,140.858891626679,147.024,0.6318,-0.0376,-0.7134,2.674,2.243,1.34468767076363,1.36099145690475,-315,315,1868,164.1796875,127.265625,-255,0,224.235174848452,314.987108563872,Giro_Off_intento5_180deg_2000_pulsos_Mu_0.50,TIEMPO_MAXIMO
33.413214339,140.250891626679,146.416,0.636,-0.0305,-0.7009,2.678,2.253,1.33680909543189,1.35494586653653,-317,317,1868,164.1796875,127.265625,-255,0,227.146173756558,317.518411962225,Giro_Off_intento5_180deg_2000_pulsos_Mu_0.50,TIEMPO_MAXIMO
33.461197676,139.580891626679,145.746,0.6487,-0.0396,-0.7,2.674,2.248,1.34468767076363,1.35238131759331,-319,319,1868,164.1796875,127.265625,-255,0,230.32438194677,320.282071258061,Giro_Off_intento5_180deg_2000_pulsos_Mu_0.50,TIEMPO_MAXIMO
33.509054332,139.041891626679,145.207,0.645,-0.0386,-0.7024,2.669,2.248,1.35453588992831,1.35291996067706,-321,321,1868,164.1796875,127.265625,-255,0,232.858339774644,322.485512847516,Giro_Off_intento5_180deg_2000_pulsos_Mu_0.50,TIEMPO_MAXIMO
33.557056685,138.586891626679,144.752,0.6482,-0.0417,-0.7048,2.674,2.248,1.34468767076363,1.3508618881987,-323,323,1868,164.1796875,127.265625,-255,0,234.981363849773,324.331620738933,Giro_Off_intento5_180deg_2000_pulsos_Mu_0.50,TIEMPO_MAXIMO
33.605459735,138.064891626679,144.23,0.6658,-0.0378,-0.6931,2.678,2.253,1.33680909543189,1.347348690007,-325,325,1868,164.1796875,127.265625,-255,0,237.398748561824,326.433694401586,Giro_Off_intento5_180deg_2000_pulsos_Mu_0.50,TIEMPO_MAXIMO
33.65315969,137.606891626679,143.772,0.6589,-0.0286,-0.6521,2.669,2.248,1.35453588992831,1.34914548998733,-328,328,1868,164.1796875,127.265625,-255,0,239.503526657348,328.263936223781,Giro_Off_intento5_180deg_2000_pulsos_Mu_0.50,TIEMPO_MAXIMO
33.701109105,137.264891626679,143.43,0.6689,-0.0388,-0.6831,2.674,2.248,1.34468767076363,1.3480310351814,-329,329,1868,164.1796875,127.265625,-255,0,241.065243761794,329.621951097212,Giro_Off_intento5_180deg_2000_pulsos_Mu_0.50,TIEMPO_MAXIMO
33.749133181,136.852891626679,143.018,0.676,-0.0376,-0.6665,2.678,2.248,1.33680909543189,1.34522555024403,-330,330,1868,164.1796875,127.265625,-255,0,242.935199724274,331.247999760238,Giro_Off_intento5_180deg_2000_pulsos_Mu_0.50,TIEMPO_MAXIMO
33.797041095,136.292891626679,142.458,0.6765,-0.0425,-0.6699,2.678,2.248,1.33680909543189,1.34312143654099,-331,331,1868,164.1796875,127.265625,-255,0,245.456728604256,333.440633568919,Giro_Off_intento5_180deg_2000_pulsos_Mu_0.50,TIEMPO_MAXIMO
33.845053751,135.781891626679,141.947,0.6807,-0.0378,-0.6565,2.674,2.248,1.34468767076363,1.34351299509665,-335,335,1868,164.1796875,127.265625,-255,0,247.737169750646,335.423625870127,Giro_Off_intento5_180deg_2000_pulsos_Mu_0.50,TIEMPO_MAXIMO
33.893115214,135.066891626679,141.232,0.7004,-0.0376,-0.6328,2.683,2.243,1.32696087626722,1.33937496538929,-336,336,1868,164.1796875,127.265625,-255,0,250.894886317665,338.169466363187,Giro_Off_intento5_180deg_2000_pulsos_Mu_0.50,TIEMPO_MAXIMO
33.94105798,134.447891626679,140.613,0.7085,-0.0415,-0.6519,2.678,2.239,1.33680909543189,1.33873349789994,-338,338,1868,164.1796875,127.265625,-255,0,253.597093152162,340.519211436662,Giro_Off_intento5_180deg_2000_pulsos_Mu_0.50,TIEMPO_MAXIMO
33.989042712,133.892891626679,140.058,0.6995,-0.0417,-0.6497,2.678,2.239,1.33680909543189,1.33825239728293,-341,341,1868,164.1796875,127.265625,-255,0,255.994754373405,342.604134237744,Giro_Off_intento5_180deg_2000_pulsos_Mu_0.50,TIEMPO_MAXIMO
34.037152728,133.398891626679,139.564,0.7078,-0.0537,-0.6433,2.678,2.234,1.33680909543189,1.33789157182017,-344,344,1868,164.1796875,127.265625,-255,0,258.108690935298,344.442339943738,Giro_Off_intento5_180deg_2000_pulsos_Mu_0.50,TIEMPO_MAXIMO
34.085148517,132.887891626679,139.053,0.7034,-0.0454,-0.6384,2.678,2.234,1.33680909543189,1.3376209527231,-346,346,1868,164.1796875,127.265625,-255,0,260.275183565586,346.326246578771,Giro_Off_intento5_180deg_2000_pulsos_Mu_0.50,TIEMPO_MAXIMO
34.133163542,132.427891626679,138.593,0.6897,-0.0359,-0.6606,2.683,2.239,1.32696087626722,1.33495593360913,-346,346,1868,164.1796875,127.265625,-255,0,262.207749315746,348.006738535431,Giro_Off_intento5_180deg_2000_pulsos_Mu_0.50,TIEMPO_MAXIMO
34.180991722,131.890891626679,138.056,0.7153,-0.0447,-0.6438,2.683,2.234,1.32696087626722,1.33295716927365,-348,348,1868,164.1796875,127.265625,-255,0,264.442419574555,349.949930064831,Giro_Off_intento5_180deg_2000_pulsos_Mu_0.50,TIEMPO_MAXIMO
34.229123944,131.433891626679,137.599,0.717,-0.0364,-0.6321,2.678,2.229,1.33680909543189,1.33392015081321,-351,351,1868,164.1796875,127.265625,-255,0,266.325889721171,351.587730192323,Giro_Off_intento5_180deg_2000_pulsos_Mu_0.50,TIEMPO_MAXIMO
34.277039029,130.875891626679,137.041,0.7175,-0.0464,-0.6355,2.678,2.234,1.33680909543189,1.33464238696788,-353,353,1868,164.1796875,127.265625,-255,0,268.602633280924,353.567507200804,Giro_Off_intento5_180deg_2000_pulsos_Mu_0.50,TIEMPO_MAXIMO
34.325043103,130.306891626679,136.472,0.7366,-0.0435,-0.6367,2.678,2.229,1.33680909543189,1.33518406408389,-355,355,1868,164.1796875,127.265625,-255,0,270.898023237519,355.563498467408,Giro_Off_intento5_180deg_2000_pulsos_Mu_0.50,TIEMPO_MAXIMO
34.373056307,129.960891626679,136.126,0.7341,-0.0522,-0.6233,2.683,2.234,1.32696087626722,1.33312826712972,-356,356,1868,164.1796875,127.265625,-255,0,272.280765879921,356.765883373844,Giro_Off_intento5_180deg_2000_pulsos_Mu_0.50,TIEMPO_MAXIMO
34.421058215,129.713891626679,135.879,0.741,-0.051,-0.6116,2.683,2.239,1.32696087626722,1.33158641941409,-357,357,1868,164.1796875,127.265625,-255,0,273.2617969731,357.618953889653,Giro_Off_intento5_180deg_2000_pulsos_Mu_0.50,TIEMPO_MAXIMO
34.469006571,129.559891626679,135.725,0.719,-0.0549,-0.6267,2.688,2.234,1.31711265710254,1.32796797883621,-358,358,1868,164.1796875,127.265625,-255,0,273.870882933937,358.148593855598,Giro_Off_intento5_180deg_2000_pulsos_Mu_0.50,TIEMPO_MAXIMO
34.517094059,129.301891626679,135.467,0.7463,-0.0525,-0.6157,2.683,2.234,1.32696087626722,1.32771620319396,-359,359,1868,164.1796875,127.265625,-255,0,274.886863546393,359.032055257733,Giro_Off_intento5_180deg_2000_pulsos_Mu_0.50,TIEMPO_MAXIMO
34.565009871,129.020891626679,135.186,0.7473,-0.0491,-0.5959,2.683,2.234,1.32696087626722,1.32752737146227,-359,359,1868,164.1796875,127.265625,-255,0,275.987074156669,359.988760136234,Giro_Off_intento5_180deg_2000_pulsos_Mu_0.50,TIEMPO_MAXIMO
34.613124777,128.677891626679,134.843,0.751,-0.0505,-0.5977,2.683,2.234,1.32696087626722,1.32738574766351,-361,361,1868,164.1796875,127.265625,-255,0,277.321036370024,361.148727278282,Giro_Off_intento5_180deg_2000_pulsos_Mu_0.50,TIEMPO_MAXIMO
34.661113473,128.286891626679,134.452,0.76,-0.0557,-0.5955,2.683,2.234,1.32696087626722,1.32727952981444,-361,361,1868,164.1796875,127.265625,-255,0,278.829550673282,362.460478846332,Giro_Off_intento5_180deg_2000_pulsos_Mu_0.50,TIEMPO_MAXIMO
34.70897709,127.896891626679,134.062,0.7578,-0.0544,-0.5876,2.683,2.234,1.32696087626722,1.32719986642763,-363,363,1868,164.1796875,127.265625,-255,0,280.32127161353,363.757627490026,Giro_Off_intento5_180deg_2000_pulsos_Mu_0.50,TIEMPO_MAXIMO
34.756989787,127.396891626679,133.562,0.7622,-0.0491,-0.5649,2.678,2.229,1.33680909543189,1.3296021736787,-365,365,1868,164.1796875,127.265625,-255,0,282.214725552895,365.404109176431,Giro_Off_intento5_180deg_2000_pulsos_Mu_0.50,TIEMPO_MAXIMO
34.804958771,126.892891626679,133.058,0.7605,-0.0552,-0.575,2.683,2.229,1.32696087626722,1.32894184932583,-365,365,1868,164.1796875,127.265625,-255,0,284.101576405296,367.044849048084,Giro_Off_intento5_180deg_2000_pulsos_Mu_0.50,TIEMPO_MAXIMO
34.853110603,126.433891626679,132.599,0.7813,-0.071,-0.5884,2.683,2.234,1.32696087626722,1.32844660606117,-367,367,1868,164.1796875,127.265625,-255,0,285.800835721988,368.522465845207,Giro_Off_intento5_180deg_2000_pulsos_Mu_0.50,TIEMPO_MAXIMO
34.90099277,126.067891626679,132.233,0.7754,-0.0496,-0.5762,2.678,2.234,1.33680909543189,1.33053722840385,-370,370,1868,164.1796875,127.265625,-255,0,287.142662105405,369.689271396004,Giro_Off_intento5_180deg_2000_pulsos_Mu_0.50,TIEMPO_MAXIMO
34.949049611,125.698891626679,131.864,0.7708,-0.0649,-0.583,2.683,2.229,1.32696087626722,1.3296431403697,-371,371,1868,164.1796875,127.265625,-255,0,288.483625549736,370.855326564988,Giro_Off_intento5_180deg_2000_pulsos_Mu_0.50,TIEMPO_MAXIMO
34.997128774,125.233891626679,131.399,0.7876,-0.0571,-0.5674,2.683,2.234,1.32696087626722,1.32897257434408,-371,371,1868,164.1796875,127.265625,-255,0,290.156410956037,372.309922570467,Giro_Off_intento5_180deg_2000_pulsos_Mu_0.50,TIEMPO_MAXIMO
35.044961511,124.808891626679,130.974,0.781,-0.0488,-0.5732,2.683,2.234,1.32696087626722,1.32846964982486,-372,372,1868,164.1796875,127.265625,-255,0,291.668587541478,373.62485873172,Giro_Off_intento5_180deg_2000_pulsos_Mu_0.50,TIEMPO_MAXIMO
35.093089557,124.445891626679,130.611,0.7881,-0.0518,-0.5649,2.683,2.239,1.32696087626722,1.32809245643545,-374,374,1868,164.1796875,127.265625,-255,0,292.947460363017,374.736922054797,Giro_Off_intento5_180deg_2000_pulsos_Mu_0.50,TIEMPO_MAXIMO
35.141207884,124.181891626679,130.347,0.8079,-0.0481,-0.5654,2.683,2.234,1.32696087626722,1.32780956139339,-376,376,1868,164.1796875,127.265625,-255,0,293.870167022463,375.539275671707,Giro_Off_intento5_180deg_2000_pulsos_Mu_0.50,TIEMPO_MAXIMO
35.189035953,123.872891626679,130.038,0.7986,-0.05,-0.5627,2.678,2.239,1.33680909543189,1.33005944490302,-376,376,1868,164.1796875,127.265625,-255,0,294.942226942139,376.471501688817,Giro_Off_intento5_180deg_2000_pulsos_Mu_0.50,TIEMPO_MAXIMO
35.237025283,123.691891626679,129.857,0.803,-0.0625,-0.5542,2.683,2.234,1.32696087626722,1.32928480274407,-377,377,1868,164.1796875,127.265625,-255,0,295.566215158612,377.014100137924,Giro_Off_intento5_180deg_2000_pulsos_Mu_0.50,TIEMPO_MAXIMO
35.284992528,123.575891626679,129.741,0.8145,-0.0527,-0.5396,2.678,2.229,1.33680909543189,1.33116587591602,-377,377,1868,164.1796875,127.265625,-255,0,295.964568664637,377.360494490989,Giro_Off_intento5_180deg_2000_pulsos_Mu_0.50,TIEMPO_MAXIMO
35.333024643,123.410891626679,129.576,0.8018,-0.0544,-0.5198,2.688,2.234,1.31711265710254,1.32765257121265,-378,378,1868,164.1796875,127.265625,-255,0,296.52910175117,377.851392827104,Giro_Off_intento5_180deg_2000_pulsos_Mu_0.50,TIEMPO_MAXIMO
35.396963979,123.021891626679,129.187,0.8196,-0.0591,-0.5288,2.678,2.229,1.33680909543189,1.32994170226746,-379,379,1868,164.1796875,127.265625,-255,0,297.850289826176,379.000252022762,Giro_Off_intento5_180deg_2000_pulsos_Mu_0.50,TIEMPO_MAXIMO
35.445018021,122.637891626679,128.803,0.8247,-0.0647,-0.5227,2.683,2.234,1.32696087626722,1.3291964957674,-379,379,1868,164.1796875,127.265625,-255,0,299.141030513893,380.122635229472,Giro_Off_intento5_180deg_2000_pulsos_Mu_0.50,TIEMPO_MAXIMO
35.493033863,122.337891626679,128.503,0.8206,-0.0637,-0.5005,2.683,2.234,1.32696087626722,1.32863759089236,-380,380,1868,164.1796875,127.265625,-255,0,300.140075353216,380.991369872361,Giro_Off_intento5_180deg_2000_pulsos_Mu_0.50,TIEMPO_MAXIMO
35.54099823,121.873891626679,128.039,0.8259,-0.0662,-0.509,2.678,2.239,1.33680909543189,1.33068046702724,-381,381,1868,164.1796875,127.265625,-255,0,301.669049572621,382.320912671844,Giro_Off_intento5_180deg_2000_pulsos_Mu_0.50,TIEMPO_MAXIMO
35.589041372,121.351891626679,127.517,0.8435,-0.0566,-0.4949,2.678,2.239,1.33680909543189,1.3322126241284,-384,384,1868,164.1796875,127.265625,-255,0,303.365492292408,383.796080254268,Giro_Off_intento5_180deg_2000_pulsos_Mu_0.50,TIEMPO_MAXIMO
35.637304219,120.943891626679,127.109,0.8308,-0.0549,-0.4988,2.688,2.234,1.31711265710254,1.32843763237194,-385,385,1868,164.1796875,127.265625,-255,0,304.673922602739,384.933845741512,Giro_Off_intento5_180deg_2000_pulsos_Mu_0.50,TIEMPO_MAXIMO
35.684902712,120.622891626679,126.788,0.8606,-0.0684,-0.4954,2.674,2.229,1.34468767076363,1.33250014196986,-386,386,1868,164.1796875,127.265625,-255,0,305.69249365557,385.819559700496,Giro_Off_intento5_180deg_2000_pulsos_Mu_0.50,TIEMPO_MAXIMO
35.73298107,120.420891626679,126.586,0.8555,-0.0576,-0.4951,2.674,2.229,1.34468767076363,1.3355470241683,-386,386,1868,164.1796875,127.265625,-255,0,306.328546788621,386.37264938141,Giro_Off_intento5_180deg_2000_pulsos_Mu_0.50,TIEMPO_MAXIMO
35.781009744,120.307891626679,126.473,0.8689,-0.0552,-0.4824,2.678,2.234,1.33680909543189,1.3358625419842,-387,387,1868,164.1796875,127.265625,-255,0,306.682698457678,386.680607354503,Giro_Off_intento5_180deg_2000_pulsos_Mu_0.50,TIEMPO_MAXIMO
35.828965692,120.208891626679,126.374,0.8574,-0.0698,-0.4604,2.678,2.234,1.33680909543189,1.33609918034612,-387,387,1868,164.1796875,127.265625,-255,0,306.991992616913,386.949558797315,Giro_Off_intento5_180deg_2000_pulsos_Mu_0.50,TIEMPO_MAXIMO
35.876970702,119.912891626679,126.078,0.8679,-0.0698,-0.4341,2.669,2.229,1.35453588992831,1.34070835774167,-388,388,1868,164.1796875,127.265625,-255,0,307.911280379423,387.748939460368,Giro_Off_intento5_180deg_2000_pulsos_Mu_0.50,TIEMPO_MAXIMO
35.925023846,119.476891626679,125.642,0.8718,-0.0562,-0.4246,2.674,2.234,1.34468767076363,1.34170318599716,-389,389,1868,164.1796875,127.265625,-255,0,309.250391997607,388.913384345745,Giro_Off_intento5_180deg_2000_pulsos_Mu_0.50,TIEMPO_MAXIMO
35.972962672,118.839891626679,125.005,0.8635,-0.0696,-0.4382,2.674,2.234,1.34468767076363,1.34244930718878,-391,391,1868,164.1796875,127.265625,-255,0,311.174631396321,390.586635996801,Giro_Off_intento5_180deg_2000_pulsos_Mu_0.50,TIEMPO_MAXIMO
36.021239648,118.119891626679,124.285,0.8877,-0.0718,-0.4287,2.674,2.234,1.34468767076363,1.34300889808249,-391,391,1868,164.1796875,127.265625,-255,0,313.303277673825,392.437632759848,Giro_Off_intento5_180deg_2000_pulsos_Mu_0.50,TIEMPO_MAXIMO
36.068922663,117.422891626679,123.588,0.887,-0.0613,-0.4187,2.664,2.234,1.36438410909298,1.34835270083512,-394,394,1868,164.1796875,127.265625,-255,0,315.316800056711,394.188521788445,Giro_Off_intento5_180deg_2000_pulsos_Mu_0.50,TIEMPO_MAXIMO
36.116973823,116.786891626679,122.952,0.9006,-0.0647,-0.416,2.674,2.234,1.34468767076363,1.34743644331724,-396,396,1868,164.1796875,127.265625,-255,0,317.113395641212,395.750778818446,Giro_Off_intento5_180deg_2000_pulsos_Mu_0.50,TIEMPO_MAXIMO
36.180933929,116.146891626679,122.312,0.8992,-0.0771,-0.4045,2.669,2.234,1.35453588992831,1.34921130497001,-397,397,1868,164.1796875,127.265625,-255,0,318.881847509887,397.288563052076,Giro_Off_intento5_180deg_2000_pulsos_Mu_0.50,TIEMPO_MAXIMO
36.229012365,115.640891626679,121.806,0.8989,-0.0657,-0.3975,2.669,2.234,1.35453588992831,1.35054245120959,-397,397,1868,164.1796875,127.265625,-255,0,320.251877093633,398.479893124898,Giro_Off_intento5_180deg_2000_pulsos_Mu_0.50,TIEMPO_MAXIMO
36.277022321,115.190891626679,121.356,0.9009,-0.0698,-0.3938,2.664,2.229,1.36438410909298,1.35400286568043,-400,400,1868,164.1796875,127.265625,-255,0,321.449302324313,399.521132455924,Giro_Off_intento5_180deg_2000_pulsos_Mu_0.50,TIEMPO_MAXIMO
36.324849166,114.708891626679,120.874,0.9072,-0.0596,-0.3806,2.659,2.234,1.37423232825766,1.35906023132474,-401,401,1868,164.1796875,127.265625,-255,0,322.709882194101,400.617288864435,Giro_Off_intento5_180deg_2000_pulsos_Mu_0.50,TIEMPO_MAXIMO
36.372983529,114.264891626679,120.43,0.9026,-0.0503,-0.385,2.664,2.234,1.36438410909298,1.3603912007668,-402,402,1868,164.1796875,127.265625,-255,0,323.850874059692,401.60945570408,Giro_Off_intento5_180deg_2000_pulsos_Mu_0.50,TIEMPO_MAXIMO
36.420847865,113.899891626679,120.065,0.9104,-0.0593,-0.3796,2.659,2.234,1.37423232825766,1.36385148263952,-402,402,1868,164.1796875,127.265625,-255,0,324.774289662831,402.412425793766,Giro_Off_intento5_180deg_2000_pulsos_Mu_0.50,TIEMPO_MAXIMO
36.468972861,113.586891626679,119.752,0.8972,-0.0771,-0.3186,2.659,2.234,1.37423232825766,1.36644669404405,-402,402,1868,164.1796875,127.265625,-255,0,325.555654237011,403.091873249575,Giro_Off_intento5_180deg_2000_pulsos_Mu_0.50,TIEMPO_MAXIMO
36.516970107,113.409891626679,119.575,0.9299,-0.0574,-0.3462,2.654,2.239,1.38408054742233,1.37085515738862,-403,403,1868,164.1796875,127.265625,-255,0,325.993213149131,403.472359260114,Giro_Off_intento5_180deg_2000_pulsos_Mu_0.50,TIEMPO_MAXIMO
36.564802342,113.225891626679,119.391,0.9321,-0.0642,-0.3323,2.659,2.234,1.37423232825766,1.37169945010588,-404,404,1868,164.1796875,127.265625,-255,0,326.444778537319,403.86502481506,Giro_Off_intento5_180deg_2000_pulsos_Mu_0.50,TIEMPO_MAXIMO
36.612851227,113.058891626679,119.224,0.9548,-0.0635,-0.3276,2.659,2.234,1.37423232825766,1.37233266964383,-404,404,1868,164.1796875,127.265625,-255,0,326.851708876591,404.218877283992,Giro_Off_intento5_180deg_2000_pulsos_Mu_0.50,TIEMPO_MAXIMO
36.660859691,113.049891626679,119.215,0.9578,-0.0596,-0.3171,2.654,2.239,1.38408054742233,1.37526963908845,-404,404,1868,164.1796875,127.265625,-255,0,326.873560429803,404.237878634612,Giro_Off_intento5_180deg_2000_pulsos_Mu_0.50,TIEMPO_MAXIMO
36.708952796,113.020891626679,119.186,0.9473,-0.0681,-0.2837,2.654,2.234,1.38408054742233,1.37747236617192,-404,404,1868,164.1796875,127.265625,-255,0,326.943916123609,404.299057498791,Giro_Off_intento5_180deg_2000_pulsos_Mu_0.50,TIEMPO_MAXIMO
36.756876658,112.737891626679,118.903,0.9468,-0.0676,-0.2778,2.659,2.234,1.37423232825766,1.37666235669336,-405,405,1868,164.1796875,127.265625,-255,0,327.626091076757,404.892253110223,Giro_Off_intento5_180deg_2000_pulsos_Mu_0.50,TIEMPO_MAXIMO
36.804945563,112.147891626679,118.313,0.9653,-0.0671,-0.2437,2.659,2.234,1.37423232825766,1.37605484958443,-406,406,1868,164.1796875,127.265625,-255,0,329.022572056859,406.106584397269,Giro_Off_intento5_180deg_2000_pulsos_Mu_0.50,TIEMPO_MAXIMO
36.852864042,111.416891626679,117.582,0.9648,-0.0581,-0.2458,2.649,2.234,1.39392876658701,1.38052332883508,-407,407,1868,164.1796875,127.265625,-255,0,330.704381047051,407.569026997435,Giro_Off_intento5_180deg_2000_pulsos_Mu_0.50,TIEMPO_MAXIMO
36.900813487,110.466891626679,116.632,0.9746,-0.0894,-0.2104,2.654,2.234,1.38408054742233,1.38141263348189,-408,408,1868,164.1796875,127.265625,-255,0,332.809566817994,409.399623319995,Giro_Off_intento5_180deg_2000_pulsos_Mu_0.50,TIEMPO_MAXIMO
36.948859326,109.579891626679,115.745,0.9714,-0.0518,-0.2146,2.654,2.239,1.38408054742233,1.382079611967,-411,411,1868,164.1796875,127.265625,-255,0,334.692563689523,411.037011903933,Giro_Off_intento5_180deg_2000_pulsos_Mu_0.50,TIEMPO_MAXIMO
36.996879868,108.433891626679,114.599,0.9744,-0.0591,-0.2144,2.654,2.234,1.38408054742233,1.38257984583083,-413,413,1868,164.1796875,127.265625,-255,0,337.006560588906,413.049183120788,Giro_Off_intento5_180deg_2000_pulsos_Mu_0.50,TIEMPO_MAXIMO
37.045058062,107.274891626679,113.44,0.9756,-0.0737,-0.2268,2.659,2.239,1.37423232825766,1.38049296643754,-414,414,1868,164.1796875,127.265625,-255,0,339.209682925159,414.964941674052,Giro_Off_intento5_180deg_2000_pulsos_Mu_0.50,TIEMPO_MAXIMO
37.093004605,106.226891626679,112.392,0.9966,-0.0674,-0.2083,2.659,2.234,1.37423232825766,1.37892780689257,-415,415,1868,164.1796875,127.265625,-255,0,341.082338180621,416.593337548366,Giro_Off_intento5_180deg_2000_pulsos_Mu_0.50,TIEMPO_MAXIMO
37.140865748,105.482891626679,111.648,1.0012,-0.061,-0.1997,2.654,2.234,1.38408054742233,1.38021599202501,-418,418,1868,164.1796875,127.265625,-255,0,342.342555663157,417.689178837528,Giro_Off_intento5_180deg_2000_pulsos_Mu_0.50,TIEMPO_MAXIMO
37.204937738,104.931891626679,111.097,1.0051,-0.0603,-0.1887,2.654,2.234,1.38408054742233,1.38118213087434,-418,418,1868,164.1796875,127.265625,-255,0,343.238668397108,418.468407301833,Giro_Off_intento5_180deg_2000_pulsos_Mu_0.50,TIEMPO_MAXIMO
37.253125666,104.604891626679,110.77,1.0068,-0.062,-0.1914,2.659,2.234,1.37423232825766,1.37944468022017,-418,418,1868,164.1796875,127.265625,-255,0,343.755477125308,418.91780619592,Giro_Off_intento5_180deg_2000_pulsos_Mu_0.50,TIEMPO_MAXIMO
37.301110835,104.378891626679,110.544,1.0066,-0.0679,-0.1704,2.654,2.234,1.38408054742233,1.38060364702071,-419,419,1868,164.1796875,127.265625,-255,0,344.10611746459,419.222710838774,Giro_Off_intento5_180deg_2000_pulsos_Mu_0.50,TIEMPO_MAXIMO
37.348886123,104.106891626679,110.272,0.999,-0.0698,-0.1597,2.654,2.234,1.38408054742233,1.38147287212112,-420,420,1868,164.1796875,127.265625,-255,0,344.521027303301,419.583502002871,Giro_Off_intento5_180deg_2000_pulsos_Mu_0.50,TIEMPO_MAXIMO
37.396948464,103.872891626679,110.038,1.0112,-0.0803,-0.1299,2.659,2.239,1.37423232825766,1.37966273615525,-420,420,1868,164.1796875,127.265625,-255,0,344.87175907376,419.888486151096,Giro_Off_intento5_180deg_2000_pulsos_Mu_0.50,TIEMPO_MAXIMO
37.444783062,103.509891626679,109.675,0.9741,-0.063,-0.0955,2.664,2.234,1.36438410909298,1.37584307938969,-420,420,1868,164.1796875,127.265625,-255,0,345.404457720782,420.351702365898,Giro_Off_intento5_180deg_2000_pulsos_Mu_0.50,TIEMPO_MAXIMO
37.492870264,102.643891626679,108.809,1.0054,-0.0754,-0.1003,2.659,2.234,1.37423232825766,1.37544039160668,-420,420,1868,164.1796875,127.265625,-255,0,346.619273423773,421.408063846759,Giro_Off_intento5_180deg_2000_pulsos_Mu_0.50,TIEMPO_MAXIMO
37.540826391,101.876891626679,108.042,1.0088,-0.0676,-0.0833,2.654,2.234,1.38408054742233,1.37760043056059,-422,422,1868,164.1796875,127.265625,-255,0,347.62909865998,422.286172747809,Giro_Off_intento5_180deg_2000_pulsos_Mu_0.50,TIEMPO_MAXIMO
37.588854845,100.726891626679,106.892,1.0029,-0.0757,-0.0835,2.659,2.234,1.37423232825766,1.37675840498486,-424,424,1868,164.1796875,127.265625,-255,0,349.026402393989,423.501219473034,Giro_Off_intento5_180deg_2000_pulsos_Mu_0.50,TIEMPO_MAXIMO
37.636906402,99.5128916266794,105.678,1.0305,-0.0803,-0.0764,2.649,2.234,1.39392876658701,1.3810509953854,-426,426,1868,164.1796875,127.265625,-255,0,350.348900794794,424.65121808243,Giro_Off_intento5_180deg_2000_pulsos_Mu_0.50,TIEMPO_MAXIMO
37.700797243,98.7208916266794,104.886,1.0232,-0.083,-0.0708,2.654,2.239,1.38408054742233,1.38180838339463,-425,425,1868,164.1796875,127.265625,-255,0,351.126943569805,425.327777017222,Giro_Off_intento5_180deg_2000_pulsos_Mu_0.50,TIEMPO_MAXIMO
37.748835722,98.1278916266794,104.293,1.0347,-0.0771,-0.0652,2.659,2.234,1.37423232825766,1.37991436961039,-425,425,1868,164.1796875,127.265625,-255,0,351.665578503582,425.796155220506,Giro_Off_intento5_180deg_2000_pulsos_Mu_0.50,TIEMPO_MAXIMO
37.796822775,97.6418916266794,103.807,1.0256,-0.0908,-0.0305,2.649,2.234,1.39392876658701,1.38341796885454,-426,426,1868,164.1796875,127.265625,-255,0,352.078938246135,426.1555984749,Giro_Off_intento5_180deg_2000_pulsos_Mu_0.50,TIEMPO_MAXIMO
37.844861252,97.2658916266794,103.431,1.0364,-0.0947,-0.0054,2.654,2.239,1.38408054742233,1.38358361349649,-426,426,1868,164.1796875,127.265625,-255,0,352.381360372375,426.418574236848,Giro_Off_intento5_180deg_2000_pulsos_Mu_0.50,TIEMPO_MAXIMO
37.89287733,96.8368916266794,103.002,1.0271,-0.0928,-0.0012,2.649,2.234,1.39392876658701,1.38616990176912,-427,427,1868,164.1796875,127.265625,-255,0,352.707875572652,426.702500497958,Giro_Off_intento5_180deg_2000_pulsos_Mu_0.50,TIEMPO_MAXIMO
37.956786524,96.1338916266794,102.299,1.0183,-0.1016,0.011,2.659,2.234,1.37423232825766,1.38318550839125,-427,427,1868,164.1796875,127.265625,-255,0,353.200175974774,427.130587804151,Giro_Off_intento5_180deg_2000_pulsos_Mu_0.50,TIEMPO_MAXIMO
38.00489909,95.3858916266794,101.551,1.0115,-0.115,0.0313,2.654,2.234,1.38408054742233,1.38340926814902,-426,426,1868,164.1796875,127.265625,-255,0,353.665601546275,427.535305692413,Giro_Off_intento5_180deg_2000_pulsos_Mu_0.50,TIEMPO_MAXIMO
38.05282336,94.6518916266794,100.817,1.0161,-0.1038,0.0237,2.654,2.239,1.38408054742233,1.38357708796735,-428,428,1868,164.1796875,127.265625,-255,0,354.063722040079,427.881497426156,Giro_Off_intento5_180deg_2000_pulsos_Mu_0.50,TIEMPO_MAXIMO
38.100763151,93.5068916266794,99.672,1.0327,-0.1196,0.0471,2.649,2.243,1.39392876658701,1.38616500762227,-427,427,1868,164.1796875,127.265625,-255,0,354.568727224762,428.320632369358,Giro_Off_intento5_180deg_2000_pulsos_Mu_0.50,TIEMPO_MAXIMO
38.148778891,92.4598916266794,98.625,1.0449,-0.1243,0.0425,2.649,2.234,1.39392876658701,1.38810594736345,-428,428,1868,164.1796875,127.265625,-255,0,354.906577131461,428.614414896923,Giro_Off_intento5_180deg_2000_pulsos_Mu_0.50,TIEMPO_MAXIMO
38.196792424,91.7448916266794,97.91,1.0352,-0.1196,0.0437,2.644,2.234,1.40377698575168,1.39202370696051,-429,429,1868,164.1796875,127.265625,-255,0,355.069202594098,428.755828342694,Giro_Off_intento5_180deg_2000_pulsos_Mu_0.50,TIEMPO_MAXIMO
38.244734913,91.3178916266794,97.483,1.0308,-0.1143,0.0596,2.649,2.234,1.39392876658701,1.39249997186713,-429,429,1868,164.1796875,127.265625,-255,0,355.139953270049,428.817350669608,Giro_Off_intento5_180deg_2000_pulsos_Mu_0.50,TIEMPO_MAXIMO
38.292721131,90.8808916266794,97.046,1.0486,-0.1284,0.0771,2.644,2.234,1.40377698575168,1.39531922533827,-429,429,1868,164.1796875,127.265625,-255,0,355.191937943957,428.862554733875,Giro_Off_intento5_180deg_2000_pulsos_Mu_0.50,TIEMPO_MAXIMO
38.340808232,90.5468916266794,96.712,1.0276,-0.1392,0.0994,2.649,2.239,1.39392876658701,1.39497161065046,-429,429,1868,164.1796875,127.265625,-255,0,355.217738915975,428.884990361717,Giro_Off_intento5_180deg_2000_pulsos_Mu_0.50,TIEMPO_MAXIMO
38.388829329,90.0198916266794,96.185,1.0107,-0.1321,0.1118,2.649,2.234,1.39392876658701,1.39471089963459,-429,429,1868,164.1796875,127.265625,-255,0,355.233899739674,428.89904325189,Giro_Off_intento5_180deg_2000_pulsos_Mu_0.50,TIEMPO_MAXIMO
38.436777818,89.2008916266794,95.366,1.0154,-0.1396,0.1167,2.654,2.239,1.38408054742233,1.39205331158153,-429,429,1868,164.1796875,127.265625,-255,0,355.199371510597,428.869018704867,Giro_Off_intento5_180deg_2000_pulsos_Mu_0.50,TIEMPO_MAXIMO
38.484746103,88.4838916266794,94.649,1.0378,-0.1443,0.1206,2.649,2.239,1.39392876658701,1.3925221753329,-428,428,1868,164.1796875,127.265625,-255,0,355.109562978287,428.790924328946,Giro_Off_intento5_180deg_2000_pulsos_Mu_0.50,TIEMPO_MAXIMO
38.532758121,87.5438916266794,93.709,0.9995,-0.1453,0.1316,2.654,2.239,1.38408054742233,1.39041176835526,-429,429,1868,164.1796875,127.265625,-255,0,354.907583097332,428.615289649854,Giro_Off_intento5_180deg_2000_pulsos_Mu_0.50,TIEMPO_MAXIMO
38.580919809,86.4668916266794,92.632,1.0322,-0.1572,0.1489,2.644,2.239,1.40377698575168,1.39375307270436,-428,428,1868,164.1796875,127.265625,-255,0,354.558747526925,428.311954371239,Giro_Off_intento5_180deg_2000_pulsos_Mu_0.50,TIEMPO_MAXIMO
38.628925193,85.5418916266794,91.707,1.0256,-0.1548,0.1313,2.649,2.239,1.39392876658701,1.39379699617503,-429,429,1868,164.1796875,127.265625,-255,0,354.15913689924,427.964466868904,Giro_Off_intento5_180deg_2000_pulsos_Mu_0.50,TIEMPO_MAXIMO
38.676730831,84.8688916266794,91.034,1.0364,-0.1599,0.1472,2.644,2.239,1.40377698575168,1.39629199356919,-428,428,1868,164.1796875,127.265625,-255,0,353.810375921504,427.661196453482,Giro_Off_intento5_180deg_2000_pulsos_Mu_0.50,TIEMPO_MAXIMO
38.724673074,84.2368916266794,90.402,1.03,-0.1631,0.1523,2.644,2.234,1.40377698575168,1.39816324161481,-427,427,1868,164.1796875,127.265625,-255,0,353.438416429313,427.337753416794,Giro_Off_intento5_180deg_2000_pulsos_Mu_0.50,TIEMPO_MAXIMO
38.772781409,83.7808916266794,89.946,1.0413,-0.166,0.1931,2.654,2.239,1.38408054742233,1.39464256806669,-427,427,1868,164.1796875,127.265625,-255,0,353.143330611537,427.08115705351,Giro_Off_intento5_180deg_2000_pulsos_Mu_0.50,TIEMPO_MAXIMO
38.820927977,83.3318916266794,89.497,1.0322,-0.1733,0.1724,2.649,2.248,1.39392876658701,1.39446411769677,-427,427,1868,164.1796875,127.265625,-255,0,352.830918637224,426.809494467151,Giro_Off_intento5_180deg_2000_pulsos_Mu_0.50,TIEMPO_MAXIMO
38.868733172,82.9048916266794,89.07,1.0291,-0.1719,0.1836,2.649,2.248,1.39392876658701,1.39433027991933,-427,427,1868,164.1796875,127.265625,-255,0,352.513712687678,426.533663206676,Giro_Off_intento5_180deg_2000_pulsos_Mu_0.50,TIEMPO_MAXIMO
38.916712718,82.5258916266794,88.691,0.9976,-0.1946,0.2373,2.649,2.248,1.39392876658701,1.39422990158625,-426,426,1868,164.1796875,127.265625,-255,0,352.215762871374,426.27457640989,Giro_Off_intento5_180deg_2000_pulsos_Mu_0.50,TIEMPO_MAXIMO
38.964698336,81.9678916266794,88.133,0.9958,-0.1753,0.2065,2.654,2.248,1.38408054742233,1.39169256304527,-426,426,1868,164.1796875,127.265625,-255,0,351.749048348684,425.868737694508,Giro_Off_intento5_180deg_2000_pulsos_Mu_0.50,TIEMPO_MAXIMO
39.012794718,81.1418916266794,87.307,1.0061,-0.1687,0.2124,2.649,2.248,1.39392876658701,1.39225161393071,-425,425,1868,164.1796875,127.265625,-255,0,350.996945886295,425.2147355533,Giro_Off_intento5_180deg_2000_pulsos_Mu_0.50,TIEMPO_MAXIMO
39.06074843,80.2328916266794,86.398,1.0168,-0.188,0.2205,2.664,2.248,1.36438410909298,1.38528473772128,-425,425,1868,164.1796875,127.265625,-255,0,350.084964532263,424.421708288925,Giro_Off_intento5_180deg_2000_pulsos_Mu_0.50,TIEMPO_MAXIMO
39.10868636,79.3388916266794,85.504,1.0037,-0.1873,0.2124,2.664,2.243,1.36438410909298,1.3800595805642,-424,424,1868,164.1796875,127.265625,-255,0,349.102085715021,423.56703105654,Giro_Off_intento5_180deg_2000_pulsos_Mu_0.50,TIEMPO_MAXIMO
39.156639942,78.6458916266794,84.811,1.02,-0.1799,0.2126,2.659,2.248,1.37423232825766,1.37860276748757,-423,423,1868,164.1796875,127.265625,-255,0,348.281700521887,422.853652627728,Giro_Off_intento5_180deg_2000_pulsos_Mu_0.50,TIEMPO_MAXIMO
39.204769588,77.8618916266794,84.027,1.0171,-0.188,0.2258,2.664,2.248,1.36438410909298,1.37504810288892,-422,422,1868,164.1796875,127.265625,-255,0,347.292169410033,421.993190791333,Giro_Off_intento5_180deg_2000_pulsos_Mu_0.50,TIEMPO_MAXIMO
39.252736879,77.2178916266794,83.383,1.0254,-0.1914,0.219,2.659,2.248,1.37423232825766,1.37484415923111,-421,421,1868,164.1796875,127.265625,-255,0,346.430687901897,421.244076436432,Giro_Off_intento5_180deg_2000_pulsos_Mu_0.50,TIEMPO_MAXIMO
39.300693713,76.7368916266794,82.902,1.0125,-0.1897,0.2205,2.664,2.248,1.36438410909298,1.37222914669657,-421,421,1868,164.1796875,127.265625,-255,0,345.75869413846,420.659734033444,Giro_Off_intento5_180deg_2000_pulsos_Mu_0.50,TIEMPO_MAXIMO
39.348650875,76.3258916266794,82.491,0.9973,-0.1934,0.2322,2.659,2.248,1.37423232825766,1.37272994208685,-419,419,1868,164.1796875,127.265625,-255,0,345.165187427873,420.143641241629,Giro_Off_intento5_180deg_2000_pulsos_Mu_0.50,TIEMPO_MAXIMO
39.396775616,75.7228916266794,81.888,1.0327,-0.198,0.2273,2.659,2.248,1.37423232825766,1.37310553862955,-419,419,1868,164.1796875,127.265625,-255,0,344.262286552272,419.358510045454,Giro_Off_intento5_180deg_2000_pulsos_Mu_0.50,TIEMPO_MAXIMO
39.44474758,75.1628916266794,81.328,1.0247,-0.1765,0.2307,2.669,2.243,1.35453588992831,1.36846312645424,-419,419,1868,164.1796875,127.265625,-255,0,343.389620453565,418.599669959622,Giro_Off_intento5_180deg_2000_pulsos_Mu_0.50,TIEMPO_MAXIMO
39.492638146,74.6128916266794,80.778,1.0293,-0.1775,0.2417,2.659,2.243,1.37423232825766,1.36990542690509,-419,419,1868,164.1796875,127.265625,-255,0,342.500607534726,417.826615247588,Giro_Off_intento5_180deg_2000_pulsos_Mu_0.50,TIEMPO_MAXIMO
39.540629154,74.3228916266794,80.488,1.0178,-0.1899,0.2124,2.659,2.243,1.37423232825766,1.37098715224323,-418,418,1868,164.1796875,127.265625,-255,0,342.019142456686,417.407949962335,Giro_Off_intento5_180deg_2000_pulsos_Mu_0.50,TIEMPO_MAXIMO
39.588954324,74.0838916266794,80.249,1.0066,-0.1602,0.2173,2.659,2.248,1.37423232825766,1.37179844624684,-417,417,1868,164.1796875,127.265625,-255,0,341.615762180835,417.057184505074,Giro_Off_intento5_180deg_2000_pulsos_Mu_0.50,TIEMPO_MAXIMO
39.63666475,73.5998916266794,79.765,1.0242,-0.1724,0.2253,2.674,2.248,1.34468767076363,1.36502075237604,-416,416,1868,164.1796875,127.265625,-255,0,340.780675077797,416.33102180678,Giro_Off_intento5_180deg_2000_pulsos_Mu_0.50,TIEMPO_MAXIMO
39.68466826,73.2048916266794,79.37,1.0164,-0.188,0.2422,2.669,2.248,1.35453588992831,1.36239953676411,-416,416,1868,164.1796875,127.265625,-255,0,340.081123443425,415.722716037761,Giro_Off_intento5_180deg_2000_pulsos_Mu_0.50,TIEMPO_MAXIMO
39.732728034,72.9428916266794,79.108,1.022,-0.1902,0.2466,2.674,2.248,1.34468767076363,1.35797157026399,-416,416,1868,164.1796875,127.265625,-255,0,339.608198908677,415.311477311893,Giro_Off_intento5_180deg_2000_pulsos_Mu_0.50,TIEMPO_MAXIMO
39.780723946,72.8868916266794,79.052,1.0129,-0.1855,0.2498,2.654,2.248,1.38408054742233,1.36449881455357,-415,415,1868,164.1796875,127.265625,-255,0,339.506194340736,415.222777687597,Giro_Off_intento5_180deg_2000_pulsos_Mu_0.50,TIEMPO_MAXIMO
39.828768844,72.6908916266794,78.856,1.0051,-0.1841,0.24,2.659,2.248,1.37423232825766,1.3669321929796,-415,415,1868,164.1796875,127.265625,-255,0,339.146624947415,414.910108649926,Giro_Off_intento5_180deg_2000_pulsos_Mu_0.50,TIEMPO_MAXIMO
39.87683286,72.5238916266794,78.689,1.0261,-0.198,0.2273,2.664,2.253,1.36438410909298,1.36629517200794,-415,415,1868,164.1796875,127.265625,-255,0,338.83712560919,414.6409787906,Giro_Off_intento5_180deg_2000_pulsos_Mu_0.50,TIEMPO_MAXIMO
39.924674916,72.3328916266794,78.498,1.0056,-0.1826,0.2361,2.669,2.248,1.35453588992831,1.36335535148803,-415,415,1868,164.1796875,127.265625,-255,0,338.479618640934,414.33010316603,Giro_Off_intento5_180deg_2000_pulsos_Mu_0.50,TIEMPO_MAXIMO
39.972649534,72.0048916266794,78.17,1.0266,-0.1465,0.2283,2.659,2.248,1.37423232825766,1.36607459568044,-414,414,1868,164.1796875,127.265625,-255,0,337.856906181593,413.78861407095,Giro_Off_intento5_180deg_2000_pulsos_Mu_0.50,TIEMPO_MAXIMO
40.020748198,71.7658916266794,77.931,1.0127,-0.1599,0.26,2.659,2.248,1.37423232825766,1.36811402882475,-413,413,1868,164.1796875,127.265625,-255,0,337.39618697229,413.387988671556,Giro_Off_intento5_180deg_2000_pulsos_Mu_0.50,TIEMPO_MAXIMO
40.068774061,71.5158916266794,77.681,1.0164,-0.1753,0.2271,2.669,2.248,1.35453588992831,1.36471949410064,-413,413,1868,164.1796875,127.265625,-255,0,336.907981025975,412.963461761718,Giro_Off_intento5_180deg_2000_pulsos_Mu_0.50,TIEMPO_MAXIMO
40.116852729,71.3038916266794,77.469,1.033,-0.1694,0.2407,2.664,2.253,1.36438410909298,1.36463564784872,-413,413,1868,164.1796875,127.265625,-255,0,336.488956118651,412.599092277088,Giro_Off_intento5_180deg_2000_pulsos_Mu_0.50,TIEMPO_MAXIMO
40.164619696,71.0788916266794,77.244,1.0095,-0.2024,0.2551,2.674,2.248,1.34468767076363,1.35964865357745,-412,412,1868,164.1796875,127.265625,-255,0,336.039197247063,412.207997606142,Giro_Off_intento5_180deg_2000_pulsos_Mu_0.50,TIEMPO_MAXIMO
40.212680766,70.9508916266794,77.116,1.0276,-0.1919,0.2273,2.669,2.243,1.35453588992831,1.35837046266516,-411,411,1868,164.1796875,127.265625,-255,0,335.781021383446,411.983496855171,Giro_Off_intento5_180deg_2000_pulsos_Mu_0.50,TIEMPO_MAXIMO
40.276644622,70.8388916266794,77.004,1.0034,-0.1738,0.2485,2.678,2.248,1.33680909543189,1.35298012085685,-412,412,1868,164.1796875,127.265625,-255,0,335.553742752088,411.785863262686,Giro_Off_intento5_180deg_2000_pulsos_Mu_0.50,TIEMPO_MAXIMO
40.324769966,70.7628916266794,76.928,1.0188,-0.189,0.2351,2.669,2.248,1.35453588992831,1.35336906312471,-412,412,1868,164.1796875,127.265625,-255,0,335.398787685922,411.651119726889,Giro_Off_intento5_180deg_2000_pulsos_Mu_0.50,TIEMPO_MAXIMO
40.372718624,70.7568916266794,76.922,1.0232,-0.1729,0.2458,2.664,2.248,1.36438410909298,1.35612282461678,-412,412,1868,164.1796875,127.265625,-255,0,335.386529254251,411.640460221088,Giro_Off_intento5_180deg_2000_pulsos_Mu_0.50,TIEMPO_MAXIMO
40.42061287,70.7058916266794,76.871,1.0142,-0.1914,0.2397,2.669,2.248,1.35453588992831,1.35572609094466,-411,411,1868,164.1796875,127.265625,-255,0,335.282184102414,411.549725306447,Giro_Off_intento5_180deg_2000_pulsos_Mu_0.50,TIEMPO_MAXIMO
40.468638165,70.5728916266794,76.738,0.9949,-0.179,0.2693,2.659,2.248,1.37423232825766,1.36035265027291,-411,411,1868,164.1796875,127.265625,-255,0,335.00881882656,411.312016370922,Giro_Off_intento5_180deg_2000_pulsos_Mu_0.50,TIEMPO_MAXIMO
40.516753708,70.4718916266794,76.637,1.0161,-0.1968,0.249,2.669,2.248,1.35453588992831,1.35889846018676,-411,411,1868,164.1796875,127.265625,-255,0,334.800019649214,411.130451868882,Giro_Off_intento5_180deg_2000_pulsos_Mu_0.50,TIEMPO_MAXIMO
40.564624527,70.4888916266794,76.654,0.9492,-0.1897,0.2725,2.674,2.243,1.34468767076363,1.35534576283098,-412,412,1868,164.1796875,127.265625,-255,0,334.835236900856,411.161075565962,Giro_Off_intento5_180deg_2000_pulsos_Mu_0.50,TIEMPO_MAXIMO
40.612550724,70.4378916266794,76.603,1.0291,-0.2102,0.2344,2.669,2.248,1.35453588992831,1.35514329460531,-411,411,1868,164.1796875,127.265625,-255,0,334.729496727243,411.069127588907,Giro_Off_intento5_180deg_2000_pulsos_Mu_0.50,TIEMPO_MAXIMO
40.660592804,70.4008916266794,76.566,0.9836,-0.1836,0.2622,2.669,2.243,1.35453588992831,1.35499144343606,-411,411,1868,164.1796875,127.265625,-255,0,334.652617265059,411.00227588266,Giro_Off_intento5_180deg_2000_pulsos_Mu_0.50,TIEMPO_MAXIMO
40.708539015,70.0438916266794,76.209,1.03,-0.1887,0.2446,2.669,2.243,1.35453588992831,1.35487755505912,-411,411,1868,164.1796875,127.265625,-255,0,333.903669709891,410.351017139036,Giro_Off_intento5_180deg_2000_pulsos_Mu_0.50,TIEMPO_MAXIMO
40.756826346,69.8648916266794,76.03,1.0051,-0.1743,0.2637,2.669,2.248,1.35453588992831,1.35479213877642,-410,410,1868,164.1796875,127.265625,-255,0,333.523265793269,410.020231124581,Giro_Off_intento5_180deg_2000_pulsos_Mu_0.50,TIEMPO_MAXIMO
40.804738512,69.7298916266794,75.895,0.9907,-0.2129,0.2109,2.669,2.253,1.35453588992831,1.35472807656439,-410,410,1868,164.1796875,127.265625,-255,0,333.234215435625,409.7688829875,Giro_Off_intento5_180deg_2000_pulsos_Mu_0.50,TIEMPO_MAXIMO
40.852532514,69.6738916266794,75.839,1.0491,-0.1853,0.2566,2.664,2.243,1.36438410909298,1.35714208469654,-410,410,1868,164.1796875,127.265625,-255,0,333.113770103243,409.664147915864,Giro_Off_intento5_180deg_2000_pulsos_Mu_0.50,TIEMPO_MAXIMO
40.900641306,70.1238916266794,76.289,1.05,-0.1892,0.2629,2.669,2.248,1.35453588992831,1.35649053600448,-409,409,1868,164.1796875,127.265625,-255,0,334.07262910916,410.497938355792,Giro_Off_intento5_180deg_2000_pulsos_Mu_0.50,TIEMPO_MAXIMO
40.9486035,70.8108916266794,76.976,1.054,-0.1421,0.2822,2.678,2.248,1.33680909543189,1.35157017586133,-411,411,1868,164.1796875,127.265625,-255,0,335.496722717871,411.736280624236,Giro_Off_intento5_180deg_2000_pulsos_Mu_0.50,TIEMPO_MAXIMO
40.996646072,71.0428916266794,77.208,1.1379,-0.1162,0.293,2.674,2.248,1.34468767076363,1.34984954958691,-412,412,1868,164.1796875,127.265625,-255,0,335.966754743663,412.145004124925,Giro_Off_intento5_180deg_2000_pulsos_Mu_0.50,TIEMPO_MAXIMO
41.044658015,71.2418916266794,77.407,0.8718,-0.1775,0.2515,2.669,2.248,1.35453588992831,1.35102113467226,-412,412,1868,164.1796875,127.265625,-255,0,336.365540203883,412.491774090333,Giro_Off_intento5_180deg_2000_pulsos_Mu_0.50,TIEMPO_MAXIMO
41.092603838,70.1418916266794,76.307,1.3132,-0.2048,0.2849,2.678,2.243,1.33680909543189,1.34746812486217,-411,411,1868,164.1796875,127.265625,-255,0,334.110555229562,410.530917590924,Giro_Off_intento5_180deg_2000_pulsos_Mu_0.50,TIEMPO_MAXIMO
41.140772106,69.5628916266794,75.728,0.9673,-0.1145,0.283,2.669,2.243,1.35453588992831,1.3492350661287,-410,410,1868,164.1796875,127.265625,-255,0,332.874089864066,409.455730316579,Giro_Off_intento5_180deg_2000_pulsos_Mu_0.50,TIEMPO_MAXIMO
41.188522049,69.3168916266794,75.482,1.0146,-0.1331,0.2854,2.669,2.243,1.35453588992831,1.3505602720786,-409,409,1868,164.1796875,127.265625,-255,0,332.338455397242,408.989961214993,Giro_Off_intento5_180deg_2000_pulsos_Mu_0.50,TIEMPO_MAXIMO
41.236575458,69.2728916266794,75.438,1.0198,-0.1865,0.2991,2.674,2.243,1.34468767076363,1.34909212174986,-409,409,1868,164.1796875,127.265625,-255,0,332.242004686538,408.906091031772,Giro_Off_intento5_180deg_2000_pulsos_Mu_0.50,TIEMPO_MAXIMO
41.284605636,69.4898916266794,75.655,1.0601,-0.1477,0.3098,2.669,2.248,1.35453588992831,1.35045306379447,-409,409,1868,164.1796875,127.265625,-255,0,332.715781266108,409.318070666181,Giro_Off_intento5_180deg_2000_pulsos_Mu_0.50,TIEMPO_MAXIMO
41.33257892,70.0588916266794,76.224,0.9724,-0.1504,0.3101,2.678,2.243,1.33680909543189,1.34704207170383,-409,409,1868,164.1796875,127.265625,-255,0,333.935399192221,410.378607993236,Giro_Off_intento5_180deg_2000_pulsos_Mu_0.50,TIEMPO_MAXIMO
41.38067642,69.9478916266794,76.113,0.9841,-0.145,0.3254,2.669,2.243,1.35453588992831,1.34891552625995,-410,410,1868,164.1796875,127.265625,-255,0,333.700059189621,410.173964512714,Giro_Off_intento5_180deg_2000_pulsos_Mu_0.50,TIEMPO_MAXIMO
41.428626423,69.8198916266794,75.985,1.0535,-0.1458,0.3298,2.674,2.243,1.34468767076363,1.34785856238587,-410,410,1868,164.1796875,127.265625,-255,0,333.427121328844,409.936627242473,Giro_Off_intento5_180deg_2000_pulsos_Mu_0.50,TIEMPO_MAXIMO
41.476561461,70.2268916266794,76.392,1.0151,-0.1387,0.342,2.678,2.248,1.33680909543189,1.34509619564738,-411,411,1868,164.1796875,127.265625,-255,0,334.289205211494,410.686265401299,Giro_Off_intento5_180deg_2000_pulsos_Mu_0.50,TIEMPO_MAXIMO
41.524477316,70.5628916266794,76.728,0.9658,-0.1348,0.3601,2.678,2.258,1.33680909543189,1.3430244205935,-411,411,1868,164.1796875,127.265625,-255,0,334.988192062628,411.294080054459,Giro_Off_intento5_180deg_2000_pulsos_Mu_0.50,TIEMPO_MAXIMO
41.572536402,70.3208916266794,76.486,0.9751,-0.1226,0.3767,2.674,2.253,1.34468767076363,1.34344023313604,-411,411,1868,164.1796875,127.265625,-255,0,334.485914359473,410.857316834325,Giro_Off_intento5_180deg_2000_pulsos_Mu_0.50,TIEMPO_MAXIMO
41.620600917,69.6438916266794,75.809,0.9807,-0.1411,0.3882,2.674,2.239,1.34468767076363,1.34375209254294,-411,411,1868,164.1796875,127.265625,-255,0,333.0491149115,409.60792601,Giro_Off_intento5_180deg_2000_pulsos_Mu_0.50,TIEMPO_MAXIMO
41.668518978,69.3218916266794,75.487,1.0439,-0.1333,0.3994,2.674,2.243,1.34468767076363,1.34398598709811,-409,409,1868,164.1796875,127.265625,-255,0,332.349403304919,408.999481134712,Giro_Off_intento5_180deg_2000_pulsos_Mu_0.50,TIEMPO_MAXIMO
41.716568679,69.2928916266794,75.458,0.9866,-0.126,0.4216,2.674,2.248,1.34468767076363,1.34416140801449,-409,409,1868,164.1796875,127.265625,-255,0,332.285870211705,408.9442349667,Giro_Off_intento5_180deg_2000_pulsos_Mu_0.50,TIEMPO_MAXIMO
41.764562918,68.8408916266794,75.006,0.9619,-0.1201,0.4165,2.669,2.243,1.35453588992831,1.34675502849295,-408,408,1868,164.1796875,127.265625,-255,0,331.28463733714,408.07359768447,Giro_Off_intento5_180deg_2000_pulsos_Mu_0.50,TIEMPO_MAXIMO
41.812493768,68.0208916266794,74.186,0.9634,-0.116,0.4404,2.674,2.253,1.34468767076363,1.34623818906062,-407,407,1868,164.1796875,127.265625,-255,0,329.415656473306,406.44839693331,Giro_Off_intento5_180deg_2000_pulsos_Mu_0.50,TIEMPO_MAXIMO
41.860508422,67.2868916266794,73.452,1.0178,-0.1277,0.4272,2.674,2.253,1.34468767076363,1.34585055948637,-406,406,1868,164.1796875,127.265625,-255,0,327.685451018654,404.943870451004,Giro_Off_intento5_180deg_2000_pulsos_Mu_0.50,TIEMPO_MAXIMO
41.908787698,66.9028916266794,73.068,0.9885,-0.1345,0.4316,2.674,2.248,1.34468767076363,1.34555983730569,-403,403,1868,164.1796875,127.265625,-255,0,326.758830688643,404.138113642298,Giro_Off_intento5_180deg_2000_pulsos_Mu_0.50,TIEMPO_MAXIMO
41.972738248,66.3168916266794,72.482,0.9675,-0.1204,0.4365,2.678,2.253,1.33680909543189,1.34337215183724,-404,404,1868,164.1796875,127.265625,-255,0,325.31649457564,402.883908326643,Giro_Off_intento5_180deg_2000_pulsos_Mu_0.50,TIEMPO_MAXIMO
42.020617866,65.8178916266794,71.983,0.9893,-0.1055,0.4424,2.669,2.253,1.35453588992831,1.34616308636001,-403,403,1868,164.1796875,127.265625,-255,0,324.06146161598,401.792575318243,Giro_Off_intento5_180deg_2000_pulsos_Mu_0.50,TIEMPO_MAXIMO
42.068543558,65.4958916266794,71.661,0.9668,-0.1165,0.4485,2.674,2.243,1.34468767076363,1.34579423246091,-401,401,1868,164.1796875,127.265625,-255,0,323.238546481688,401.076996940598,Giro_Off_intento5_180deg_2000_pulsos_Mu_0.50,TIEMPO_MAXIMO
42.116439759,64.9248916266794,71.09,0.9412,-0.1021,0.4575,2.674,2.253,1.34468767076363,1.34551759203659,-399,399,1868,164.1796875,127.265625,-255,0,321.754190883233,399.786252941942,Giro_Off_intento5_180deg_2000_pulsos_Mu_0.50,TIEMPO_MAXIMO
42.164413163,64.4698916266794,70.635,0.9734,-0.146,0.4524,2.674,2.248,1.34468767076363,1.34531011171835,-399,399,1868,164.1796875,127.265625,-255,0,320.54850111378,398.737827055461,Giro_Off_intento5_180deg_2000_pulsos_Mu_0.50,TIEMPO_MAXIMO
42.212819298,64.1718916266794,70.337,0.9514,-0.1079,0.4382,2.674,2.243,1.34468767076363,1.34515450147967,-399,399,1868,164.1796875,127.265625,-255,0,319.747880389097,398.041635120954,Giro_Off_intento5_180deg_2000_pulsos_Mu_0.50,TIEMPO_MAXIMO
42.260459934,63.7428916266794,69.908,0.9622,-0.1274,0.4741,2.669,2.253,1.35453588992831,1.34749984859183,-397,397,1868,164.1796875,127.265625,-255,0,318.580125779173,397.026196329716,Giro_Off_intento5_180deg_2000_pulsos_Mu_0.50,TIEMPO_MAXIMO
42.324481671,63.4698916266794,69.635,0.9832,-0.095,0.4644,2.674,2.243,1.34468767076363,1.34679680413478,-396,396,1868,164.1796875,127.265625,-255,0,317.827705930965,396.371918200839,Giro_Off_intento5_180deg_2000_pulsos_Mu_0.50,TIEMPO_MAXIMO
42.372465926,63.6108916266794,69.776,0.9514,-0.0706,0.4849,2.674,2.243,1.34468767076363,1.34626952079199,-396,396,1868,164.1796875,127.265625,-255,0,318.217220428714,396.710626459751,Giro_Off_intento5_180deg_2000_pulsos_Mu_0.50,TIEMPO_MAXIMO
42.420492976,63.9108916266794,70.076,1.0134,-0.0764,0.5251,2.674,2.243,1.34468767076363,1.3458740582849,-397,397,1868,164.1796875,127.265625,-255,0,319.039559529506,397.425703938701,Giro_Off_intento5_180deg_2000_pulsos_Mu_0.50,TIEMPO_MAXIMO
42.468452683,64.6428916266794,70.808,0.9246,-0.0554,0.5469,2.669,2.248,1.35453588992831,1.34803951619576,-399,399,1868,164.1796875,127.265625,-255,0,321.009314196315,399.138534083752,Giro_Off_intento5_180deg_2000_pulsos_Mu_0.50,TIEMPO_MAXIMO
42.516558849,64.7168916266794,70.882,0.8396,-0.0923,0.582,2.659,2.243,1.37423232825766,1.35458771921123,-399,399,1868,164.1796875,127.265625,-255,0,321.205531581687,399.309157897119,Giro_Off_intento5_180deg_2000_pulsos_Mu_0.50,TIEMPO_MAXIMO
42.56446294,63.5028916266794,69.668,0.9253,-0.0977,0.5654,2.659,2.243,1.37423232825766,1.35949887147284,-398,398,1868,164.1796875,127.265625,-255,0,317.919041511456,396.451340444745,Giro_Off_intento5_180deg_2000_pulsos_Mu_0.50,TIEMPO_MAXIMO
42.612511821,62.5008916266794,68.666,0.9436,-0.0842,0.5779,2.664,2.253,1.36438410909298,1.36072018087787,-396,396,1868,164.1796875,127.265625,-255,0,315.098888918778,393.999033842416,Giro_Off_intento5_180deg_2000_pulsos_Mu_0.50,TIEMPO_MAXIMO
42.660858057,61.7608916266794,67.926,0.9312,-0.0884,0.5867,2.669,2.248,1.35453588992831,1.35917410814048,-392,392,1868,164.1796875,127.265625,-255,0,312.954227760299,392.134111095912,Giro_Off_intento5_180deg_2000_pulsos_Mu_0.50,TIEMPO_MAXIMO
42.724663918,61.0128916266794,67.178,0.9136,-0.1008,0.6052,2.664,2.253,1.36438410909298,1.36047660837861,-392,392,1868,164.1796875,127.265625,-255,0,310.733330129792,390.202895765037,Giro_Off_intento5_180deg_2000_pulsos_Mu_0.50,TIEMPO_MAXIMO
42.772473463,60.5118916266794,66.677,0.938,-0.1082,0.5984,2.664,2.253,1.36438410909298,1.3614534835572,-390,390,1868,164.1796875,127.265625,-255,0,309.216165458004,388.883622137395,Giro_Off_intento5_180deg_2000_pulsos_Mu_0.50,TIEMPO_MAXIMO
42.820357053,60.3988916266794,66.564,0.9177,-0.0872,0.5996,2.664,2.253,1.36438410909298,1.36218613994115,-389,389,1868,164.1796875,127.265625,-255,0,308.870698841362,388.583216383793,Giro_Off_intento5_180deg_2000_pulsos_Mu_0.50,TIEMPO_MAXIMO
42.868373339,59.9308916266794,66.096,0.855,-0.1062,0.646,2.659,2.253,1.37423232825766,1.36519768702027,-389,389,1868,164.1796875,127.265625,-255,0,307.427140256421,387.327948049062,Giro_Off_intento5_180deg_2000_pulsos_Mu_0.50,TIEMPO_MAXIMO
42.916323339,58.9548916266794,65.12,0.8774,-0.1028,0.6575,2.664,2.263,1.36438410909298,1.36499429253845,-387,387,1868,164.1796875,127.265625,-255,0,304.350765236001,384.652839335653,Giro_Off_intento5_180deg_2000_pulsos_Mu_0.50,TIEMPO_MAXIMO
42.964421044,58.1908916266794,64.356,0.9207,-0.1038,0.6096,2.659,2.258,1.37423232825766,1.36730380146825,-385,385,1868,164.1796875,127.265625,-255,0,301.880951859783,382.505175530246,Giro_Off_intento5_180deg_2000_pulsos_Mu_0.50,TIEMPO_MAXIMO
43.012549965,57.7588916266794,63.924,0.8704,-0.1111,0.6465,2.659,2.268,1.37423232825766,1.36903593316561,-381,381,1868,164.1796875,127.265625,-255,0,300.460623863832,381.27010770768,Giro_Off_intento5_180deg_2000_pulsos_Mu_0.50,TIEMPO_MAXIMO
43.060493721,57.2318916266794,63.397,0.8894,-0.1143,0.6614,2.669,2.253,1.35453588992831,1.36541092235628,-380,380,1868,164.1796875,127.265625,-255,0,298.704835238397,379.743334989911,Giro_Off_intento5_180deg_2000_pulsos_Mu_0.50,TIEMPO_MAXIMO
43.108547983,57.0128916266794,63.178,0.8564,-0.1118,0.686,2.664,2.253,1.36438410909298,1.36515421904046,-379,379,1868,164.1796875,127.265625,-255,0,297.967758827001,379.102398980001,Giro_Off_intento5_180deg_2000_pulsos_Mu_0.50,TIEMPO_MAXIMO
43.156352702,56.4468916266794,62.612,0.8394,-0.0977,0.7227,2.664,2.263,1.36438410909298,1.36496169155359,-378,378,1868,164.1796875,127.265625,-255,0,296.042665741471,377.428404992584,Giro_Off_intento5_180deg_2000_pulsos_Mu_0.50,TIEMPO_MAXIMO
43.204357264,55.7678916266794,61.933,0.8188,-0.1113,0.7114,2.664,2.263,1.36438410909298,1.36481729593844,-375,375,1868,164.1796875,127.265625,-255,0,293.695134334407,375.387073334267,Giro_Off_intento5_180deg_2000_pulsos_Mu_0.50,TIEMPO_MAXIMO
43.252424131,55.2508916266794,61.416,0.9043,-0.105,0.7219,2.669,2.268,1.35453588992831,1.3622469444359,-374,374,1868,164.1796875,127.265625,-255,0,291.880014520551,373.80870827874,Giro_Off_intento5_180deg_2000_pulsos_Mu_0.50,TIEMPO_MAXIMO
43.300378315,55.2518916266794,61.417,0.8022,-0.0896,0.719,2.664,2.258,1.36438410909298,1.36278123560017,-373,373,1867,164.091796875,127.265625,-255,0,291.883548377624,373.811781197934,Giro_Off_intento5_180deg_2000_pulsos_Mu_0.50,TIEMPO_MAXIMO
43.348434609,54.6058916266794,60.771,0.7834,-0.0845,0.7585,2.659,2.253,1.37423232825766,1.36564400876455,-374,374,1868,164.1796875,127.265625,-255,0,289.582201619758,371.810610104137,Giro_Off_intento5_180deg_2000_pulsos_Mu_0.50,TIEMPO_MAXIMO
43.396438381,53.7638916266794,59.929,0.8132,-0.0898,0.7676,2.664,2.263,1.36438410909298,1.36532903384665,-372,372,1868,164.1796875,127.265625,-255,0,286.527398922356,369.154259932484,Giro_Off_intento5_180deg_2000_pulsos_Mu_0.50,TIEMPO_MAXIMO
43.444483617,53.2618916266794,59.427,0.7908,-0.0869,0.7744,2.664,2.253,1.36438410909298,1.36509280265824,-369,369,1868,164.1796875,127.265625,-255,0,284.676640924359,367.544905151616,Giro_Off_intento5_180deg_2000_pulsos_Mu_0.50,TIEMPO_MAXIMO
43.492495035,52.6958916266794,58.861,0.7981,-0.0889,0.792,2.659,2.253,1.37423232825766,1.36737768405809,-366,366,1868,164.1796875,127.265625,-255,0,282.563727358179,365.707589007112,Giro_Off_intento5_180deg_2000_pulsos_Mu_0.50,TIEMPO_MAXIMO
43.54048288,52.2588916266794,58.424,0.7961,-0.0869,0.7964,2.664,2.258,1.36438410909298,1.36662929031681,-365,365,1868,164.1796875,127.265625,-255,0,280.913504684232,364.272612768897,Giro_Off_intento5_180deg_2000_pulsos_Mu_0.50,TIEMPO_MAXIMO
43.588351327,52.1998916266794,58.365,0.7859,-0.0852,0.8113,2.659,2.253,1.37423232825766,1.36853004980203,-364,364,1868,164.1796875,127.265625,-255,0,280.689451539053,364.077783947003,Giro_Off_intento5_180deg_2000_pulsos_Mu_0.50,TIEMPO_MAXIMO
43.636354196,51.8248916266794,57.99,0.7119,-0.072,0.853,2.664,2.268,1.36438410909298,1.36749356462477,-364,364,1868,164.1796875,127.265625,-255,0,279.258437083659,362.833423551008,Giro_Off_intento5_180deg_2000_pulsos_Mu_0.50,TIEMPO_MAXIMO
43.684380156,51.1548916266794,57.32,0.7312,-0.0654,0.8511,2.664,2.263,1.36438410909298,1.36671620074182,-362,362,1868,164.1796875,127.265625,-255,0,276.671951870569,360.584305974408,Giro_Off_intento5_180deg_2000_pulsos_Mu_0.50,TIEMPO_MAXIMO
43.732486151,50.2808916266794,56.446,0.72,-0.0664,0.8584,2.664,2.268,1.36438410909298,1.36613317782961,-359,359,1868,164.1796875,127.265625,-255,0,273.241129605202,357.600982265393,Giro_Off_intento5_180deg_2000_pulsos_Mu_0.50,TIEMPO_MAXIMO
43.780405994,49.2558916266794,55.421,0.6882,-0.0605,0.8984,2.664,2.263,1.36438410909298,1.36569591064545,-358,358,1868,164.1796875,127.265625,-255,0,269.136622574174,354.031845716673,Giro_Off_intento5_180deg_2000_pulsos_Mu_0.50,TIEMPO_MAXIMO
43.828368313,48.3018916266794,54.467,0.6985,-0.0664,0.886,2.664,2.263,1.36438410909298,1.36536796025734,-354,354,1868,164.1796875,127.265625,-255,0,265.239010907749,350.642618180651,Giro_Off_intento5_180deg_2000_pulsos_Mu_0.50,TIEMPO_MAXIMO
43.87648149,47.7378916266794,53.903,0.6917,-0.0208,0.9182,2.659,2.283,1.37423232825766,1.36758405225742,-350,350,1868,164.1796875,127.265625,-255,0,262.900106184389,348.608787986425,Giro_Off_intento5_180deg_2000_pulsos_Mu_0.50,TIEMPO_MAXIMO
43.924345006,46.9308916266794,53.096,0.6484,-0.0479,0.9004,2.664,2.268,1.36438410909298,1.36678406646631,-347,347,1868,164.1796875,127.265625,-255,0,259.509237042168,345.660206123624,Giro_Off_intento5_180deg_2000_pulsos_Mu_0.50,TIEMPO_MAXIMO
43.972366166,45.5468916266794,51.712,0.6563,-0.0557,0.9136,2.664,2.273,1.36438410909298,1.36618407712298,-345,345,1868,164.1796875,127.265625,-255,0,253.574442995896,340.499515648605,Giro_Off_intento5_180deg_2000_pulsos_Mu_0.50,TIEMPO_MAXIMO
44.020578499,44.2798916266794,50.445,0.6558,-0.0466,0.9094,2.664,2.287,1.36438410909298,1.36573408511548,-340,340,1868,164.1796875,127.265625,-255,0,248.011558350156,335.66222465231,Giro_Off_intento5_180deg_2000_pulsos_Mu_0.50,TIEMPO_MAXIMO
44.068395211,43.1798916266794,49.345,0.6631,-0.0461,0.9067,2.664,2.273,1.36438410909298,1.36539659110985,-336,336,1868,164.1796875,127.265625,-255,0,243.083455738299,331.376918033304,Giro_Off_intento5_180deg_2000_pulsos_Mu_0.50,TIEMPO_MAXIMO
44.116587359,42.5308916266794,48.696,0.6494,-0.0469,0.9233,2.659,2.283,1.37423232825766,1.36760552539681,-330,330,1868,164.1796875,127.265625,-255,0,240.133733003132,328.811941741854,Giro_Off_intento5_180deg_2000_pulsos_Mu_0.50,TIEMPO_MAXIMO
44.164340263,41.7488916266794,47.914,0.6455,-0.0457,0.947,2.659,2.278,1.37423232825766,1.36926222611202,-326,326,1868,164.1796875,127.265625,-255,0,236.538628345852,325.685763779001,Giro_Off_intento5_180deg_2000_pulsos_Mu_0.50,TIEMPO_MAXIMO
44.21267806,41.1568916266794,47.322,0.6265,-0.0481,0.9431,2.669,2.278,1.35453588992831,1.36558064206609,-326,326,1868,164.1796875,127.265625,-255,0,233.787674104291,323.293629655905,Giro_Off_intento5_180deg_2000_pulsos_Mu_0.50,TIEMPO_MAXIMO
44.260365985,40.6138916266794,46.779,0.6038,-0.0444,0.9612,2.664,2.287,1.36438410909298,1.36528150882281,-323,323,1868,164.1796875,127.265625,-255,0,231.242464786088,321.080404161816,Giro_Off_intento5_180deg_2000_pulsos_Mu_0.50,TIEMPO_MAXIMO
44.308352127,39.9468916266794,46.112,0.5818,-0.032,0.9722,2.664,2.287,1.36438410909298,1.36505715889036,-318,318,1868,164.1796875,127.265625,-255,0,228.087628015492,318.337067839559,Giro_Off_intento5_180deg_2000_pulsos_Mu_0.50,TIEMPO_MAXIMO
44.388478924,38.5758916266794,44.741,0.5681,-0.0364,0.97,2.664,2.292,1.36438410909298,1.36488889644101,-313,313,1868,164.1796875,127.265625,-255,0,221.50636045742,312.614226484713,Giro_Off_intento5_180deg_2000_pulsos_Mu_0.50,TIEMPO_MAXIMO
44.452372761,37.5818916266794,43.747,0.564,-0.0295,0.9858,2.664,2.302,1.36438410909298,1.36476269960401,-312,312,1868,164.1796875,127.265625,-255,0,216.655296321201,308.395909844523,Giro_Off_intento5_180deg_2000_pulsos_Mu_0.50,TIEMPO_MAXIMO
44.500285329,36.7898916266794,42.955,0.5386,-0.0278,0.9954,2.659,2.307,1.37423232825766,1.36713010676742,-308,308,1868,164.1796875,127.265625,-255,0,212.743315068848,304.994187016389,Giro_Off_intento5_180deg_2000_pulsos_Mu_0.50,TIEMPO_MAXIMO
44.548684314,35.8548916266794,42.02,0.5378,-0.031,1.0039,2.669,2.302,1.35453588992831,1.36398155255764,-301,301,1868,164.1796875,127.265625,-255,0,208.072741052093,300.932818306168,Giro_Off_intento5_180deg_2000_pulsos_Mu_0.50,TIEMPO_MAXIMO
44.612314855,34.8838916266794,41.049,0.5342,-0.0256,1.021,2.659,2.287,1.37423232825766,1.36654424648265,-300,300,1868,164.1796875,127.265625,-255,0,203.163703902794,296.664090350256,Giro_Off_intento5_180deg_2000_pulsos_Mu_0.50,TIEMPO_MAXIMO
44.660440349,34.1438916266794,40.309,0.509,-0.0247,1.0178,2.664,2.312,1.36438410909298,1.36600421213523,-297,297,1868,164.1796875,127.265625,-255,0,199.38326845773,293.376755180634,Giro_Off_intento5_180deg_2000_pulsos_Mu_0.50,TIEMPO_MAXIMO
44.708278339,33.5848916266794,39.75,0.4915,-0.021,1.0173,2.659,2.307,1.37423232825766,1.36806124116584,-292,292,1868,164.1796875,127.265625,-255,0,196.505421787515,290.874279815231,Giro_Off_intento5_180deg_2000_pulsos_Mu_0.50,TIEMPO_MAXIMO
44.756294421,32.7628916266794,38.928,0.4717,-0.0271,1.0317,2.659,2.302,1.37423232825766,1.36960401293879,-288,288,1868,164.1796875,127.265625,-255,0,192.239700494697,287.16495695191,Giro_Off_intento5_180deg_2000_pulsos_Mu_0.50,TIEMPO_MAXIMO
44.804416535,31.9548916266794,38.12,0.4932,-0.0303,1.0266,2.664,2.307,1.36438410909298,1.36829903697734,-286,286,1868,164.1796875,127.265625,-255,0,188.008064516704,283.485273492786,Giro_Off_intento5_180deg_2000_pulsos_Mu_0.50,TIEMPO_MAXIMO
44.852282894,31.1408916266794,37.306,0.4587,-0.0217,1.0364,2.649,2.307,1.39392876658701,1.37470646937976,-283,283,1868,164.1796875,127.265625,-255,0,183.707200875733,279.745392065855,Giro_Off_intento5_180deg_2000_pulsos_Mu_0.50,TIEMPO_MAXIMO
44.900325499,30.3948916266794,36.56,0.459,-0.0288,1.0447,2.654,2.317,1.38408054742233,1.3770499888904,-277,277,1868,164.1796875,127.265625,-255,0,179.733040081494,276.289600070864,Giro_Off_intento5_180deg_2000_pulsos_Mu_0.50,TIEMPO_MAXIMO
44.948258609,29.6898916266794,35.855,0.4575,-0.0347,1.0513,2.659,2.312,1.37423232825766,1.37634557373222,-274,274,1868,164.1796875,127.265625,-255,0,175.949284001521,272.999377392627,Giro_Off_intento5_180deg_2000_pulsos_Mu_0.50,TIEMPO_MAXIMO
44.996312879,28.9408916266794,35.106,0.4478,-0.0173,1.041,2.659,2.317,1.37423232825766,1.37581726236358,-273,273,1868,164.1796875,127.265625,-255,0,171.900207184084,269.478441029638,Giro_Off_intento5_180deg_2000_pulsos_Mu_0.50,TIEMPO_MAXIMO
45.04434026,28.1708916266794,34.336,0.4133,-0.0083,1.052,2.654,2.312,1.38408054742233,1.37788308362827,-269,269,1868,164.1796875,127.265625,-255,0,167.706988928647,265.83216428578,Giro_Off_intento5_180deg_2000_pulsos_Mu_0.50,TIEMPO_MAXIMO
45.09230369,27.2598916266794,33.425,0.4075,-0.0225,1.0576,2.654,2.317,1.38408054742233,1.37943244957678,-266,266,1867,164.091796875,127.265625,-255,0,162.706865566831,261.484230927679,Giro_Off_intento5_180deg_2000_pulsos_Mu_0.50,TIEMPO_MAXIMO
45.140367375,26.5088916266794,32.674,0.4016,-0.0237,1.0552,2.654,2.322,1.38408054742233,1.38059447403817,-259,259,1868,164.1796875,127.265625,-255,0,158.553932879905,257.87298511296,Giro_Off_intento5_180deg_2000_pulsos_Mu_0.50,TIEMPO_MAXIMO
45.188343821,25.5228916266794,31.688,0.4126,-0.0364,1.0576,2.654,2.322,1.38408054742233,1.38146599238421,-255,255,1868,164.1796875,127.265625,-255,0,153.060235040492,253.09585655695,Giro_Off_intento5_180deg_2000_pulsos_Mu_0.50,TIEMPO_MAXIMO
45.23656554,24.6058916266794,30.771,0.3911,-0.0215,1.071,2.654,2.326,1.38408054742233,1.38211963114374,-253,253,1867,164.091796875,127.265625,-255,0,147.910270013833,248.617626098985,Giro_Off_intento5_180deg_2000_pulsos_Mu_0.50,TIEMPO_MAXIMO
45.284511756,23.7378916266794,29.903,0.407,-0.0276,1.0645,2.649,2.322,1.39392876658701,1.38507191500456,-249,249,1868,164.1796875,127.265625,-255,0,143.00056847132,244.348320409844,Giro_Off_intento5_180deg_2000_pulsos_Mu_0.50,TIEMPO_MAXIMO
45.332246358,23.0838916266794,29.249,0.4004,-0.0146,1.0701,2.649,2.322,1.39392876658701,1.38728612790017,-241,241,1867,164.091796875,127.265625,-255,0,139.279582479218,241.112680416712,Giro_Off_intento5_180deg_2000_pulsos_Mu_0.50,TIEMPO_MAXIMO
45.396327468,22.4348916266794,28.6,0.373,-0.0256,1.0725,2.649,2.317,1.39392876658701,1.38894678757188,-240,240,1867,164.091796875,127.265625,-255,0,135.569104234047,237.886177594823,Giro_Off_intento5_180deg_2000_pulsos_Mu_0.50,TIEMPO_MAXIMO
45.444270558,21.8558916266794,28.021,0.3862,-0.0183,1.0862,2.659,2.322,1.37423232825766,1.38526817274333,-238,238,1868,164.1796875,127.265625,-255,0,132.244136087648,234.994900945781,Giro_Off_intento5_180deg_2000_pulsos_Mu_0.50,TIEMPO_MAXIMO
45.492602474,21.3158916266794,27.481,0.3716,-0.0078,1.0808,2.654,2.326,1.38408054742233,1.38497126641308,-232,232,1867,164.091796875,127.265625,-255,0,129.130951773713,232.287784151055,Giro_Off_intento5_180deg_2000_pulsos_Mu_0.50,TIEMPO_MAXIMO
45.556495138,20.8028916266794,26.968,0.3633,-0.0269,1.0754,2.654,2.326,1.38408054742233,1.38474858666539,-232,232,1867,164.091796875,127.265625,-255,0,126.16279816122,229.706781009757,Giro_Off_intento5_180deg_2000_pulsos_Mu_0.50,TIEMPO_MAXIMO
45.604437164,20.2198916266794,26.385,0.3425,-0.0132,1.0747,2.654,2.326,1.38408054742233,1.38458157685463,-230,230,1867,164.091796875,127.265625,-255,0,122.777368377407,226.762929023832,Giro_Off_intento5_180deg_2000_pulsos_Mu_0.50,TIEMPO_MAXIMO
45.65218902,19.6748916266794,25.84,0.3284,-0.0342,1.0896,2.654,2.326,1.38408054742233,1.38445631949655,-225,225,1867,164.091796875,127.265625,-255,0,119.601098397881,224.000955128592,Giro_Off_intento5_180deg_2000_pulsos_Mu_0.50,TIEMPO_MAXIMO
45.700324942,18.9708916266794,25.136,0.3333,-0.011,1.0908,2.654,2.331,1.38408054742233,1.384362376478,-221,221,1867,164.091796875,127.265625,-255,0,115.482197600969,220.419302261712,Giro_Off_intento5_180deg_2000_pulsos_Mu_0.50,TIEMPO_MAXIMO
45.748211777,18.3268916266794,24.492,0.3245,-0.0188,1.0889,2.649,2.326,1.39392876658701,1.38675397400525,-220,220,1867,164.091796875,127.265625,-255,0,111.69905498426,217.129613029792,Giro_Off_intento5_180deg_2000_pulsos_Mu_0.50,TIEMPO_MAXIMO
45.796162901,17.7618916266794,23.927,0.3279,-0.0212,1.0947,2.649,2.326,1.39392876658701,1.38854767215069,-216,216,1867,164.091796875,127.265625,-255,0,108.368356364963,214.233353360837,Giro_Off_intento5_180deg_2000_pulsos_Mu_0.50,TIEMPO_MAXIMO
45.844353651,17.2878916266794,23.453,0.3357,-0.0217,1.0937,2.654,2.331,1.38408054742233,1.3874308909686,-214,214,1867,164.091796875,127.265625,-255,0,105.565964472124,211.796490845325,Giro_Off_intento5_180deg_2000_pulsos_Mu_0.50,TIEMPO_MAXIMO
45.892361154,17.0468916266794,23.212,0.3103,-0.0178,1.0984,2.654,2.331,1.38408054742233,1.38659330508203,-211,211,1868,164.1796875,127.265625,-255,0,104.138337007236,210.555075658466,Giro_Off_intento5_180deg_2000_pulsos_Mu_0.50,TIEMPO_MAXIMO
45.940148078,16.6138916266794,22.779,0.2979,-0.0222,1.1021,2.654,2.331,1.38408054742233,1.38596511566711,-211,211,1868,164.1796875,127.265625,-255,0,101.568734504926,208.320638699936,Giro_Off_intento5_180deg_2000_pulsos_Mu_0.50,TIEMPO_MAXIMO
45.98815546,16.1348916266794,22.3,0.2974,-0.0198,1.1033,2.649,2.326,1.39392876658701,1.38795602839708,-208,208,1867,164.091796875,127.265625,-255,0,98.7193969715627,205.842953888315,Giro_Off_intento5_180deg_2000_pulsos_Mu_0.50,TIEMPO_MAXIMO
46.036264545,15.5648916266794,21.73,0.2854,-0.0193,1.0972,2.654,2.336,1.38408054742233,1.3869871581534,-206,206,1868,164.1796875,127.265625,-255,0,95.3197709383928,202.886757337733,Giro_Off_intento5_180deg_2000_pulsos_Mu_0.50,TIEMPO_MAXIMO
46.084697655,15.1058916266794,21.271,0.2998,-0.0232,1.1104,2.649,2.331,1.39392876658701,1.3887225602618,-202,202,1868,164.1796875,127.265625,-255,0,92.5753044679947,200.500264754778,Giro_Off_intento5_180deg_2000_pulsos_Mu_0.50,TIEMPO_MAXIMO
46.13219565,14.5818916266794,20.747,0.2842,-0.0186,1.1011,2.649,2.331,1.39392876658701,1.3900241118431,-199,199,1868,164.1796875,127.265625,-255,0,89.4349354712659,197.769509105449,Giro_Off_intento5_180deg_2000_pulsos_Mu_0.50,TIEMPO_MAXIMO
46.1803584,14.1838916266794,20.349,0.2749,-0.0117,1.1025,2.649,2.331,1.39392876658701,1.39100027552908,-197,197,1867,164.091796875,127.265625,-255,0,87.0446807423992,195.691026732521,Giro_Off_intento5_180deg_2000_pulsos_Mu_0.50,TIEMPO_MAXIMO
46.228177526,13.7788916266794,19.944,0.2742,-0.0247,1.0999,2.654,2.331,1.38408054742233,1.38927034350239,-196,196,1868,164.1796875,127.265625,-255,0,84.608075478993,193.57223954695,Giro_Off_intento5_180deg_2000_pulsos_Mu_0.50,TIEMPO_MAXIMO
46.27617846,13.6858916266794,19.851,0.2656,-0.0215,1.1099,2.654,2.336,1.38408054742233,1.38797289448238,-194,194,1867,164.091796875,127.265625,-255,0,84.0479574717886,193.085180410251,Giro_Off_intento5_180deg_2000_pulsos_Mu_0.50,TIEMPO_MAXIMO
46.324286323,13.4058916266794,19.571,0.2534,-0.0203,1.1189,2.649,2.331,1.39392876658701,1.38946186250854,-193,193,1867,164.091796875,127.265625,-255,0,82.3602496899104,191.617608426009,Giro_Off_intento5_180deg_2000_pulsos_Mu_0.50,TIEMPO_MAXIMO
46.372439507,13.1068916266794,19.272,0.248,-0.0208,1.1104,2.649,2.336,1.39392876658701,1.39057858852815,-191,191,1867,164.091796875,127.265625,-255,0,80.5558482302037,190.048563678438,Giro_Off_intento5_180deg_2000_pulsos_Mu_0.50,TIEMPO_MAXIMO
46.420195391,12.5618916266794,18.727,0.2349,-0.0195,1.1106,2.649,2.331,1.39392876658701,1.39141613304287,-190,190,1867,164.091796875,127.265625,-255,0,77.2612801107163,187.183721835405,Giro_Off_intento5_180deg_2000_pulsos_Mu_0.50,TIEMPO_MAXIMO
46.468252306,12.0278916266794,18.193,0.2283,-0.0083,1.1177,2.654,2.341,1.38408054742233,1.38958223663773,-187,187,1867,164.091796875,127.265625,-255,0,74.0264256576569,184.370804919702,Giro_Off_intento5_180deg_2000_pulsos_Mu_0.50,TIEMPO_MAXIMO
46.516470841,11.5938916266794,17.759,0.2288,-0.0105,1.1252,2.644,2.336,1.40377698575168,1.39313092391622,-183,183,1867,164.091796875,127.265625,-255,0,71.3925995796845,182.080521373639,Giro_Off_intento5_180deg_2000_pulsos_Mu_0.50,TIEMPO_MAXIMO
46.564216747,11.0828916266794,17.248,0.2292,-0.0156,1.1108,2.644,2.336,1.40377698575168,1.39579243937509,-180,180,1867,164.091796875,127.265625,-255,0,68.2862424113106,179.379341227227,Giro_Off_intento5_180deg_2000_pulsos_Mu_0.50,TIEMPO_MAXIMO
46.612340634,10.6358916266794,16.801,0.2227,-0.0225,1.1284,2.644,2.341,1.40377698575168,1.39778857596924,-179,179,1867,164.091796875,127.265625,-255,0,65.5644775187204,177.012589146713,Giro_Off_intento5_180deg_2000_pulsos_Mu_0.50,TIEMPO_MAXIMO
46.660225599,10.3238916266794,16.489,0.2251,-0.0134,1.1257,2.649,2.336,1.39392876658701,1.39682362362368,-177,177,1867,164.091796875,127.265625,-255,0,63.6623475024962,175.358563045649,Giro_Off_intento5_180deg_2000_pulsos_Mu_0.50,TIEMPO_MAXIMO
46.708114226,10.0558916266794,16.221,0.2161,-0.0144,1.1167,2.649,2.336,1.39392876658701,1.39609990936451,-175,175,1867,164.091796875,127.265625,-255,0,62.0269572788835,173.936484590333,Giro_Off_intento5_180deg_2000_pulsos_Mu_0.50,TIEMPO_MAXIMO
46.756370542,9.80789162667941,15.973,0.1982,-0.0205,1.1191,2.649,2.341,1.39392876658701,1.39555712367014,-174,174,1867,164.091796875,127.265625,-255,0,60.5124013654694,172.619479448234,Giro_Off_intento5_180deg_2000_pulsos_Mu_0.50,TIEMPO_MAXIMO
46.804189868,9.54189162667941,15.707,0.1853,-0.0134,1.1289,2.644,2.336,1.40377698575168,1.39761208919052,-173,173,1867,164.091796875,127.265625,-255,0,58.8866586464458,171.205790127344,Giro_Off_intento5_180deg_2000_pulsos_Mu_0.50,TIEMPO_MAXIMO
46.852197331,9.10989162667941,15.275,0.1711,-0.0254,1.135,2.649,2.341,1.39392876658701,1.39669125853964,-171,171,1867,164.091796875,127.265625,-255,0,56.243665767712,168.907535450184,Giro_Off_intento5_180deg_2000_pulsos_Mu_0.50,TIEMPO_MAXIMO
46.90018967,8.67889162667941,14.844,0.1729,-0.0222,1.1228,2.649,2.346,1.39392876658701,1.39600063555149,-169,169,1867,164.091796875,127.265625,-255,0,53.6036045292632,166.611830025446,Giro_Off_intento5_180deg_2000_pulsos_Mu_0.50,TIEMPO_MAXIMO
46.948285155,8.30489162667941,14.47,0.1677,-0.0127,1.135,2.644,2.341,1.40377698575168,1.39794472310153,-166,166,1867,164.091796875,127.265625,-255,0,51.3102295667562,164.617590927614,Giro_Off_intento5_180deg_2000_pulsos_Mu_0.50,TIEMPO_MAXIMO
46.996163663,7.84189162667941,14.007,0.1777,-0.0195,1.136,2.644,2.341,1.40377698575168,1.39940278876407,-163,163,1867,164.091796875,127.265625,-255,0,48.4680871511825,162.146162740159,Giro_Off_intento5_180deg_2000_pulsos_Mu_0.50,TIEMPO_MAXIMO
47.044046336,7.41689162667941,13.582,0.1709,-0.0154,1.1279,2.644,2.341,1.40377698575168,1.40049633801098,-161,161,1867,164.091796875,127.265625,-255,0,45.8564186569862,159.875146658249,Giro_Off_intento5_180deg_2000_pulsos_Mu_0.50,TIEMPO_MAXIMO
47.092193787,7.06689162667941,13.232,0.1729,-0.011,1.1267,2.639,2.346,1.41362520491636,1.40377855473732,-160,160,1867,164.091796875,127.265625,-255,0,43.7037319955912,158.003245213558,Giro_Off_intento5_180deg_2000_pulsos_Mu_0.50,TIEMPO_MAXIMO
47.140090588,6.76589162667941,12.931,0.1501,-0.0149,1.1377,2.644,2.346,1.40377698575168,1.40377816249091,-158,158,1867,164.091796875,127.265625,-255,0,41.851114131215,156.392273157578,Giro_Off_intento5_180deg_2000_pulsos_Mu_0.50,TIEMPO_MAXIMO
47.188294216,6.45389162667941,12.619,0.1445,-0.0193,1.1184,2.649,2.346,1.39392876658701,1.40131581351494,-155,155,1867,164.091796875,127.265625,-255,0,39.9295741634167,154.721368837754,Giro_Off_intento5_180deg_2000_pulsos_Mu_0.50,TIEMPO_MAXIMO
47.236152689,6.03289162667941,12.198,0.1497,-0.0227,1.1289,2.644,2.341,1.40377698575168,1.40193110657412,-154,154,1867,164.091796875,127.265625,-255,0,37.3348607448555,152.465096299874,Giro_Off_intento5_180deg_2000_pulsos_Mu_0.50,TIEMPO_MAXIMO
47.284192778,5.61589162667941,11.781,0.1465,-0.0173,1.1255,2.644,2.341,1.40377698575168,1.40239257636851,-152,152,1867,164.091796875,127.265625,-255,0,34.7628126584042,150.228532746438,Giro_Off_intento5_180deg_2000_pulsos_Mu_0.50,TIEMPO_MAXIMO
47.332208829,5.25289162667941,11.418,0.1497,-0.0173,1.1235,2.649,2.346,1.39392876658701,1.40027662392314,-150,150,1867,164.091796875,127.265625,-255,0,32.5223316279997,148.280288372174,Giro_Off_intento5_180deg_2000_pulsos_Mu_0.50,TIEMPO_MAXIMO
47.380225624,4.98889162667941,11.154,0.1521,-0.0085,1.1252,2.644,2.346,1.40377698575168,1.40115171438027,-148,148,1867,164.091796875,127.265625,-255,0,30.8920658121623,146.862665923619,Giro_Off_intento5_180deg_2000_pulsos_Mu_0.50,TIEMPO_MAXIMO
47.428200189,4.69189162667941,10.857,0.1357,-0.0181,1.1326,2.644,2.346,1.40377698575168,1.40180803222313,-146,146,1867,164.091796875,127.265625,-255,0,29.0572345403332,145.267160469855,Giro_Off_intento5_180deg_2000_pulsos_Mu_0.50,TIEMPO_MAXIMO
47.47606952,4.44589162667941,10.611,0.1328,-0.02,1.1255,2.644,2.346,1.40377698575168,1.40230027060527,-144,144,1867,164.091796875,127.265625,-255,0,27.536881996899,143.945114779912,Giro_Off_intento5_180deg_2000_pulsos_Mu_0.50,TIEMPO_MAXIMO
47.525479206,4.21989162667941,10.385,0.145,-0.0247,1.1377,2.644,2.346,1.40377698575168,1.40266944939187,-144,144,1867,164.091796875,127.265625,-255,0,26.1396872886379,142.730162859685,Giro_Off_intento5_180deg_2000_pulsos_Mu_0.50,TIEMPO_MAXIMO
47.572014751,3.51389162667941,9.679,0.2043,0.0178,1.1313,2.644,2.341,1.40377698575168,1.40294633348182,-143,143,1867,164.091796875,127.265625,255,0,21.7724789015702,138.932590349192,Giro_Off_intento5_180deg_2000_pulsos_Mu_0.50,TIEMPO_MAXIMO
47.620377209,3.21589162667941,9.381,0.1394,-0.0205,1.1272,2.644,2.346,1.40377698575168,1.40315399654929,-138,138,1867,164.091796875,127.265625,255,0,19.9280658204016,137.328752887306,Giro_Off_intento5_180deg_2000_pulsos_Mu_0.50,TIEMPO_MAXIMO
47.668146196,2.81589162667941,8.981,0.1394,-0.0181,1.1274,2.644,2.341,1.40377698575168,1.40330974384989,-136,136,1867,164.091796875,127.265625,255,0,17.4515050837589,135.175221811964,Giro_Off_intento5_180deg_2000_pulsos_Mu_0.50,TIEMPO_MAXIMO
47.716019889,2.49589162667941,8.661,0.1255,-0.0146,1.1335,2.639,2.341,1.41362520491636,1.40588860911651,-134,134,1867,164.091796875,127.265625,255,0,15.4696382947578,133.451859386746,Giro_Off_intento5_180deg_2000_pulsos_Mu_0.50,TIEMPO_MAXIMO
47.764023413,2.20289162667941,8.368,0.1211,-0.0278,1.1318,2.649,2.346,1.39392876658701,1.40289864848413,-133,133,1867,164.091796875,127.265625,255,0,13.6545668044218,131.873536351671,Giro_Off_intento5_180deg_2000_pulsos_Mu_0.50,TIEMPO_MAXIMO
47.812127253,1.99489162667941,8.16,0.1182,-0.0186,1.1333,2.644,2.346,1.40377698575168,1.40311823280102,-131,131,1867,164.091796875,127.265625,255,0,12.3658323817143,130.75289772323,Giro_Off_intento5_180deg_2000_pulsos_Mu_0.50,TIEMPO_MAXIMO
47.860312364,1.78189162667941,7.947,0.1299,-0.0288,1.1367,2.644,2.341,1.40377698575168,1.40328292103869,-131,131,1867,164.091796875,127.265625,255,0,11.0459500151118,129.605173926184,Giro_Off_intento5_180deg_2000_pulsos_Mu_0.50,TIEMPO_MAXIMO
47.908014051,1.51989162667941,7.685,0.1155,-0.0083,1.1335,2.649,2.341,1.39392876658701,1.40094438242577,-129,129,1867,164.091796875,127.265625,255,0,9.42222528276942,128.193239376321,Giro_Off_intento5_180deg_2000_pulsos_Mu_0.50,TIEMPO_MAXIMO
47.956002275,1.32189162667941,7.487,0.125,-0.0093,1.1265,2.644,2.351,1.40377698575168,1.40165253325725,-128,128,1867,164.091796875,127.265625,255,0,8.19500305782092,127.126089615496,Giro_Off_intento5_180deg_2000_pulsos_Mu_0.50,TIEMPO_MAXIMO
48.00411544,1.21389162667941,7.379,0.106,-0.0247,1.1294,2.649,2.346,1.39392876658701,1.39972159158969,-127,127,1867,164.091796875,127.265625,255,0,7.52556693145626,126.543971244745,Giro_Off_intento5_180deg_2000_pulsos_Mu_0.50,TIEMPO_MAXIMO
48.052077553,1.07489162667941,7.24,0.1094,-0.0186,1.1301,2.649,2.341,1.39392876658701,1.39827338533902,-127,127,1867,164.091796875,127.265625,255,0,6.6639388250464,125.794729413084,Giro_Off_intento5_180deg_2000_pulsos_Mu_0.50,TIEMPO_MAXIMO
48.09998323,0.852891626679409,7.018,0.1074,-0.0283,1.1438,2.649,2.341,1.39392876658701,1.39718723065101,-126,126,1867,164.091796875,127.265625,255,0,5.28773411143159,124.598029662114,Giro_Off_intento5_180deg_2000_pulsos_Mu_0.50,TIEMPO_MAXIMO
48.148100848,0.528891626679409,6.694,0.1042,-0.0149,1.1362,2.644,2.341,1.40377698575168,1.39883466942618,-124,124,1867,164.091796875,127.265625,255,0,3.27908233063601,122.851375939683,Giro_Off_intento5_180deg_2000_pulsos_Mu_0.50,TIEMPO_MAXIMO
48.196201961,0.0918916266794092,6.257,0.0862,-0.0227,1.1313,2.644,2.341,1.40377698575168,1.40007024850756,-123,123,1867,164.091796875,127.265625,255,0,0.569727982571653,120.495415637019,Giro_Off_intento5_180deg_2000_pulsos_Mu_0.50,TIEMPO_MAXIMO
48.244098542,-0.754108373320591,5.411,0.0818,-0.0198,1.1333,2.644,2.346,1.40377698575168,1.40099693281859,-120,120,1867,164.091796875,127.265625,255,0,4.67533808774104,124.065511380644,Giro_Off_intento5_180deg_2000_pulsos_Mu_0.50,TIEMPO_MAXIMO
48.292035941,-1.66610837332059,4.499,0.1558,-0.0271,1.1265,2.644,2.346,1.40377698575168,1.40169194605186,-127,127,1867,164.091796875,127.265625,255,0,10.328418728856,128.981233677266,Giro_Off_intento5_180deg_2000_pulsos_Mu_0.50,TIEMPO_MAXIMO
48.34010572,-2.53410837332059,3.631,0.1611,-0.0173,1.1311,2.639,2.341,1.41362520491636,1.40467526076799,-132,132,1867,164.091796875,127.265625,255,0,15.7063539463743,133.657699083804,Giro_Off_intento5_180deg_2000_pulsos_Mu_0.50,TIEMPO_MAXIMO
48.388029555,-3.10210837332059,3.063,0.1897,-0.0105,1.1086,2.639,2.341,1.41362520491636,1.40691274680508,-134,134,1867,164.091796875,127.265625,255,0,19.2236815639005,136.716244838174,Giro_Off_intento5_180deg_2000_pulsos_Mu_0.50,TIEMPO_MAXIMO
48.435985734,-3.43610837332059,2.729,0.1697,-0.0249,1.123,2.644,2.341,1.40377698575168,1.40612880654173,-138,138,1867,164.091796875,127.265625,255,0,21.2911093529563,138.514008133005,Giro_Off_intento5_180deg_2000_pulsos_Mu_0.50,TIEMPO_MAXIMO
48.484289818,-3.74710837332059,2.418,0.2002,-0.0088,1.1257,2.644,2.351,1.40377698575168,1.40554085134422,-140,140,1867,164.091796875,127.265625,255,0,23.2155203177373,140.187408971946,Giro_Off_intento5_180deg_2000_pulsos_Mu_0.50,TIEMPO_MAXIMO
48.532439476,-4.24610837332059,1.919,0.2244,-0.0073,1.1216,2.639,2.336,1.41362520491636,1.40756193973725,-142,142,1867,164.091796875,127.265625,255,0,26.3017877581367,142.871119789684,Giro_Off_intento5_180deg_2000_pulsos_Mu_0.50,TIEMPO_MAXIMO
48.579962311,-4.47110837332059,1.694,0.2542,-0.0171,1.1226,2.644,2.331,1.40377698575168,1.40661570124086,-143,143,1867,164.091796875,127.265625,255,0,27.6927527516065,144.080654566614,Giro_Off_intento5_180deg_2000_pulsos_Mu_0.50,TIEMPO_MAXIMO
48.628197294,-4.41910837332059,1.746,0.281,-0.0144,1.0793,2.639,2.346,1.41362520491636,1.40836807715974,-144,144,1867,164.091796875,127.265625,255,0,27.3713224481534,143.801149954916,Giro_Off_intento5_180deg_2000_pulsos_Mu_0.50,TIEMPO_MAXIMO
48.676106451,-4.18010837332059,1.985,0.2644,-0.019,1.1118,2.649,2.336,1.39392876658701,1.40475824951655,-144,144,1867,164.091796875,127.265625,255,0,25.8936934624652,142.516255184752,Giro_Off_intento5_180deg_2000_pulsos_Mu_0.50,TIEMPO_MAXIMO
48.724078718,-3.99910837332059,2.166,0.3064,-0.0234,1.1042,2.644,2.346,1.40377698575168,1.40451293357534,-143,143,1867,164.091796875,127.265625,255,0,24.7743510699299,141.542913973852,Giro_Off_intento5_180deg_2000_pulsos_Mu_0.50,TIEMPO_MAXIMO
48.772047131,-3.64010837332059,2.525,0.3274,-0.0317,1.1165,2.639,2.346,1.41362520491636,1.40679100141059,-141,141,1867,164.091796875,127.265625,255,0,22.5534982568388,139.611737614642,Giro_Off_intento5_180deg_2000_pulsos_Mu_0.50,TIEMPO_MAXIMO
48.820203376,-3.10410837332059,3.061,0.3196,-0.0215,1.1055,2.644,2.346,1.40377698575168,1.40603749749587,-139,139,1867,164.091796875,127.265625,255,0,19.2360633852871,136.72701163938,Giro_Off_intento5_180deg_2000_pulsos_Mu_0.50,TIEMPO_MAXIMO
48.868009018,-2.52710837332059,3.638,0.3218,-0.0232,1.1047,2.644,2.346,1.40377698575168,1.40547236955982,-137,137,1867,164.091796875,127.265625,255,0,15.6629962603266,133.61999674811,Giro_Off_intento5_180deg_2000_pulsos_Mu_0.50,TIEMPO_MAXIMO
48.916022648,-2.05110837332059,4.114,0.3286,-0.0178,1.0913,2.644,2.341,1.40377698575168,1.40504852360779,-132,132,1867,164.091796875,127.265625,255,0,12.7141590488769,131.055790477284,Giro_Off_intento5_180deg_2000_pulsos_Mu_0.50,TIEMPO_MAXIMO
48.964025999,-1.48310837332059,4.682,0.3484,-0.0215,1.1023,2.644,2.351,1.40377698575168,1.40473063914376,-129,129,1867,164.091796875,127.265625,255,0,9.19424736479857,127.994997708521,Giro_Off_intento5_180deg_2000_pulsos_Mu_0.50,TIEMPO_MAXIMO
49.012075289,-0.78410837332059,5.381,0.3506,-0.0208,1.0933,2.639,2.336,1.41362520491636,1.40695428058691,-128,128,1867,164.091796875,127.265625,255,0,4.8613213743916,124.227235977732,Giro_Off_intento5_180deg_2000_pulsos_Mu_0.50,TIEMPO_MAXIMO
49.060071043,-0.0901083733205903,6.075,0.3457,-0.0103,1.092,2.639,2.341,1.41362520491636,1.40862201166927,-123,123,1867,164.091796875,127.265625,255,0,0.558671822948152,120.485801585172,Giro_Off_intento5_180deg_2000_pulsos_Mu_0.50,TIEMPO_MAXIMO
49.107985154,0.48989162667941,6.655,0.3613,-0.0127,1.083,2.644,2.346,1.40377698575168,1.40741075518988,-120,120,1867,164.091796875,127.265625,255,0,3.03729183141703,122.641123331667,Giro_Off_intento5_180deg_2000_pulsos_Mu_0.50,TIEMPO_MAXIMO
49.156192504,0.927891626679409,7.093,0.3604,-0.0151,1.0879,2.644,2.341,1.40377698575168,1.40650231283033,-124,124,1867,164.091796875,127.265625,255,0,5.75267804604742,125.002328735693,Giro_Off_intento5_180deg_2000_pulsos_Mu_0.50,TIEMPO_MAXIMO
49.203999753,1.34889162667941,7.514,0.3723,-0.033,1.1067,2.639,2.346,1.41362520491636,1.40828303585184,-126,126,1867,164.091796875,127.265625,255,0,8.36235763274221,127.271615332819,Giro_Off_intento5_180deg_2000_pulsos_Mu_0.50,TIEMPO_MAXIMO
49.251971761,1.72389162667941,7.889,0.3804,-0.0149,1.0793,2.639,2.341,1.41362520491636,1.40961857811797,-128,128,1867,164.091796875,127.265625,255,0,10.6865182166691,129.292624536234,Giro_Off_intento5_180deg_2000_pulsos_Mu_0.50,TIEMPO_MAXIMO
49.299990813,2.09889162667941,8.264,0.4146,-0.0183,1.064,2.644,2.346,1.40377698575168,1.4081581800264,-129,129,1867,164.091796875,127.265625,255,0,13.0102210257231,131.313235674542,Giro_Off_intento5_180deg_2000_pulsos_Mu_0.50,TIEMPO_MAXIMO
49.347977481,2.75889162667941,8.924,0.4114,-0.011,1.0525,2.639,2.346,1.41362520491636,1.40952493624889,-131,131,1867,164.091796875,127.265625,255,0,17.0985231313506,134.868280983783,Giro_Off_intento5_180deg_2000_pulsos_Mu_0.50,TIEMPO_MAXIMO
49.396238024,3.25589162667941,9.421,0.4136,-0.0171,1.0776,2.644,2.346,1.40377698575168,1.40808794862459,-136,136,1867,164.091796875,127.265625,255,0,20.1756704656727,137.544061274498,Giro_Off_intento5_180deg_2000_pulsos_Mu_0.50,TIEMPO_MAXIMO
49.444094585,3.86489162667941,10.03,0.4104,-0.0234,1.0576,2.644,2.341,1.40377698575168,1.40701020790636,-140,140,1867,164.091796875,127.265625,255,0,23.9441659776512,140.82101389361,Giro_Off_intento5_180deg_2000_pulsos_Mu_0.50,TIEMPO_MAXIMO
49.491959234,4.34689162667941,10.512,0.4355,-0.0076,1.0603,2.644,2.346,1.40377698575168,1.40620190236769,-141,141,1867,164.091796875,127.265625,255,0,26.9248879773911,143.412946067297,Giro_Off_intento5_180deg_2000_pulsos_Mu_0.50,TIEMPO_MAXIMO
49.539903791,4.93589162667941,11.101,0.4287,-0.022,1.0479,2.644,2.351,1.40377698575168,1.40559567321369,-143,143,1867,164.091796875,127.265625,255,0,30.5646974367116,146.577997771054,Giro_Off_intento5_180deg_2000_pulsos_Mu_0.50,TIEMPO_MAXIMO
49.588104158,5.29789162667941,11.463,0.4219,-0.0276,1.0471,2.644,2.346,1.40377698575168,1.40514100134819,-148,148,1867,164.091796875,127.265625,255,0,32.8001499237217,148.521869498888,Giro_Off_intento5_180deg_2000_pulsos_Mu_0.50,TIEMPO_MAXIMO
49.636370028,5.62289162667941,11.788,0.4592,-0.0476,1.0398,2.639,2.346,1.41362520491636,1.40726205224023,-150,150,1867,164.091796875,127.265625,255,0,34.8060041024234,150.266090523846,Giro_Off_intento5_180deg_2000_pulsos_Mu_0.50,TIEMPO_MAXIMO
49.68410178,6.11489162667941,12.28,0.4482,-0.0139,1.0388,2.644,2.346,1.40377698575168,1.40639078561809,-152,152,1867,164.091796875,127.265625,255,0,37.8404068032928,152.904701568081,Giro_Off_intento5_180deg_2000_pulsos_Mu_0.50,TIEMPO_MAXIMO
49.73192725,6.43489162667941,12.6,0.4797,-0.0178,1.0425,2.639,2.341,1.41362520491636,1.40819939044266,-154,154,1867,164.091796875,127.265625,255,0,39.8125184828268,154.619581289415,Giro_Off_intento5_180deg_2000_pulsos_Mu_0.50,TIEMPO_MAXIMO
49.779977644,6.88689162667941,13.052,0.4897,-0.0276,1.0464,2.644,2.341,1.40377698575168,1.40709378926992,-155,155,1867,164.091796875,127.265625,255,0,42.5959959074221,157.039996441237,Giro_Off_intento5_180deg_2000_pulsos_Mu_0.50,TIEMPO_MAXIMO
49.827917831,7.19289162667941,13.358,0.4614,-0.0352,1.0383,2.639,2.346,1.41362520491636,1.40872664318153,-158,158,1867,164.091796875,127.265625,255,0,44.4788912614241,158.677296749064,Giro_Off_intento5_180deg_2000_pulsos_Mu_0.50,TIEMPO_MAXIMO
49.875988214,7.25489162667941,13.42,0.5127,0.0068,1.022,2.644,2.346,1.40377698575168,1.40748922882407,-159,159,1867,164.091796875,127.265625,255,0,44.8602401058307,159.008904439853,Giro_Off_intento5_180deg_2000_pulsos_Mu_0.50,TIEMPO_MAXIMO
49.923981143,7.55689162667941,13.722,0.5044,-0.0178,1.0215,2.644,2.341,1.40377698575168,1.40656116805597,-160,160,1867,164.091796875,127.265625,255,0,46.7170186941505,160.623494516653,Giro_Off_intento5_180deg_2000_pulsos_Mu_0.50,TIEMPO_MAXIMO
49.971964918,8.03989162667941,14.205,0.5264,-0.0269,1.0142,2.639,2.346,1.41362520491636,1.40832717727107,-162,162,1867,164.091796875,127.265625,255,0,49.6839155360473,163.203404813954,Giro_Off_intento5_180deg_2000_pulsos_Mu_0.50,TIEMPO_MAXIMO
50.019977535,8.59489162667941,14.76,0.542,-0.0266,0.9971,2.644,2.341,1.40377698575168,1.40718962939122,-165,165,1867,164.091796875,127.265625,255,0,53.0887103751914,166.164095978427,Giro_Off_intento5_180deg_2000_pulsos_Mu_0.50,TIEMPO_MAXIMO
50.067944357,9.50389162667941,15.669,0.5464,-0.0291,0.999,2.639,2.341,1.41362520491636,1.40879852327251,-169,169,1867,164.091796875,127.265625,255,0,58.6543052598352,171.003743704205,Giro_Off_intento5_180deg_2000_pulsos_Mu_0.50,TIEMPO_MAXIMO
50.115910484,10.3958916266794,16.561,0.5454,-0.0125,0.9895,2.644,2.346,1.40377698575168,1.4075431388923,-172,172,1867,164.091796875,127.265625,255,0,64.1014701900684,175.740408860929,Giro_Off_intento5_180deg_2000_pulsos_Mu_0.50,TIEMPO_MAXIMO
50.164026196,11.2008916266794,17.366,0.5459,-0.0122,0.9807,2.644,2.341,1.40377698575168,1.40660160060715,-177,177,1867,164.091796875,127.265625,255,0,69.0040530023556,180.003524349874,Giro_Off_intento5_180deg_2000_pulsos_Mu_0.50,TIEMPO_MAXIMO
50.211930768,11.8658916266794,18.031,0.553,-0.0308,0.9873,2.644,2.341,1.40377698575168,1.40589544689328,-180,180,1867,164.091796875,127.265625,255,0,73.0437811483667,183.516331433362,Giro_Off_intento5_180deg_2000_pulsos_Mu_0.50,TIEMPO_MAXIMO
50.259962506,12.4108916266794,18.576,0.5571,-0.0208,0.9885,2.639,2.341,1.41362520491636,1.40782788639905,-185,185,1867,164.091796875,127.265625,255,0,76.3472237252758,186.388890195892,Giro_Off_intento5_180deg_2000_pulsos_Mu_0.50,TIEMPO_MAXIMO
50.307915775,13.0488916266794,19.214,0.5674,-0.0083,0.9829,2.639,2.341,1.41362520491636,1.40927721602838,-188,188,1867,164.091796875,127.265625,255,0,80.2055749770864,189.743978240945,Giro_Off_intento5_180deg_2000_pulsos_Mu_0.50,TIEMPO_MAXIMO
50.35590491,13.4918916266794,19.657,0.5813,0.0002,0.957,2.644,2.346,1.40377698575168,1.4079021584592,-191,191,1867,164.091796875,127.265625,255,0,82.8788282363571,192.068546292484,Giro_Off_intento5_180deg_2000_pulsos_Mu_0.50,TIEMPO_MAXIMO
50.403903913,13.7568916266794,19.922,0.5654,-0.0181,0.9871,2.649,2.346,1.39392876658701,1.40440881049116,-192,192,1867,164.091796875,127.265625,255,0,84.4755945188959,193.457038712083,Giro_Off_intento5_180deg_2000_pulsos_Mu_0.50,TIEMPO_MAXIMO
50.452015834,14.0598916266794,20.225,0.5989,-0.02,0.9807,2.644,2.341,1.40377698575168,1.40425085430629,-193,193,1867,164.091796875,127.265625,255,0,86.2991147123418,195.042708445515,Giro_Off_intento5_180deg_2000_pulsos_Mu_0.50,TIEMPO_MAXIMO
50.500231607,14.3958916266794,20.561,0.6016,-0.0173,0.978,2.644,2.341,1.40377698575168,1.40413238716764,-196,196,1867,164.091796875,127.265625,255,0,88.3184118666249,196.798619014456,Giro_Off_intento5_180deg_2000_pulsos_Mu_0.50,TIEMPO_MAXIMO
50.547864875,15.0028916266794,21.168,0.606,-0.0188,0.9683,2.639,2.346,1.41362520491636,1.40650559160482,-197,197,1867,164.091796875,127.265625,255,0,91.9586213474282,199.964018562981,Giro_Off_intento5_180deg_2000_pulsos_Mu_0.50,TIEMPO_MAXIMO
50.595835742,15.3858916266794,21.551,0.5984,-0.0083,0.9641,2.644,2.341,1.40377698575168,1.40582344014153,-200,200,1867,164.091796875,127.265625,255,0,94.2502067488174,201.956701520711,Giro_Off_intento5_180deg_2000_pulsos_Mu_0.50,TIEMPO_MAXIMO
50.643962926,15.6848916266794,21.85,0.6206,-0.0173,0.9451,2.644,2.351,1.40377698575168,1.40531182654407,-202,202,1867,164.091796875,127.265625,255,0,96.0362769460082,203.509806040007,Giro_Off_intento5_180deg_2000_pulsos_Mu_0.50,TIEMPO_MAXIMO
50.692040294,16.0798916266794,22.245,0.6318,-0.0159,0.937,2.639,2.346,1.41362520491636,1.40739017113714,-205,205,1867,164.091796875,127.265625,255,0,98.3917834135601,205.558072533531,Giro_Off_intento5_180deg_2000_pulsos_Mu_0.50,TIEMPO_MAXIMO
50.739949364,16.5948916266794,22.76,0.6292,-0.0198,0.9258,2.644,2.346,1.40377698575168,1.40648687479078,-207,207,1867,164.091796875,127.265625,255,0,101.455846658015,208.222475354796,Giro_Off_intento5_180deg_2000_pulsos_Mu_0.50,TIEMPO_MAXIMO
50.787901596,17.1068916266794,23.272,0.665,-0.021,0.9287,2.644,2.341,1.40377698575168,1.40580940253101,-209,209,1867,164.091796875,127.265625,255,0,104.493936167876,210.864292319892,Giro_Off_intento5_180deg_2000_pulsos_Mu_0.50,TIEMPO_MAXIMO
50.835885321,17.7678916266794,23.933,0.6389,-0.0183,0.9192,2.639,2.346,1.41362520491636,1.40776335312734,-212,212,1867,164.091796875,127.265625,255,0,108.403782548686,214.264158737988,Giro_Off_intento5_180deg_2000_pulsos_Mu_0.50,TIEMPO_MAXIMO
50.883914662,18.2038916266794,24.369,0.6509,-0.0117,0.9316,2.639,2.336,1.41362520491636,1.4092288160746,-215,215,1867,164.091796875,127.265625,255,0,110.974878571035,216.499894409596,Giro_Off_intento5_180deg_2000_pulsos_Mu_0.50,TIEMPO_MAXIMO
50.931989457,18.7708916266794,24.936,0.6448,-0.0103,0.9187,2.644,2.346,1.40377698575168,1.40786585849387,-218,218,1867,164.091796875,127.265625,255,0,114.30884815501,219.398998395661,Giro_Off_intento5_180deg_2000_pulsos_Mu_0.50,TIEMPO_MAXIMO
50.979862237,19.3148916266794,25.48,0.6621,-0.0278,0.9233,2.639,2.336,1.41362520491636,1.40930569509949,-221,221,1867,164.091796875,127.265625,255,0,117.497059109192,222.171355747123,Giro_Off_intento5_180deg_2000_pulsos_Mu_0.50,TIEMPO_MAXIMO
51.027794346,19.8578916266794,26.023,0.6641,-0.0205,0.9082,2.639,2.346,1.41362520491636,1.41038557255371,-222,222,1867,164.091796875,127.265625,255,0,120.668846786076,224.929431987893,Giro_Off_intento5_180deg_2000_pulsos_Mu_0.50,TIEMPO_MAXIMO




















